Fitter report for lab1
Sun Apr 12 12:16:07 2026
Quartus Prime Version 25.1std.0 Build 1129 10/21/2025 SC Lite Edition


---------------------
; Table of Contents ;
---------------------
  1. Legal Notice
  2. Fitter Summary
  3. Fitter Settings
  4. Parallel Compilation
  5. Fitter Netlist Optimizations
  6. Incremental Compilation Preservation Summary
  7. Incremental Compilation Partition Settings
  8. Incremental Compilation Placement Preservation
  9. Pin-Out File
 10. Fitter Resource Usage Summary
 11. Fitter Partition Statistics
 12. Input Pins
 13. Output Pins
 14. Bidir Pins
 15. I/O Bank Usage
 16. All Package Pins
 17. I/O Assignment Warnings
 18. Fitter Resource Utilization by Entity
 19. Delay Chain Summary
 20. Pad To Core Delay Chain Fanout
 21. Control Signals
 22. Global & Other Fast Signals
 23. Non-Global High Fan-Out Signals
 24. Fitter RAM Summary
 25. Fitter DSP Block Usage Summary
 26. DSP Block Details
 27. Routing Usage Summary
 28. I/O Rules Summary
 29. I/O Rules Details
 30. I/O Rules Matrix
 31. Fitter Device Options
 32. Operating Settings and Conditions
 33. Estimated Delay Added for Hold Timing Summary
 34. Estimated Delay Added for Hold Timing Details
 35. Fitter Messages
 36. Fitter Suppressed Messages



----------------
; Legal Notice ;
----------------
Copyright (C) 2025  Altera Corporation. All rights reserved.
Your use of Altera Corporation's design tools, logic functions 
and other software and tools, and any partner logic 
functions, and any output files from any of the foregoing 
(including device programming or simulation files), and any 
associated documentation or information are expressly subject 
to the terms and conditions of the Altera Program License 
Subscription Agreement, the Altera Quartus Prime License Agreement,
the Altera IP License Agreement, or other applicable license
agreement, including, without limitation, that your use is for
the sole purpose of programming logic devices manufactured by
Altera and sold by Altera or its authorized distributors.  Please
refer to the Altera Software License Subscription Agreements 
on the Quartus Prime software download page.



+-----------------------------------------------------------------------------------+
; Fitter Summary                                                                    ;
+---------------------------------+-------------------------------------------------+
; Fitter Status                   ; Successful - Sun Apr 12 12:16:07 2026           ;
; Quartus Prime Version           ; 25.1std.0 Build 1129 10/21/2025 SC Lite Edition ;
; Revision Name                   ; lab1                                            ;
; Top-level Entity Name           ; doodle_jump                                     ;
; Family                          ; Cyclone V                                       ;
; Device                          ; 5CSEMA5F31C6                                    ;
; Timing Models                   ; Final                                           ;
; Logic utilization (in ALMs)     ; 10,784 / 32,070 ( 34 % )                        ;
; Total registers                 ; 3157                                            ;
; Total pins                      ; 105 / 457 ( 23 % )                              ;
; Total virtual pins              ; 0                                               ;
; Total block memory bits         ; 1,638,400 / 4,065,280 ( 40 % )                  ;
; Total RAM Blocks                ; 200 / 397 ( 50 % )                              ;
; Total DSP Blocks                ; 8 / 87 ( 9 % )                                  ;
; Total HSSI RX PCSs              ; 0                                               ;
; Total HSSI PMA RX Deserializers ; 0                                               ;
; Total HSSI TX PCSs              ; 0                                               ;
; Total HSSI PMA TX Serializers   ; 0                                               ;
; Total PLLs                      ; 0 / 6 ( 0 % )                                   ;
; Total DLLs                      ; 0 / 4 ( 0 % )                                   ;
+---------------------------------+-------------------------------------------------+


+----------------------------------------------------------------------------------------------------------------------------------------------------+
; Fitter Settings                                                                                                                                    ;
+--------------------------------------------------------------------+---------------------------------------+---------------------------------------+
; Option                                                             ; Setting                               ; Default Value                         ;
+--------------------------------------------------------------------+---------------------------------------+---------------------------------------+
; Device                                                             ; 5CSEMA5F31C6                          ;                                       ;
; Minimum Core Junction Temperature                                  ; 0                                     ;                                       ;
; Maximum Core Junction Temperature                                  ; 85                                    ;                                       ;
; Use smart compilation                                              ; Off                                   ; Off                                   ;
; Enable parallel Assembler and Timing Analyzer during compilation   ; On                                    ; On                                    ;
; Enable compact report table                                        ; Off                                   ; Off                                   ;
; Router Timing Optimization Level                                   ; Normal                                ; Normal                                ;
; Perform Clocking Topology Analysis During Routing                  ; Off                                   ; Off                                   ;
; Placement Effort Multiplier                                        ; 1.0                                   ; 1.0                                   ;
; Device initialization clock source                                 ; INIT_INTOSC                           ; INIT_INTOSC                           ;
; Optimize Hold Timing                                               ; All Paths                             ; All Paths                             ;
; Optimize Multi-Corner Timing                                       ; On                                    ; On                                    ;
; Auto RAM to MLAB Conversion                                        ; On                                    ; On                                    ;
; Equivalent RAM and MLAB Power Up                                   ; Auto                                  ; Auto                                  ;
; Equivalent RAM and MLAB Paused Read Capabilities                   ; Care                                  ; Care                                  ;
; Power Optimization During Fitting                                  ; Normal compilation                    ; Normal compilation                    ;
; SSN Optimization                                                   ; Off                                   ; Off                                   ;
; Optimize Timing                                                    ; Normal compilation                    ; Normal compilation                    ;
; Optimize Timing for ECOs                                           ; Off                                   ; Off                                   ;
; Regenerate Full Fit Report During ECO Compiles                     ; Off                                   ; Off                                   ;
; Optimize IOC Register Placement for Timing                         ; Normal                                ; Normal                                ;
; Final Placement Optimizations                                      ; Automatically                         ; Automatically                         ;
; Fitter Aggressive Routability Optimizations                        ; Automatically                         ; Automatically                         ;
; Fitter Initial Placement Seed                                      ; 1                                     ; 1                                     ;
; Periphery to Core Placement and Routing Optimization               ; Off                                   ; Off                                   ;
; Weak Pull-Up Resistor                                              ; Off                                   ; Off                                   ;
; Enable Bus-Hold Circuitry                                          ; Off                                   ; Off                                   ;
; Auto Packed Registers                                              ; Auto                                  ; Auto                                  ;
; Auto Delay Chains                                                  ; On                                    ; On                                    ;
; Auto Delay Chains for High Fanout Input Pins                       ; Off                                   ; Off                                   ;
; Treat Bidirectional Pin as Output Pin                              ; Off                                   ; Off                                   ;
; Perform Physical Synthesis for Combinational Logic for Fitting     ; Off                                   ; Off                                   ;
; Perform Physical Synthesis for Combinational Logic for Performance ; Off                                   ; Off                                   ;
; Perform Register Duplication for Performance                       ; Off                                   ; Off                                   ;
; Perform Register Retiming for Performance                          ; Off                                   ; Off                                   ;
; Perform Asynchronous Signal Pipelining                             ; Off                                   ; Off                                   ;
; Fitter Effort                                                      ; Auto Fit                              ; Auto Fit                              ;
; Physical Synthesis Effort Level                                    ; Normal                                ; Normal                                ;
; Logic Cell Insertion - Logic Duplication                           ; Auto                                  ; Auto                                  ;
; Auto Register Duplication                                          ; Auto                                  ; Auto                                  ;
; Auto Global Clock                                                  ; On                                    ; On                                    ;
; Auto Global Register Control Signals                               ; On                                    ; On                                    ;
; Reserve all unused pins                                            ; As input tri-stated with weak pull-up ; As input tri-stated with weak pull-up ;
; Synchronizer Identification                                        ; Auto                                  ; Auto                                  ;
; Enable Beneficial Skew Optimization                                ; On                                    ; On                                    ;
; Optimize Design for Metastability                                  ; On                                    ; On                                    ;
; Active Serial clock source                                         ; FREQ_100MHz                           ; FREQ_100MHz                           ;
; Force Fitter to Avoid Periphery Placement Warnings                 ; Off                                   ; Off                                   ;
; Clamping Diode                                                     ; Off                                   ; Off                                   ;
; Enable input tri-state on active configuration pins in user mode   ; Off                                   ; Off                                   ;
; Advanced Physical Optimization                                     ; On                                    ; On                                    ;
+--------------------------------------------------------------------+---------------------------------------+---------------------------------------+


+------------------------------------------+
; Parallel Compilation                     ;
+----------------------------+-------------+
; Processors                 ; Number      ;
+----------------------------+-------------+
; Number detected on machine ; 32          ;
; Maximum allowed            ; 16          ;
;                            ;             ;
; Average used               ; 1.23        ;
; Maximum used               ; 16          ;
;                            ;             ;
; Usage by Processor         ; % Time Used ;
;     Processor 1            ; 100.0%      ;
;     Processor 2            ;   3.1%      ;
;     Processor 3            ;   3.0%      ;
;     Processor 4            ;   3.0%      ;
;     Processor 5            ;   1.3%      ;
;     Processor 6            ;   1.3%      ;
;     Processor 7            ;   1.3%      ;
;     Processor 8            ;   1.3%      ;
;     Processor 9            ;   1.1%      ;
;     Processor 10           ;   1.1%      ;
;     Processor 11           ;   1.1%      ;
;     Processor 12           ;   1.1%      ;
;     Processor 13           ;   1.1%      ;
;     Processor 14           ;   1.1%      ;
;     Processor 15           ;   1.1%      ;
;     Processor 16           ;   1.1%      ;
+----------------------------+-------------+


+----------------------------------------------------------------------------------------------------------------------------------------------------------------------------------------------------------------------------------------------------------------------------------------------------------------------------------------------------------------------------------------+
; Fitter Netlist Optimizations                                                                                                                                                                                                                                                                                                                                                           ;
+-------------------------------------------------------------------------------------------------+-----------------+---------------------------------------------------+----------------------------+-----------+----------------+-----------------------------------------------------------------------------------------------------------+------------------+-----------------------+
; Node                                                                                            ; Action          ; Operation                                         ; Reason                     ; Node Port ; Node Port Name ; Destination Node                                                                                          ; Destination Port ; Destination Port Name ;
+-------------------------------------------------------------------------------------------------+-----------------+---------------------------------------------------+----------------------------+-----------+----------------+-----------------------------------------------------------------------------------------------------------+------------------+-----------------------+
; push_buttons[0]~inputCLKENA0                                                                    ; Created         ; Placement                                         ; Fitter Periphery Placement ;           ;                ;                                                                                                           ;                  ;                       ;
; systemClock50MHz~inputCLKENA0                                                                   ; Created         ; Placement                                         ; Fitter Periphery Placement ;           ;                ;                                                                                                           ;                  ;                       ;
; sharedMemory:memory_instance|sharedPlayerRegs[2][0]                                             ; Packed Register ; Register Packing                                  ; Timing optimization        ; Q         ;                ; vga:vga_instance|playerMemory:p1Memory_inst|Mult0~mac                                                     ; AX               ;                       ;
; sharedMemory:memory_instance|sharedPlayerRegs[2][0]                                             ; Duplicated      ; Register Packing                                  ; Timing optimization        ; Q         ;                ; sharedMemory:memory_instance|sharedPlayerRegs[2][0]~_Duplicate_1                                          ; Q                ;                       ;
; sharedMemory:memory_instance|sharedPlayerRegs[2][0]~SCLR_LUT                                    ; Created         ; Register Packing                                  ; Timing optimization        ;           ;                ;                                                                                                           ;                  ;                       ;
; sharedMemory:memory_instance|sharedPlayerRegs[2][1]                                             ; Packed Register ; Register Packing                                  ; Timing optimization        ; Q         ;                ; vga:vga_instance|playerMemory:p1Memory_inst|Mult0~mac                                                     ; AX               ;                       ;
; sharedMemory:memory_instance|sharedPlayerRegs[2][1]                                             ; Duplicated      ; Register Packing                                  ; Timing optimization        ; Q         ;                ; sharedMemory:memory_instance|sharedPlayerRegs[2][1]~_Duplicate_1                                          ; Q                ;                       ;
; sharedMemory:memory_instance|sharedPlayerRegs[2][1]~SCLR_LUT                                    ; Created         ; Register Packing                                  ; Timing optimization        ;           ;                ;                                                                                                           ;                  ;                       ;
; sharedMemory:memory_instance|sharedPlayerRegs[2][2]                                             ; Packed Register ; Register Packing                                  ; Timing optimization        ; Q         ;                ; vga:vga_instance|playerMemory:p1Memory_inst|Mult0~mac                                                     ; AX               ;                       ;
; sharedMemory:memory_instance|sharedPlayerRegs[2][2]                                             ; Duplicated      ; Register Packing                                  ; Timing optimization        ; Q         ;                ; sharedMemory:memory_instance|sharedPlayerRegs[2][2]~_Duplicate_1                                          ; Q                ;                       ;
; sharedMemory:memory_instance|sharedPlayerRegs[2][2]~SCLR_LUT                                    ; Created         ; Register Packing                                  ; Timing optimization        ;           ;                ;                                                                                                           ;                  ;                       ;
; sharedMemory:memory_instance|sharedPlayerRegs[2][3]                                             ; Packed Register ; Register Packing                                  ; Timing optimization        ; Q         ;                ; vga:vga_instance|playerMemory:p1Memory_inst|Mult0~mac                                                     ; AX               ;                       ;
; sharedMemory:memory_instance|sharedPlayerRegs[2][3]                                             ; Duplicated      ; Register Packing                                  ; Timing optimization        ; Q         ;                ; sharedMemory:memory_instance|sharedPlayerRegs[2][3]~_Duplicate_1                                          ; Q                ;                       ;
; sharedMemory:memory_instance|sharedPlayerRegs[2][3]~SCLR_LUT                                    ; Created         ; Register Packing                                  ; Timing optimization        ;           ;                ;                                                                                                           ;                  ;                       ;
; sharedMemory:memory_instance|sharedPlayerRegs[6][0]                                             ; Packed Register ; Register Packing                                  ; Timing optimization        ; Q         ;                ; vga:vga_instance|playerMemory:p2Memory_inst|Mult0~mac                                                     ; AX               ;                       ;
; sharedMemory:memory_instance|sharedPlayerRegs[6][0]                                             ; Duplicated      ; Register Packing                                  ; Timing optimization        ; Q         ;                ; sharedMemory:memory_instance|sharedPlayerRegs[6][0]~_Duplicate_1                                          ; Q                ;                       ;
; sharedMemory:memory_instance|sharedPlayerRegs[6][0]~SCLR_LUT                                    ; Created         ; Register Packing                                  ; Timing optimization        ;           ;                ;                                                                                                           ;                  ;                       ;
; sharedMemory:memory_instance|sharedPlayerRegs[6][1]                                             ; Packed Register ; Register Packing                                  ; Timing optimization        ; Q         ;                ; vga:vga_instance|playerMemory:p2Memory_inst|Mult0~mac                                                     ; AX               ;                       ;
; sharedMemory:memory_instance|sharedPlayerRegs[6][1]                                             ; Duplicated      ; Register Packing                                  ; Timing optimization        ; Q         ;                ; sharedMemory:memory_instance|sharedPlayerRegs[6][1]~_Duplicate_1                                          ; Q                ;                       ;
; sharedMemory:memory_instance|sharedPlayerRegs[6][1]~SCLR_LUT                                    ; Created         ; Register Packing                                  ; Timing optimization        ;           ;                ;                                                                                                           ;                  ;                       ;
; sharedMemory:memory_instance|sharedPlayerRegs[6][2]                                             ; Packed Register ; Register Packing                                  ; Timing optimization        ; Q         ;                ; vga:vga_instance|playerMemory:p2Memory_inst|Mult0~mac                                                     ; AX               ;                       ;
; sharedMemory:memory_instance|sharedPlayerRegs[6][2]                                             ; Duplicated      ; Register Packing                                  ; Timing optimization        ; Q         ;                ; sharedMemory:memory_instance|sharedPlayerRegs[6][2]~_Duplicate_1                                          ; Q                ;                       ;
; sharedMemory:memory_instance|sharedPlayerRegs[6][2]~SCLR_LUT                                    ; Created         ; Register Packing                                  ; Timing optimization        ;           ;                ;                                                                                                           ;                  ;                       ;
; sharedMemory:memory_instance|sharedPlayerRegs[6][3]                                             ; Packed Register ; Register Packing                                  ; Timing optimization        ; Q         ;                ; vga:vga_instance|playerMemory:p2Memory_inst|Mult0~mac                                                     ; AX               ;                       ;
; sharedMemory:memory_instance|sharedPlayerRegs[6][3]                                             ; Duplicated      ; Register Packing                                  ; Timing optimization        ; Q         ;                ; sharedMemory:memory_instance|sharedPlayerRegs[6][3]~_Duplicate_1                                          ; Q                ;                       ;
; sharedMemory:memory_instance|sharedPlayerRegs[6][3]~SCLR_LUT                                    ; Created         ; Register Packing                                  ; Timing optimization        ;           ;                ;                                                                                                           ;                  ;                       ;
; sharedMemory:memory_instance|sharedPlayerRegs[10][0]                                            ; Packed Register ; Register Packing                                  ; Timing optimization        ; Q         ;                ; vga:vga_instance|playerMemory:p3Memory_inst|Mult0~mac                                                     ; AX               ;                       ;
; sharedMemory:memory_instance|sharedPlayerRegs[10][0]                                            ; Duplicated      ; Register Packing                                  ; Timing optimization        ; Q         ;                ; sharedMemory:memory_instance|sharedPlayerRegs[10][0]~_Duplicate_1                                         ; Q                ;                       ;
; sharedMemory:memory_instance|sharedPlayerRegs[10][0]~SCLR_LUT                                   ; Created         ; Register Packing                                  ; Timing optimization        ;           ;                ;                                                                                                           ;                  ;                       ;
; sharedMemory:memory_instance|sharedPlayerRegs[10][1]                                            ; Packed Register ; Register Packing                                  ; Timing optimization        ; Q         ;                ; vga:vga_instance|playerMemory:p3Memory_inst|Mult0~mac                                                     ; AX               ;                       ;
; sharedMemory:memory_instance|sharedPlayerRegs[10][1]                                            ; Duplicated      ; Register Packing                                  ; Timing optimization        ; Q         ;                ; sharedMemory:memory_instance|sharedPlayerRegs[10][1]~_Duplicate_1                                         ; Q                ;                       ;
; sharedMemory:memory_instance|sharedPlayerRegs[10][1]~SCLR_LUT                                   ; Created         ; Register Packing                                  ; Timing optimization        ;           ;                ;                                                                                                           ;                  ;                       ;
; sharedMemory:memory_instance|sharedPlayerRegs[10][2]                                            ; Packed Register ; Register Packing                                  ; Timing optimization        ; Q         ;                ; vga:vga_instance|playerMemory:p3Memory_inst|Mult0~mac                                                     ; AX               ;                       ;
; sharedMemory:memory_instance|sharedPlayerRegs[10][2]                                            ; Duplicated      ; Register Packing                                  ; Timing optimization        ; Q         ;                ; sharedMemory:memory_instance|sharedPlayerRegs[10][2]~_Duplicate_1                                         ; Q                ;                       ;
; sharedMemory:memory_instance|sharedPlayerRegs[10][2]~SCLR_LUT                                   ; Created         ; Register Packing                                  ; Timing optimization        ;           ;                ;                                                                                                           ;                  ;                       ;
; sharedMemory:memory_instance|sharedPlayerRegs[10][3]                                            ; Packed Register ; Register Packing                                  ; Timing optimization        ; Q         ;                ; vga:vga_instance|playerMemory:p3Memory_inst|Mult0~mac                                                     ; AX               ;                       ;
; sharedMemory:memory_instance|sharedPlayerRegs[10][3]                                            ; Duplicated      ; Register Packing                                  ; Timing optimization        ; Q         ;                ; sharedMemory:memory_instance|sharedPlayerRegs[10][3]~_Duplicate_1                                         ; Q                ;                       ;
; sharedMemory:memory_instance|sharedPlayerRegs[10][3]~SCLR_LUT                                   ; Created         ; Register Packing                                  ; Timing optimization        ;           ;                ;                                                                                                           ;                  ;                       ;
; sharedMemory:memory_instance|sharedPlayerRegs[14][0]                                            ; Packed Register ; Register Packing                                  ; Timing optimization        ; Q         ;                ; vga:vga_instance|playerMemory:p4Memory_inst|Mult0~mac                                                     ; AX               ;                       ;
; sharedMemory:memory_instance|sharedPlayerRegs[14][0]                                            ; Duplicated      ; Register Packing                                  ; Timing optimization        ; Q         ;                ; sharedMemory:memory_instance|sharedPlayerRegs[14][0]~_Duplicate_1                                         ; Q                ;                       ;
; sharedMemory:memory_instance|sharedPlayerRegs[14][0]~SCLR_LUT                                   ; Created         ; Register Packing                                  ; Timing optimization        ;           ;                ;                                                                                                           ;                  ;                       ;
; sharedMemory:memory_instance|sharedPlayerRegs[14][1]                                            ; Packed Register ; Register Packing                                  ; Timing optimization        ; Q         ;                ; vga:vga_instance|playerMemory:p4Memory_inst|Mult0~mac                                                     ; AX               ;                       ;
; sharedMemory:memory_instance|sharedPlayerRegs[14][1]                                            ; Duplicated      ; Register Packing                                  ; Timing optimization        ; Q         ;                ; sharedMemory:memory_instance|sharedPlayerRegs[14][1]~_Duplicate_1                                         ; Q                ;                       ;
; sharedMemory:memory_instance|sharedPlayerRegs[14][1]~SCLR_LUT                                   ; Created         ; Register Packing                                  ; Timing optimization        ;           ;                ;                                                                                                           ;                  ;                       ;
; sharedMemory:memory_instance|sharedPlayerRegs[14][2]                                            ; Packed Register ; Register Packing                                  ; Timing optimization        ; Q         ;                ; vga:vga_instance|playerMemory:p4Memory_inst|Mult0~mac                                                     ; AX               ;                       ;
; sharedMemory:memory_instance|sharedPlayerRegs[14][2]                                            ; Duplicated      ; Register Packing                                  ; Timing optimization        ; Q         ;                ; sharedMemory:memory_instance|sharedPlayerRegs[14][2]~_Duplicate_1                                         ; Q                ;                       ;
; sharedMemory:memory_instance|sharedPlayerRegs[14][2]~SCLR_LUT                                   ; Created         ; Register Packing                                  ; Timing optimization        ;           ;                ;                                                                                                           ;                  ;                       ;
; sharedMemory:memory_instance|sharedPlayerRegs[14][3]                                            ; Packed Register ; Register Packing                                  ; Timing optimization        ; Q         ;                ; vga:vga_instance|playerMemory:p4Memory_inst|Mult0~mac                                                     ; AX               ;                       ;
; sharedMemory:memory_instance|sharedPlayerRegs[14][3]                                            ; Duplicated      ; Register Packing                                  ; Timing optimization        ; Q         ;                ; sharedMemory:memory_instance|sharedPlayerRegs[14][3]~_Duplicate_1                                         ; Q                ;                       ;
; sharedMemory:memory_instance|sharedPlayerRegs[14][3]~SCLR_LUT                                   ; Created         ; Register Packing                                  ; Timing optimization        ;           ;                ;                                                                                                           ;                  ;                       ;
; audio_unit:audio_unit_instance|audio_output:dac_driver|mclk_count[0]                            ; Duplicated      ; Router Logic Cell Insertion and Logic Duplication ; Routability optimization   ;           ;                ; audio_unit:audio_unit_instance|audio_output:dac_driver|mclk_count[0]~DUPLICATE                            ;                  ;                       ;
; audio_unit:audio_unit_instance|audio_output:dac_driver|note_generator:note_gen|tone_divider[0]  ; Duplicated      ; Router Logic Cell Insertion and Logic Duplication ; Routability optimization   ;           ;                ; audio_unit:audio_unit_instance|audio_output:dac_driver|note_generator:note_gen|tone_divider[0]~DUPLICATE  ;                  ;                       ;
; audio_unit:audio_unit_instance|audio_output:dac_driver|note_generator:note_gen|tone_divider[1]  ; Duplicated      ; Router Logic Cell Insertion and Logic Duplication ; Routability optimization   ;           ;                ; audio_unit:audio_unit_instance|audio_output:dac_driver|note_generator:note_gen|tone_divider[1]~DUPLICATE  ;                  ;                       ;
; audio_unit:audio_unit_instance|audio_output:dac_driver|note_generator:note_gen|tone_divider[2]  ; Duplicated      ; Router Logic Cell Insertion and Logic Duplication ; Routability optimization   ;           ;                ; audio_unit:audio_unit_instance|audio_output:dac_driver|note_generator:note_gen|tone_divider[2]~DUPLICATE  ;                  ;                       ;
; audio_unit:audio_unit_instance|audio_output:dac_driver|note_generator:note_gen|tone_divider[4]  ; Duplicated      ; Router Logic Cell Insertion and Logic Duplication ; Routability optimization   ;           ;                ; audio_unit:audio_unit_instance|audio_output:dac_driver|note_generator:note_gen|tone_divider[4]~DUPLICATE  ;                  ;                       ;
; audio_unit:audio_unit_instance|audio_output:dac_driver|note_generator:note_gen|tone_divider[9]  ; Duplicated      ; Router Logic Cell Insertion and Logic Duplication ; Routability optimization   ;           ;                ; audio_unit:audio_unit_instance|audio_output:dac_driver|note_generator:note_gen|tone_divider[9]~DUPLICATE  ;                  ;                       ;
; audio_unit:audio_unit_instance|audio_output:dac_driver|note_generator:note_gen|tone_divider[11] ; Duplicated      ; Router Logic Cell Insertion and Logic Duplication ; Routability optimization   ;           ;                ; audio_unit:audio_unit_instance|audio_output:dac_driver|note_generator:note_gen|tone_divider[11]~DUPLICATE ;                  ;                       ;
; audio_unit:audio_unit_instance|audio_output:dac_driver|note_generator:note_gen|tone_divider[15] ; Duplicated      ; Router Logic Cell Insertion and Logic Duplication ; Routability optimization   ;           ;                ; audio_unit:audio_unit_instance|audio_output:dac_driver|note_generator:note_gen|tone_divider[15]~DUPLICATE ;                  ;                       ;
; audio_unit:audio_unit_instance|audio_output:dac_driver|note_generator:note_gen|tone_divider[23] ; Duplicated      ; Router Logic Cell Insertion and Logic Duplication ; Routability optimization   ;           ;                ; audio_unit:audio_unit_instance|audio_output:dac_driver|note_generator:note_gen|tone_divider[23]~DUPLICATE ;                  ;                       ;
; audio_unit:audio_unit_instance|audio_output:dac_driver|note_generator:note_gen|tone_divider[29] ; Duplicated      ; Router Logic Cell Insertion and Logic Duplication ; Routability optimization   ;           ;                ; audio_unit:audio_unit_instance|audio_output:dac_driver|note_generator:note_gen|tone_divider[29]~DUPLICATE ;                  ;                       ;
; audio_unit:audio_unit_instance|audio_output:dac_driver|note_generator:note_gen|tone_divider[30] ; Duplicated      ; Router Logic Cell Insertion and Logic Duplication ; Routability optimization   ;           ;                ; audio_unit:audio_unit_instance|audio_output:dac_driver|note_generator:note_gen|tone_divider[30]~DUPLICATE ;                  ;                       ;
; cpu:cpu_instance|register:program_counter|contents[8]                                           ; Duplicated      ; Router Logic Cell Insertion and Logic Duplication ; Routability optimization   ;           ;                ; cpu:cpu_instance|register:program_counter|contents[8]~DUPLICATE                                           ;                  ;                       ;
; cpu:cpu_instance|register:program_counter|contents[11]                                          ; Duplicated      ; Router Logic Cell Insertion and Logic Duplication ; Routability optimization   ;           ;                ; cpu:cpu_instance|register:program_counter|contents[11]~DUPLICATE                                          ;                  ;                       ;
; vga:vga_instance|hcount[5]                                                                      ; Duplicated      ; Router Logic Cell Insertion and Logic Duplication ; Routability optimization   ;           ;                ; vga:vga_instance|hcount[5]~DUPLICATE                                                                      ;                  ;                       ;
; vga:vga_instance|vcount[3]                                                                      ; Duplicated      ; Router Logic Cell Insertion and Logic Duplication ; Routability optimization   ;           ;                ; vga:vga_instance|vcount[3]~DUPLICATE                                                                      ;                  ;                       ;
; vga:vga_instance|vcount[6]                                                                      ; Duplicated      ; Router Logic Cell Insertion and Logic Duplication ; Routability optimization   ;           ;                ; vga:vga_instance|vcount[6]~DUPLICATE                                                                      ;                  ;                       ;
+-------------------------------------------------------------------------------------------------+-----------------+---------------------------------------------------+----------------------------+-----------+----------------+-----------------------------------------------------------------------------------------------------------+------------------+-----------------------+


+----------------------------------------------------------------------------------------------------+
; Incremental Compilation Preservation Summary                                                       ;
+---------------------+----------------------+----------------------------+--------------------------+
; Type                ; Total [A + B]        ; From Design Partitions [A] ; From Rapid Recompile [B] ;
+---------------------+----------------------+----------------------------+--------------------------+
; Placement (by node) ;                      ;                            ;                          ;
;     -- Requested    ; 0.00 % ( 0 / 21161 ) ; 0.00 % ( 0 / 21161 )       ; 0.00 % ( 0 / 21161 )     ;
;     -- Achieved     ; 0.00 % ( 0 / 21161 ) ; 0.00 % ( 0 / 21161 )       ; 0.00 % ( 0 / 21161 )     ;
;                     ;                      ;                            ;                          ;
; Routing (by net)    ;                      ;                            ;                          ;
;     -- Requested    ; 0.00 % ( 0 / 0 )     ; 0.00 % ( 0 / 0 )           ; 0.00 % ( 0 / 0 )         ;
;     -- Achieved     ; 0.00 % ( 0 / 0 )     ; 0.00 % ( 0 / 0 )           ; 0.00 % ( 0 / 0 )         ;
+---------------------+----------------------+----------------------------+--------------------------+


+----------------------------------------------------------------------------------------------------------------------------------------------------------------------------------------+
; Incremental Compilation Partition Settings                                                                                                                                             ;
+--------------------------------+----------------+-------------------+-------------------------+------------------------+------------------------------+--------------------------------+
; Partition Name                 ; Partition Type ; Netlist Type Used ; Preservation Level Used ; Netlist Type Requested ; Preservation Level Requested ; Contents                       ;
+--------------------------------+----------------+-------------------+-------------------------+------------------------+------------------------------+--------------------------------+
; Top                            ; User-created   ; Source File       ; N/A                     ; Source File            ; N/A                          ;                                ;
; hard_block:auto_generated_inst ; Auto-generated ; Source File       ; N/A                     ; Source File            ; N/A                          ; hard_block:auto_generated_inst ;
+--------------------------------+----------------+-------------------+-------------------------+------------------------+------------------------------+--------------------------------+


+------------------------------------------------------------------------------------------------------------------------------------+
; Incremental Compilation Placement Preservation                                                                                     ;
+--------------------------------+-----------------------+-------------------------+-------------------+---------------------+-------+
; Partition Name                 ; Preservation Achieved ; Preservation Level Used ; Netlist Type Used ; Preservation Method ; Notes ;
+--------------------------------+-----------------------+-------------------------+-------------------+---------------------+-------+
; Top                            ; 0.00 % ( 0 / 21161 )  ; N/A                     ; Source File       ; N/A                 ;       ;
; hard_block:auto_generated_inst ; 0.00 % ( 0 / 0 )      ; N/A                     ; Source File       ; N/A                 ;       ;
+--------------------------------+-----------------------+-------------------------+-------------------+---------------------+-------+


+--------------+
; Pin-Out File ;
+--------------+
The pin-out file can be found in C:/Users/asher/Desktop/SchoolWork/ece3710/Quartus Project/output_files/lab1.pin.


+---------------------------------------------------------------------------------------------+
; Fitter Resource Usage Summary                                                               ;
+-------------------------------------------------------------+-----------------------+-------+
; Resource                                                    ; Usage                 ; %     ;
+-------------------------------------------------------------+-----------------------+-------+
; Logic utilization (ALMs needed / total ALMs on device)      ; 10,784 / 32,070       ; 34 %  ;
; ALMs needed [=A-B+C]                                        ; 10,784                ;       ;
;     [A] ALMs used in final placement [=a+b+c+d]             ; 11,229 / 32,070       ; 35 %  ;
;         [a] ALMs used for LUT logic and registers           ; 871                   ;       ;
;         [b] ALMs used for LUT logic                         ; 9,663                 ;       ;
;         [c] ALMs used for registers                         ; 695                   ;       ;
;         [d] ALMs used for memory (up to half of total ALMs) ; 0                     ;       ;
;     [B] Estimate of ALMs recoverable by dense packing       ; 883 / 32,070          ; 3 %   ;
;     [C] Estimate of ALMs unavailable [=a+b+c+d]             ; 438 / 32,070          ; 1 %   ;
;         [a] Due to location constrained logic               ; 0                     ;       ;
;         [b] Due to LAB-wide signal conflicts                ; 1                     ;       ;
;         [c] Due to LAB input limits                         ; 437                   ;       ;
;         [d] Due to virtual I/Os                             ; 0                     ;       ;
;                                                             ;                       ;       ;
; Difficulty packing design                                   ; Low                   ;       ;
;                                                             ;                       ;       ;
; Total LABs:  partially or completely used                   ; 1,344 / 3,207         ; 42 %  ;
;     -- Logic LABs                                           ; 1,344                 ;       ;
;     -- Memory LABs (up to half of total LABs)               ; 0                     ;       ;
;                                                             ;                       ;       ;
; Combinational ALUT usage for logic                          ; 17,602                ;       ;
;     -- 7 input functions                                    ; 71                    ;       ;
;     -- 6 input functions                                    ; 2,245                 ;       ;
;     -- 5 input functions                                    ; 2,456                 ;       ;
;     -- 4 input functions                                    ; 1,290                 ;       ;
;     -- <=3 input functions                                  ; 11,540                ;       ;
; Combinational ALUT usage for route-throughs                 ; 356                   ;       ;
;                                                             ;                       ;       ;
; Dedicated logic registers                                   ; 3,157                 ;       ;
;     -- By type:                                             ;                       ;       ;
;         -- Primary logic registers                          ; 3,131 / 64,140        ; 5 %   ;
;         -- Secondary logic registers                        ; 26 / 64,140           ; < 1 % ;
;     -- By function:                                         ;                       ;       ;
;         -- Design implementation registers                  ; 3,141                 ;       ;
;         -- Routing optimization registers                   ; 16                    ;       ;
;                                                             ;                       ;       ;
; Virtual pins                                                ; 0                     ;       ;
; I/O pins                                                    ; 105 / 457             ; 23 %  ;
;     -- Clock pins                                           ; 6 / 8                 ; 75 %  ;
;     -- Dedicated input pins                                 ; 0 / 21                ; 0 %   ;
;                                                             ;                       ;       ;
; Hard processor system peripheral utilization                ;                       ;       ;
;     -- Boot from FPGA                                       ; 0 / 1 ( 0 % )         ;       ;
;     -- Clock resets                                         ; 0 / 1 ( 0 % )         ;       ;
;     -- Cross trigger                                        ; 0 / 1 ( 0 % )         ;       ;
;     -- S2F AXI                                              ; 0 / 1 ( 0 % )         ;       ;
;     -- F2S AXI                                              ; 0 / 1 ( 0 % )         ;       ;
;     -- AXI Lightweight                                      ; 0 / 1 ( 0 % )         ;       ;
;     -- SDRAM                                                ; 0 / 1 ( 0 % )         ;       ;
;     -- Interrupts                                           ; 0 / 1 ( 0 % )         ;       ;
;     -- JTAG                                                 ; 0 / 1 ( 0 % )         ;       ;
;     -- Loan I/O                                             ; 0 / 1 ( 0 % )         ;       ;
;     -- MPU event standby                                    ; 0 / 1 ( 0 % )         ;       ;
;     -- MPU general purpose                                  ; 0 / 1 ( 0 % )         ;       ;
;     -- STM event                                            ; 0 / 1 ( 0 % )         ;       ;
;     -- TPIU trace                                           ; 0 / 1 ( 0 % )         ;       ;
;     -- DMA                                                  ; 0 / 1 ( 0 % )         ;       ;
;     -- CAN                                                  ; 0 / 2 ( 0 % )         ;       ;
;     -- EMAC                                                 ; 0 / 2 ( 0 % )         ;       ;
;     -- I2C                                                  ; 0 / 4 ( 0 % )         ;       ;
;     -- NAND Flash                                           ; 0 / 1 ( 0 % )         ;       ;
;     -- QSPI                                                 ; 0 / 1 ( 0 % )         ;       ;
;     -- SDMMC                                                ; 0 / 1 ( 0 % )         ;       ;
;     -- SPI Master                                           ; 0 / 2 ( 0 % )         ;       ;
;     -- SPI Slave                                            ; 0 / 2 ( 0 % )         ;       ;
;     -- UART                                                 ; 0 / 2 ( 0 % )         ;       ;
;     -- USB                                                  ; 0 / 2 ( 0 % )         ;       ;
;                                                             ;                       ;       ;
; M10K blocks                                                 ; 200 / 397             ; 50 %  ;
; Total MLAB memory bits                                      ; 0                     ;       ;
; Total block memory bits                                     ; 1,638,400 / 4,065,280 ; 40 %  ;
; Total block memory implementation bits                      ; 2,048,000 / 4,065,280 ; 50 %  ;
;                                                             ;                       ;       ;
; Total DSP Blocks                                            ; 8 / 87                ; 9 %   ;
;                                                             ;                       ;       ;
; Fractional PLLs                                             ; 0 / 6                 ; 0 %   ;
; Global signals                                              ; 2                     ;       ;
;     -- Global clocks                                        ; 2 / 16                ; 13 %  ;
;     -- Quadrant clocks                                      ; 0 / 66                ; 0 %   ;
;     -- Horizontal periphery clocks                          ; 0 / 18                ; 0 %   ;
; SERDES Transmitters                                         ; 0 / 100               ; 0 %   ;
; SERDES Receivers                                            ; 0 / 100               ; 0 %   ;
; JTAGs                                                       ; 0 / 1                 ; 0 %   ;
; ASMI blocks                                                 ; 0 / 1                 ; 0 %   ;
; CRC blocks                                                  ; 0 / 1                 ; 0 %   ;
; Remote update blocks                                        ; 0 / 1                 ; 0 %   ;
; Oscillator blocks                                           ; 0 / 1                 ; 0 %   ;
; Impedance control blocks                                    ; 0 / 4                 ; 0 %   ;
; Hard Memory Controllers                                     ; 0 / 2                 ; 0 %   ;
; Average interconnect usage (total/H/V)                      ; 14.0% / 13.6% / 15.4% ;       ;
; Peak interconnect usage (total/H/V)                         ; 50.3% / 48.7% / 57.1% ;       ;
; Maximum fan-out                                             ; 2754                  ;       ;
; Highest non-global fan-out                                  ; 1606                  ;       ;
; Total fan-out                                               ; 71365                 ;       ;
; Average fan-out                                             ; 3.31                  ;       ;
+-------------------------------------------------------------+-----------------------+-------+


+-----------------------------------------------------------------------------------------------------------------------+
; Fitter Partition Statistics                                                                                           ;
+-------------------------------------------------------------+------------------------+--------------------------------+
; Statistic                                                   ; Top                    ; hard_block:auto_generated_inst ;
+-------------------------------------------------------------+------------------------+--------------------------------+
; Logic utilization (ALMs needed / total ALMs on device)      ; 10784 / 32070 ( 34 % ) ; 0 / 32070 ( 0 % )              ;
; ALMs needed [=A-B+C]                                        ; 10784                  ; 0                              ;
;     [A] ALMs used in final placement [=a+b+c+d]             ; 11229 / 32070 ( 35 % ) ; 0 / 32070 ( 0 % )              ;
;         [a] ALMs used for LUT logic and registers           ; 871                    ; 0                              ;
;         [b] ALMs used for LUT logic                         ; 9663                   ; 0                              ;
;         [c] ALMs used for registers                         ; 695                    ; 0                              ;
;         [d] ALMs used for memory (up to half of total ALMs) ; 0                      ; 0                              ;
;     [B] Estimate of ALMs recoverable by dense packing       ; 883 / 32070 ( 3 % )    ; 0 / 32070 ( 0 % )              ;
;     [C] Estimate of ALMs unavailable [=a+b+c+d]             ; 438 / 32070 ( 1 % )    ; 0 / 32070 ( 0 % )              ;
;         [a] Due to location constrained logic               ; 0                      ; 0                              ;
;         [b] Due to LAB-wide signal conflicts                ; 1                      ; 0                              ;
;         [c] Due to LAB input limits                         ; 437                    ; 0                              ;
;         [d] Due to virtual I/Os                             ; 0                      ; 0                              ;
;                                                             ;                        ;                                ;
; Difficulty packing design                                   ; Low                    ; Low                            ;
;                                                             ;                        ;                                ;
; Total LABs:  partially or completely used                   ; 1344 / 3207 ( 42 % )   ; 0 / 3207 ( 0 % )               ;
;     -- Logic LABs                                           ; 1344                   ; 0                              ;
;     -- Memory LABs (up to half of total LABs)               ; 0                      ; 0                              ;
;                                                             ;                        ;                                ;
; Combinational ALUT usage for logic                          ; 17602                  ; 0                              ;
;     -- 7 input functions                                    ; 71                     ; 0                              ;
;     -- 6 input functions                                    ; 2245                   ; 0                              ;
;     -- 5 input functions                                    ; 2456                   ; 0                              ;
;     -- 4 input functions                                    ; 1290                   ; 0                              ;
;     -- <=3 input functions                                  ; 11540                  ; 0                              ;
; Combinational ALUT usage for route-throughs                 ; 356                    ; 0                              ;
; Memory ALUT usage                                           ; 0                      ; 0                              ;
;     -- 64-address deep                                      ; 0                      ; 0                              ;
;     -- 32-address deep                                      ; 0                      ; 0                              ;
;                                                             ;                        ;                                ;
; Dedicated logic registers                                   ; 0                      ; 0                              ;
;     -- By type:                                             ;                        ;                                ;
;         -- Primary logic registers                          ; 3131 / 64140 ( 5 % )   ; 0 / 64140 ( 0 % )              ;
;         -- Secondary logic registers                        ; 26 / 64140 ( < 1 % )   ; 0 / 64140 ( 0 % )              ;
;     -- By function:                                         ;                        ;                                ;
;         -- Design implementation registers                  ; 3141                   ; 0                              ;
;         -- Routing optimization registers                   ; 16                     ; 0                              ;
;                                                             ;                        ;                                ;
;                                                             ;                        ;                                ;
; Virtual pins                                                ; 0                      ; 0                              ;
; I/O pins                                                    ; 105                    ; 0                              ;
; I/O registers                                               ; 0                      ; 0                              ;
; Total block memory bits                                     ; 1638400                ; 0                              ;
; Total block memory implementation bits                      ; 2048000                ; 0                              ;
; M10K block                                                  ; 200 / 397 ( 50 % )     ; 0 / 397 ( 0 % )                ;
; DSP block                                                   ; 8 / 87 ( 9 % )         ; 0 / 87 ( 0 % )                 ;
; Clock enable block                                          ; 2 / 116 ( 1 % )        ; 0 / 116 ( 0 % )                ;
;                                                             ;                        ;                                ;
; Connections                                                 ;                        ;                                ;
;     -- Input Connections                                    ; 6                      ; 0                              ;
;     -- Registered Input Connections                         ; 0                      ; 0                              ;
;     -- Output Connections                                   ; 6                      ; 0                              ;
;     -- Registered Output Connections                        ; 0                      ; 0                              ;
;                                                             ;                        ;                                ;
; Internal Connections                                        ;                        ;                                ;
;     -- Total Connections                                    ; 74689                  ; 0                              ;
;     -- Registered Connections                               ; 13525                  ; 0                              ;
;                                                             ;                        ;                                ;
; External Connections                                        ;                        ;                                ;
;     -- Top                                                  ; 12                     ; 0                              ;
;     -- hard_block:auto_generated_inst                       ; 0                      ; 0                              ;
;                                                             ;                        ;                                ;
; Partition Interface                                         ;                        ;                                ;
;     -- Input Ports                                          ; 16                     ; 0                              ;
;     -- Output Ports                                         ; 83                     ; 0                              ;
;     -- Bidir Ports                                          ; 6                      ; 0                              ;
;                                                             ;                        ;                                ;
; Registered Ports                                            ;                        ;                                ;
;     -- Registered Input Ports                               ; 0                      ; 0                              ;
;     -- Registered Output Ports                              ; 0                      ; 0                              ;
;                                                             ;                        ;                                ;
; Port Connectivity                                           ;                        ;                                ;
;     -- Input Ports driven by GND                            ; 0                      ; 0                              ;
;     -- Output Ports driven by GND                           ; 0                      ; 0                              ;
;     -- Input Ports driven by VCC                            ; 0                      ; 0                              ;
;     -- Output Ports driven by VCC                           ; 0                      ; 0                              ;
;     -- Input Ports with no Source                           ; 0                      ; 0                              ;
;     -- Output Ports with no Source                          ; 0                      ; 0                              ;
;     -- Input Ports with no Fanout                           ; 0                      ; 0                              ;
;     -- Output Ports with no Fanout                          ; 0                      ; 0                              ;
+-------------------------------------------------------------+------------------------+--------------------------------+


+-------------------------------------------------------------------------------------------------------------------------------------------------------------------------------------------------------------------------------------------------------------------------------------------------+
; Input Pins                                                                                                                                                                                                                                                                                      ;
+------------------+-------+----------+--------------+--------------+--------------+-----------------------+--------------------+--------+----------------+-----------------+----------+--------------+--------------+-------------+---------------------------+----------------------+-----------+
; Name             ; Pin # ; I/O Bank ; X coordinate ; Y coordinate ; Z coordinate ; Combinational Fan-Out ; Registered Fan-Out ; Global ; Input Register ; PCI I/O Enabled ; Bus Hold ; Weak Pull Up ; I/O Standard ; Termination ; Termination Control Block ; Location assigned by ; Slew Rate ;
+------------------+-------+----------+--------------+--------------+--------------+-----------------------+--------------------+--------+----------------+-----------------+----------+--------------+--------------+-------------+---------------------------+----------------------+-----------+
; GPIO1_28_data    ; AH22  ; 4A       ; 66           ; 0            ; 91           ; 8                     ; 0                  ; no     ; no             ; no              ; no       ; Off          ; 3.3-V LVCMOS ; Off         ; --                        ; User                 ; no        ;
; push_buttons[0]  ; AA14  ; 3B       ; 36           ; 0            ; 0            ; 723                   ; 0                  ; yes    ; no             ; no              ; no       ; Off          ; 2.5 V        ; Off         ; --                        ; User                 ; no        ;
; push_buttons[1]  ; AA15  ; 3B       ; 36           ; 0            ; 17           ; 5                     ; 0                  ; no     ; no             ; no              ; no       ; Off          ; 2.5 V        ; Off         ; --                        ; User                 ; no        ;
; push_buttons[2]  ; W15   ; 3B       ; 40           ; 0            ; 0            ; 0                     ; 0                  ; no     ; no             ; no              ; no       ; Off          ; 2.5 V        ; Off         ; --                        ; User                 ; no        ;
; push_buttons[3]  ; Y16   ; 3B       ; 40           ; 0            ; 17           ; 0                     ; 0                  ; no     ; no             ; no              ; no       ; Off          ; 2.5 V        ; Off         ; --                        ; User                 ; no        ;
; switches[0]      ; AB12  ; 3A       ; 12           ; 0            ; 17           ; 21                    ; 0                  ; no     ; no             ; no              ; no       ; Off          ; 2.5 V        ; Off         ; --                        ; User                 ; no        ;
; switches[1]      ; AC12  ; 3A       ; 16           ; 0            ; 0            ; 21                    ; 0                  ; no     ; no             ; no              ; no       ; Off          ; 2.5 V        ; Off         ; --                        ; User                 ; no        ;
; switches[2]      ; AF9   ; 3A       ; 8            ; 0            ; 34           ; 26                    ; 0                  ; no     ; no             ; no              ; no       ; Off          ; 2.5 V        ; Off         ; --                        ; User                 ; no        ;
; switches[3]      ; AF10  ; 3A       ; 4            ; 0            ; 51           ; 26                    ; 0                  ; no     ; no             ; no              ; no       ; Off          ; 2.5 V        ; Off         ; --                        ; User                 ; no        ;
; switches[4]      ; AD11  ; 3A       ; 2            ; 0            ; 40           ; 13                    ; 0                  ; no     ; no             ; no              ; no       ; Off          ; 2.5 V        ; Off         ; --                        ; User                 ; no        ;
; switches[5]      ; AD12  ; 3A       ; 16           ; 0            ; 17           ; 11                    ; 0                  ; no     ; no             ; no              ; no       ; Off          ; 2.5 V        ; Off         ; --                        ; User                 ; no        ;
; switches[6]      ; AE11  ; 3A       ; 4            ; 0            ; 34           ; 11                    ; 0                  ; no     ; no             ; no              ; no       ; Off          ; 2.5 V        ; Off         ; --                        ; User                 ; no        ;
; switches[7]      ; AC9   ; 3A       ; 4            ; 0            ; 0            ; 11                    ; 0                  ; no     ; no             ; no              ; no       ; Off          ; 2.5 V        ; Off         ; --                        ; User                 ; no        ;
; switches[8]      ; AD10  ; 3A       ; 4            ; 0            ; 17           ; 6                     ; 0                  ; no     ; no             ; no              ; no       ; Off          ; 2.5 V        ; Off         ; --                        ; User                 ; no        ;
; switches[9]      ; AE12  ; 3A       ; 2            ; 0            ; 57           ; 6                     ; 0                  ; no     ; no             ; no              ; no       ; Off          ; 2.5 V        ; Off         ; --                        ; User                 ; no        ;
; systemClock50MHz ; AF14  ; 3B       ; 32           ; 0            ; 0            ; 2757                  ; 0                  ; yes    ; no             ; no              ; no       ; Off          ; 2.5 V        ; Off         ; --                        ; User                 ; no        ;
+------------------+-------+----------+--------------+--------------+--------------+-----------------------+--------------------+--------+----------------+-----------------+----------+--------------+--------------+-------------+---------------------------+----------------------+-----------+


+-----------------------------------------------------------------------------------------------------------------------------------------------------------------------------------------------------------------------------------------------------------------------------------------------------------------------------------------------------------------------------------------------------------------------------------------------------------------------------------------------------+
; Output Pins                                                                                                                                                                                                                                                                                                                                                                                                                                                                                         ;
+----------------+-------+----------+--------------+--------------+--------------+-----------------+------------------------+-----------+-----------------+------------+---------------+----------+--------------+--------------+------------------+-----------------------------------+---------------------------+----------------------------+-----------------------------+---------------------+-----------------------------+----------------------+----------------------+---------------------+
; Name           ; Pin # ; I/O Bank ; X coordinate ; Y coordinate ; Z coordinate ; Output Register ; Output Enable Register ; Slew Rate ; PCI I/O Enabled ; Open Drain ; TRI Primitive ; Bus Hold ; Weak Pull Up ; I/O Standard ; Current Strength ; Termination                       ; Termination Control Block ; Output Buffer Pre-emphasis ; Voltage Output Differential ; Output Buffer Delay ; Output Buffer Delay Control ; Location assigned by ; Output Enable Source ; Output Enable Group ;
+----------------+-------+----------+--------------+--------------+--------------+-----------------+------------------------+-----------+-----------------+------------+---------------+----------+--------------+--------------+------------------+-----------------------------------+---------------------------+----------------------------+-----------------------------+---------------------+-----------------------------+----------------------+----------------------+---------------------+
; GPIO1_26_cpu   ; AK22  ; 4A       ; 68           ; 0            ; 51           ; no              ; no                     ; 1         ; no              ; no         ; no            ; no       ; Off          ; 2.5 V        ; Default          ; Series 50 Ohm without Calibration ; --                        ; no                         ; no                          ; 0                   ; Off                         ; User                 ; -                    ; -                   ;
; GPIO1_27_latch ; AJ22  ; 4A       ; 70           ; 0            ; 51           ; no              ; no                     ; 1         ; no              ; no         ; no            ; no       ; Off          ; 2.5 V        ; Default          ; Series 50 Ohm without Calibration ; --                        ; no                         ; no                          ; 0                   ; Off                         ; User                 ; -                    ; -                   ;
; hex0[0]        ; AE26  ; 5A       ; 89           ; 8            ; 37           ; no              ; no                     ; 1         ; no              ; no         ; no            ; no       ; Off          ; 2.5 V        ; Default          ; Series 50 Ohm without Calibration ; --                        ; no                         ; no                          ; 0                   ; Off                         ; User                 ; -                    ; -                   ;
; hex0[1]        ; AE27  ; 5A       ; 89           ; 11           ; 77           ; no              ; no                     ; 1         ; no              ; no         ; no            ; no       ; Off          ; 2.5 V        ; Default          ; Series 50 Ohm without Calibration ; --                        ; no                         ; no                          ; 0                   ; Off                         ; User                 ; -                    ; -                   ;
; hex0[2]        ; AE28  ; 5A       ; 89           ; 11           ; 94           ; no              ; no                     ; 1         ; no              ; no         ; no            ; no       ; Off          ; 2.5 V        ; Default          ; Series 50 Ohm without Calibration ; --                        ; no                         ; no                          ; 0                   ; Off                         ; User                 ; -                    ; -                   ;
; hex0[3]        ; AG27  ; 5A       ; 89           ; 4            ; 77           ; no              ; no                     ; 1         ; no              ; no         ; no            ; no       ; Off          ; 2.5 V        ; Default          ; Series 50 Ohm without Calibration ; --                        ; no                         ; no                          ; 0                   ; Off                         ; User                 ; -                    ; -                   ;
; hex0[4]        ; AF28  ; 5A       ; 89           ; 13           ; 54           ; no              ; no                     ; 1         ; no              ; no         ; no            ; no       ; Off          ; 2.5 V        ; Default          ; Series 50 Ohm without Calibration ; --                        ; no                         ; no                          ; 0                   ; Off                         ; User                 ; -                    ; -                   ;
; hex0[5]        ; AG28  ; 5A       ; 89           ; 13           ; 37           ; no              ; no                     ; 1         ; no              ; no         ; no            ; no       ; Off          ; 2.5 V        ; Default          ; Series 50 Ohm without Calibration ; --                        ; no                         ; no                          ; 0                   ; Off                         ; User                 ; -                    ; -                   ;
; hex0[6]        ; AH28  ; 5A       ; 89           ; 4            ; 94           ; no              ; no                     ; 1         ; no              ; no         ; no            ; no       ; Off          ; 2.5 V        ; Default          ; Series 50 Ohm without Calibration ; --                        ; no                         ; no                          ; 0                   ; Off                         ; User                 ; -                    ; -                   ;
; hex1[0]        ; AJ29  ; 5A       ; 89           ; 6            ; 37           ; no              ; no                     ; 1         ; no              ; no         ; no            ; no       ; Off          ; 2.5 V        ; Default          ; Series 50 Ohm without Calibration ; --                        ; no                         ; no                          ; 0                   ; Off                         ; User                 ; -                    ; -                   ;
; hex1[1]        ; AH29  ; 5A       ; 89           ; 6            ; 54           ; no              ; no                     ; 1         ; no              ; no         ; no            ; no       ; Off          ; 2.5 V        ; Default          ; Series 50 Ohm without Calibration ; --                        ; no                         ; no                          ; 0                   ; Off                         ; User                 ; -                    ; -                   ;
; hex1[2]        ; AH30  ; 5A       ; 89           ; 16           ; 37           ; no              ; no                     ; 1         ; no              ; no         ; no            ; no       ; Off          ; 2.5 V        ; Default          ; Series 50 Ohm without Calibration ; --                        ; no                         ; no                          ; 0                   ; Off                         ; User                 ; -                    ; -                   ;
; hex1[3]        ; AG30  ; 5A       ; 89           ; 16           ; 54           ; no              ; no                     ; 1         ; no              ; no         ; no            ; no       ; Off          ; 2.5 V        ; Default          ; Series 50 Ohm without Calibration ; --                        ; no                         ; no                          ; 0                   ; Off                         ; User                 ; -                    ; -                   ;
; hex1[4]        ; AF29  ; 5A       ; 89           ; 15           ; 37           ; no              ; no                     ; 1         ; no              ; no         ; no            ; no       ; Off          ; 2.5 V        ; Default          ; Series 50 Ohm without Calibration ; --                        ; no                         ; no                          ; 0                   ; Off                         ; User                 ; -                    ; -                   ;
; hex1[5]        ; AF30  ; 5A       ; 89           ; 15           ; 54           ; no              ; no                     ; 1         ; no              ; no         ; no            ; no       ; Off          ; 2.5 V        ; Default          ; Series 50 Ohm without Calibration ; --                        ; no                         ; no                          ; 0                   ; Off                         ; User                 ; -                    ; -                   ;
; hex1[6]        ; AD27  ; 5A       ; 89           ; 8            ; 54           ; no              ; no                     ; 1         ; no              ; no         ; no            ; no       ; Off          ; 2.5 V        ; Default          ; Series 50 Ohm without Calibration ; --                        ; no                         ; no                          ; 0                   ; Off                         ; User                 ; -                    ; -                   ;
; hex2[0]        ; AB23  ; 5A       ; 89           ; 9            ; 20           ; no              ; no                     ; 1         ; no              ; no         ; no            ; no       ; Off          ; 2.5 V        ; Default          ; Series 50 Ohm without Calibration ; --                        ; no                         ; no                          ; 0                   ; Off                         ; User                 ; -                    ; -                   ;
; hex2[1]        ; AE29  ; 5B       ; 89           ; 23           ; 37           ; no              ; no                     ; 1         ; no              ; no         ; no            ; no       ; Off          ; 2.5 V        ; Default          ; Series 50 Ohm without Calibration ; --                        ; no                         ; no                          ; 0                   ; Off                         ; User                 ; -                    ; -                   ;
; hex2[2]        ; AD29  ; 5B       ; 89           ; 23           ; 54           ; no              ; no                     ; 1         ; no              ; no         ; no            ; no       ; Off          ; 2.5 V        ; Default          ; Series 50 Ohm without Calibration ; --                        ; no                         ; no                          ; 0                   ; Off                         ; User                 ; -                    ; -                   ;
; hex2[3]        ; AC28  ; 5B       ; 89           ; 20           ; 77           ; no              ; no                     ; 1         ; no              ; no         ; no            ; no       ; Off          ; 2.5 V        ; Default          ; Series 50 Ohm without Calibration ; --                        ; no                         ; no                          ; 0                   ; Off                         ; User                 ; -                    ; -                   ;
; hex2[4]        ; AD30  ; 5B       ; 89           ; 25           ; 37           ; no              ; no                     ; 1         ; no              ; no         ; no            ; no       ; Off          ; 2.5 V        ; Default          ; Series 50 Ohm without Calibration ; --                        ; no                         ; no                          ; 0                   ; Off                         ; User                 ; -                    ; -                   ;
; hex2[5]        ; AC29  ; 5B       ; 89           ; 20           ; 94           ; no              ; no                     ; 1         ; no              ; no         ; no            ; no       ; Off          ; 2.5 V        ; Default          ; Series 50 Ohm without Calibration ; --                        ; no                         ; no                          ; 0                   ; Off                         ; User                 ; -                    ; -                   ;
; hex2[6]        ; AC30  ; 5B       ; 89           ; 25           ; 54           ; no              ; no                     ; 1         ; no              ; no         ; no            ; no       ; Off          ; 2.5 V        ; Default          ; Series 50 Ohm without Calibration ; --                        ; no                         ; no                          ; 0                   ; Off                         ; User                 ; -                    ; -                   ;
; hex3[0]        ; AD26  ; 5A       ; 89           ; 16           ; 3            ; no              ; no                     ; 1         ; no              ; no         ; no            ; no       ; Off          ; 2.5 V        ; Default          ; Series 50 Ohm without Calibration ; --                        ; no                         ; no                          ; 0                   ; Off                         ; User                 ; -                    ; -                   ;
; hex3[1]        ; AC27  ; 5A       ; 89           ; 16           ; 20           ; no              ; no                     ; 1         ; no              ; no         ; no            ; no       ; Off          ; 2.5 V        ; Default          ; Series 50 Ohm without Calibration ; --                        ; no                         ; no                          ; 0                   ; Off                         ; User                 ; -                    ; -                   ;
; hex3[2]        ; AD25  ; 5A       ; 89           ; 4            ; 43           ; no              ; no                     ; 1         ; no              ; no         ; no            ; no       ; Off          ; 2.5 V        ; Default          ; Series 50 Ohm without Calibration ; --                        ; no                         ; no                          ; 0                   ; Off                         ; User                 ; -                    ; -                   ;
; hex3[3]        ; AC25  ; 5A       ; 89           ; 4            ; 60           ; no              ; no                     ; 1         ; no              ; no         ; no            ; no       ; Off          ; 2.5 V        ; Default          ; Series 50 Ohm without Calibration ; --                        ; no                         ; no                          ; 0                   ; Off                         ; User                 ; -                    ; -                   ;
; hex3[4]        ; AB28  ; 5B       ; 89           ; 21           ; 37           ; no              ; no                     ; 1         ; no              ; no         ; no            ; no       ; Off          ; 2.5 V        ; Default          ; Series 50 Ohm without Calibration ; --                        ; no                         ; no                          ; 0                   ; Off                         ; User                 ; -                    ; -                   ;
; hex3[5]        ; AB25  ; 5A       ; 89           ; 11           ; 60           ; no              ; no                     ; 1         ; no              ; no         ; no            ; no       ; Off          ; 2.5 V        ; Default          ; Series 50 Ohm without Calibration ; --                        ; no                         ; no                          ; 0                   ; Off                         ; User                 ; -                    ; -                   ;
; hex3[6]        ; AB22  ; 5A       ; 89           ; 9            ; 3            ; no              ; no                     ; 1         ; no              ; no         ; no            ; no       ; Off          ; 2.5 V        ; Default          ; Series 50 Ohm without Calibration ; --                        ; no                         ; no                          ; 0                   ; Off                         ; User                 ; -                    ; -                   ;
; hex4[0]        ; AA24  ; 5A       ; 89           ; 11           ; 43           ; no              ; no                     ; 1         ; no              ; no         ; no            ; no       ; Off          ; 2.5 V        ; Default          ; Series 50 Ohm without Calibration ; --                        ; no                         ; no                          ; 0                   ; Off                         ; User                 ; -                    ; -                   ;
; hex4[1]        ; Y23   ; 5A       ; 89           ; 13           ; 3            ; no              ; no                     ; 1         ; no              ; no         ; no            ; no       ; Off          ; 2.5 V        ; Default          ; Series 50 Ohm without Calibration ; --                        ; no                         ; no                          ; 0                   ; Off                         ; User                 ; -                    ; -                   ;
; hex4[2]        ; Y24   ; 5A       ; 89           ; 13           ; 20           ; no              ; no                     ; 1         ; no              ; no         ; no            ; no       ; Off          ; 2.5 V        ; Default          ; Series 50 Ohm without Calibration ; --                        ; no                         ; no                          ; 0                   ; Off                         ; User                 ; -                    ; -                   ;
; hex4[3]        ; W22   ; 5A       ; 89           ; 8            ; 20           ; no              ; no                     ; 1         ; no              ; no         ; no            ; no       ; Off          ; 2.5 V        ; Default          ; Series 50 Ohm without Calibration ; --                        ; no                         ; no                          ; 0                   ; Off                         ; User                 ; -                    ; -                   ;
; hex4[4]        ; W24   ; 5A       ; 89           ; 15           ; 20           ; no              ; no                     ; 1         ; no              ; no         ; no            ; no       ; Off          ; 2.5 V        ; Default          ; Series 50 Ohm without Calibration ; --                        ; no                         ; no                          ; 0                   ; Off                         ; User                 ; -                    ; -                   ;
; hex4[5]        ; V23   ; 5A       ; 89           ; 15           ; 3            ; no              ; no                     ; 1         ; no              ; no         ; no            ; no       ; Off          ; 2.5 V        ; Default          ; Series 50 Ohm without Calibration ; --                        ; no                         ; no                          ; 0                   ; Off                         ; User                 ; -                    ; -                   ;
; hex4[6]        ; W25   ; 5B       ; 89           ; 20           ; 43           ; no              ; no                     ; 1         ; no              ; no         ; no            ; no       ; Off          ; 2.5 V        ; Default          ; Series 50 Ohm without Calibration ; --                        ; no                         ; no                          ; 0                   ; Off                         ; User                 ; -                    ; -                   ;
; hex5[0]        ; V25   ; 5B       ; 89           ; 20           ; 60           ; no              ; no                     ; 1         ; no              ; no         ; no            ; no       ; Off          ; 2.5 V        ; Default          ; Series 50 Ohm without Calibration ; --                        ; no                         ; no                          ; 0                   ; Off                         ; User                 ; -                    ; -                   ;
; hex5[1]        ; AA28  ; 5B       ; 89           ; 21           ; 54           ; no              ; no                     ; 1         ; no              ; no         ; no            ; no       ; Off          ; 2.5 V        ; Default          ; Series 50 Ohm without Calibration ; --                        ; no                         ; no                          ; 0                   ; Off                         ; User                 ; -                    ; -                   ;
; hex5[2]        ; Y27   ; 5B       ; 89           ; 25           ; 20           ; no              ; no                     ; 1         ; no              ; no         ; no            ; no       ; Off          ; 2.5 V        ; Default          ; Series 50 Ohm without Calibration ; --                        ; no                         ; no                          ; 0                   ; Off                         ; User                 ; -                    ; -                   ;
; hex5[3]        ; AB27  ; 5B       ; 89           ; 23           ; 20           ; no              ; no                     ; 1         ; no              ; no         ; no            ; no       ; Off          ; 2.5 V        ; Default          ; Series 50 Ohm without Calibration ; --                        ; no                         ; no                          ; 0                   ; Off                         ; User                 ; -                    ; -                   ;
; hex5[4]        ; AB26  ; 5A       ; 89           ; 9            ; 54           ; no              ; no                     ; 1         ; no              ; no         ; no            ; no       ; Off          ; 2.5 V        ; Default          ; Series 50 Ohm without Calibration ; --                        ; no                         ; no                          ; 0                   ; Off                         ; User                 ; -                    ; -                   ;
; hex5[5]        ; AA26  ; 5B       ; 89           ; 23           ; 3            ; no              ; no                     ; 1         ; no              ; no         ; no            ; no       ; Off          ; 2.5 V        ; Default          ; Series 50 Ohm without Calibration ; --                        ; no                         ; no                          ; 0                   ; Off                         ; User                 ; -                    ; -                   ;
; hex5[6]        ; AA25  ; 5A       ; 89           ; 9            ; 37           ; no              ; no                     ; 1         ; no              ; no         ; no            ; no       ; Off          ; 2.5 V        ; Default          ; Series 50 Ohm without Calibration ; --                        ; no                         ; no                          ; 0                   ; Off                         ; User                 ; -                    ; -                   ;
; leds[0]        ; V16   ; 4A       ; 52           ; 0            ; 0            ; no              ; no                     ; 1         ; no              ; no         ; no            ; no       ; Off          ; 2.5 V        ; Default          ; Series 50 Ohm without Calibration ; --                        ; no                         ; no                          ; 0                   ; Off                         ; User                 ; -                    ; -                   ;
; leds[1]        ; W16   ; 4A       ; 52           ; 0            ; 17           ; no              ; no                     ; 1         ; no              ; no         ; no            ; no       ; Off          ; 2.5 V        ; Default          ; Series 50 Ohm without Calibration ; --                        ; no                         ; no                          ; 0                   ; Off                         ; User                 ; -                    ; -                   ;
; leds[2]        ; V17   ; 4A       ; 60           ; 0            ; 0            ; no              ; no                     ; 1         ; no              ; no         ; no            ; no       ; Off          ; 2.5 V        ; Default          ; Series 50 Ohm without Calibration ; --                        ; no                         ; no                          ; 0                   ; Off                         ; User                 ; -                    ; -                   ;
; leds[3]        ; V18   ; 4A       ; 80           ; 0            ; 0            ; no              ; no                     ; 1         ; no              ; no         ; no            ; no       ; Off          ; 2.5 V        ; Default          ; Series 50 Ohm without Calibration ; --                        ; no                         ; no                          ; 0                   ; Off                         ; User                 ; -                    ; -                   ;
; leds[4]        ; W17   ; 4A       ; 60           ; 0            ; 17           ; no              ; no                     ; 1         ; no              ; no         ; no            ; no       ; Off          ; 2.5 V        ; Default          ; Series 50 Ohm without Calibration ; --                        ; no                         ; no                          ; 0                   ; Off                         ; User                 ; -                    ; -                   ;
; leds[5]        ; W19   ; 4A       ; 80           ; 0            ; 17           ; no              ; no                     ; 1         ; no              ; no         ; no            ; no       ; Off          ; 2.5 V        ; Default          ; Series 50 Ohm without Calibration ; --                        ; no                         ; no                          ; 0                   ; Off                         ; User                 ; -                    ; -                   ;
; leds[6]        ; Y19   ; 4A       ; 84           ; 0            ; 0            ; no              ; no                     ; 1         ; no              ; no         ; no            ; no       ; Off          ; 2.5 V        ; Default          ; Series 50 Ohm without Calibration ; --                        ; no                         ; no                          ; 0                   ; Off                         ; User                 ; -                    ; -                   ;
; leds[7]        ; W20   ; 5A       ; 89           ; 6            ; 3            ; no              ; no                     ; 1         ; no              ; no         ; no            ; no       ; Off          ; 2.5 V        ; Default          ; Series 50 Ohm without Calibration ; --                        ; no                         ; no                          ; 0                   ; Off                         ; User                 ; -                    ; -                   ;
; leds[8]        ; W21   ; 5A       ; 89           ; 8            ; 3            ; no              ; no                     ; 1         ; no              ; no         ; no            ; no       ; Off          ; 2.5 V        ; Default          ; Series 50 Ohm without Calibration ; --                        ; no                         ; no                          ; 0                   ; Off                         ; User                 ; -                    ; -                   ;
; leds[9]        ; Y21   ; 5A       ; 89           ; 6            ; 20           ; no              ; no                     ; 1         ; no              ; no         ; no            ; no       ; Off          ; 2.5 V        ; Default          ; Series 50 Ohm without Calibration ; --                        ; no                         ; no                          ; 0                   ; Off                         ; User                 ; -                    ; -                   ;
; vga_blank_n    ; F10   ; 8A       ; 6            ; 81           ; 17           ; no              ; no                     ; 1         ; no              ; no         ; no            ; no       ; Off          ; 2.5 V        ; Default          ; Series 50 Ohm without Calibration ; --                        ; no                         ; no                          ; 0                   ; Off                         ; User                 ; -                    ; -                   ;
; vga_blue[0]    ; B13   ; 8A       ; 40           ; 81           ; 34           ; no              ; no                     ; 1         ; no              ; no         ; no            ; no       ; Off          ; 2.5 V        ; Default          ; Series 50 Ohm without Calibration ; --                        ; no                         ; no                          ; 0                   ; Off                         ; User                 ; -                    ; -                   ;
; vga_blue[1]    ; G13   ; 8A       ; 28           ; 81           ; 17           ; no              ; no                     ; 1         ; no              ; no         ; no            ; no       ; Off          ; 2.5 V        ; Default          ; Series 50 Ohm without Calibration ; --                        ; no                         ; no                          ; 0                   ; Off                         ; User                 ; -                    ; -                   ;
; vga_blue[2]    ; H13   ; 8A       ; 20           ; 81           ; 0            ; no              ; no                     ; 1         ; no              ; no         ; no            ; no       ; Off          ; 2.5 V        ; Default          ; Series 50 Ohm without Calibration ; --                        ; no                         ; no                          ; 0                   ; Off                         ; User                 ; -                    ; -                   ;
; vga_blue[3]    ; F14   ; 8A       ; 36           ; 81           ; 17           ; no              ; no                     ; 1         ; no              ; no         ; no            ; no       ; Off          ; 2.5 V        ; Default          ; Series 50 Ohm without Calibration ; --                        ; no                         ; no                          ; 0                   ; Off                         ; User                 ; -                    ; -                   ;
; vga_blue[4]    ; H14   ; 8A       ; 28           ; 81           ; 0            ; no              ; no                     ; 1         ; no              ; no         ; no            ; no       ; Off          ; 2.5 V        ; Default          ; Series 50 Ohm without Calibration ; --                        ; no                         ; no                          ; 0                   ; Off                         ; User                 ; -                    ; -                   ;
; vga_blue[5]    ; F15   ; 8A       ; 36           ; 81           ; 0            ; no              ; no                     ; 1         ; no              ; no         ; no            ; no       ; Off          ; 2.5 V        ; Default          ; Series 50 Ohm without Calibration ; --                        ; no                         ; no                          ; 0                   ; Off                         ; User                 ; -                    ; -                   ;
; vga_blue[6]    ; G15   ; 8A       ; 40           ; 81           ; 17           ; no              ; no                     ; 1         ; no              ; no         ; no            ; no       ; Off          ; 2.5 V        ; Default          ; Series 50 Ohm without Calibration ; --                        ; no                         ; no                          ; 0                   ; Off                         ; User                 ; -                    ; -                   ;
; vga_blue[7]    ; J14   ; 8A       ; 32           ; 81           ; 17           ; no              ; no                     ; 1         ; no              ; no         ; no            ; no       ; Off          ; 2.5 V        ; Default          ; Series 50 Ohm without Calibration ; --                        ; no                         ; no                          ; 0                   ; Off                         ; User                 ; -                    ; -                   ;
; vga_clock      ; A11   ; 8A       ; 38           ; 81           ; 34           ; no              ; no                     ; 1         ; no              ; no         ; no            ; no       ; Off          ; 2.5 V        ; Default          ; Series 50 Ohm without Calibration ; --                        ; no                         ; no                          ; 0                   ; Off                         ; User                 ; -                    ; -                   ;
; vga_green[0]   ; J9    ; 8A       ; 4            ; 81           ; 17           ; no              ; no                     ; 1         ; no              ; no         ; no            ; no       ; Off          ; 2.5 V        ; Default          ; Series 50 Ohm without Calibration ; --                        ; no                         ; no                          ; 0                   ; Off                         ; User                 ; -                    ; -                   ;
; vga_green[1]   ; J10   ; 8A       ; 4            ; 81           ; 0            ; no              ; no                     ; 1         ; no              ; no         ; no            ; no       ; Off          ; 2.5 V        ; Default          ; Series 50 Ohm without Calibration ; --                        ; no                         ; no                          ; 0                   ; Off                         ; User                 ; -                    ; -                   ;
; vga_green[2]   ; H12   ; 8A       ; 20           ; 81           ; 17           ; no              ; no                     ; 1         ; no              ; no         ; no            ; no       ; Off          ; 2.5 V        ; Default          ; Series 50 Ohm without Calibration ; --                        ; no                         ; no                          ; 0                   ; Off                         ; User                 ; -                    ; -                   ;
; vga_green[3]   ; G10   ; 8A       ; 6            ; 81           ; 0            ; no              ; no                     ; 1         ; no              ; no         ; no            ; no       ; Off          ; 2.5 V        ; Default          ; Series 50 Ohm without Calibration ; --                        ; no                         ; no                          ; 0                   ; Off                         ; User                 ; -                    ; -                   ;
; vga_green[4]   ; G11   ; 8A       ; 10           ; 81           ; 57           ; no              ; no                     ; 1         ; no              ; no         ; no            ; no       ; Off          ; 2.5 V        ; Default          ; Series 50 Ohm without Calibration ; --                        ; no                         ; no                          ; 0                   ; Off                         ; User                 ; -                    ; -                   ;
; vga_green[5]   ; G12   ; 8A       ; 10           ; 81           ; 40           ; no              ; no                     ; 1         ; no              ; no         ; no            ; no       ; Off          ; 2.5 V        ; Default          ; Series 50 Ohm without Calibration ; --                        ; no                         ; no                          ; 0                   ; Off                         ; User                 ; -                    ; -                   ;
; vga_green[6]   ; F11   ; 8A       ; 18           ; 81           ; 40           ; no              ; no                     ; 1         ; no              ; no         ; no            ; no       ; Off          ; 2.5 V        ; Default          ; Series 50 Ohm without Calibration ; --                        ; no                         ; no                          ; 0                   ; Off                         ; User                 ; -                    ; -                   ;
; vga_green[7]   ; E11   ; 8A       ; 18           ; 81           ; 57           ; no              ; no                     ; 1         ; no              ; no         ; no            ; no       ; Off          ; 2.5 V        ; Default          ; Series 50 Ohm without Calibration ; --                        ; no                         ; no                          ; 0                   ; Off                         ; User                 ; -                    ; -                   ;
; vga_hs         ; B11   ; 8A       ; 36           ; 81           ; 51           ; no              ; no                     ; 1         ; no              ; no         ; no            ; no       ; Off          ; 2.5 V        ; Default          ; Series 50 Ohm without Calibration ; --                        ; no                         ; no                          ; 0                   ; Off                         ; User                 ; -                    ; -                   ;
; vga_red[0]     ; A13   ; 8A       ; 40           ; 81           ; 51           ; no              ; no                     ; 1         ; no              ; no         ; no            ; no       ; Off          ; 2.5 V        ; Default          ; Series 50 Ohm without Calibration ; --                        ; no                         ; no                          ; 0                   ; Off                         ; User                 ; -                    ; -                   ;
; vga_red[1]     ; C13   ; 8A       ; 38           ; 81           ; 0            ; no              ; no                     ; 1         ; no              ; no         ; no            ; no       ; Off          ; 2.5 V        ; Default          ; Series 50 Ohm without Calibration ; --                        ; no                         ; no                          ; 0                   ; Off                         ; User                 ; -                    ; -                   ;
; vga_red[2]     ; E13   ; 8A       ; 26           ; 81           ; 57           ; no              ; no                     ; 1         ; no              ; no         ; no            ; no       ; Off          ; 2.5 V        ; Default          ; Series 50 Ohm without Calibration ; --                        ; no                         ; no                          ; 0                   ; Off                         ; User                 ; -                    ; -                   ;
; vga_red[3]     ; B12   ; 8A       ; 38           ; 81           ; 17           ; no              ; no                     ; 1         ; no              ; no         ; no            ; no       ; Off          ; 2.5 V        ; Default          ; Series 50 Ohm without Calibration ; --                        ; no                         ; no                          ; 0                   ; Off                         ; User                 ; -                    ; -                   ;
; vga_red[4]     ; C12   ; 8A       ; 36           ; 81           ; 34           ; no              ; no                     ; 1         ; no              ; no         ; no            ; no       ; Off          ; 2.5 V        ; Default          ; Series 50 Ohm without Calibration ; --                        ; no                         ; no                          ; 0                   ; Off                         ; User                 ; -                    ; -                   ;
; vga_red[5]     ; D12   ; 8A       ; 22           ; 81           ; 17           ; no              ; no                     ; 1         ; no              ; no         ; no            ; no       ; Off          ; 2.5 V        ; Default          ; Series 50 Ohm without Calibration ; --                        ; no                         ; no                          ; 0                   ; Off                         ; User                 ; -                    ; -                   ;
; vga_red[6]     ; E12   ; 8A       ; 22           ; 81           ; 0            ; no              ; no                     ; 1         ; no              ; no         ; no            ; no       ; Off          ; 2.5 V        ; Default          ; Series 50 Ohm without Calibration ; --                        ; no                         ; no                          ; 0                   ; Off                         ; User                 ; -                    ; -                   ;
; vga_red[7]     ; F13   ; 8A       ; 26           ; 81           ; 40           ; no              ; no                     ; 1         ; no              ; no         ; no            ; no       ; Off          ; 2.5 V        ; Default          ; Series 50 Ohm without Calibration ; --                        ; no                         ; no                          ; 0                   ; Off                         ; User                 ; -                    ; -                   ;
; vga_sync_n     ; C10   ; 8A       ; 28           ; 81           ; 34           ; no              ; no                     ; 1         ; no              ; no         ; no            ; no       ; Off          ; 2.5 V        ; Default          ; Series 50 Ohm without Calibration ; --                        ; no                         ; no                          ; 0                   ; Off                         ; User                 ; -                    ; -                   ;
; vga_vs         ; D11   ; 8A       ; 34           ; 81           ; 40           ; no              ; no                     ; 1         ; no              ; no         ; no            ; no       ; Off          ; 2.5 V        ; Default          ; Series 50 Ohm without Calibration ; --                        ; no                         ; no                          ; 0                   ; Off                         ; User                 ; -                    ; -                   ;
+----------------+-------+----------+--------------+--------------+--------------+-----------------+------------------------+-----------+-----------------+------------+---------------+----------+--------------+--------------+------------------+-----------------------------------+---------------------------+----------------------------+-----------------------------+---------------------+-----------------------------+----------------------+----------------------+---------------------+


+----------------------------------------------------------------------------------------------------------------------------------------------------------------------------------------------------------------------------------------------------------------------------------------------------------------------------------------------------------------------------------------------------------------------------------------------------------------------------------------------------------------------------------------------------------------------------------------------------------------------------------------------------------+
; Bidir Pins                                                                                                                                                                                                                                                                                                                                                                                                                                                                                                                                                                                                                                               ;
+----------------------+-------+----------+--------------+--------------+--------------+-----------------------+--------------------+--------+----------------+-----------------+------------------------+-----------+-----------------+------------+----------+--------------+--------------+------------------+-------------------+-----------------------------------+---------------------------+----------------------------+---------------------+-----------------------------+----------------------+----------------------+-----------------------------------------------------------------------------------------------------------------------+
; Name                 ; Pin # ; I/O Bank ; X coordinate ; Y coordinate ; Z coordinate ; Combinational Fan-Out ; Registered Fan-Out ; Global ; Input Register ; Output Register ; Output Enable Register ; Slew Rate ; PCI I/O Enabled ; Open Drain ; Bus Hold ; Weak Pull Up ; I/O Standard ; Current Strength ; Input Termination ; Output Termination                ; Termination Control Block ; Output Buffer Pre-emphasis ; Output Buffer Delay ; Output Buffer Delay Control ; Location assigned by ; Output Enable Source ; Output Enable Group                                                                                                   ;
+----------------------+-------+----------+--------------+--------------+--------------+-----------------------+--------------------+--------+----------------+-----------------+------------------------+-----------+-----------------+------------+----------+--------------+--------------+------------------+-------------------+-----------------------------------+---------------------------+----------------------------+---------------------+-----------------------------+----------------------+----------------------+-----------------------------------------------------------------------------------------------------------------------+
; audio_bitClock       ; H7    ; 8A       ; 16           ; 81           ; 17           ; 0                     ; 0                  ; no     ; no             ; no              ; no                     ; 1         ; no              ; no         ; no       ; Off          ; 2.5 V        ; Default          ; Off               ; Series 50 Ohm without Calibration ; --                        ; no                         ; 0                   ; Off                         ; User                 ; 0 pF                 ; -                                                                                                                     ;
; audio_data           ; J7    ; 8A       ; 16           ; 81           ; 0            ; 0                     ; 0                  ; no     ; no             ; no              ; no                     ; 1         ; no              ; no         ; no       ; Off          ; 2.5 V        ; Default          ; Off               ; Series 50 Ohm without Calibration ; --                        ; no                         ; 0                   ; Off                         ; User                 ; 0 pF                 ; -                                                                                                                     ;
; audio_leftRightClock ; H8    ; 8A       ; 24           ; 81           ; 0            ; 0                     ; 0                  ; no     ; no             ; no              ; no                     ; 1         ; no              ; no         ; no       ; Off          ; 2.5 V        ; Default          ; Off               ; Series 50 Ohm without Calibration ; --                        ; no                         ; 0                   ; Off                         ; User                 ; 0 pF                 ; -                                                                                                                     ;
; audio_masterClock    ; G7    ; 8A       ; 2            ; 81           ; 74           ; 0                     ; 0                  ; no     ; no             ; no              ; no                     ; 1         ; no              ; no         ; no       ; Off          ; 2.5 V        ; Default          ; Off               ; Series 50 Ohm without Calibration ; --                        ; no                         ; 0                   ; Off                         ; User                 ; 0 pF                 ; -                                                                                                                     ;
; i2c_clock            ; J12   ; 8A       ; 12           ; 81           ; 17           ; 20                    ; 0                  ; no     ; no             ; no              ; no                     ; 1         ; no              ; yes        ; no       ; Off          ; 2.5 V        ; Default          ; Off               ; Series 50 Ohm without Calibration ; --                        ; no                         ; 0                   ; Off                         ; User                 ; 0 pF                 ; audio_unit:audio_unit_instance|audio_configurator_select:i2c_conf|i2c_controller:i2c_controller_instance|pullClockLow ;
; i2c_data             ; K12   ; 8A       ; 12           ; 81           ; 0            ; 0                     ; 0                  ; no     ; no             ; no              ; no                     ; 1         ; no              ; yes        ; no       ; Off          ; 2.5 V        ; Default          ; Off               ; Series 50 Ohm without Calibration ; --                        ; no                         ; 0                   ; Off                         ; User                 ; 0 pF                 ; audio_unit:audio_unit_instance|audio_configurator_select:i2c_conf|i2c_controller:i2c_controller_instance|pullDataLow  ;
+----------------------+-------+----------+--------------+--------------+--------------+-----------------------+--------------------+--------+----------------+-----------------+------------------------+-----------+-----------------+------------+----------+--------------+--------------+------------------+-------------------+-----------------------------------+---------------------------+----------------------------+---------------------+-----------------------------+----------------------+----------------------+-----------------------------------------------------------------------------------------------------------------------+


+-----------------------------------------------------------------------------+
; I/O Bank Usage                                                              ;
+----------+-------------------+---------------+--------------+---------------+
; I/O Bank ; Usage             ; VCCIO Voltage ; VREF Voltage ; VCCPD Voltage ;
+----------+-------------------+---------------+--------------+---------------+
; B2L      ; 0 / 0 ( -- )      ; --            ; --           ; --            ;
; B1L      ; 0 / 0 ( -- )      ; --            ; --           ; --            ;
; 3A       ; 10 / 32 ( 31 % )  ; 2.5V          ; --           ; 2.5V          ;
; 3B       ; 5 / 48 ( 10 % )   ; 2.5V          ; --           ; 2.5V          ;
; 4A       ; 10 / 80 ( 13 % )  ; 2.5V          ; --           ; 2.5V          ;
; 5A       ; 32 / 32 ( 100 % ) ; 2.5V          ; --           ; 2.5V          ;
; 5B       ; 13 / 16 ( 81 % )  ; 2.5V          ; --           ; 2.5V          ;
; 6B       ; 0 / 44 ( 0 % )    ; 2.5V          ; --           ; 2.5V          ;
; 6A       ; 0 / 56 ( 0 % )    ; 2.5V          ; --           ; 2.5V          ;
; 7A       ; 0 / 19 ( 0 % )    ; 2.5V          ; --           ; 2.5V          ;
; 7B       ; 0 / 22 ( 0 % )    ; 2.5V          ; --           ; 2.5V          ;
; 7C       ; 0 / 12 ( 0 % )    ; 2.5V          ; --           ; 2.5V          ;
; 7D       ; 0 / 14 ( 0 % )    ; 2.5V          ; --           ; 2.5V          ;
; 8A       ; 35 / 80 ( 44 % )  ; 2.5V          ; --           ; 2.5V          ;
+----------+-------------------+---------------+--------------+---------------+


+-----------------------------------------------------------------------------------------------------------------------------------------------------------------------------------+
; All Package Pins                                                                                                                                                                  ;
+----------+------------+----------------+---------------------------------+--------+--------------+---------------------+--------------+-----------------+----------+--------------+
; Location ; Pad Number ; I/O Bank       ; Pin Name/Usage                  ; Dir.   ; I/O Standard ; Voltage             ; I/O Type     ; User Assignment ; Bus Hold ; Weak Pull Up ;
+----------+------------+----------------+---------------------------------+--------+--------------+---------------------+--------------+-----------------+----------+--------------+
; A2       ;            ;                ; GND                             ; gnd    ;              ;                     ; --           ;                 ; --       ; --           ;
; A3       ; 493        ; 8A             ; RESERVED_INPUT_WITH_WEAK_PULLUP ;        ;              ;                     ; Column I/O   ;                 ; no       ; On           ;
; A4       ; 491        ; 8A             ; RESERVED_INPUT_WITH_WEAK_PULLUP ;        ;              ;                     ; Column I/O   ;                 ; no       ; On           ;
; A5       ; 489        ; 8A             ; RESERVED_INPUT_WITH_WEAK_PULLUP ;        ;              ;                     ; Column I/O   ;                 ; no       ; On           ;
; A6       ; 487        ; 8A             ; RESERVED_INPUT_WITH_WEAK_PULLUP ;        ;              ;                     ; Column I/O   ;                 ; no       ; On           ;
; A7       ;            ; 8A             ; VCCIO8A                         ; power  ;              ; 2.5V                ; --           ;                 ; --       ; --           ;
; A8       ; 473        ; 8A             ; RESERVED_INPUT_WITH_WEAK_PULLUP ;        ;              ;                     ; Column I/O   ;                 ; no       ; On           ;
; A9       ; 471        ; 8A             ; RESERVED_INPUT_WITH_WEAK_PULLUP ;        ;              ;                     ; Column I/O   ;                 ; no       ; On           ;
; A10      ; 465        ; 8A             ; RESERVED_INPUT_WITH_WEAK_PULLUP ;        ;              ;                     ; Column I/O   ;                 ; no       ; On           ;
; A11      ; 463        ; 8A             ; vga_clock                       ; output ; 2.5 V        ;                     ; Column I/O   ; Y               ; no       ; Off          ;
; A12      ;            ;                ; GND                             ; gnd    ;              ;                     ; --           ;                 ; --       ; --           ;
; A13      ; 461        ; 8A             ; vga_red[0]                      ; output ; 2.5 V        ;                     ; Column I/O   ; Y               ; no       ; Off          ;
; A14      ; 455        ; 7D             ; RESERVED_INPUT_WITH_WEAK_PULLUP ;        ;              ;                     ; Column I/O   ;                 ; no       ; On           ;
; A15      ; 447        ; 7D             ; RESERVED_INPUT_WITH_WEAK_PULLUP ;        ;              ;                     ; Column I/O   ;                 ; no       ; On           ;
; A16      ; 439        ; 7C             ; RESERVED_INPUT_WITH_WEAK_PULLUP ;        ;              ;                     ; Column I/O   ;                 ; no       ; On           ;
; A17      ;            ;                ; GND                             ; gnd    ;              ;                     ; --           ;                 ; --       ; --           ;
; A18      ; 425        ; 7B             ; RESERVED_INPUT_WITH_WEAK_PULLUP ;        ;              ;                     ; Column I/O   ;                 ; no       ; On           ;
; A19      ; 423        ; 7B             ; RESERVED_INPUT_WITH_WEAK_PULLUP ;        ;              ;                     ; Column I/O   ;                 ; no       ; On           ;
; A20      ; 415        ; 7B             ; RESERVED_INPUT_WITH_WEAK_PULLUP ;        ;              ;                     ; Column I/O   ;                 ; no       ; On           ;
; A21      ; 411        ; 7B             ; RESERVED_INPUT_WITH_WEAK_PULLUP ;        ;              ;                     ; Column I/O   ;                 ; no       ; On           ;
; A22      ;            ;                ; GND                             ; gnd    ;              ;                     ; --           ;                 ; --       ; --           ;
; A23      ; 395        ; 7A             ; RESERVED_INPUT_WITH_WEAK_PULLUP ;        ;              ;                     ; Column I/O   ;                 ; no       ; On           ;
; A24      ; 391        ; 7A             ; RESERVED_INPUT_WITH_WEAK_PULLUP ;        ;              ;                     ; Column I/O   ;                 ; no       ; On           ;
; A25      ; 389        ; 7A             ; RESERVED_INPUT_WITH_WEAK_PULLUP ;        ;              ;                     ; Column I/O   ;                 ; no       ; On           ;
; A26      ; 382        ; 7A             ; ^GND                            ;        ;              ;                     ; --           ;                 ; --       ; --           ;
; A27      ;            ;                ; GND                             ; gnd    ;              ;                     ; --           ;                 ; --       ; --           ;
; A28      ; 380        ; 7A             ; ^HPS_TRST                       ;        ;              ;                     ; --           ;                 ; --       ; --           ;
; A29      ; 378        ; 7A             ; ^HPS_TMS                        ;        ;              ;                     ; --           ;                 ; --       ; --           ;
; AA1      ;            ;                ; GND                             ; gnd    ;              ;                     ; --           ;                 ; --       ; --           ;
; AA2      ;            ;                ; GND                             ; gnd    ;              ;                     ; --           ;                 ; --       ; --           ;
; AA3      ;            ;                ; GND                             ; gnd    ;              ;                     ; --           ;                 ; --       ; --           ;
; AA4      ;            ;                ; GND                             ; gnd    ;              ;                     ; --           ;                 ; --       ; --           ;
; AA5      ;            ; --             ; VCC                             ; power  ;              ; 1.1V                ; --           ;                 ; --       ; --           ;
; AA6      ;            ;                ; GND                             ; gnd    ;              ;                     ; --           ;                 ; --       ; --           ;
; AA7      ;            ;                ; DNU                             ;        ;              ;                     ; --           ;                 ; --       ; --           ;
; AA8      ;            ; --             ; VCCA_FPLL                       ; power  ;              ; 2.5V                ; --           ;                 ; --       ; --           ;
; AA9      ;            ;                ; GND                             ; gnd    ;              ;                     ; --           ;                 ; --       ; --           ;
; AA10     ;            ; 3A             ; VCCPD3A                         ; power  ;              ; 2.5V                ; --           ;                 ; --       ; --           ;
; AA11     ;            ;                ; GND                             ; gnd    ;              ;                     ; --           ;                 ; --       ; --           ;
; AA12     ; 74         ; 3A             ; RESERVED_INPUT_WITH_WEAK_PULLUP ;        ;              ;                     ; Column I/O   ;                 ; no       ; On           ;
; AA13     ; 90         ; 3B             ; RESERVED_INPUT_WITH_WEAK_PULLUP ;        ;              ;                     ; Column I/O   ;                 ; no       ; On           ;
; AA14     ; 122        ; 3B             ; push_buttons[0]                 ; input  ; 2.5 V        ;                     ; Column I/O   ; Y               ; no       ; Off          ;
; AA15     ; 120        ; 3B             ; push_buttons[1]                 ; input  ; 2.5 V        ;                     ; Column I/O   ; Y               ; no       ; Off          ;
; AA16     ; 146        ; 4A             ; RESERVED_INPUT_WITH_WEAK_PULLUP ;        ;              ;                     ; Column I/O   ;                 ; no       ; On           ;
; AA17     ;            ; 4A             ; VCCIO4A                         ; power  ;              ; 2.5V                ; --           ;                 ; --       ; --           ;
; AA18     ; 168        ; 4A             ; RESERVED_INPUT_WITH_WEAK_PULLUP ;        ;              ;                     ; Column I/O   ;                 ; no       ; On           ;
; AA19     ; 176        ; 4A             ; RESERVED_INPUT_WITH_WEAK_PULLUP ;        ;              ;                     ; Column I/O   ;                 ; no       ; On           ;
; AA20     ; 200        ; 4A             ; RESERVED_INPUT_WITH_WEAK_PULLUP ;        ;              ;                     ; Column I/O   ;                 ; no       ; On           ;
; AA21     ; 210        ; 4A             ; RESERVED_INPUT_WITH_WEAK_PULLUP ;        ;              ;                     ; Column I/O   ;                 ; no       ; On           ;
; AA22     ;            ;                ; GND                             ; gnd    ;              ;                     ; --           ;                 ; --       ; --           ;
; AA23     ;            ; --             ; VCCPGM                          ; power  ;              ; 1.8V/2.5V/3.0V/3.3V ; --           ;                 ; --       ; --           ;
; AA24     ; 228        ; 5A             ; hex4[0]                         ; output ; 2.5 V        ;                     ; Row I/O      ; Y               ; no       ; Off          ;
; AA25     ; 224        ; 5A             ; hex5[6]                         ; output ; 2.5 V        ;                     ; Row I/O      ; Y               ; no       ; Off          ;
; AA26     ; 252        ; 5B             ; hex5[5]                         ; output ; 2.5 V        ;                     ; Row I/O      ; Y               ; no       ; Off          ;
; AA27     ;            ; 5B             ; VCCIO5B                         ; power  ;              ; 2.5V                ; --           ;                 ; --       ; --           ;
; AA28     ; 251        ; 5B             ; hex5[1]                         ; output ; 2.5 V        ;                     ; Row I/O      ; Y               ; no       ; Off          ;
; AA29     ;            ; 5B             ; VREFB5BN0                       ; power  ;              ;                     ; --           ;                 ; --       ; --           ;
; AA30     ; 250        ; 5B             ; RESERVED_INPUT_WITH_WEAK_PULLUP ;        ;              ;                     ; Row I/O      ;                 ; no       ; On           ;
; AB1      ;            ;                ; GND                             ; gnd    ;              ;                     ; --           ;                 ; --       ; --           ;
; AB2      ;            ;                ; GND                             ; gnd    ;              ;                     ; --           ;                 ; --       ; --           ;
; AB3      ;            ;                ; DNU                             ;        ;              ;                     ; --           ;                 ; --       ; --           ;
; AB4      ;            ;                ; DNU                             ;        ;              ;                     ; --           ;                 ; --       ; --           ;
; AB5      ;            ;                ; GND                             ; gnd    ;              ;                     ; --           ;                 ; --       ; --           ;
; AB6      ;            ; --             ; VCCA_FPLL                       ; power  ;              ; 2.5V                ; --           ;                 ; --       ; --           ;
; AB7      ;            ;                ; GND                             ; gnd    ;              ;                     ; --           ;                 ; --       ; --           ;
; AB8      ; 43         ; 3A             ; ^nCSO, DATA4                    ;        ;              ;                     ; Weak Pull Up ;                 ; --       ; On           ;
; AB9      ; 42         ; 3A             ; #TDO                            ; output ;              ;                     ; --           ;                 ; --       ; --           ;
; AB10     ;            ; --             ; VCCPGM                          ; power  ;              ; 1.8V/2.5V/3.0V/3.3V ; --           ;                 ; --       ; --           ;
; AB11     ;            ; --             ; VCC_AUX                         ; power  ;              ; 2.5V                ; --           ;                 ; --       ; --           ;
; AB12     ; 72         ; 3A             ; switches[0]                     ; input  ; 2.5 V        ;                     ; Column I/O   ; Y               ; no       ; Off          ;
; AB13     ; 88         ; 3B             ; RESERVED_INPUT_WITH_WEAK_PULLUP ;        ;              ;                     ; Column I/O   ;                 ; no       ; On           ;
; AB14     ;            ; 3B             ; VCCIO3B                         ; power  ;              ; 2.5V                ; --           ;                 ; --       ; --           ;
; AB15     ; 106        ; 3B             ; RESERVED_INPUT_WITH_WEAK_PULLUP ;        ;              ;                     ; Column I/O   ;                 ; no       ; On           ;
; AB16     ;            ; --             ; VCC_AUX                         ; power  ;              ; 2.5V                ; --           ;                 ; --       ; --           ;
; AB17     ; 144        ; 4A             ; RESERVED_INPUT_WITH_WEAK_PULLUP ;        ;              ;                     ; Column I/O   ;                 ; no       ; On           ;
; AB18     ;            ; 3B, 4A         ; VCCPD3B4A                       ; power  ;              ; 2.5V                ; --           ;                 ; --       ; --           ;
; AB19     ;            ;                ; GND                             ; gnd    ;              ;                     ; --           ;                 ; --       ; --           ;
; AB20     ;            ; 3B, 4A         ; VCCPD3B4A                       ; power  ;              ; 2.5V                ; --           ;                 ; --       ; --           ;
; AB21     ; 208        ; 4A             ; RESERVED_INPUT_WITH_WEAK_PULLUP ;        ;              ;                     ; Column I/O   ;                 ; no       ; On           ;
; AB22     ; 225        ; 5A             ; hex3[6]                         ; output ; 2.5 V        ;                     ; Row I/O      ; Y               ; no       ; Off          ;
; AB23     ; 227        ; 5A             ; hex2[0]                         ; output ; 2.5 V        ;                     ; Row I/O      ; Y               ; no       ; Off          ;
; AB24     ;            ; 5A             ; VCCIO5A                         ; power  ;              ; 2.5V                ; --           ;                 ; --       ; --           ;
; AB25     ; 230        ; 5A             ; hex3[5]                         ; output ; 2.5 V        ;                     ; Row I/O      ; Y               ; no       ; Off          ;
; AB26     ; 226        ; 5A             ; hex5[4]                         ; output ; 2.5 V        ;                     ; Row I/O      ; Y               ; no       ; Off          ;
; AB27     ; 254        ; 5B             ; hex5[3]                         ; output ; 2.5 V        ;                     ; Row I/O      ; Y               ; no       ; Off          ;
; AB28     ; 249        ; 5B             ; hex3[4]                         ; output ; 2.5 V        ;                     ; Row I/O      ; Y               ; no       ; Off          ;
; AB29     ;            ;                ; GND                             ; gnd    ;              ;                     ; --           ;                 ; --       ; --           ;
; AB30     ; 248        ; 5B             ; RESERVED_INPUT_WITH_WEAK_PULLUP ;        ;              ;                     ; Row I/O      ;                 ; no       ; On           ;
; AC1      ;            ;                ; GND                             ; gnd    ;              ;                     ; --           ;                 ; --       ; --           ;
; AC2      ;            ;                ; GND                             ; gnd    ;              ;                     ; --           ;                 ; --       ; --           ;
; AC3      ;            ;                ; GND                             ; gnd    ;              ;                     ; --           ;                 ; --       ; --           ;
; AC4      ;            ;                ; GND                             ; gnd    ;              ;                     ; --           ;                 ; --       ; --           ;
; AC5      ; 46         ; 3A             ; #TCK                            ; input  ;              ;                     ; --           ;                 ; --       ; --           ;
; AC6      ;            ;                ; GND                             ; gnd    ;              ;                     ; --           ;                 ; --       ; --           ;
; AC7      ; 45         ; 3A             ; ^AS_DATA3, DATA3                ;        ;              ;                     ; Weak Pull Up ;                 ; --       ; On           ;
; AC8      ;            ;                ; GND                             ; gnd    ;              ;                     ; --           ;                 ; --       ; --           ;
; AC9      ; 58         ; 3A             ; switches[7]                     ; input  ; 2.5 V        ;                     ; Column I/O   ; Y               ; no       ; Off          ;
; AC10     ;            ; 3A             ; VCCPD3A                         ; power  ;              ; 2.5V                ; --           ;                 ; --       ; --           ;
; AC11     ;            ; 3A             ; VCCIO3A                         ; power  ;              ; 2.5V                ; --           ;                 ; --       ; --           ;
; AC12     ; 82         ; 3A             ; switches[1]                     ; input  ; 2.5 V        ;                     ; Column I/O   ; Y               ; no       ; Off          ;
; AC13     ;            ; 3B, 4A         ; VCCPD3B4A                       ; power  ;              ; 2.5V                ; --           ;                 ; --       ; --           ;
; AC14     ; 104        ; 3B             ; RESERVED_INPUT_WITH_WEAK_PULLUP ;        ;              ;                     ; Column I/O   ;                 ; no       ; On           ;
; AC15     ;            ; 3B, 4A         ; VCCPD3B4A                       ; power  ;              ; 2.5V                ; --           ;                 ; --       ; --           ;
; AC16     ;            ;                ; GND                             ; gnd    ;              ;                     ; --           ;                 ; --       ; --           ;
; AC17     ;            ; 3B, 4A         ; VCCPD3B4A                       ; power  ;              ; 2.5V                ; --           ;                 ; --       ; --           ;
; AC18     ; 162        ; 4A             ; RESERVED_INPUT_WITH_WEAK_PULLUP ;        ;              ;                     ; Column I/O   ;                 ; no       ; On           ;
; AC19     ;            ; 3B, 4A         ; VCCPD3B4A                       ; power  ;              ; 2.5V                ; --           ;                 ; --       ; --           ;
; AC20     ; 186        ; 4A             ; RESERVED_INPUT_WITH_WEAK_PULLUP ;        ;              ;                     ; Column I/O   ;                 ; no       ; On           ;
; AC21     ;            ; 4A             ; VCCIO4A                         ; power  ;              ; 2.5V                ; --           ;                 ; --       ; --           ;
; AC22     ; 207        ; 4A             ; RESERVED_INPUT_WITH_WEAK_PULLUP ;        ;              ;                     ; Column I/O   ;                 ; no       ; On           ;
; AC23     ; 205        ; 4A             ; RESERVED_INPUT_WITH_WEAK_PULLUP ;        ;              ;                     ; Column I/O   ;                 ; no       ; On           ;
; AC24     ;            ; 5A             ; VREFB5AN0                       ; power  ;              ;                     ; --           ;                 ; --       ; --           ;
; AC25     ; 215        ; 5A             ; hex3[3]                         ; output ; 2.5 V        ;                     ; Row I/O      ; Y               ; no       ; Off          ;
; AC26     ;            ;                ; GND                             ; gnd    ;              ;                     ; --           ;                 ; --       ; --           ;
; AC27     ; 242        ; 5A             ; hex3[1]                         ; output ; 2.5 V        ;                     ; Row I/O      ; Y               ; no       ; Off          ;
; AC28     ; 245        ; 5B             ; hex2[3]                         ; output ; 2.5 V        ;                     ; Row I/O      ; Y               ; no       ; Off          ;
; AC29     ; 247        ; 5B             ; hex2[5]                         ; output ; 2.5 V        ;                     ; Row I/O      ; Y               ; no       ; Off          ;
; AC30     ; 259        ; 5B             ; hex2[6]                         ; output ; 2.5 V        ;                     ; Row I/O      ; Y               ; no       ; Off          ;
; AD1      ;            ;                ; GND                             ; gnd    ;              ;                     ; --           ;                 ; --       ; --           ;
; AD2      ;            ;                ; GND                             ; gnd    ;              ;                     ; --           ;                 ; --       ; --           ;
; AD3      ;            ;                ; DNU                             ;        ;              ;                     ; --           ;                 ; --       ; --           ;
; AD4      ;            ;                ; DNU                             ;        ;              ;                     ; --           ;                 ; --       ; --           ;
; AD5      ;            ;                ; GND                             ; gnd    ;              ;                     ; --           ;                 ; --       ; --           ;
; AD6      ;            ; 3A             ; VREFB3AN0                       ; power  ;              ;                     ; --           ;                 ; --       ; --           ;
; AD7      ; 62         ; 3A             ; RESERVED_INPUT_WITH_WEAK_PULLUP ;        ;              ;                     ; Column I/O   ;                 ; no       ; On           ;
; AD8      ;            ; 3A             ; VCCIO3A                         ; power  ;              ; 2.5V                ; --           ;                 ; --       ; --           ;
; AD9      ; 55         ; 3A             ; RESERVED_INPUT_WITH_WEAK_PULLUP ;        ;              ;                     ; Column I/O   ;                 ; no       ; On           ;
; AD10     ; 56         ; 3A             ; switches[8]                     ; input  ; 2.5 V        ;                     ; Column I/O   ; Y               ; no       ; Off          ;
; AD11     ; 54         ; 3A             ; switches[4]                     ; input  ; 2.5 V        ;                     ; Column I/O   ; Y               ; no       ; Off          ;
; AD12     ; 80         ; 3A             ; switches[5]                     ; input  ; 2.5 V        ;                     ; Column I/O   ; Y               ; no       ; Off          ;
; AD13     ;            ; 3B             ; VCCIO3B                         ; power  ;              ; 2.5V                ; --           ;                 ; --       ; --           ;
; AD14     ; 98         ; 3B             ; RESERVED_INPUT_WITH_WEAK_PULLUP ;        ;              ;                     ; Column I/O   ;                 ; no       ; On           ;
; AD15     ;            ;                ; DNU                             ;        ;              ;                     ; --           ;                 ; --       ; --           ;
; AD16     ;            ; 3B, 4A         ; VCCPD3B4A                       ; power  ;              ; 2.5V                ; --           ;                 ; --       ; --           ;
; AD17     ; 160        ; 4A             ; RESERVED_INPUT_WITH_WEAK_PULLUP ;        ;              ;                     ; Column I/O   ;                 ; no       ; On           ;
; AD18     ;            ; 4A             ; VCCIO4A                         ; power  ;              ; 2.5V                ; --           ;                 ; --       ; --           ;
; AD19     ; 184        ; 4A             ; RESERVED_INPUT_WITH_WEAK_PULLUP ;        ;              ;                     ; Column I/O   ;                 ; no       ; On           ;
; AD20     ; 199        ; 4A             ; RESERVED_INPUT_WITH_WEAK_PULLUP ;        ;              ;                     ; Column I/O   ;                 ; no       ; On           ;
; AD21     ; 197        ; 4A             ; RESERVED_INPUT_WITH_WEAK_PULLUP ;        ;              ;                     ; Column I/O   ;                 ; no       ; On           ;
; AD22     ;            ; --             ; VCC_AUX                         ; power  ;              ; 2.5V                ; --           ;                 ; --       ; --           ;
; AD23     ;            ;                ; GND                             ; gnd    ;              ;                     ; --           ;                 ; --       ; --           ;
; AD24     ; 211        ; 4A             ; RESERVED_INPUT_WITH_WEAK_PULLUP ;        ;              ;                     ; Column I/O   ;                 ; no       ; On           ;
; AD25     ; 213        ; 5A             ; hex3[2]                         ; output ; 2.5 V        ;                     ; Row I/O      ; Y               ; no       ; Off          ;
; AD26     ; 240        ; 5A             ; hex3[0]                         ; output ; 2.5 V        ;                     ; Row I/O      ; Y               ; no       ; Off          ;
; AD27     ; 222        ; 5A             ; hex1[6]                         ; output ; 2.5 V        ;                     ; Row I/O      ; Y               ; no       ; Off          ;
; AD28     ;            ; 5A             ; VCCIO5A                         ; power  ;              ; 2.5V                ; --           ;                 ; --       ; --           ;
; AD29     ; 255        ; 5B             ; hex2[2]                         ; output ; 2.5 V        ;                     ; Row I/O      ; Y               ; no       ; Off          ;
; AD30     ; 257        ; 5B             ; hex2[4]                         ; output ; 2.5 V        ;                     ; Row I/O      ; Y               ; no       ; Off          ;
; AE1      ;            ;                ; GND                             ; gnd    ;              ;                     ; --           ;                 ; --       ; --           ;
; AE2      ;            ;                ; GND                             ; gnd    ;              ;                     ; --           ;                 ; --       ; --           ;
; AE3      ;            ;                ; GND                             ; gnd    ;              ;                     ; --           ;                 ; --       ; --           ;
; AE4      ;            ;                ; GND                             ; gnd    ;              ;                     ; --           ;                 ; --       ; --           ;
; AE5      ; 49         ; 3A             ; ^AS_DATA1, DATA1                ;        ;              ;                     ; Weak Pull Up ;                 ; --       ; On           ;
; AE6      ; 51         ; 3A             ; ^AS_DATA0, ASDO, DATA0          ;        ;              ;                     ; Weak Pull Up ;                 ; --       ; On           ;
; AE7      ; 60         ; 3A             ; RESERVED_INPUT_WITH_WEAK_PULLUP ;        ;              ;                     ; Column I/O   ;                 ; no       ; On           ;
; AE8      ; 47         ; 3A             ; ^AS_DATA2, DATA2                ;        ;              ;                     ; Weak Pull Up ;                 ; --       ; On           ;
; AE9      ; 53         ; 3A             ; RESERVED_INPUT_WITH_WEAK_PULLUP ;        ;              ;                     ; Column I/O   ;                 ; no       ; On           ;
; AE10     ;            ;                ; GND                             ; gnd    ;              ;                     ; --           ;                 ; --       ; --           ;
; AE11     ; 59         ; 3A             ; switches[6]                     ; input  ; 2.5 V        ;                     ; Column I/O   ; Y               ; no       ; Off          ;
; AE12     ; 52         ; 3A             ; switches[9]                     ; input  ; 2.5 V        ;                     ; Column I/O   ; Y               ; no       ; Off          ;
; AE13     ; 95         ; 3B             ; RESERVED_INPUT_WITH_WEAK_PULLUP ;        ;              ;                     ; Column I/O   ;                 ; no       ; On           ;
; AE14     ; 96         ; 3B             ; RESERVED_INPUT_WITH_WEAK_PULLUP ;        ;              ;                     ; Column I/O   ;                 ; no       ; On           ;
; AE15     ;            ; 3B             ; VCCIO3B                         ; power  ;              ; 2.5V                ; --           ;                 ; --       ; --           ;
; AE16     ; 139        ; 4A             ; RESERVED_INPUT_WITH_WEAK_PULLUP ;        ;              ;                     ; Column I/O   ;                 ; no       ; On           ;
; AE17     ; 135        ; 4A             ; RESERVED_INPUT_WITH_WEAK_PULLUP ;        ;              ;                     ; Column I/O   ;                 ; no       ; On           ;
; AE18     ; 167        ; 4A             ; RESERVED_INPUT_WITH_WEAK_PULLUP ;        ;              ;                     ; Column I/O   ;                 ; no       ; On           ;
; AE19     ; 165        ; 4A             ; RESERVED_INPUT_WITH_WEAK_PULLUP ;        ;              ;                     ; Column I/O   ;                 ; no       ; On           ;
; AE20     ;            ;                ; GND                             ; gnd    ;              ;                     ; --           ;                 ; --       ; --           ;
; AE21     ;            ; 3B, 4A         ; VCCPD3B4A                       ; power  ;              ; 2.5V                ; --           ;                 ; --       ; --           ;
; AE22     ; 191        ; 4A             ; RESERVED_INPUT_WITH_WEAK_PULLUP ;        ;              ;                     ; Column I/O   ;                 ; no       ; On           ;
; AE23     ; 189        ; 4A             ; RESERVED_INPUT_WITH_WEAK_PULLUP ;        ;              ;                     ; Column I/O   ;                 ; no       ; On           ;
; AE24     ; 209        ; 4A             ; RESERVED_INPUT_WITH_WEAK_PULLUP ;        ;              ;                     ; Column I/O   ;                 ; no       ; On           ;
; AE25     ;            ; 4A             ; VCCIO4A                         ; power  ;              ; 2.5V                ; --           ;                 ; --       ; --           ;
; AE26     ; 220        ; 5A             ; hex0[0]                         ; output ; 2.5 V        ;                     ; Row I/O      ; Y               ; no       ; Off          ;
; AE27     ; 229        ; 5A             ; hex0[1]                         ; output ; 2.5 V        ;                     ; Row I/O      ; Y               ; no       ; Off          ;
; AE28     ; 231        ; 5A             ; hex0[2]                         ; output ; 2.5 V        ;                     ; Row I/O      ; Y               ; no       ; Off          ;
; AE29     ; 253        ; 5B             ; hex2[1]                         ; output ; 2.5 V        ;                     ; Row I/O      ; Y               ; no       ; Off          ;
; AE30     ;            ; 5B             ; VCCIO5B                         ; power  ;              ; 2.5V                ; --           ;                 ; --       ; --           ;
; AF1      ;            ;                ; GND                             ; gnd    ;              ;                     ; --           ;                 ; --       ; --           ;
; AF2      ;            ;                ; GND                             ; gnd    ;              ;                     ; --           ;                 ; --       ; --           ;
; AF3      ;            ;                ; GND                             ; gnd    ;              ;                     ; --           ;                 ; --       ; --           ;
; AF4      ; 66         ; 3A             ; RESERVED_INPUT_WITH_WEAK_PULLUP ;        ;              ;                     ; Column I/O   ;                 ; no       ; On           ;
; AF5      ; 64         ; 3A             ; RESERVED_INPUT_WITH_WEAK_PULLUP ;        ;              ;                     ; Column I/O   ;                 ; no       ; On           ;
; AF6      ; 75         ; 3A             ; RESERVED_INPUT_WITH_WEAK_PULLUP ;        ;              ;                     ; Column I/O   ;                 ; no       ; On           ;
; AF7      ;            ; 3A             ; VCCIO3A                         ; power  ;              ; 2.5V                ; --           ;                 ; --       ; --           ;
; AF8      ; 70         ; 3A             ; RESERVED_INPUT_WITH_WEAK_PULLUP ;        ;              ;                     ; Column I/O   ;                 ; no       ; On           ;
; AF9      ; 67         ; 3A             ; switches[2]                     ; input  ; 2.5 V        ;                     ; Column I/O   ; Y               ; no       ; Off          ;
; AF10     ; 57         ; 3A             ; switches[3]                     ; input  ; 2.5 V        ;                     ; Column I/O   ; Y               ; no       ; Off          ;
; AF11     ; 87         ; 3B             ; RESERVED_INPUT_WITH_WEAK_PULLUP ;        ;              ;                     ; Column I/O   ;                 ; no       ; On           ;
; AF12     ;            ;                ; GND                             ; gnd    ;              ;                     ; --           ;                 ; --       ; --           ;
; AF13     ; 93         ; 3B             ; RESERVED_INPUT_WITH_WEAK_PULLUP ;        ;              ;                     ; Column I/O   ;                 ; no       ; On           ;
; AF14     ; 114        ; 3B             ; systemClock50MHz                ; input  ; 2.5 V        ;                     ; Column I/O   ; Y               ; no       ; Off          ;
; AF15     ; 112        ; 3B             ; RESERVED_INPUT_WITH_WEAK_PULLUP ;        ;              ;                     ; Column I/O   ;                 ; no       ; On           ;
; AF16     ; 137        ; 4A             ; RESERVED_INPUT_WITH_WEAK_PULLUP ;        ;              ;                     ; Column I/O   ;                 ; no       ; On           ;
; AF17     ;            ;                ; GND                             ; gnd    ;              ;                     ; --           ;                 ; --       ; --           ;
; AF18     ; 133        ; 4A             ; RESERVED_INPUT_WITH_WEAK_PULLUP ;        ;              ;                     ; Column I/O   ;                 ; no       ; On           ;
; AF19     ; 159        ; 4A             ; RESERVED_INPUT_WITH_WEAK_PULLUP ;        ;              ;                     ; Column I/O   ;                 ; no       ; On           ;
; AF20     ; 175        ; 4A             ; RESERVED_INPUT_WITH_WEAK_PULLUP ;        ;              ;                     ; Column I/O   ;                 ; no       ; On           ;
; AF21     ; 173        ; 4A             ; RESERVED_INPUT_WITH_WEAK_PULLUP ;        ;              ;                     ; Column I/O   ;                 ; no       ; On           ;
; AF22     ;            ; 4A             ; VCCIO4A                         ; power  ;              ; 2.5V                ; --           ;                 ; --       ; --           ;
; AF23     ; 183        ; 4A             ; RESERVED_INPUT_WITH_WEAK_PULLUP ;        ;              ;                     ; Column I/O   ;                 ; no       ; On           ;
; AF24     ; 181        ; 4A             ; RESERVED_INPUT_WITH_WEAK_PULLUP ;        ;              ;                     ; Column I/O   ;                 ; no       ; On           ;
; AF25     ; 206        ; 4A             ; RESERVED_INPUT_WITH_WEAK_PULLUP ;        ;              ;                     ; Column I/O   ;                 ; no       ; On           ;
; AF26     ; 204        ; 4A             ; RESERVED_INPUT_WITH_WEAK_PULLUP ;        ;              ;                     ; Column I/O   ;                 ; no       ; On           ;
; AF27     ;            ;                ; GND                             ; gnd    ;              ;                     ; --           ;                 ; --       ; --           ;
; AF28     ; 235        ; 5A             ; hex0[4]                         ; output ; 2.5 V        ;                     ; Row I/O      ; Y               ; no       ; Off          ;
; AF29     ; 237        ; 5A             ; hex1[4]                         ; output ; 2.5 V        ;                     ; Row I/O      ; Y               ; no       ; Off          ;
; AF30     ; 239        ; 5A             ; hex1[5]                         ; output ; 2.5 V        ;                     ; Row I/O      ; Y               ; no       ; Off          ;
; AG1      ; 71         ; 3A             ; RESERVED_INPUT_WITH_WEAK_PULLUP ;        ;              ;                     ; Column I/O   ;                 ; no       ; On           ;
; AG2      ; 83         ; 3A             ; RESERVED_INPUT_WITH_WEAK_PULLUP ;        ;              ;                     ; Column I/O   ;                 ; no       ; On           ;
; AG3      ; 63         ; 3A             ; RESERVED_INPUT_WITH_WEAK_PULLUP ;        ;              ;                     ; Column I/O   ;                 ; no       ; On           ;
; AG4      ;            ; 3A             ; VCCIO3A                         ; power  ;              ; 2.5V                ; --           ;                 ; --       ; --           ;
; AG5      ; 78         ; 3A             ; RESERVED_INPUT_WITH_WEAK_PULLUP ;        ;              ;                     ; Column I/O   ;                 ; no       ; On           ;
; AG6      ; 73         ; 3A             ; RESERVED_INPUT_WITH_WEAK_PULLUP ;        ;              ;                     ; Column I/O   ;                 ; no       ; On           ;
; AG7      ; 68         ; 3A             ; RESERVED_INPUT_WITH_WEAK_PULLUP ;        ;              ;                     ; Column I/O   ;                 ; no       ; On           ;
; AG8      ; 65         ; 3A             ; RESERVED_INPUT_WITH_WEAK_PULLUP ;        ;              ;                     ; Column I/O   ;                 ; no       ; On           ;
; AG9      ;            ;                ; GND                             ; gnd    ;              ;                     ; --           ;                 ; --       ; --           ;
; AG10     ; 86         ; 3B             ; RESERVED_INPUT_WITH_WEAK_PULLUP ;        ;              ;                     ; Column I/O   ;                 ; no       ; On           ;
; AG11     ; 85         ; 3B             ; RESERVED_INPUT_WITH_WEAK_PULLUP ;        ;              ;                     ; Column I/O   ;                 ; no       ; On           ;
; AG12     ; 103        ; 3B             ; RESERVED_INPUT_WITH_WEAK_PULLUP ;        ;              ;                     ; Column I/O   ;                 ; no       ; On           ;
; AG13     ; 101        ; 3B             ; RESERVED_INPUT_WITH_WEAK_PULLUP ;        ;              ;                     ; Column I/O   ;                 ; no       ; On           ;
; AG14     ;            ;                ; GND                             ; gnd    ;              ;                     ; --           ;                 ; --       ; --           ;
; AG15     ; 127        ; 3B             ; RESERVED_INPUT_WITH_WEAK_PULLUP ;        ;              ;                     ; Column I/O   ;                 ; no       ; On           ;
; AG16     ; 134        ; 4A             ; RESERVED_INPUT_WITH_WEAK_PULLUP ;        ;              ;                     ; Column I/O   ;                 ; no       ; On           ;
; AG17     ; 132        ; 4A             ; RESERVED_INPUT_WITH_WEAK_PULLUP ;        ;              ;                     ; Column I/O   ;                 ; no       ; On           ;
; AG18     ; 150        ; 4A             ; RESERVED_INPUT_WITH_WEAK_PULLUP ;        ;              ;                     ; Column I/O   ;                 ; no       ; On           ;
; AG19     ;            ; 4A             ; VCCIO4A                         ; power  ;              ; 2.5V                ; --           ;                 ; --       ; --           ;
; AG20     ; 157        ; 4A             ; RESERVED_INPUT_WITH_WEAK_PULLUP ;        ;              ;                     ; Column I/O   ;                 ; no       ; On           ;
; AG21     ; 143        ; 4A             ; RESERVED_INPUT_WITH_WEAK_PULLUP ;        ;              ;                     ; Column I/O   ;                 ; no       ; On           ;
; AG22     ; 166        ; 4A             ; RESERVED_INPUT_WITH_WEAK_PULLUP ;        ;              ;                     ; Column I/O   ;                 ; no       ; On           ;
; AG23     ; 163        ; 4A             ; RESERVED_INPUT_WITH_WEAK_PULLUP ;        ;              ;                     ; Column I/O   ;                 ; no       ; On           ;
; AG24     ;            ;                ; GND                             ; gnd    ;              ;                     ; --           ;                 ; --       ; --           ;
; AG25     ; 190        ; 4A             ; RESERVED_INPUT_WITH_WEAK_PULLUP ;        ;              ;                     ; Column I/O   ;                 ; no       ; On           ;
; AG26     ; 203        ; 4A             ; RESERVED_INPUT_WITH_WEAK_PULLUP ;        ;              ;                     ; Column I/O   ;                 ; no       ; On           ;
; AG27     ; 212        ; 5A             ; hex0[3]                         ; output ; 2.5 V        ;                     ; Row I/O      ; Y               ; no       ; Off          ;
; AG28     ; 233        ; 5A             ; hex0[5]                         ; output ; 2.5 V        ;                     ; Row I/O      ; Y               ; no       ; Off          ;
; AG29     ;            ; 5A             ; VCCIO5A                         ; power  ;              ; 2.5V                ; --           ;                 ; --       ; --           ;
; AG30     ; 243        ; 5A             ; hex1[3]                         ; output ; 2.5 V        ;                     ; Row I/O      ; Y               ; no       ; Off          ;
; AH1      ;            ;                ; GND                             ; gnd    ;              ;                     ; --           ;                 ; --       ; --           ;
; AH2      ; 69         ; 3A             ; RESERVED_INPUT_WITH_WEAK_PULLUP ;        ;              ;                     ; Column I/O   ;                 ; no       ; On           ;
; AH3      ; 81         ; 3A             ; RESERVED_INPUT_WITH_WEAK_PULLUP ;        ;              ;                     ; Column I/O   ;                 ; no       ; On           ;
; AH4      ; 61         ; 3A             ; RESERVED_INPUT_WITH_WEAK_PULLUP ;        ;              ;                     ; Column I/O   ;                 ; no       ; On           ;
; AH5      ; 76         ; 3A             ; RESERVED_INPUT_WITH_WEAK_PULLUP ;        ;              ;                     ; Column I/O   ;                 ; no       ; On           ;
; AH6      ;            ;                ; GND                             ; gnd    ;              ;                     ; --           ;                 ; --       ; --           ;
; AH7      ; 115        ; 3B             ; RESERVED_INPUT_WITH_WEAK_PULLUP ;        ;              ;                     ; Column I/O   ;                 ; no       ; On           ;
; AH8      ; 113        ; 3B             ; RESERVED_INPUT_WITH_WEAK_PULLUP ;        ;              ;                     ; Column I/O   ;                 ; no       ; On           ;
; AH9      ; 84         ; 3B             ; RESERVED_INPUT_WITH_WEAK_PULLUP ;        ;              ;                     ; Column I/O   ;                 ; no       ; On           ;
; AH10     ; 118        ; 3B             ; RESERVED_INPUT_WITH_WEAK_PULLUP ;        ;              ;                     ; Column I/O   ;                 ; no       ; On           ;
; AH11     ;            ;                ; GND                             ; gnd    ;              ;                     ; --           ;                 ; --       ; --           ;
; AH12     ; 126        ; 3B             ; RESERVED_INPUT_WITH_WEAK_PULLUP ;        ;              ;                     ; Column I/O   ;                 ; no       ; On           ;
; AH13     ; 111        ; 3B             ; RESERVED_INPUT_WITH_WEAK_PULLUP ;        ;              ;                     ; Column I/O   ;                 ; no       ; On           ;
; AH14     ; 109        ; 3B             ; RESERVED_INPUT_WITH_WEAK_PULLUP ;        ;              ;                     ; Column I/O   ;                 ; no       ; On           ;
; AH15     ; 125        ; 3B             ; RESERVED_INPUT_WITH_WEAK_PULLUP ;        ;              ;                     ; Column I/O   ;                 ; no       ; On           ;
; AH16     ;            ; 4A             ; VCCIO4A                         ; power  ;              ; 2.5V                ; --           ;                 ; --       ; --           ;
; AH17     ; 147        ; 4A             ; RESERVED_INPUT_WITH_WEAK_PULLUP ;        ;              ;                     ; Column I/O   ;                 ; no       ; On           ;
; AH18     ; 145        ; 4A             ; RESERVED_INPUT_WITH_WEAK_PULLUP ;        ;              ;                     ; Column I/O   ;                 ; no       ; On           ;
; AH19     ; 148        ; 4A             ; RESERVED_INPUT_WITH_WEAK_PULLUP ;        ;              ;                     ; Column I/O   ;                 ; no       ; On           ;
; AH20     ; 141        ; 4A             ; RESERVED_INPUT_WITH_WEAK_PULLUP ;        ;              ;                     ; Column I/O   ;                 ; no       ; On           ;
; AH21     ;            ;                ; GND                             ; gnd    ;              ;                     ; --           ;                 ; --       ; --           ;
; AH22     ; 164        ; 4A             ; GPIO1_28_data                   ; input  ; 3.3-V LVCMOS ;                     ; Column I/O   ; Y               ; no       ; Off          ;
; AH23     ; 174        ; 4A             ; RESERVED_INPUT_WITH_WEAK_PULLUP ;        ;              ;                     ; Column I/O   ;                 ; no       ; On           ;
; AH24     ; 161        ; 4A             ; RESERVED_INPUT_WITH_WEAK_PULLUP ;        ;              ;                     ; Column I/O   ;                 ; no       ; On           ;
; AH25     ; 188        ; 4A             ; RESERVED_INPUT_WITH_WEAK_PULLUP ;        ;              ;                     ; Column I/O   ;                 ; no       ; On           ;
; AH26     ;            ; 4A             ; VCCIO4A                         ; power  ;              ; 2.5V                ; --           ;                 ; --       ; --           ;
; AH27     ; 201        ; 4A             ; RESERVED_INPUT_WITH_WEAK_PULLUP ;        ;              ;                     ; Column I/O   ;                 ; no       ; On           ;
; AH28     ; 214        ; 5A             ; hex0[6]                         ; output ; 2.5 V        ;                     ; Row I/O      ; Y               ; no       ; Off          ;
; AH29     ; 218        ; 5A             ; hex1[1]                         ; output ; 2.5 V        ;                     ; Row I/O      ; Y               ; no       ; Off          ;
; AH30     ; 241        ; 5A             ; hex1[2]                         ; output ; 2.5 V        ;                     ; Row I/O      ; Y               ; no       ; Off          ;
; AJ1      ; 79         ; 3A             ; RESERVED_INPUT_WITH_WEAK_PULLUP ;        ;              ;                     ; Column I/O   ;                 ; no       ; On           ;
; AJ2      ; 77         ; 3A             ; RESERVED_INPUT_WITH_WEAK_PULLUP ;        ;              ;                     ; Column I/O   ;                 ; no       ; On           ;
; AJ3      ;            ;                ; GND                             ; gnd    ;              ;                     ; --           ;                 ; --       ; --           ;
; AJ4      ; 94         ; 3B             ; RESERVED_INPUT_WITH_WEAK_PULLUP ;        ;              ;                     ; Column I/O   ;                 ; no       ; On           ;
; AJ5      ; 99         ; 3B             ; RESERVED_INPUT_WITH_WEAK_PULLUP ;        ;              ;                     ; Column I/O   ;                 ; no       ; On           ;
; AJ6      ; 102        ; 3B             ; RESERVED_INPUT_WITH_WEAK_PULLUP ;        ;              ;                     ; Column I/O   ;                 ; no       ; On           ;
; AJ7      ; 100        ; 3B             ; RESERVED_INPUT_WITH_WEAK_PULLUP ;        ;              ;                     ; Column I/O   ;                 ; no       ; On           ;
; AJ8      ;            ; 3B             ; VCCIO3B                         ; power  ;              ; 2.5V                ; --           ;                 ; --       ; --           ;
; AJ9      ; 110        ; 3B             ; RESERVED_INPUT_WITH_WEAK_PULLUP ;        ;              ;                     ; Column I/O   ;                 ; no       ; On           ;
; AJ10     ; 116        ; 3B             ; RESERVED_INPUT_WITH_WEAK_PULLUP ;        ;              ;                     ; Column I/O   ;                 ; no       ; On           ;
; AJ11     ; 119        ; 3B             ; RESERVED_INPUT_WITH_WEAK_PULLUP ;        ;              ;                     ; Column I/O   ;                 ; no       ; On           ;
; AJ12     ; 124        ; 3B             ; RESERVED_INPUT_WITH_WEAK_PULLUP ;        ;              ;                     ; Column I/O   ;                 ; no       ; On           ;
; AJ13     ;            ; 3B             ; VCCIO3B                         ; power  ;              ; 2.5V                ; --           ;                 ; --       ; --           ;
; AJ14     ; 131        ; 3B             ; RESERVED_INPUT_WITH_WEAK_PULLUP ;        ;              ;                     ; Column I/O   ;                 ; no       ; On           ;
; AJ15     ;            ; 3B             ; VREFB3BN0                       ; power  ;              ;                     ; --           ;                 ; --       ; --           ;
; AJ16     ; 142        ; 4A             ; RESERVED_INPUT_WITH_WEAK_PULLUP ;        ;              ;                     ; Column I/O   ;                 ; no       ; On           ;
; AJ17     ; 151        ; 4A             ; RESERVED_INPUT_WITH_WEAK_PULLUP ;        ;              ;                     ; Column I/O   ;                 ; no       ; On           ;
; AJ18     ;            ;                ; GND                             ; gnd    ;              ;                     ; --           ;                 ; --       ; --           ;
; AJ19     ; 155        ; 4A             ; RESERVED_INPUT_WITH_WEAK_PULLUP ;        ;              ;                     ; Column I/O   ;                 ; no       ; On           ;
; AJ20     ; 158        ; 4A             ; RESERVED_INPUT_WITH_WEAK_PULLUP ;        ;              ;                     ; Column I/O   ;                 ; no       ; On           ;
; AJ21     ; 156        ; 4A             ; RESERVED_INPUT_WITH_WEAK_PULLUP ;        ;              ;                     ; Column I/O   ;                 ; no       ; On           ;
; AJ22     ; 172        ; 4A             ; GPIO1_27_latch                  ; output ; 2.5 V        ;                     ; Column I/O   ; Y               ; no       ; Off          ;
; AJ23     ;            ; 4A             ; VCCIO4A                         ; power  ;              ; 2.5V                ; --           ;                 ; --       ; --           ;
; AJ24     ; 182        ; 4A             ; RESERVED_INPUT_WITH_WEAK_PULLUP ;        ;              ;                     ; Column I/O   ;                 ; no       ; On           ;
; AJ25     ; 180        ; 4A             ; RESERVED_INPUT_WITH_WEAK_PULLUP ;        ;              ;                     ; Column I/O   ;                 ; no       ; On           ;
; AJ26     ; 187        ; 4A             ; RESERVED_INPUT_WITH_WEAK_PULLUP ;        ;              ;                     ; Column I/O   ;                 ; no       ; On           ;
; AJ27     ; 195        ; 4A             ; RESERVED_INPUT_WITH_WEAK_PULLUP ;        ;              ;                     ; Column I/O   ;                 ; no       ; On           ;
; AJ28     ;            ;                ; GND                             ; gnd    ;              ;                     ; --           ;                 ; --       ; --           ;
; AJ29     ; 216        ; 5A             ; hex1[0]                         ; output ; 2.5 V        ;                     ; Row I/O      ; Y               ; no       ; Off          ;
; AJ30     ;            ;                ; GND                             ; gnd    ;              ;                     ; --           ;                 ; --       ; --           ;
; AK2      ; 91         ; 3B             ; RESERVED_INPUT_WITH_WEAK_PULLUP ;        ;              ;                     ; Column I/O   ;                 ; no       ; On           ;
; AK3      ; 89         ; 3B             ; RESERVED_INPUT_WITH_WEAK_PULLUP ;        ;              ;                     ; Column I/O   ;                 ; no       ; On           ;
; AK4      ; 92         ; 3B             ; RESERVED_INPUT_WITH_WEAK_PULLUP ;        ;              ;                     ; Column I/O   ;                 ; no       ; On           ;
; AK5      ;            ;                ; GND                             ; gnd    ;              ;                     ; --           ;                 ; --       ; --           ;
; AK6      ; 97         ; 3B             ; RESERVED_INPUT_WITH_WEAK_PULLUP ;        ;              ;                     ; Column I/O   ;                 ; no       ; On           ;
; AK7      ; 107        ; 3B             ; RESERVED_INPUT_WITH_WEAK_PULLUP ;        ;              ;                     ; Column I/O   ;                 ; no       ; On           ;
; AK8      ; 105        ; 3B             ; RESERVED_INPUT_WITH_WEAK_PULLUP ;        ;              ;                     ; Column I/O   ;                 ; no       ; On           ;
; AK9      ; 108        ; 3B             ; RESERVED_INPUT_WITH_WEAK_PULLUP ;        ;              ;                     ; Column I/O   ;                 ; no       ; On           ;
; AK10     ;            ; 3B             ; VCCIO3B                         ; power  ;              ; 2.5V                ; --           ;                 ; --       ; --           ;
; AK11     ; 117        ; 3B             ; RESERVED_INPUT_WITH_WEAK_PULLUP ;        ;              ;                     ; Column I/O   ;                 ; no       ; On           ;
; AK12     ; 123        ; 3B             ; RESERVED_INPUT_WITH_WEAK_PULLUP ;        ;              ;                     ; Column I/O   ;                 ; no       ; On           ;
; AK13     ; 121        ; 3B             ; RESERVED_INPUT_WITH_WEAK_PULLUP ;        ;              ;                     ; Column I/O   ;                 ; no       ; On           ;
; AK14     ; 129        ; 3B             ; RESERVED_INPUT_WITH_WEAK_PULLUP ;        ;              ;                     ; Column I/O   ;                 ; no       ; On           ;
; AK15     ;            ;                ; GND                             ; gnd    ;              ;                     ; --           ;                 ; --       ; --           ;
; AK16     ; 140        ; 4A             ; RESERVED_INPUT_WITH_WEAK_PULLUP ;        ;              ;                     ; Column I/O   ;                 ; no       ; On           ;
; AK17     ;            ; 4A             ; VREFB4AN0                       ; power  ;              ;                     ; --           ;                 ; --       ; --           ;
; AK18     ; 149        ; 4A             ; RESERVED_INPUT_WITH_WEAK_PULLUP ;        ;              ;                     ; Column I/O   ;                 ; no       ; On           ;
; AK19     ; 153        ; 4A             ; RESERVED_INPUT_WITH_WEAK_PULLUP ;        ;              ;                     ; Column I/O   ;                 ; no       ; On           ;
; AK20     ;            ; 4A             ; VCCIO4A                         ; power  ;              ; 2.5V                ; --           ;                 ; --       ; --           ;
; AK21     ; 171        ; 4A             ; RESERVED_INPUT_WITH_WEAK_PULLUP ;        ;              ;                     ; Column I/O   ;                 ; no       ; On           ;
; AK22     ; 169        ; 4A             ; GPIO1_26_cpu                    ; output ; 2.5 V        ;                     ; Column I/O   ; Y               ; no       ; Off          ;
; AK23     ; 179        ; 4A             ; RESERVED_INPUT_WITH_WEAK_PULLUP ;        ;              ;                     ; Column I/O   ;                 ; no       ; On           ;
; AK24     ; 177        ; 4A             ; RESERVED_INPUT_WITH_WEAK_PULLUP ;        ;              ;                     ; Column I/O   ;                 ; no       ; On           ;
; AK25     ;            ;                ; GND                             ; gnd    ;              ;                     ; --           ;                 ; --       ; --           ;
; AK26     ; 185        ; 4A             ; RESERVED_INPUT_WITH_WEAK_PULLUP ;        ;              ;                     ; Column I/O   ;                 ; no       ; On           ;
; AK27     ; 193        ; 4A             ; RESERVED_INPUT_WITH_WEAK_PULLUP ;        ;              ;                     ; Column I/O   ;                 ; no       ; On           ;
; AK28     ; 198        ; 4A             ; RESERVED_INPUT_WITH_WEAK_PULLUP ;        ;              ;                     ; Column I/O   ;                 ; no       ; On           ;
; AK29     ; 196        ; 4A             ; RESERVED_INPUT_WITH_WEAK_PULLUP ;        ;              ;                     ; Column I/O   ;                 ; no       ; On           ;
; B1       ; 509        ; 8A             ; RESERVED_INPUT_WITH_WEAK_PULLUP ;        ;              ;                     ; Column I/O   ;                 ; no       ; On           ;
; B2       ; 507        ; 8A             ; RESERVED_INPUT_WITH_WEAK_PULLUP ;        ;              ;                     ; Column I/O   ;                 ; no       ; On           ;
; B3       ; 513        ; 8A             ; RESERVED_INPUT_WITH_WEAK_PULLUP ;        ;              ;                     ; Column I/O   ;                 ; no       ; On           ;
; B4       ;            ; 8A             ; VCCIO8A                         ; power  ;              ; 2.5V                ; --           ;                 ; --       ; --           ;
; B5       ; 512        ; 8A             ; RESERVED_INPUT_WITH_WEAK_PULLUP ;        ;              ;                     ; Column I/O   ;                 ; no       ; On           ;
; B6       ; 510        ; 8A             ; RESERVED_INPUT_WITH_WEAK_PULLUP ;        ;              ;                     ; Column I/O   ;                 ; no       ; On           ;
; B7       ; 477        ; 8A             ; RESERVED_INPUT_WITH_WEAK_PULLUP ;        ;              ;                     ; Column I/O   ;                 ; no       ; On           ;
; B8       ; 481        ; 8A             ; RESERVED_INPUT_WITH_WEAK_PULLUP ;        ;              ;                     ; Column I/O   ;                 ; no       ; On           ;
; B9       ;            ;                ; GND                             ; gnd    ;              ;                     ; --           ;                 ; --       ; --           ;
; B10      ;            ; 8A             ; VREFB8AN0                       ; power  ;              ;                     ; --           ;                 ; --       ; --           ;
; B11      ; 469        ; 8A             ; vga_hs                          ; output ; 2.5 V        ;                     ; Column I/O   ; Y               ; no       ; Off          ;
; B12      ; 464        ; 8A             ; vga_red[3]                      ; output ; 2.5 V        ;                     ; Column I/O   ; Y               ; no       ; Off          ;
; B13      ; 459        ; 8A             ; vga_blue[0]                     ; output ; 2.5 V        ;                     ; Column I/O   ; Y               ; no       ; Off          ;
; B14      ;            ;                ; GND                             ; gnd    ;              ;                     ; --           ;                 ; --       ; --           ;
; B15      ; 451        ; 7D             ; RESERVED_INPUT_WITH_WEAK_PULLUP ;        ;              ;                     ; Column I/O   ;                 ; no       ; On           ;
; B16      ; 441        ; 7C             ; RESERVED_INPUT_WITH_WEAK_PULLUP ;        ;              ;                     ; Column I/O   ;                 ; no       ; On           ;
; B17      ; 431        ; 7C             ; RESERVED_INPUT_WITH_WEAK_PULLUP ;        ;              ;                     ; Column I/O   ;                 ; no       ; On           ;
; B18      ; 418        ; 7B             ; RESERVED_INPUT_WITH_WEAK_PULLUP ;        ;              ;                     ; Column I/O   ;                 ; no       ; On           ;
; B19      ;            ;                ; GND                             ; gnd    ;              ;                     ; --           ;                 ; --       ; --           ;
; B20      ; 417        ; 7B             ; RESERVED_INPUT_WITH_WEAK_PULLUP ;        ;              ;                     ; Column I/O   ;                 ; no       ; On           ;
; B21      ; 413        ; 7B             ; RESERVED_INPUT_WITH_WEAK_PULLUP ;        ;              ;                     ; Column I/O   ;                 ; no       ; On           ;
; B22      ; 399        ; 7A             ; RESERVED_INPUT_WITH_WEAK_PULLUP ;        ;              ;                     ; Column I/O   ;                 ; no       ; On           ;
; B23      ; 397        ; 7A             ; RESERVED_INPUT_WITH_WEAK_PULLUP ;        ;              ;                     ; Column I/O   ;                 ; no       ; On           ;
; B24      ;            ;                ; GND                             ; gnd    ;              ;                     ; --           ;                 ; --       ; --           ;
; B25      ; 387        ; 7A             ; RESERVED_INPUT_WITH_WEAK_PULLUP ;        ;              ;                     ; Column I/O   ;                 ; no       ; On           ;
; B26      ; 386        ; 7A             ; RESERVED_INPUT_WITH_WEAK_PULLUP ;        ;              ;                     ; Column I/O   ;                 ; no       ; On           ;
; B27      ; 381        ; 7A             ; ^HPS_TDI                        ;        ;              ;                     ; --           ;                 ; --       ; --           ;
; B28      ; 376        ; 7A             ; ^HPS_TDO                        ;        ;              ;                     ; --           ;                 ; --       ; --           ;
; B29      ;            ;                ; GND                             ; gnd    ;              ;                     ; --           ;                 ; --       ; --           ;
; B30      ; 365        ; 6A             ; RESERVED_INPUT_WITH_WEAK_PULLUP ;        ;              ;                     ; Row I/O      ;                 ; no       ; On           ;
; C1       ;            ;                ; GND                             ; gnd    ;              ;                     ; --           ;                 ; --       ; --           ;
; C2       ; 517        ; 8A             ; RESERVED_INPUT_WITH_WEAK_PULLUP ;        ;              ;                     ; Column I/O   ;                 ; no       ; On           ;
; C3       ; 511        ; 8A             ; RESERVED_INPUT_WITH_WEAK_PULLUP ;        ;              ;                     ; Column I/O   ;                 ; no       ; On           ;
; C4       ; 501        ; 8A             ; RESERVED_INPUT_WITH_WEAK_PULLUP ;        ;              ;                     ; Column I/O   ;                 ; no       ; On           ;
; C5       ; 497        ; 8A             ; RESERVED_INPUT_WITH_WEAK_PULLUP ;        ;              ;                     ; Column I/O   ;                 ; no       ; On           ;
; C6       ;            ;                ; GND                             ; gnd    ;              ;                     ; --           ;                 ; --       ; --           ;
; C7       ; 475        ; 8A             ; RESERVED_INPUT_WITH_WEAK_PULLUP ;        ;              ;                     ; Column I/O   ;                 ; no       ; On           ;
; C8       ; 479        ; 8A             ; RESERVED_INPUT_WITH_WEAK_PULLUP ;        ;              ;                     ; Column I/O   ;                 ; no       ; On           ;
; C9       ; 485        ; 8A             ; RESERVED_INPUT_WITH_WEAK_PULLUP ;        ;              ;                     ; Column I/O   ;                 ; no       ; On           ;
; C10      ; 483        ; 8A             ; vga_sync_n                      ; output ; 2.5 V        ;                     ; Column I/O   ; Y               ; no       ; Off          ;
; C11      ;            ; 8A             ; VCCIO8A                         ; power  ;              ; 2.5V                ; --           ;                 ; --       ; --           ;
; C12      ; 467        ; 8A             ; vga_red[4]                      ; output ; 2.5 V        ;                     ; Column I/O   ; Y               ; no       ; Off          ;
; C13      ; 462        ; 8A             ; vga_red[1]                      ; output ; 2.5 V        ;                     ; Column I/O   ; Y               ; no       ; Off          ;
; C14      ; 448        ; 7D             ; RESERVED_INPUT_WITH_WEAK_PULLUP ;        ;              ;                     ; Column I/O   ;                 ; no       ; On           ;
; C15      ; 453        ; 7D             ; RESERVED_INPUT_WITH_WEAK_PULLUP ;        ;              ;                     ; Column I/O   ;                 ; no       ; On           ;
; C16      ;            ;                ; GND                             ; gnd    ;              ;                     ; --           ;                 ; --       ; --           ;
; C17      ; 433        ; 7C             ; RESERVED_INPUT_WITH_WEAK_PULLUP ;        ;              ;                     ; Column I/O   ;                 ; no       ; On           ;
; C18      ; 435        ; 7C             ; RESERVED_INPUT_WITH_WEAK_PULLUP ;        ;              ;                     ; Column I/O   ;                 ; no       ; On           ;
; C19      ; 427        ; 7B             ; RESERVED_INPUT_WITH_WEAK_PULLUP ;        ;              ;                     ; Column I/O   ;                 ; no       ; On           ;
; C20      ; 421        ; 7B             ; RESERVED_INPUT_WITH_WEAK_PULLUP ;        ;              ;                     ; Column I/O   ;                 ; no       ; On           ;
; C21      ;            ;                ; GND                             ; gnd    ;              ;                     ; --           ;                 ; --       ; --           ;
; C22      ; 396        ; 7A             ; RESERVED_INPUT_WITH_WEAK_PULLUP ;        ;              ;                     ; Column I/O   ;                 ; no       ; On           ;
; C23      ; 401        ; 7A             ; RESERVED_INPUT_WITH_WEAK_PULLUP ;        ;              ;                     ; Column I/O   ;                 ; no       ; On           ;
; C24      ; 393        ; 7A             ; RESERVED_INPUT_WITH_WEAK_PULLUP ;        ;              ;                     ; Column I/O   ;                 ; no       ; On           ;
; C25      ; 388        ; 7A             ; RESERVED_INPUT_WITH_WEAK_PULLUP ;        ;              ;                     ; Column I/O   ;                 ; no       ; On           ;
; C26      ;            ;                ; GND                             ; gnd    ;              ;                     ; --           ;                 ; --       ; --           ;
; C27      ; 374        ; 7A             ; ^HPS_nRST                       ;        ;              ;                     ; --           ;                 ; --       ; --           ;
; C28      ; 369        ; 6A             ; RESERVED_INPUT_WITH_WEAK_PULLUP ;        ;              ;                     ; Row I/O      ;                 ; no       ; On           ;
; C29      ; 367        ; 6A             ; RESERVED_INPUT_WITH_WEAK_PULLUP ;        ;              ;                     ; Row I/O      ;                 ; no       ; On           ;
; C30      ; 363        ; 6A             ; RESERVED_INPUT_WITH_WEAK_PULLUP ;        ;              ;                     ; Row I/O      ;                 ; no       ; On           ;
; D1       ; 529        ; 8A             ; RESERVED_INPUT_WITH_WEAK_PULLUP ;        ;              ;                     ; Column I/O   ;                 ; no       ; On           ;
; D2       ; 515        ; 8A             ; RESERVED_INPUT_WITH_WEAK_PULLUP ;        ;              ;                     ; Column I/O   ;                 ; no       ; On           ;
; D3       ;            ;                ; GND                             ; gnd    ;              ;                     ; --           ;                 ; --       ; --           ;
; D4       ; 521        ; 8A             ; RESERVED_INPUT_WITH_WEAK_PULLUP ;        ;              ;                     ; Column I/O   ;                 ; no       ; On           ;
; D5       ; 499        ; 8A             ; RESERVED_INPUT_WITH_WEAK_PULLUP ;        ;              ;                     ; Column I/O   ;                 ; no       ; On           ;
; D6       ; 495        ; 8A             ; RESERVED_INPUT_WITH_WEAK_PULLUP ;        ;              ;                     ; Column I/O   ;                 ; no       ; On           ;
; D7       ; 505        ; 8A             ; RESERVED_INPUT_WITH_WEAK_PULLUP ;        ;              ;                     ; Column I/O   ;                 ; no       ; On           ;
; D8       ;            ; 8A             ; VCCIO8A                         ; power  ;              ; 2.5V                ; --           ;                 ; --       ; --           ;
; D9       ; 480        ; 8A             ; RESERVED_INPUT_WITH_WEAK_PULLUP ;        ;              ;                     ; Column I/O   ;                 ; no       ; On           ;
; D10      ; 472        ; 8A             ; RESERVED_INPUT_WITH_WEAK_PULLUP ;        ;              ;                     ; Column I/O   ;                 ; no       ; On           ;
; D11      ; 470        ; 8A             ; vga_vs                          ; output ; 2.5 V        ;                     ; Column I/O   ; Y               ; no       ; Off          ;
; D12      ; 496        ; 8A             ; vga_red[5]                      ; output ; 2.5 V        ;                     ; Column I/O   ; Y               ; no       ; Off          ;
; D13      ;            ;                ; GND                             ; gnd    ;              ;                     ; --           ;                 ; --       ; --           ;
; D14      ; 446        ; 7D             ; RESERVED_INPUT_WITH_WEAK_PULLUP ;        ;              ;                     ; Column I/O   ;                 ; no       ; On           ;
; D15      ; 449        ; 7D             ; RESERVED_INPUT_WITH_WEAK_PULLUP ;        ;              ;                     ; Column I/O   ;                 ; no       ; On           ;
; D16      ; 445        ; 7D             ; RESERVED_INPUT_WITH_WEAK_PULLUP ;        ;              ;                     ; Column I/O   ;                 ; no       ; On           ;
; D17      ; 440        ; 7C             ; RESERVED_INPUT_WITH_WEAK_PULLUP ;        ;              ;                     ; Column I/O   ;                 ; no       ; On           ;
; D18      ;            ; 7C             ; VCCIO7C_HPS                     ; power  ;              ; 2.5V                ; --           ;                 ; --       ; --           ;
; D19      ; 426        ; 7B             ; RESERVED_INPUT_WITH_WEAK_PULLUP ;        ;              ;                     ; Column I/O   ;                 ; no       ; On           ;
; D20      ; 420        ; 7B             ; RESERVED_INPUT_WITH_WEAK_PULLUP ;        ;              ;                     ; Column I/O   ;                 ; no       ; On           ;
; D21      ; 419        ; 7B             ; RESERVED_INPUT_WITH_WEAK_PULLUP ;        ;              ;                     ; Column I/O   ;                 ; no       ; On           ;
; D22      ; 402        ; 7A             ; RESERVED_INPUT_WITH_WEAK_PULLUP ;        ;              ;                     ; Column I/O   ;                 ; no       ; On           ;
; D23      ;            ;                ; GND                             ; gnd    ;              ;                     ; --           ;                 ; --       ; --           ;
; D24      ; 404        ; 7A             ; RESERVED_INPUT_WITH_WEAK_PULLUP ;        ;              ;                     ; Column I/O   ;                 ; no       ; On           ;
; D25      ; 384        ; 7A             ; ^HPS_CLK1                       ;        ;              ;                     ; --           ;                 ; --       ; --           ;
; D26      ; 373        ; 7A             ; ^GND                            ;        ;              ;                     ; --           ;                 ; --       ; --           ;
; D27      ; 371        ; 6A             ; HPS_RZQ_0                       ;        ;              ;                     ; --           ;                 ; no       ; On           ;
; D28      ;            ; 6A             ; VCCIO6A_HPS                     ; power  ;              ; 2.5V                ; --           ;                 ; --       ; --           ;
; D29      ; 361        ; 6A             ; RESERVED_INPUT_WITH_WEAK_PULLUP ;        ;              ;                     ; Row I/O      ;                 ; no       ; On           ;
; D30      ; 359        ; 6A             ; RESERVED_INPUT_WITH_WEAK_PULLUP ;        ;              ;                     ; Row I/O      ;                 ; no       ; On           ;
; E1       ; 527        ; 8A             ; RESERVED_INPUT_WITH_WEAK_PULLUP ;        ;              ;                     ; Column I/O   ;                 ; no       ; On           ;
; E2       ; 525        ; 8A             ; RESERVED_INPUT_WITH_WEAK_PULLUP ;        ;              ;                     ; Column I/O   ;                 ; no       ; On           ;
; E3       ; 523        ; 8A             ; RESERVED_INPUT_WITH_WEAK_PULLUP ;        ;              ;                     ; Column I/O   ;                 ; no       ; On           ;
; E4       ; 519        ; 8A             ; RESERVED_INPUT_WITH_WEAK_PULLUP ;        ;              ;                     ; Column I/O   ;                 ; no       ; On           ;
; E5       ;            ; 8A             ; VCCIO8A                         ; power  ;              ; 2.5V                ; --           ;                 ; --       ; --           ;
; E6       ; 533        ; 8A             ; RESERVED_INPUT_WITH_WEAK_PULLUP ;        ;              ;                     ; Column I/O   ;                 ; no       ; On           ;
; E7       ; 531        ; 8A             ; RESERVED_INPUT_WITH_WEAK_PULLUP ;        ;              ;                     ; Column I/O   ;                 ; no       ; On           ;
; E8       ; 503        ; 8A             ; RESERVED_INPUT_WITH_WEAK_PULLUP ;        ;              ;                     ; Column I/O   ;                 ; no       ; On           ;
; E9       ; 478        ; 8A             ; RESERVED_INPUT_WITH_WEAK_PULLUP ;        ;              ;                     ; Column I/O   ;                 ; no       ; On           ;
; E10      ;            ;                ; GND                             ; gnd    ;              ;                     ; --           ;                 ; --       ; --           ;
; E11      ; 504        ; 8A             ; vga_green[7]                    ; output ; 2.5 V        ;                     ; Column I/O   ; Y               ; no       ; Off          ;
; E12      ; 494        ; 8A             ; vga_red[6]                      ; output ; 2.5 V        ;                     ; Column I/O   ; Y               ; no       ; Off          ;
; E13      ; 488        ; 8A             ; vga_red[2]                      ; output ; 2.5 V        ;                     ; Column I/O   ; Y               ; no       ; Off          ;
; E14      ; 454        ; 7D             ; RESERVED_INPUT_WITH_WEAK_PULLUP ;        ;              ;                     ; Column I/O   ;                 ; no       ; On           ;
; E15      ;            ; 7D             ; VCCIO7D_HPS                     ; power  ;              ; 2.5V                ; --           ;                 ; --       ; --           ;
; E16      ; 443        ; 7D             ; RESERVED_INPUT_WITH_WEAK_PULLUP ;        ;              ;                     ; Column I/O   ;                 ; no       ; On           ;
; E17      ; 438        ; 7C             ; RESERVED_INPUT_WITH_WEAK_PULLUP ;        ;              ;                     ; Column I/O   ;                 ; no       ; On           ;
; E18      ; 437        ; 7C             ; RESERVED_INPUT_WITH_WEAK_PULLUP ;        ;              ;                     ; Column I/O   ;                 ; no       ; On           ;
; E19      ; 424        ; 7B             ; RESERVED_INPUT_WITH_WEAK_PULLUP ;        ;              ;                     ; Column I/O   ;                 ; no       ; On           ;
; E20      ;            ; 7B             ; VCCIO7B_HPS                     ; power  ;              ; 2.5V                ; --           ;                 ; --       ; --           ;
; E21      ; 412        ; 7B             ; RESERVED_INPUT_WITH_WEAK_PULLUP ;        ;              ;                     ; Column I/O   ;                 ; no       ; On           ;
; E22      ;            ; 7A, 7B, 7C, 7D ; VREFB7A7B7C7DN0_HPS             ; power  ;              ;                     ; --           ;                 ; --       ; --           ;
; E23      ; 394        ; 7A             ; RESERVED_INPUT_WITH_WEAK_PULLUP ;        ;              ;                     ; Column I/O   ;                 ; no       ; On           ;
; E24      ; 403        ; 7A             ; RESERVED_INPUT_WITH_WEAK_PULLUP ;        ;              ;                     ; Column I/O   ;                 ; no       ; On           ;
; E25      ;            ;                ; GND                             ; gnd    ;              ;                     ; --           ;                 ; --       ; --           ;
; E26      ;            ;                ; DNU                             ;        ;              ;                     ; --           ;                 ; --       ; --           ;
; E27      ; 357        ; 6A             ; RESERVED_INPUT_WITH_WEAK_PULLUP ;        ;              ;                     ; Row I/O      ;                 ; no       ; On           ;
; E28      ; 351        ; 6A             ; RESERVED_INPUT_WITH_WEAK_PULLUP ;        ;              ;                     ; Row I/O      ;                 ; no       ; On           ;
; E29      ; 353        ; 6A             ; RESERVED_INPUT_WITH_WEAK_PULLUP ;        ;              ;                     ; Row I/O      ;                 ; no       ; On           ;
; E30      ;            ;                ; GND                             ; gnd    ;              ;                     ; --           ;                 ; --       ; --           ;
; F1       ;            ;                ; DNU                             ;        ;              ;                     ; --           ;                 ; --       ; --           ;
; F2       ;            ;                ; GND                             ; gnd    ;              ;                     ; --           ;                 ; --       ; --           ;
; F3       ; 539        ; 9A             ; ^CONF_DONE                      ;        ;              ;                     ; --           ;                 ; --       ; --           ;
; F4       ; 541        ; 9A             ; ^nSTATUS                        ;        ;              ;                     ; --           ;                 ; --       ; --           ;
; F5       ;            ;                ; GND                             ; gnd    ;              ;                     ; --           ;                 ; --       ; --           ;
; F6       ; 537        ; 8A             ; RESERVED_INPUT_WITH_WEAK_PULLUP ;        ;              ;                     ; Column I/O   ;                 ; no       ; On           ;
; F7       ;            ;                ; GND                             ; gnd    ;              ;                     ; --           ;                 ; --       ; --           ;
; F8       ; 536        ; 8A             ; RESERVED_INPUT_WITH_WEAK_PULLUP ;        ;              ;                     ; Column I/O   ;                 ; no       ; On           ;
; F9       ; 534        ; 8A             ; RESERVED_INPUT_WITH_WEAK_PULLUP ;        ;              ;                     ; Column I/O   ;                 ; no       ; On           ;
; F10      ; 528        ; 8A             ; vga_blank_n                     ; output ; 2.5 V        ;                     ; Column I/O   ; Y               ; no       ; Off          ;
; F11      ; 502        ; 8A             ; vga_green[6]                    ; output ; 2.5 V        ;                     ; Column I/O   ; Y               ; no       ; Off          ;
; F12      ;            ; 8A             ; VCCIO8A                         ; power  ;              ; 2.5V                ; --           ;                 ; --       ; --           ;
; F13      ; 486        ; 8A             ; vga_red[7]                      ; output ; 2.5 V        ;                     ; Column I/O   ; Y               ; no       ; Off          ;
; F14      ; 468        ; 8A             ; vga_blue[3]                     ; output ; 2.5 V        ;                     ; Column I/O   ; Y               ; no       ; Off          ;
; F15      ; 466        ; 8A             ; vga_blue[5]                     ; output ; 2.5 V        ;                     ; Column I/O   ; Y               ; no       ; Off          ;
; F16      ; 442        ; 7D             ; RESERVED_INPUT_WITH_WEAK_PULLUP ;        ;              ;                     ; Column I/O   ;                 ; no       ; On           ;
; F17      ;            ;                ; GND                             ; gnd    ;              ;                     ; --           ;                 ; --       ; --           ;
; F18      ; 430        ; 7C             ; RESERVED_INPUT_WITH_WEAK_PULLUP ;        ;              ;                     ; Column I/O   ;                 ; no       ; On           ;
; F19      ; 410        ; 7B             ; RESERVED_INPUT_WITH_WEAK_PULLUP ;        ;              ;                     ; Column I/O   ;                 ; no       ; On           ;
; F20      ; 407        ; 7B             ; RESERVED_INPUT_WITH_WEAK_PULLUP ;        ;              ;                     ; Column I/O   ;                 ; no       ; On           ;
; F21      ; 409        ; 7B             ; RESERVED_INPUT_WITH_WEAK_PULLUP ;        ;              ;                     ; Column I/O   ;                 ; no       ; On           ;
; F22      ;            ; 7A             ; VCCIO7A_HPS                     ; power  ;              ; 2.5V                ; --           ;                 ; --       ; --           ;
; F23      ; 375        ; 7A             ; ^HPS_nPOR                       ;        ;              ;                     ; --           ;                 ; --       ; --           ;
; F24      ; 383        ; 7A             ; ^HPS_PORSEL                     ;        ;              ;                     ; --           ;                 ; --       ; --           ;
; F25      ; 385        ; 7A             ; ^HPS_CLK2                       ;        ;              ;                     ; --           ;                 ; --       ; --           ;
; F26      ; 341        ; 6A             ; RESERVED_INPUT_WITH_WEAK_PULLUP ;        ;              ;                     ; Row I/O      ;                 ; no       ; On           ;
; F27      ;            ;                ; GND                             ; gnd    ;              ;                     ; --           ;                 ; --       ; --           ;
; F28      ; 345        ; 6A             ; RESERVED_INPUT_WITH_WEAK_PULLUP ;        ;              ;                     ; Row I/O      ;                 ; no       ; On           ;
; F29      ; 349        ; 6A             ; RESERVED_INPUT_WITH_WEAK_PULLUP ;        ;              ;                     ; Row I/O      ;                 ; no       ; On           ;
; F30      ; 347        ; 6A             ; RESERVED_INPUT_WITH_WEAK_PULLUP ;        ;              ;                     ; Row I/O      ;                 ; no       ; On           ;
; G1       ;            ;                ; GND                             ;        ;              ;                     ; --           ;                 ; --       ; --           ;
; G2       ;            ;                ; DNU                             ;        ;              ;                     ; --           ;                 ; --       ; --           ;
; G3       ;            ;                ; GND                             ; gnd    ;              ;                     ; --           ;                 ; --       ; --           ;
; G4       ;            ;                ; GND                             ; gnd    ;              ;                     ; --           ;                 ; --       ; --           ;
; G5       ; 542        ; 9A             ; ^nCE                            ;        ;              ;                     ; --           ;                 ; --       ; --           ;
; G6       ; 543        ; 9A             ; ^MSEL2                          ;        ;              ;                     ; --           ;                 ; --       ; --           ;
; G7       ; 535        ; 8A             ; audio_masterClock               ; bidir  ; 2.5 V        ;                     ; Column I/O   ; Y               ; no       ; Off          ;
; G8       ; 492        ; 8A             ; RESERVED_INPUT_WITH_WEAK_PULLUP ;        ;              ;                     ; Column I/O   ;                 ; no       ; On           ;
; G9       ;            ; 8A             ; VCCIO8A                         ; power  ;              ; 2.5V                ; --           ;                 ; --       ; --           ;
; G10      ; 526        ; 8A             ; vga_green[3]                    ; output ; 2.5 V        ;                     ; Column I/O   ; Y               ; no       ; Off          ;
; G11      ; 520        ; 8A             ; vga_green[4]                    ; output ; 2.5 V        ;                     ; Column I/O   ; Y               ; no       ; Off          ;
; G12      ; 518        ; 8A             ; vga_green[5]                    ; output ; 2.5 V        ;                     ; Column I/O   ; Y               ; no       ; Off          ;
; G13      ; 484        ; 8A             ; vga_blue[1]                     ; output ; 2.5 V        ;                     ; Column I/O   ; Y               ; no       ; Off          ;
; G14      ;            ; 8A             ; VCCIO8A                         ; power  ;              ; 2.5V                ; --           ;                 ; --       ; --           ;
; G15      ; 460        ; 8A             ; vga_blue[6]                     ; output ; 2.5 V        ;                     ; Column I/O   ; Y               ; no       ; Off          ;
; G16      ; 444        ; 7D             ; RESERVED_INPUT_WITH_WEAK_PULLUP ;        ;              ;                     ; Column I/O   ;                 ; no       ; On           ;
; G17      ; 436        ; 7C             ; RESERVED_INPUT_WITH_WEAK_PULLUP ;        ;              ;                     ; Column I/O   ;                 ; no       ; On           ;
; G18      ; 432        ; 7C             ; RESERVED_INPUT_WITH_WEAK_PULLUP ;        ;              ;                     ; Column I/O   ;                 ; no       ; On           ;
; G19      ;            ; 7B             ; VCCIO7B_HPS                     ; power  ;              ; 2.5V                ; --           ;                 ; --       ; --           ;
; G20      ; 416        ; 7B             ; RESERVED_INPUT_WITH_WEAK_PULLUP ;        ;              ;                     ; Column I/O   ;                 ; no       ; On           ;
; G21      ; 392        ; 7A             ; RESERVED_INPUT_WITH_WEAK_PULLUP ;        ;              ;                     ; Column I/O   ;                 ; no       ; On           ;
; G22      ; 400        ; 7A             ; RESERVED_INPUT_WITH_WEAK_PULLUP ;        ;              ;                     ; Column I/O   ;                 ; no       ; On           ;
; G23      ; 377        ; 7A             ; ^VCCRSTCLK_HPS                  ;        ;              ;                     ; --           ;                 ; --       ; --           ;
; G24      ;            ;                ; GND                             ; gnd    ;              ;                     ; --           ;                 ; --       ; --           ;
; G25      ; 370        ; 6A             ; RESERVED_INPUT_WITH_WEAK_PULLUP ;        ;              ;                     ; Row I/O      ;                 ; no       ; On           ;
; G26      ; 362        ; 6A             ; RESERVED_INPUT_WITH_WEAK_PULLUP ;        ;              ;                     ; Row I/O      ;                 ; no       ; On           ;
; G27      ; 339        ; 6A             ; RESERVED_INPUT_WITH_WEAK_PULLUP ;        ;              ;                     ; Row I/O      ;                 ; --       ; --           ;
; G28      ; 335        ; 6A             ; RESERVED_INPUT_WITH_WEAK_PULLUP ;        ;              ;                     ; Row I/O      ;                 ; no       ; On           ;
; G29      ;            ; 6A             ; VCCIO6A_HPS                     ; power  ;              ; 2.5V                ; --           ;                 ; --       ; --           ;
; G30      ; 343        ; 6A             ; RESERVED_INPUT_WITH_WEAK_PULLUP ;        ;              ;                     ; Row I/O      ;                 ; no       ; On           ;
; H1       ;            ;                ; GND                             ; gnd    ;              ;                     ; --           ;                 ; --       ; --           ;
; H2       ;            ;                ; GND                             ; gnd    ;              ;                     ; --           ;                 ; --       ; --           ;
; H3       ;            ;                ; DNU                             ;        ;              ;                     ; --           ;                 ; --       ; --           ;
; H4       ;            ;                ; DNU                             ;        ;              ;                     ; --           ;                 ; --       ; --           ;
; H5       ;            ;                ; GND                             ; gnd    ;              ;                     ; --           ;                 ; --       ; --           ;
; H6       ;            ; 8A             ; VCCIO8A                         ; power  ;              ; 2.5V                ; --           ;                 ; --       ; --           ;
; H7       ; 508        ; 8A             ; audio_bitClock                  ; bidir  ; 2.5 V        ;                     ; Column I/O   ; Y               ; no       ; Off          ;
; H8       ; 490        ; 8A             ; audio_leftRightClock            ; bidir  ; 2.5 V        ;                     ; Column I/O   ; Y               ; no       ; Off          ;
; H9       ;            ; --             ; VCCBAT                          ; power  ;              ; 1.2V                ; --           ;                 ; --       ; --           ;
; H10      ;            ; --             ; VCC_AUX                         ; power  ;              ; 2.5V                ; --           ;                 ; --       ; --           ;
; H11      ;            ;                ; GND                             ; gnd    ;              ;                     ; --           ;                 ; --       ; --           ;
; H12      ; 500        ; 8A             ; vga_green[2]                    ; output ; 2.5 V        ;                     ; Column I/O   ; Y               ; no       ; Off          ;
; H13      ; 498        ; 8A             ; vga_blue[2]                     ; output ; 2.5 V        ;                     ; Column I/O   ; Y               ; no       ; Off          ;
; H14      ; 482        ; 8A             ; vga_blue[4]                     ; output ; 2.5 V        ;                     ; Column I/O   ; Y               ; no       ; Off          ;
; H15      ; 458        ; 8A             ; RESERVED_INPUT_WITH_WEAK_PULLUP ;        ;              ;                     ; Column I/O   ;                 ; no       ; On           ;
; H16      ;            ; 7D             ; VCCIO7D_HPS                     ; power  ;              ; 2.5V                ; --           ;                 ; --       ; --           ;
; H17      ; 434        ; 7C             ; RESERVED_INPUT_WITH_WEAK_PULLUP ;        ;              ;                     ; Column I/O   ;                 ; no       ; On           ;
; H18      ; 422        ; 7B             ; RESERVED_INPUT_WITH_WEAK_PULLUP ;        ;              ;                     ; Column I/O   ;                 ; no       ; On           ;
; H19      ; 406        ; 7B             ; RESERVED_INPUT_WITH_WEAK_PULLUP ;        ;              ;                     ; Column I/O   ;                 ; no       ; On           ;
; H20      ; 398        ; 7A             ; RESERVED_INPUT_WITH_WEAK_PULLUP ;        ;              ;                     ; Column I/O   ;                 ; no       ; On           ;
; H21      ;            ; 7A             ; VCCIO7A_HPS                     ; power  ;              ; 2.5V                ; --           ;                 ; --       ; --           ;
; H22      ; 379        ; 7A             ; ^HPS_TCK                        ;        ;              ;                     ; --           ;                 ; --       ; --           ;
; H23      ; 390        ; 7A             ; RESERVED_INPUT_WITH_WEAK_PULLUP ;        ;              ;                     ; Column I/O   ;                 ; no       ; On           ;
; H24      ; 364        ; 6A             ; RESERVED_INPUT_WITH_WEAK_PULLUP ;        ;              ;                     ; Row I/O      ;                 ; no       ; On           ;
; H25      ; 368        ; 6A             ; RESERVED_INPUT_WITH_WEAK_PULLUP ;        ;              ;                     ; Row I/O      ;                 ; no       ; On           ;
; H26      ;            ; 6A             ; VCCIO6A_HPS                     ; power  ;              ; 2.5V                ; --           ;                 ; --       ; --           ;
; H27      ; 360        ; 6A             ; RESERVED_INPUT_WITH_WEAK_PULLUP ;        ;              ;                     ; Row I/O      ;                 ; no       ; On           ;
; H28      ; 333        ; 6A             ; RESERVED_INPUT_WITH_WEAK_PULLUP ;        ;              ;                     ; Row I/O      ;                 ; no       ; On           ;
; H29      ; 331        ; 6A             ; RESERVED_INPUT_WITH_WEAK_PULLUP ;        ;              ;                     ; Row I/O      ;                 ; no       ; On           ;
; H30      ; 337        ; 6A             ; RESERVED_INPUT_WITH_WEAK_PULLUP ;        ;              ;                     ; Row I/O      ;                 ; no       ; On           ;
; J1       ;            ;                ; GND                             ; gnd    ;              ;                     ; --           ;                 ; --       ; --           ;
; J2       ;            ;                ; GND                             ; gnd    ;              ;                     ; --           ;                 ; --       ; --           ;
; J3       ;            ;                ; GND                             ; gnd    ;              ;                     ; --           ;                 ; --       ; --           ;
; J4       ;            ;                ; GND                             ; gnd    ;              ;                     ; --           ;                 ; --       ; --           ;
; J5       ; 545        ; 9A             ; ^nCONFIG                        ;        ;              ;                     ; --           ;                 ; --       ; --           ;
; J6       ; 547        ; 9A             ; ^GND                            ;        ;              ;                     ; --           ;                 ; --       ; --           ;
; J7       ; 506        ; 8A             ; audio_data                      ; bidir  ; 2.5 V        ;                     ; Column I/O   ; Y               ; no       ; Off          ;
; J8       ;            ;                ; GND                             ; gnd    ;              ;                     ; --           ;                 ; --       ; --           ;
; J9       ; 532        ; 8A             ; vga_green[0]                    ; output ; 2.5 V        ;                     ; Column I/O   ; Y               ; no       ; Off          ;
; J10      ; 530        ; 8A             ; vga_green[1]                    ; output ; 2.5 V        ;                     ; Column I/O   ; Y               ; no       ; Off          ;
; J11      ;            ; --             ; VCCPGM                          ; power  ;              ; 1.8V/2.5V/3.0V/3.3V ; --           ;                 ; --       ; --           ;
; J12      ; 516        ; 8A             ; i2c_clock                       ; bidir  ; 2.5 V        ;                     ; Column I/O   ; Y               ; no       ; Off          ;
; J13      ;            ; 8A             ; VCCIO8A                         ; power  ;              ; 2.5V                ; --           ;                 ; --       ; --           ;
; J14      ; 476        ; 8A             ; vga_blue[7]                     ; output ; 2.5 V        ;                     ; Column I/O   ; Y               ; no       ; Off          ;
; J15      ;            ;                ; DNU                             ;        ;              ;                     ; --           ;                 ; --       ; --           ;
; J16      ;            ; --             ; VCC_AUX                         ; power  ;              ; 2.5V                ; --           ;                 ; --       ; --           ;
; J17      ;            ; 7C             ; VCCPD7C_HPS                     ; power  ;              ; 2.5V                ; --           ;                 ; --       ; --           ;
; J18      ;            ;                ; GND                             ; gnd    ;              ;                     ; --           ;                 ; --       ; --           ;
; J19      ; 408        ; 7B             ; RESERVED_INPUT_WITH_WEAK_PULLUP ;        ;              ;                     ; Column I/O   ;                 ; no       ; On           ;
; J20      ;            ; --             ; VCCRSTCLK_HPS                   ; power  ;              ; 1.8V/2.5V/3.0V/3.3V ; --           ;                 ; --       ; --           ;
; J21      ;            ; --             ; VCC_AUX_SHARED                  ; power  ;              ; 2.5V                ; --           ;                 ; --       ; --           ;
; J22      ; 372        ; 7A             ; ^GND                            ;        ;              ;                     ; --           ;                 ; --       ; --           ;
; J23      ; 354        ; 6A             ; RESERVED_INPUT_WITH_WEAK_PULLUP ;        ;              ;                     ; Row I/O      ;                 ; no       ; On           ;
; J24      ; 352        ; 6A             ; RESERVED_INPUT_WITH_WEAK_PULLUP ;        ;              ;                     ; Row I/O      ;                 ; no       ; On           ;
; J25      ; 344        ; 6A             ; RESERVED_INPUT_WITH_WEAK_PULLUP ;        ;              ;                     ; Row I/O      ;                 ; no       ; On           ;
; J26      ; 323        ; 6A             ; RESERVED_INPUT_WITH_WEAK_PULLUP ;        ;              ;                     ; Row I/O      ;                 ; no       ; On           ;
; J27      ; 346        ; 6A             ; RESERVED_INPUT_WITH_WEAK_PULLUP ;        ;              ;                     ; Row I/O      ;                 ; no       ; On           ;
; J28      ;            ;                ; GND                             ; gnd    ;              ;                     ; --           ;                 ; --       ; --           ;
; J29      ; 327        ; 6A             ; RESERVED_INPUT_WITH_WEAK_PULLUP ;        ;              ;                     ; Row I/O      ;                 ; no       ; On           ;
; J30      ; 329        ; 6A             ; RESERVED_INPUT_WITH_WEAK_PULLUP ;        ;              ;                     ; Row I/O      ;                 ; no       ; On           ;
; K1       ;            ;                ; GND                             ; gnd    ;              ;                     ; --           ;                 ; --       ; --           ;
; K2       ;            ;                ; GND                             ; gnd    ;              ;                     ; --           ;                 ; --       ; --           ;
; K3       ;            ;                ; DNU                             ;        ;              ;                     ; --           ;                 ; --       ; --           ;
; K4       ;            ;                ; DNU                             ;        ;              ;                     ; --           ;                 ; --       ; --           ;
; K5       ;            ;                ; GND                             ; gnd    ;              ;                     ; --           ;                 ; --       ; --           ;
; K6       ; 540        ; 9A             ; ^MSEL1                          ;        ;              ;                     ; --           ;                 ; --       ; --           ;
; K7       ; 522        ; 8A             ; RESERVED_INPUT_WITH_WEAK_PULLUP ;        ;              ;                     ; Column I/O   ;                 ; no       ; On           ;
; K8       ; 524        ; 8A             ; RESERVED_INPUT_WITH_WEAK_PULLUP ;        ;              ;                     ; Column I/O   ;                 ; no       ; On           ;
; K9       ;            ; --             ; VCCA_FPLL                       ; power  ;              ; 2.5V                ; --           ;                 ; --       ; --           ;
; K10      ;            ;                ; GND                             ; gnd    ;              ;                     ; --           ;                 ; --       ; --           ;
; K11      ;            ; 8A             ; VCCPD8A                         ; power  ;              ; 2.5V                ; --           ;                 ; --       ; --           ;
; K12      ; 514        ; 8A             ; i2c_data                        ; bidir  ; 2.5 V        ;                     ; Column I/O   ; Y               ; no       ; Off          ;
; K13      ;            ; 8A             ; VCCPD8A                         ; power  ;              ; 2.5V                ; --           ;                 ; --       ; --           ;
; K14      ; 474        ; 8A             ; RESERVED_INPUT_WITH_WEAK_PULLUP ;        ;              ;                     ; Column I/O   ;                 ; no       ; On           ;
; K15      ;            ;                ; GND                             ; gnd    ;              ;                     ; --           ;                 ; --       ; --           ;
; K16      ;            ; 7D             ; VCCPD7D_HPS                     ; power  ;              ; 2.5V                ; --           ;                 ; --       ; --           ;
; K17      ; 414        ; 7B             ; RESERVED_INPUT_WITH_WEAK_PULLUP ;        ;              ;                     ; Column I/O   ;                 ; no       ; On           ;
; K18      ;            ; 7B             ; VCCPD7B_HPS                     ; power  ;              ; 2.5V                ; --           ;                 ; --       ; --           ;
; K19      ;            ; 7A             ; VCCPD7A_HPS                     ; power  ;              ; 2.5V                ; --           ;                 ; --       ; --           ;
; K20      ;            ;                ; GND                             ; gnd    ;              ;                     ; --           ;                 ; --       ; --           ;
; K21      ; 366        ; 6A             ; RESERVED_INPUT_WITH_WEAK_PULLUP ;        ;              ;                     ; Row I/O      ;                 ; no       ; On           ;
; K22      ; 336        ; 6A             ; RESERVED_INPUT_WITH_WEAK_PULLUP ;        ;              ;                     ; Row I/O      ;                 ; no       ; On           ;
; K23      ; 338        ; 6A             ; RESERVED_INPUT_WITH_WEAK_PULLUP ;        ;              ;                     ; Row I/O      ;                 ; no       ; On           ;
; K24      ;            ; 6A             ; VCCIO6A_HPS                     ; power  ;              ; 2.5V                ; --           ;                 ; --       ; --           ;
; K25      ;            ;                ; GND                             ; gnd    ;              ;                     ; --           ;                 ; --       ; --           ;
; K26      ; 322        ; 6A             ; RESERVED_INPUT_WITH_WEAK_PULLUP ;        ;              ;                     ; Row I/O      ;                 ; no       ; On           ;
; K27      ; 319        ; 6A             ; RESERVED_INPUT_WITH_WEAK_PULLUP ;        ;              ;                     ; Row I/O      ;                 ; no       ; On           ;
; K28      ; 325        ; 6A             ; RESERVED_INPUT_WITH_WEAK_PULLUP ;        ;              ;                     ; Row I/O      ;                 ; no       ; On           ;
; K29      ; 321        ; 6A             ; RESERVED_INPUT_WITH_WEAK_PULLUP ;        ;              ;                     ; Row I/O      ;                 ; no       ; On           ;
; K30      ;            ; 6A             ; VCCIO6A_HPS                     ; power  ;              ; 2.5V                ; --           ;                 ; --       ; --           ;
; L1       ;            ;                ; GND                             ; gnd    ;              ;                     ; --           ;                 ; --       ; --           ;
; L2       ;            ;                ; GND                             ; gnd    ;              ;                     ; --           ;                 ; --       ; --           ;
; L3       ;            ;                ; GND                             ; gnd    ;              ;                     ; --           ;                 ; --       ; --           ;
; L4       ;            ;                ; GND                             ; gnd    ;              ;                     ; --           ;                 ; --       ; --           ;
; L5       ;            ; --             ; VCC                             ; power  ;              ; 1.1V                ; --           ;                 ; --       ; --           ;
; L6       ;            ;                ; GND                             ; gnd    ;              ;                     ; --           ;                 ; --       ; --           ;
; L7       ; 544        ; 9A             ; ^MSEL3                          ;        ;              ;                     ; --           ;                 ; --       ; --           ;
; L8       ; 538        ; 9A             ; ^MSEL0                          ;        ;              ;                     ; --           ;                 ; --       ; --           ;
; L9       ; 546        ; 9A             ; ^MSEL4                          ;        ;              ;                     ; --           ;                 ; --       ; --           ;
; L10      ;            ; 8A             ; VCCPD8A                         ; power  ;              ; 2.5V                ; --           ;                 ; --       ; --           ;
; L11      ;            ;                ; GND                             ; gnd    ;              ;                     ; --           ;                 ; --       ; --           ;
; L12      ;            ; 8A             ; VCCPD8A                         ; power  ;              ; 2.5V                ; --           ;                 ; --       ; --           ;
; L13      ;            ;                ; GND                             ; gnd    ;              ;                     ; --           ;                 ; --       ; --           ;
; L14      ;            ; 8A             ; VCCPD8A                         ; power  ;              ; 2.5V                ; --           ;                 ; --       ; --           ;
; L15      ;            ;                ; GND                             ; gnd    ;              ;                     ; --           ;                 ; --       ; --           ;
; L16      ;            ; --             ; VCC_HPS                         ; power  ;              ; 1.1V                ; --           ;                 ; --       ; --           ;
; L17      ;            ;                ; GND                             ; gnd    ;              ;                     ; --           ;                 ; --       ; --           ;
; L18      ;            ; --             ; VCC_HPS                         ; power  ;              ; 1.1V                ; --           ;                 ; --       ; --           ;
; L19      ;            ;                ; GND                             ; gnd    ;              ;                     ; --           ;                 ; --       ; --           ;
; L20      ;            ; --             ; VCC_HPS                         ; power  ;              ; 1.1V                ; --           ;                 ; --       ; --           ;
; L21      ;            ; --             ; VCCPLL_HPS                      ; power  ;              ; 2.5V                ; --           ;                 ; --       ; --           ;
; L22      ;            ;                ; GND                             ; gnd    ;              ;                     ; --           ;                 ; --       ; --           ;
; L23      ; 350        ; 6A             ; RESERVED_INPUT_WITH_WEAK_PULLUP ;        ;              ;                     ; Row I/O      ;                 ; no       ; On           ;
; L24      ; 328        ; 6A             ; RESERVED_INPUT_WITH_WEAK_PULLUP ;        ;              ;                     ; Row I/O      ;                 ; no       ; On           ;
; L25      ; 330        ; 6A             ; RESERVED_INPUT_WITH_WEAK_PULLUP ;        ;              ;                     ; Row I/O      ;                 ; no       ; On           ;
; L26      ; 320        ; 6A             ; RESERVED_INPUT_WITH_WEAK_PULLUP ;        ;              ;                     ; Row I/O      ;                 ; no       ; On           ;
; L27      ;            ; 6A             ; VCCIO6A_HPS                     ; power  ;              ; 2.5V                ; --           ;                 ; --       ; --           ;
; L28      ; 313        ; 6A             ; RESERVED_INPUT_WITH_WEAK_PULLUP ;        ;              ;                     ; Row I/O      ;                 ; no       ; On           ;
; L29      ; 315        ; 6A             ; RESERVED_INPUT_WITH_WEAK_PULLUP ;        ;              ;                     ; Row I/O      ;                 ; no       ; On           ;
; L30      ; 317        ; 6A             ; RESERVED_INPUT_WITH_WEAK_PULLUP ;        ;              ;                     ; Row I/O      ;                 ; no       ; On           ;
; M1       ;            ;                ; GND                             ; gnd    ;              ;                     ; --           ;                 ; --       ; --           ;
; M2       ;            ;                ; GND                             ; gnd    ;              ;                     ; --           ;                 ; --       ; --           ;
; M3       ;            ;                ; DNU                             ;        ;              ;                     ; --           ;                 ; --       ; --           ;
; M4       ;            ;                ; DNU                             ;        ;              ;                     ; --           ;                 ; --       ; --           ;
; M5       ;            ;                ; GND                             ; gnd    ;              ;                     ; --           ;                 ; --       ; --           ;
; M6       ;            ; --             ; VCC                             ; power  ;              ; 1.1V                ; --           ;                 ; --       ; --           ;
; M7       ;            ;                ; GND                             ; gnd    ;              ;                     ; --           ;                 ; --       ; --           ;
; M8       ;            ;                ; GND                             ; gnd    ;              ;                     ; --           ;                 ; --       ; --           ;
; M9       ;            ; --             ; VCC                             ; power  ;              ; 1.1V                ; --           ;                 ; --       ; --           ;
; M10      ;            ;                ; GND                             ; gnd    ;              ;                     ; --           ;                 ; --       ; --           ;
; M11      ;            ; --             ; VCC                             ; power  ;              ; 1.1V                ; --           ;                 ; --       ; --           ;
; M12      ;            ;                ; GND                             ; gnd    ;              ;                     ; --           ;                 ; --       ; --           ;
; M13      ;            ; --             ; VCC                             ; power  ;              ; 1.1V                ; --           ;                 ; --       ; --           ;
; M14      ;            ;                ; GND                             ; gnd    ;              ;                     ; --           ;                 ; --       ; --           ;
; M15      ;            ; --             ; VCC_HPS                         ; power  ;              ; 1.1V                ; --           ;                 ; --       ; --           ;
; M16      ;            ;                ; GND                             ; gnd    ;              ;                     ; --           ;                 ; --       ; --           ;
; M17      ; 450        ; 7D             ; RESERVED_INPUT_WITH_WEAK_PULLUP ;        ;              ;                     ; Column I/O   ;                 ; no       ; On           ;
; M18      ;            ;                ; GND                             ; gnd    ;              ;                     ; --           ;                 ; --       ; --           ;
; M19      ; 334        ; 6A             ; RESERVED_INPUT_WITH_WEAK_PULLUP ;        ;              ;                     ; Row I/O      ;                 ; no       ; On           ;
; M20      ;            ;                ; GND                             ; gnd    ;              ;                     ; --           ;                 ; --       ; --           ;
; M21      ;            ; 6A, 6B         ; VCCPD6A6B_HPS                   ; power  ;              ; 2.5V                ; --           ;                 ; --       ; --           ;
; M22      ; 308        ; 6A             ; RESERVED_INPUT_WITH_WEAK_PULLUP ;        ;              ;                     ; Row I/O      ;                 ; no       ; On           ;
; M23      ; 348        ; 6A             ; RESERVED_INPUT_WITH_WEAK_PULLUP ;        ;              ;                     ; Row I/O      ;                 ; no       ; On           ;
; M24      ;            ; 6A             ; VCCIO6A_HPS                     ; power  ;              ; 2.5V                ; --           ;                 ; --       ; --           ;
; M25      ; 324        ; 6A             ; RESERVED_INPUT_WITH_WEAK_PULLUP ;        ;              ;                     ; Row I/O      ;                 ; no       ; On           ;
; M26      ; 314        ; 6A             ; RESERVED_INPUT_WITH_WEAK_PULLUP ;        ;              ;                     ; Row I/O      ;                 ; no       ; On           ;
; M27      ; 312        ; 6A             ; RESERVED_INPUT_WITH_WEAK_PULLUP ;        ;              ;                     ; Row I/O      ;                 ; no       ; On           ;
; M28      ; 309        ; 6A             ; RESERVED_INPUT_WITH_WEAK_PULLUP ;        ;              ;                     ; Row I/O      ;                 ; no       ; On           ;
; M29      ;            ;                ; GND                             ; gnd    ;              ;                     ; --           ;                 ; --       ; --           ;
; M30      ; 311        ; 6A             ; RESERVED_INPUT_WITH_WEAK_PULLUP ;        ;              ;                     ; Row I/O      ;                 ; no       ; On           ;
; N1       ;            ;                ; GND                             ; gnd    ;              ;                     ; --           ;                 ; --       ; --           ;
; N2       ;            ;                ; GND                             ; gnd    ;              ;                     ; --           ;                 ; --       ; --           ;
; N3       ;            ;                ; GND                             ; gnd    ;              ;                     ; --           ;                 ; --       ; --           ;
; N4       ;            ;                ; GND                             ; gnd    ;              ;                     ; --           ;                 ; --       ; --           ;
; N5       ;            ; --             ; VCC                             ; power  ;              ; 1.1V                ; --           ;                 ; --       ; --           ;
; N6       ;            ;                ; GND                             ; gnd    ;              ;                     ; --           ;                 ; --       ; --           ;
; N7       ;            ; --             ; VCCA_FPLL                       ; power  ;              ; 2.5V                ; --           ;                 ; --       ; --           ;
; N8       ;            ;                ; GND                             ; gnd    ;              ;                     ; --           ;                 ; --       ; --           ;
; N9       ;            ;                ; GND                             ; gnd    ;              ;                     ; --           ;                 ; --       ; --           ;
; N10      ;            ; --             ; VCC                             ; power  ;              ; 1.1V                ; --           ;                 ; --       ; --           ;
; N11      ;            ;                ; GND                             ; gnd    ;              ;                     ; --           ;                 ; --       ; --           ;
; N12      ;            ; --             ; VCC                             ; power  ;              ; 1.1V                ; --           ;                 ; --       ; --           ;
; N13      ;            ;                ; GND                             ; gnd    ;              ;                     ; --           ;                 ; --       ; --           ;
; N14      ;            ; --             ; VCC                             ; power  ;              ; 1.1V                ; --           ;                 ; --       ; --           ;
; N15      ;            ;                ; GND                             ; gnd    ;              ;                     ; --           ;                 ; --       ; --           ;
; N16      ; 452        ; 7D             ; RESERVED_INPUT_WITH_WEAK_PULLUP ;        ;              ;                     ; Column I/O   ;                 ; no       ; On           ;
; N17      ;            ;                ; GND                             ; gnd    ;              ;                     ; --           ;                 ; --       ; --           ;
; N18      ; 332        ; 6A             ; RESERVED_INPUT_WITH_WEAK_PULLUP ;        ;              ;                     ; Row I/O      ;                 ; no       ; On           ;
; N19      ;            ;                ; GND                             ; gnd    ;              ;                     ; --           ;                 ; --       ; --           ;
; N20      ;            ; --             ; VCC_HPS                         ; power  ;              ; 1.1V                ; --           ;                 ; --       ; --           ;
; N21      ;            ; 6A             ; VCCIO6A_HPS                     ; power  ;              ; 2.5V                ; --           ;                 ; --       ; --           ;
; N22      ;            ; 6A, 6B         ; VCCPD6A6B_HPS                   ; power  ;              ; 2.5V                ; --           ;                 ; --       ; --           ;
; N23      ; 310        ; 6A             ; RESERVED_INPUT_WITH_WEAK_PULLUP ;        ;              ;                     ; Row I/O      ;                 ; no       ; On           ;
; N24      ; 318        ; 6A             ; RESERVED_INPUT_WITH_WEAK_PULLUP ;        ;              ;                     ; Row I/O      ;                 ; no       ; On           ;
; N25      ; 316        ; 6A             ; RESERVED_INPUT_WITH_WEAK_PULLUP ;        ;              ;                     ; Row I/O      ;                 ; no       ; On           ;
; N26      ;            ;                ; GND                             ; gnd    ;              ;                     ; --           ;                 ; --       ; --           ;
; N27      ; 297        ; 6B             ; RESERVED_INPUT_WITH_WEAK_PULLUP ;        ;              ;                     ; Row I/O      ;                 ; no       ; On           ;
; N28      ; 303        ; 6B             ; RESERVED_INPUT_WITH_WEAK_PULLUP ;        ;              ;                     ; Row I/O      ;                 ; no       ; On           ;
; N29      ; 305        ; 6B             ; RESERVED_INPUT_WITH_WEAK_PULLUP ;        ;              ;                     ; Row I/O      ;                 ; no       ; On           ;
; N30      ; 307        ; 6B             ; RESERVED_INPUT_WITH_WEAK_PULLUP ;        ;              ;                     ; Row I/O      ;                 ; no       ; On           ;
; P1       ;            ;                ; GND                             ; gnd    ;              ;                     ; --           ;                 ; --       ; --           ;
; P2       ;            ;                ; GND                             ; gnd    ;              ;                     ; --           ;                 ; --       ; --           ;
; P3       ;            ;                ; DNU                             ;        ;              ;                     ; --           ;                 ; --       ; --           ;
; P4       ;            ;                ; DNU                             ;        ;              ;                     ; --           ;                 ; --       ; --           ;
; P5       ;            ;                ; GND                             ; gnd    ;              ;                     ; --           ;                 ; --       ; --           ;
; P6       ;            ; --             ; VCCA_FPLL                       ; power  ;              ; 2.5V                ; --           ;                 ; --       ; --           ;
; P7       ;            ;                ; GND                             ; gnd    ;              ;                     ; --           ;                 ; --       ; --           ;
; P8       ;            ;                ; GND                             ; gnd    ;              ;                     ; --           ;                 ; --       ; --           ;
; P9       ;            ;                ; GND                             ; gnd    ;              ;                     ; --           ;                 ; --       ; --           ;
; P10      ;            ;                ; GND                             ; gnd    ;              ;                     ; --           ;                 ; --       ; --           ;
; P11      ;            ; --             ; VCC                             ; power  ;              ; 1.1V                ; --           ;                 ; --       ; --           ;
; P12      ;            ;                ; GND                             ; gnd    ;              ;                     ; --           ;                 ; --       ; --           ;
; P13      ;            ; --             ; VCC                             ; power  ;              ; 1.1V                ; --           ;                 ; --       ; --           ;
; P14      ;            ;                ; GND                             ; gnd    ;              ;                     ; --           ;                 ; --       ; --           ;
; P15      ;            ; --             ; VCC_HPS                         ; power  ;              ; 1.1V                ; --           ;                 ; --       ; --           ;
; P16      ;            ;                ; GND                             ; gnd    ;              ;                     ; --           ;                 ; --       ; --           ;
; P17      ;            ; --             ; VCC_HPS                         ; power  ;              ; 1.1V                ; --           ;                 ; --       ; --           ;
; P18      ;            ;                ; GND                             ; gnd    ;              ;                     ; --           ;                 ; --       ; --           ;
; P19      ;            ; --             ; VCC_HPS                         ; power  ;              ; 1.1V                ; --           ;                 ; --       ; --           ;
; P20      ;            ;                ; GND                             ; gnd    ;              ;                     ; --           ;                 ; --       ; --           ;
; P21      ;            ; 6A, 6B         ; VCCPD6A6B_HPS                   ; power  ;              ; 2.5V                ; --           ;                 ; --       ; --           ;
; P22      ; 294        ; 6B             ; RESERVED_INPUT_WITH_WEAK_PULLUP ;        ;              ;                     ; Row I/O      ;                 ; no       ; On           ;
; P23      ;            ; 6B             ; VCCIO6B_HPS                     ; power  ;              ; 2.5V                ; --           ;                 ; --       ; --           ;
; P24      ; 290        ; 6B             ; RESERVED_INPUT_WITH_WEAK_PULLUP ;        ;              ;                     ; Row I/O      ;                 ; no       ; On           ;
; P25      ; 288        ; 6B             ; RESERVED_INPUT_WITH_WEAK_PULLUP ;        ;              ;                     ; Row I/O      ;                 ; no       ; On           ;
; P26      ; 298        ; 6B             ; RESERVED_INPUT_WITH_WEAK_PULLUP ;        ;              ;                     ; Row I/O      ;                 ; no       ; On           ;
; P27      ; 296        ; 6B             ; RESERVED_INPUT_WITH_WEAK_PULLUP ;        ;              ;                     ; Row I/O      ;                 ; no       ; On           ;
; P28      ;            ; 6B             ; VCCIO6B_HPS                     ; power  ;              ; 2.5V                ; --           ;                 ; --       ; --           ;
; P29      ; 299        ; 6B             ; RESERVED_INPUT_WITH_WEAK_PULLUP ;        ;              ;                     ; Row I/O      ;                 ; no       ; On           ;
; P30      ; 301        ; 6B             ; RESERVED_INPUT_WITH_WEAK_PULLUP ;        ;              ;                     ; Row I/O      ;                 ; no       ; On           ;
; R1       ;            ;                ; GND                             ; gnd    ;              ;                     ; --           ;                 ; --       ; --           ;
; R2       ;            ;                ; GND                             ; gnd    ;              ;                     ; --           ;                 ; --       ; --           ;
; R3       ;            ;                ; GND                             ; gnd    ;              ;                     ; --           ;                 ; --       ; --           ;
; R4       ;            ;                ; GND                             ; gnd    ;              ;                     ; --           ;                 ; --       ; --           ;
; R5       ;            ; --             ; VCC                             ; power  ;              ; 1.1V                ; --           ;                 ; --       ; --           ;
; R6       ;            ;                ; GND                             ; gnd    ;              ;                     ; --           ;                 ; --       ; --           ;
; R7       ;            ; --             ; VCCA_FPLL                       ; power  ;              ; 2.5V                ; --           ;                 ; --       ; --           ;
; R8       ;            ;                ; GND                             ; gnd    ;              ;                     ; --           ;                 ; --       ; --           ;
; R9       ;            ;                ; GND                             ; gnd    ;              ;                     ; --           ;                 ; --       ; --           ;
; R10      ;            ; --             ; VCC                             ; power  ;              ; 1.1V                ; --           ;                 ; --       ; --           ;
; R11      ;            ;                ; GND                             ; gnd    ;              ;                     ; --           ;                 ; --       ; --           ;
; R12      ;            ; --             ; VCC                             ; power  ;              ; 1.1V                ; --           ;                 ; --       ; --           ;
; R13      ;            ;                ; GND                             ; gnd    ;              ;                     ; --           ;                 ; --       ; --           ;
; R14      ;            ; --             ; VCC                             ; power  ;              ; 1.1V                ; --           ;                 ; --       ; --           ;
; R15      ;            ;                ; GND                             ; gnd    ;              ;                     ; --           ;                 ; --       ; --           ;
; R16      ;            ; --             ; VCC_HPS                         ; power  ;              ; 1.1V                ; --           ;                 ; --       ; --           ;
; R17      ;            ;                ; GND                             ; gnd    ;              ;                     ; --           ;                 ; --       ; --           ;
; R18      ; 302        ; 6B             ; RESERVED_INPUT_WITH_WEAK_PULLUP ;        ;              ;                     ; Row I/O      ;                 ; no       ; On           ;
; R19      ; 300        ; 6B             ; RESERVED_INPUT_WITH_WEAK_PULLUP ;        ;              ;                     ; Row I/O      ;                 ; no       ; On           ;
; R20      ;            ; 6A, 6B         ; VCCPD6A6B_HPS                   ; power  ;              ; 2.5V                ; --           ;                 ; --       ; --           ;
; R21      ; 286        ; 6B             ; RESERVED_INPUT_WITH_WEAK_PULLUP ;        ;              ;                     ; Row I/O      ;                 ; no       ; On           ;
; R22      ; 284        ; 6B             ; RESERVED_INPUT_WITH_WEAK_PULLUP ;        ;              ;                     ; Row I/O      ;                 ; no       ; On           ;
; R23      ;            ; 6A, 6B         ; VCCPD6A6B_HPS                   ; power  ;              ; 2.5V                ; --           ;                 ; --       ; --           ;
; R24      ; 272        ; 6B             ; RESERVED_INPUT_WITH_WEAK_PULLUP ;        ;              ;                     ; Row I/O      ;                 ; no       ; On           ;
; R25      ;            ; 6B             ; VCCIO6B_HPS                     ; power  ;              ; 2.5V                ; --           ;                 ; --       ; --           ;
; R26      ; 280        ; 6B             ; RESERVED_INPUT_WITH_WEAK_PULLUP ;        ;              ;                     ; Row I/O      ;                 ; no       ; On           ;
; R27      ; 282        ; 6B             ; RESERVED_INPUT_WITH_WEAK_PULLUP ;        ;              ;                     ; Row I/O      ;                 ; no       ; On           ;
; R28      ; 293        ; 6B             ; RESERVED_INPUT_WITH_WEAK_PULLUP ;        ;              ;                     ; Row I/O      ;                 ; no       ; On           ;
; R29      ; 295        ; 6B             ; RESERVED_INPUT_WITH_WEAK_PULLUP ;        ;              ;                     ; Row I/O      ;                 ; no       ; On           ;
; R30      ;            ;                ; GND                             ; gnd    ;              ;                     ; --           ;                 ; --       ; --           ;
; T1       ;            ;                ; GND                             ; gnd    ;              ;                     ; --           ;                 ; --       ; --           ;
; T2       ;            ;                ; GND                             ; gnd    ;              ;                     ; --           ;                 ; --       ; --           ;
; T3       ;            ;                ; DNU                             ;        ;              ;                     ; --           ;                 ; --       ; --           ;
; T4       ;            ;                ; DNU                             ;        ;              ;                     ; --           ;                 ; --       ; --           ;
; T5       ;            ;                ; GND                             ; gnd    ;              ;                     ; --           ;                 ; --       ; --           ;
; T6       ;            ; --             ; VCC                             ; power  ;              ; 1.1V                ; --           ;                 ; --       ; --           ;
; T7       ;            ;                ; GND                             ; gnd    ;              ;                     ; --           ;                 ; --       ; --           ;
; T8       ;            ;                ; GND                             ; gnd    ;              ;                     ; --           ;                 ; --       ; --           ;
; T9       ;            ;                ; GND                             ; gnd    ;              ;                     ; --           ;                 ; --       ; --           ;
; T10      ;            ;                ; GND                             ; gnd    ;              ;                     ; --           ;                 ; --       ; --           ;
; T11      ;            ; --             ; VCC                             ; power  ;              ; 1.1V                ; --           ;                 ; --       ; --           ;
; T12      ;            ;                ; GND                             ; gnd    ;              ;                     ; --           ;                 ; --       ; --           ;
; T13      ;            ; --             ; VCC                             ; power  ;              ; 1.1V                ; --           ;                 ; --       ; --           ;
; T14      ;            ;                ; GND                             ; gnd    ;              ;                     ; --           ;                 ; --       ; --           ;
; T15      ;            ;                ; GND                             ; gnd    ;              ;                     ; --           ;                 ; --       ; --           ;
; T16      ;            ;                ; GND                             ; gnd    ;              ;                     ; --           ;                 ; --       ; --           ;
; T17      ;            ; --             ; VCC_HPS                         ; power  ;              ; 1.1V                ; --           ;                 ; --       ; --           ;
; T18      ;            ;                ; GND                             ; gnd    ;              ;                     ; --           ;                 ; --       ; --           ;
; T19      ;            ; --             ; VCC_HPS                         ; power  ;              ; 1.1V                ; --           ;                 ; --       ; --           ;
; T20      ;            ;                ; GND                             ; gnd    ;              ;                     ; --           ;                 ; --       ; --           ;
; T21      ; 278        ; 6B             ; RESERVED_INPUT_WITH_WEAK_PULLUP ;        ;              ;                     ; Row I/O      ;                 ; no       ; On           ;
; T22      ;            ; 6B             ; VCCIO6B_HPS                     ; power  ;              ; 2.5V                ; --           ;                 ; --       ; --           ;
; T23      ; 270        ; 6B             ; RESERVED_INPUT_WITH_WEAK_PULLUP ;        ;              ;                     ; Row I/O      ;                 ; no       ; On           ;
; T24      ; 268        ; 6B             ; RESERVED_INPUT_WITH_WEAK_PULLUP ;        ;              ;                     ; Row I/O      ;                 ; no       ; On           ;
; T25      ; 266        ; 6B             ; RESERVED_INPUT_WITH_WEAK_PULLUP ;        ;              ;                     ; Row I/O      ;                 ; no       ; On           ;
; T26      ; 304        ; 6B             ; RESERVED_INPUT_WITH_WEAK_PULLUP ;        ;              ;                     ; Row I/O      ;                 ; no       ; On           ;
; T27      ;            ;                ; GND                             ; gnd    ;              ;                     ; --           ;                 ; --       ; --           ;
; T28      ; 287        ; 6B             ; RESERVED_INPUT_WITH_WEAK_PULLUP ;        ;              ;                     ; Row I/O      ;                 ; no       ; On           ;
; T29      ; 289        ; 6B             ; RESERVED_INPUT_WITH_WEAK_PULLUP ;        ;              ;                     ; Row I/O      ;                 ; no       ; On           ;
; T30      ; 291        ; 6B             ; RESERVED_INPUT_WITH_WEAK_PULLUP ;        ;              ;                     ; Row I/O      ;                 ; no       ; On           ;
; U1       ;            ;                ; GND                             ; gnd    ;              ;                     ; --           ;                 ; --       ; --           ;
; U2       ;            ;                ; GND                             ; gnd    ;              ;                     ; --           ;                 ; --       ; --           ;
; U3       ;            ;                ; GND                             ; gnd    ;              ;                     ; --           ;                 ; --       ; --           ;
; U4       ;            ;                ; GND                             ; gnd    ;              ;                     ; --           ;                 ; --       ; --           ;
; U5       ;            ; --             ; VCC                             ; power  ;              ; 1.1V                ; --           ;                 ; --       ; --           ;
; U6       ;            ;                ; GND                             ; gnd    ;              ;                     ; --           ;                 ; --       ; --           ;
; U7       ; 50         ; 3A             ; ^DCLK                           ;        ;              ;                     ; Weak Pull Up ;                 ; --       ; On           ;
; U8       ; 48         ; 3A             ; #TDI                            ; input  ;              ;                     ; --           ;                 ; --       ; --           ;
; U9       ;            ;                ; GND                             ; gnd    ;              ;                     ; --           ;                 ; --       ; --           ;
; U10      ;            ; --             ; VCC                             ; power  ;              ; 1.1V                ; --           ;                 ; --       ; --           ;
; U11      ;            ;                ; GND                             ; gnd    ;              ;                     ; --           ;                 ; --       ; --           ;
; U12      ;            ; --             ; VCC                             ; power  ;              ; 1.1V                ; --           ;                 ; --       ; --           ;
; U13      ;            ;                ; GND                             ; gnd    ;              ;                     ; --           ;                 ; --       ; --           ;
; U14      ;            ; --             ; VCC                             ; power  ;              ; 1.1V                ; --           ;                 ; --       ; --           ;
; U15      ;            ;                ; GND                             ; gnd    ;              ;                     ; --           ;                 ; --       ; --           ;
; U16      ;            ; --             ; VCC_HPS                         ; power  ;              ; 1.1V                ; --           ;                 ; --       ; --           ;
; U17      ;            ;                ; GND                             ; gnd    ;              ;                     ; --           ;                 ; --       ; --           ;
; U18      ;            ; --             ; VCC_HPS                         ; power  ;              ; 1.1V                ; --           ;                 ; --       ; --           ;
; U19      ;            ; 6B             ; VCCIO6B_HPS                     ; power  ;              ; 2.5V                ; --           ;                 ; --       ; --           ;
; U20      ; 276        ; 6B             ; RESERVED_INPUT_WITH_WEAK_PULLUP ;        ;              ;                     ; Row I/O      ;                 ; no       ; On           ;
; U21      ;            ; --             ; VCC                             ; power  ;              ; 1.1V                ; --           ;                 ; --       ; --           ;
; U22      ;            ;                ; GND                             ; gnd    ;              ;                     ; --           ;                 ; --       ; --           ;
; U23      ;            ; 5B             ; VCCPD5B                         ; power  ;              ; 2.5V                ; --           ;                 ; --       ; --           ;
; U24      ;            ;                ; GND                             ; gnd    ;              ;                     ; --           ;                 ; --       ; --           ;
; U25      ; 264        ; 6B             ; RESERVED_INPUT_WITH_WEAK_PULLUP ;        ;              ;                     ; Row I/O      ;                 ; no       ; On           ;
; U26      ; 306        ; 6B             ; RESERVED_INPUT_WITH_WEAK_PULLUP ;        ;              ;                     ; Row I/O      ;                 ; no       ; On           ;
; U27      ; 273        ; 6B             ; RESERVED_INPUT_WITH_WEAK_PULLUP ;        ;              ;                     ; Row I/O      ;                 ; no       ; On           ;
; U28      ; 285        ; 6B             ; RESERVED_INPUT_WITH_WEAK_PULLUP ;        ;              ;                     ; Row I/O      ;                 ; no       ; On           ;
; U29      ;            ;                ; GND                             ; gnd    ;              ;                     ; --           ;                 ; --       ; --           ;
; U30      ; 283        ; 6B             ; RESERVED_INPUT_WITH_WEAK_PULLUP ;        ;              ;                     ; Row I/O      ;                 ; --       ; --           ;
; V1       ;            ;                ; GND                             ; gnd    ;              ;                     ; --           ;                 ; --       ; --           ;
; V2       ;            ;                ; GND                             ; gnd    ;              ;                     ; --           ;                 ; --       ; --           ;
; V3       ;            ;                ; DNU                             ;        ;              ;                     ; --           ;                 ; --       ; --           ;
; V4       ;            ;                ; DNU                             ;        ;              ;                     ; --           ;                 ; --       ; --           ;
; V5       ;            ;                ; GND                             ; gnd    ;              ;                     ; --           ;                 ; --       ; --           ;
; V6       ;            ; --             ; VCCA_FPLL                       ; power  ;              ; 2.5V                ; --           ;                 ; --       ; --           ;
; V7       ;            ;                ; GND                             ; gnd    ;              ;                     ; --           ;                 ; --       ; --           ;
; V8       ;            ; --             ; VCCA_FPLL                       ; power  ;              ; 2.5V                ; --           ;                 ; --       ; --           ;
; V9       ; 44         ; 3A             ; #TMS                            ; input  ;              ;                     ; --           ;                 ; --       ; --           ;
; V10      ;            ;                ; GND                             ; gnd    ;              ;                     ; --           ;                 ; --       ; --           ;
; V11      ;            ; --             ; VCC                             ; power  ;              ; 1.1V                ; --           ;                 ; --       ; --           ;
; V12      ;            ;                ; GND                             ; gnd    ;              ;                     ; --           ;                 ; --       ; --           ;
; V13      ;            ; --             ; VCC                             ; power  ;              ; 1.1V                ; --           ;                 ; --       ; --           ;
; V14      ;            ;                ; GND                             ; gnd    ;              ;                     ; --           ;                 ; --       ; --           ;
; V15      ;            ; --             ; VCC                             ; power  ;              ; 1.1V                ; --           ;                 ; --       ; --           ;
; V16      ; 138        ; 4A             ; leds[0]                         ; output ; 2.5 V        ;                     ; Column I/O   ; Y               ; no       ; Off          ;
; V17      ; 154        ; 4A             ; leds[2]                         ; output ; 2.5 V        ;                     ; Column I/O   ; Y               ; no       ; Off          ;
; V18      ; 194        ; 4A             ; leds[3]                         ; output ; 2.5 V        ;                     ; Column I/O   ; Y               ; no       ; Off          ;
; V19      ;            ;                ; GND                             ; gnd    ;              ;                     ; --           ;                 ; --       ; --           ;
; V20      ; 292        ; 6B             ; RESERVED_INPUT_WITH_WEAK_PULLUP ;        ;              ;                     ; Row I/O      ;                 ; no       ; On           ;
; V21      ;            ;                ; GND                             ; gnd    ;              ;                     ; --           ;                 ; --       ; --           ;
; V22      ;            ; 5A             ; VCCPD5A                         ; power  ;              ; 2.5V                ; --           ;                 ; --       ; --           ;
; V23      ; 236        ; 5A             ; hex4[5]                         ; output ; 2.5 V        ;                     ; Row I/O      ; Y               ; no       ; Off          ;
; V24      ;            ; 5A             ; VCCPD5A                         ; power  ;              ; 2.5V                ; --           ;                 ; --       ; --           ;
; V25      ; 246        ; 5B             ; hex5[0]                         ; output ; 2.5 V        ;                     ; Row I/O      ; Y               ; no       ; Off          ;
; V26      ;            ; 6B             ; VCCIO6B_HPS                     ; power  ;              ; 2.5V                ; --           ;                 ; --       ; --           ;
; V27      ; 265        ; 6B             ; RESERVED_INPUT_WITH_WEAK_PULLUP ;        ;              ;                     ; Row I/O      ;                 ; no       ; On           ;
; V28      ; 271        ; 6B             ; RESERVED_INPUT_WITH_WEAK_PULLUP ;        ;              ;                     ; Row I/O      ;                 ; no       ; On           ;
; V29      ; 275        ; 6B             ; RESERVED_INPUT_WITH_WEAK_PULLUP ;        ;              ;                     ; Row I/O      ;                 ; no       ; On           ;
; V30      ; 281        ; 6B             ; RESERVED_INPUT_WITH_WEAK_PULLUP ;        ;              ;                     ; Row I/O      ;                 ; no       ; On           ;
; W1       ;            ;                ; GND                             ; gnd    ;              ;                     ; --           ;                 ; --       ; --           ;
; W2       ;            ;                ; GND                             ; gnd    ;              ;                     ; --           ;                 ; --       ; --           ;
; W3       ;            ;                ; GND                             ; gnd    ;              ;                     ; --           ;                 ; --       ; --           ;
; W4       ;            ;                ; GND                             ; gnd    ;              ;                     ; --           ;                 ; --       ; --           ;
; W5       ;            ; --             ; VCC                             ; power  ;              ; 1.1V                ; --           ;                 ; --       ; --           ;
; W6       ;            ;                ; GND                             ; gnd    ;              ;                     ; --           ;                 ; --       ; --           ;
; W7       ;            ;                ; GND                             ; gnd    ;              ;                     ; --           ;                 ; --       ; --           ;
; W8       ;            ;                ; GND                             ; gnd    ;              ;                     ; --           ;                 ; --       ; --           ;
; W9       ;            ;                ; GND                             ; gnd    ;              ;                     ; --           ;                 ; --       ; --           ;
; W10      ;            ; --             ; VCC                             ; power  ;              ; 1.1V                ; --           ;                 ; --       ; --           ;
; W11      ;            ;                ; GND                             ; gnd    ;              ;                     ; --           ;                 ; --       ; --           ;
; W12      ;            ; --             ; VCC                             ; power  ;              ; 1.1V                ; --           ;                 ; --       ; --           ;
; W13      ;            ;                ; GND                             ; gnd    ;              ;                     ; --           ;                 ; --       ; --           ;
; W14      ;            ; --             ; VCC                             ; power  ;              ; 1.1V                ; --           ;                 ; --       ; --           ;
; W15      ; 130        ; 3B             ; push_buttons[2]                 ; input  ; 2.5 V        ;                     ; Column I/O   ; Y               ; no       ; Off          ;
; W16      ; 136        ; 4A             ; leds[1]                         ; output ; 2.5 V        ;                     ; Column I/O   ; Y               ; no       ; Off          ;
; W17      ; 152        ; 4A             ; leds[4]                         ; output ; 2.5 V        ;                     ; Column I/O   ; Y               ; no       ; Off          ;
; W18      ;            ;                ; GND                             ; gnd    ;              ;                     ; --           ;                 ; --       ; --           ;
; W19      ; 192        ; 4A             ; leds[5]                         ; output ; 2.5 V        ;                     ; Column I/O   ; Y               ; no       ; Off          ;
; W20      ; 217        ; 5A             ; leds[7]                         ; output ; 2.5 V        ;                     ; Row I/O      ; Y               ; no       ; Off          ;
; W21      ; 221        ; 5A             ; leds[8]                         ; output ; 2.5 V        ;                     ; Row I/O      ; Y               ; no       ; Off          ;
; W22      ; 223        ; 5A             ; hex4[3]                         ; output ; 2.5 V        ;                     ; Row I/O      ; Y               ; no       ; Off          ;
; W23      ;            ; 5A             ; VCCIO5A                         ; power  ;              ; 2.5V                ; --           ;                 ; --       ; --           ;
; W24      ; 238        ; 5A             ; hex4[4]                         ; output ; 2.5 V        ;                     ; Row I/O      ; Y               ; no       ; Off          ;
; W25      ; 244        ; 5B             ; hex4[6]                         ; output ; 2.5 V        ;                     ; Row I/O      ; Y               ; no       ; Off          ;
; W26      ; 274        ; 6B             ; RESERVED_INPUT_WITH_WEAK_PULLUP ;        ;              ;                     ; Row I/O      ;                 ; no       ; On           ;
; W27      ; 261        ; 6B             ; RESERVED_INPUT_WITH_WEAK_PULLUP ;        ;              ;                     ; Row I/O      ;                 ; no       ; On           ;
; W28      ;            ;                ; GND                             ; gnd    ;              ;                     ; --           ;                 ; --       ; --           ;
; W29      ; 279        ; 6B             ; RESERVED_INPUT_WITH_WEAK_PULLUP ;        ;              ;                     ; Row I/O      ;                 ; no       ; On           ;
; W30      ; 277        ; 6B             ; RESERVED_INPUT_WITH_WEAK_PULLUP ;        ;              ;                     ; Row I/O      ;                 ; no       ; On           ;
; Y1       ;            ;                ; GND                             ; gnd    ;              ;                     ; --           ;                 ; --       ; --           ;
; Y2       ;            ;                ; GND                             ; gnd    ;              ;                     ; --           ;                 ; --       ; --           ;
; Y3       ;            ;                ; DNU                             ;        ;              ;                     ; --           ;                 ; --       ; --           ;
; Y4       ;            ;                ; DNU                             ;        ;              ;                     ; --           ;                 ; --       ; --           ;
; Y5       ;            ;                ; GND                             ; gnd    ;              ;                     ; --           ;                 ; --       ; --           ;
; Y6       ;            ; --             ; VCC                             ; power  ;              ; 1.1V                ; --           ;                 ; --       ; --           ;
; Y7       ;            ;                ; GND                             ; gnd    ;              ;                     ; --           ;                 ; --       ; --           ;
; Y8       ;            ;                ; GND                             ; gnd    ;              ;                     ; --           ;                 ; --       ; --           ;
; Y9       ;            ; --             ; VCC                             ; power  ;              ; 1.1V                ; --           ;                 ; --       ; --           ;
; Y10      ;            ;                ; GND                             ; gnd    ;              ;                     ; --           ;                 ; --       ; --           ;
; Y11      ;            ; --             ; VCC                             ; power  ;              ; 1.1V                ; --           ;                 ; --       ; --           ;
; Y12      ;            ;                ; GND                             ; gnd    ;              ;                     ; --           ;                 ; --       ; --           ;
; Y13      ;            ; --             ; VCC                             ; power  ;              ; 1.1V                ; --           ;                 ; --       ; --           ;
; Y14      ;            ;                ; GND                             ; gnd    ;              ;                     ; --           ;                 ; --       ; --           ;
; Y15      ;            ;                ; GND                             ; gnd    ;              ;                     ; --           ;                 ; --       ; --           ;
; Y16      ; 128        ; 3B             ; push_buttons[3]                 ; input  ; 2.5 V        ;                     ; Column I/O   ; Y               ; no       ; Off          ;
; Y17      ; 170        ; 4A             ; RESERVED_INPUT_WITH_WEAK_PULLUP ;        ;              ;                     ; Column I/O   ;                 ; no       ; On           ;
; Y18      ; 178        ; 4A             ; RESERVED_INPUT_WITH_WEAK_PULLUP ;        ;              ;                     ; Column I/O   ;                 ; no       ; On           ;
; Y19      ; 202        ; 4A             ; leds[6]                         ; output ; 2.5 V        ;                     ; Column I/O   ; Y               ; no       ; Off          ;
; Y20      ;            ;                ; GND                             ; gnd    ;              ;                     ; --           ;                 ; --       ; --           ;
; Y21      ; 219        ; 5A             ; leds[9]                         ; output ; 2.5 V        ;                     ; Row I/O      ; Y               ; no       ; Off          ;
; Y22      ;            ; --             ; VCCA_FPLL                       ; power  ;              ; 2.5V                ; --           ;                 ; --       ; --           ;
; Y23      ; 232        ; 5A             ; hex4[1]                         ; output ; 2.5 V        ;                     ; Row I/O      ; Y               ; no       ; Off          ;
; Y24      ; 234        ; 5A             ; hex4[2]                         ; output ; 2.5 V        ;                     ; Row I/O      ; Y               ; no       ; Off          ;
; Y25      ;            ;                ; GND                             ; gnd    ;              ;                     ; --           ;                 ; --       ; --           ;
; Y26      ; 256        ; 5B             ; RESERVED_INPUT_WITH_WEAK_PULLUP ;        ;              ;                     ; Row I/O      ;                 ; no       ; On           ;
; Y27      ; 258        ; 5B             ; hex5[2]                         ; output ; 2.5 V        ;                     ; Row I/O      ; Y               ; no       ; Off          ;
; Y28      ; 269        ; 6B             ; RESERVED_INPUT_WITH_WEAK_PULLUP ;        ;              ;                     ; Row I/O      ;                 ; no       ; On           ;
; Y29      ; 263        ; 6B             ; RESERVED_INPUT_WITH_WEAK_PULLUP ;        ;              ;                     ; Row I/O      ;                 ; no       ; On           ;
; Y30      ;            ;                ; GND                             ; gnd    ;              ;                     ; --           ;                 ; --       ; --           ;
+----------+------------+----------------+---------------------------------+--------+--------------+---------------------+--------------+-----------------+----------+--------------+
Note: Pin directions (input, output or bidir) are based on device operating in user mode.


+------------------------------------------------------+
; I/O Assignment Warnings                              ;
+----------------------+-------------------------------+
; Pin Name             ; Reason                        ;
+----------------------+-------------------------------+
; leds[0]              ; Incomplete set of assignments ;
; leds[1]              ; Incomplete set of assignments ;
; leds[2]              ; Incomplete set of assignments ;
; leds[3]              ; Incomplete set of assignments ;
; leds[4]              ; Incomplete set of assignments ;
; leds[5]              ; Incomplete set of assignments ;
; leds[6]              ; Incomplete set of assignments ;
; leds[7]              ; Incomplete set of assignments ;
; leds[8]              ; Incomplete set of assignments ;
; leds[9]              ; Incomplete set of assignments ;
; push_buttons[2]      ; Incomplete set of assignments ;
; push_buttons[3]      ; Incomplete set of assignments ;
; hex0[0]              ; Incomplete set of assignments ;
; hex0[1]              ; Incomplete set of assignments ;
; hex0[2]              ; Incomplete set of assignments ;
; hex0[3]              ; Incomplete set of assignments ;
; hex0[4]              ; Incomplete set of assignments ;
; hex0[5]              ; Incomplete set of assignments ;
; hex0[6]              ; Incomplete set of assignments ;
; hex1[0]              ; Incomplete set of assignments ;
; hex1[1]              ; Incomplete set of assignments ;
; hex1[2]              ; Incomplete set of assignments ;
; hex1[3]              ; Incomplete set of assignments ;
; hex1[4]              ; Incomplete set of assignments ;
; hex1[5]              ; Incomplete set of assignments ;
; hex1[6]              ; Incomplete set of assignments ;
; hex2[0]              ; Incomplete set of assignments ;
; hex2[1]              ; Incomplete set of assignments ;
; hex2[2]              ; Incomplete set of assignments ;
; hex2[3]              ; Incomplete set of assignments ;
; hex2[4]              ; Incomplete set of assignments ;
; hex2[5]              ; Incomplete set of assignments ;
; hex2[6]              ; Incomplete set of assignments ;
; hex3[0]              ; Incomplete set of assignments ;
; hex3[1]              ; Incomplete set of assignments ;
; hex3[2]              ; Incomplete set of assignments ;
; hex3[3]              ; Incomplete set of assignments ;
; hex3[4]              ; Incomplete set of assignments ;
; hex3[5]              ; Incomplete set of assignments ;
; hex3[6]              ; Incomplete set of assignments ;
; hex4[0]              ; Incomplete set of assignments ;
; hex4[1]              ; Incomplete set of assignments ;
; hex4[2]              ; Incomplete set of assignments ;
; hex4[3]              ; Incomplete set of assignments ;
; hex4[4]              ; Incomplete set of assignments ;
; hex4[5]              ; Incomplete set of assignments ;
; hex4[6]              ; Incomplete set of assignments ;
; hex5[0]              ; Incomplete set of assignments ;
; hex5[1]              ; Incomplete set of assignments ;
; hex5[2]              ; Incomplete set of assignments ;
; hex5[3]              ; Incomplete set of assignments ;
; hex5[4]              ; Incomplete set of assignments ;
; hex5[5]              ; Incomplete set of assignments ;
; hex5[6]              ; Incomplete set of assignments ;
; vga_clock            ; Incomplete set of assignments ;
; vga_blank_n          ; Incomplete set of assignments ;
; vga_hs               ; Incomplete set of assignments ;
; vga_vs               ; Incomplete set of assignments ;
; vga_sync_n           ; Incomplete set of assignments ;
; vga_red[0]           ; Incomplete set of assignments ;
; vga_red[1]           ; Incomplete set of assignments ;
; vga_red[2]           ; Incomplete set of assignments ;
; vga_red[3]           ; Incomplete set of assignments ;
; vga_red[4]           ; Incomplete set of assignments ;
; vga_red[5]           ; Incomplete set of assignments ;
; vga_red[6]           ; Incomplete set of assignments ;
; vga_red[7]           ; Incomplete set of assignments ;
; vga_green[0]         ; Incomplete set of assignments ;
; vga_green[1]         ; Incomplete set of assignments ;
; vga_green[2]         ; Incomplete set of assignments ;
; vga_green[3]         ; Incomplete set of assignments ;
; vga_green[4]         ; Incomplete set of assignments ;
; vga_green[5]         ; Incomplete set of assignments ;
; vga_green[6]         ; Incomplete set of assignments ;
; vga_green[7]         ; Incomplete set of assignments ;
; vga_blue[0]          ; Incomplete set of assignments ;
; vga_blue[1]          ; Incomplete set of assignments ;
; vga_blue[2]          ; Incomplete set of assignments ;
; vga_blue[3]          ; Incomplete set of assignments ;
; vga_blue[4]          ; Incomplete set of assignments ;
; vga_blue[5]          ; Incomplete set of assignments ;
; vga_blue[6]          ; Incomplete set of assignments ;
; vga_blue[7]          ; Incomplete set of assignments ;
; GPIO1_27_latch       ; Incomplete set of assignments ;
; GPIO1_26_cpu         ; Incomplete set of assignments ;
; i2c_clock            ; Incomplete set of assignments ;
; i2c_data             ; Incomplete set of assignments ;
; audio_masterClock    ; Incomplete set of assignments ;
; audio_leftRightClock ; Incomplete set of assignments ;
; audio_bitClock       ; Incomplete set of assignments ;
; audio_data           ; Incomplete set of assignments ;
; switches[9]          ; Incomplete set of assignments ;
; switches[5]          ; Incomplete set of assignments ;
; switches[8]          ; Incomplete set of assignments ;
; switches[7]          ; Incomplete set of assignments ;
; switches[6]          ; Incomplete set of assignments ;
; switches[4]          ; Incomplete set of assignments ;
; switches[2]          ; Incomplete set of assignments ;
; switches[3]          ; Incomplete set of assignments ;
; systemClock50MHz     ; Incomplete set of assignments ;
; push_buttons[0]      ; Incomplete set of assignments ;
; switches[0]          ; Incomplete set of assignments ;
; push_buttons[1]      ; Incomplete set of assignments ;
; switches[1]          ; Incomplete set of assignments ;
+----------------------+-------------------------------+


+-----------------------------------------------------------------------------------------------------------------------------------------------------------------------------------------------------------------------------------------------------------------------------------------------------------------------------------------------------------------------------------------------------------------------------------------------------------------------------------------------------------------------------------------------------------------------+
; Fitter Resource Utilization by Entity                                                                                                                                                                                                                                                                                                                                                                                                                                                                                                                                 ;
+----------------------------------------------------------+----------------------+----------------------------------+---------------------------------------------------+----------------------------------+----------------------+---------------------+---------------------------+---------------+-------------------+-------+------------+------+--------------+--------------------------------------------------------------------------------------------------------------------------------------------------------+---------------------------+--------------+
; Compilation Hierarchy Node                               ; ALMs needed [=A-B+C] ; [A] ALMs used in final placement ; [B] Estimate of ALMs recoverable by dense packing ; [C] Estimate of ALMs unavailable ; ALMs used for memory ; Combinational ALUTs ; Dedicated Logic Registers ; I/O Registers ; Block Memory Bits ; M10Ks ; DSP Blocks ; Pins ; Virtual Pins ; Full Hierarchy Name                                                                                                                                    ; Entity Name               ; Library Name ;
+----------------------------------------------------------+----------------------+----------------------------------+---------------------------------------------------+----------------------------------+----------------------+---------------------+---------------------------+---------------+-------------------+-------+------------+------+--------------+--------------------------------------------------------------------------------------------------------------------------------------------------------+---------------------------+--------------+
; |doodle_jump                                             ; 10783.5 (0.5)        ; 11228.5 (0.5)                    ; 882.5 (0.0)                                       ; 437.5 (0.0)                      ; 0.0 (0.0)            ; 17602 (1)           ; 3157 (0)                  ; 0 (0)         ; 1638400           ; 200   ; 8          ; 105  ; 0            ; |doodle_jump                                                                                                                                           ; doodle_jump               ; work         ;
;    |audio_unit:audio_unit_instance|                      ; 112.2 (0.5)          ; 128.8 (0.5)                      ; 17.7 (0.0)                                        ; 1.0 (0.0)                        ; 0.0 (0.0)            ; 185 (1)             ; 157 (0)                   ; 0 (0)         ; 0                 ; 0     ; 0          ; 0    ; 0            ; |doodle_jump|audio_unit:audio_unit_instance                                                                                                            ; audio_unit                ; work         ;
;       |audio_configurator_select:i2c_conf|               ; 55.7 (19.2)          ; 63.8 (22.1)                      ; 8.2 (2.8)                                         ; 0.0 (0.0)                        ; 0.0 (0.0)            ; 90 (34)             ; 69 (31)                   ; 0 (0)         ; 0                 ; 0     ; 0          ; 0    ; 0            ; |doodle_jump|audio_unit:audio_unit_instance|audio_configurator_select:i2c_conf                                                                         ; audio_configurator_select ; work         ;
;          |i2c_controller:i2c_controller_instance|        ; 36.4 (36.4)          ; 41.7 (41.7)                      ; 5.3 (5.3)                                         ; 0.0 (0.0)                        ; 0.0 (0.0)            ; 56 (56)             ; 38 (38)                   ; 0 (0)         ; 0                 ; 0     ; 0          ; 0    ; 0            ; |doodle_jump|audio_unit:audio_unit_instance|audio_configurator_select:i2c_conf|i2c_controller:i2c_controller_instance                                  ; i2c_controller            ; work         ;
;       |audio_output:dac_driver|                          ; 56.0 (6.0)           ; 64.5 (11.3)                      ; 9.5 (5.3)                                         ; 1.0 (0.0)                        ; 0.0 (0.0)            ; 94 (11)             ; 88 (13)                   ; 0 (0)         ; 0                 ; 0     ; 0          ; 0    ; 0            ; |doodle_jump|audio_unit:audio_unit_instance|audio_output:dac_driver                                                                                    ; audio_output              ; work         ;
;          |note_generator:note_gen|                       ; 50.0 (50.0)          ; 53.2 (53.2)                      ; 4.2 (4.2)                                         ; 1.0 (1.0)                        ; 0.0 (0.0)            ; 83 (83)             ; 75 (75)                   ; 0 (0)         ; 0                 ; 0     ; 0          ; 0    ; 0            ; |doodle_jump|audio_unit:audio_unit_instance|audio_output:dac_driver|note_generator:note_gen                                                            ; note_generator            ; work         ;
;    |cpu:cpu_instance|                                    ; 617.6 (0.0)          ; 664.8 (0.0)                      ; 74.6 (0.0)                                        ; 27.4 (0.0)                       ; 0.0 (0.0)            ; 770 (0)             ; 303 (0)                   ; 0 (0)         ; 0                 ; 0     ; 0          ; 0    ; 0            ; |doodle_jump|cpu:cpu_instance                                                                                                                          ; cpu                       ; work         ;
;       |alu:alu_instance|                                 ; 156.0 (156.0)        ; 149.2 (149.2)                    ; 3.5 (3.5)                                         ; 10.3 (10.3)                      ; 0.0 (0.0)            ; 190 (190)           ; 0 (0)                     ; 0 (0)         ; 0                 ; 0     ; 0          ; 0    ; 0            ; |doodle_jump|cpu:cpu_instance|alu:alu_instance                                                                                                         ; alu                       ; work         ;
;       |control_unit:control_unit_instance|               ; 21.4 (21.4)          ; 21.1 (21.1)                      ; 0.0 (0.0)                                         ; 0.3 (0.3)                        ; 0.0 (0.0)            ; 34 (34)             ; 4 (4)                     ; 0 (0)         ; 0                 ; 0     ; 0          ; 0    ; 0            ; |doodle_jump|cpu:cpu_instance|control_unit:control_unit_instance                                                                                       ; control_unit              ; work         ;
;       |instruction_decoder:instruction_decoder_instance| ; 42.8 (42.8)          ; 44.0 (44.0)                      ; 3.7 (3.7)                                         ; 2.5 (2.5)                        ; 0.0 (0.0)            ; 78 (78)             ; 4 (4)                     ; 0 (0)         ; 0                 ; 0     ; 0          ; 0    ; 0            ; |doodle_jump|cpu:cpu_instance|instruction_decoder:instruction_decoder_instance                                                                         ; instruction_decoder       ; work         ;
;       |mux2:alu_input_mux|                               ; 25.6 (25.6)          ; 29.3 (29.3)                      ; 3.8 (3.8)                                         ; 0.1 (0.1)                        ; 0.0 (0.0)            ; 41 (41)             ; 0 (0)                     ; 0 (0)         ; 0                 ; 0     ; 0          ; 0    ; 0            ; |doodle_jump|cpu:cpu_instance|mux2:alu_input_mux                                                                                                       ; mux2                      ; work         ;
;       |mux2:memory_select_read_write_address_mux|        ; 14.1 (14.1)          ; 17.3 (17.3)                      ; 4.3 (4.3)                                         ; 1.1 (1.1)                        ; 0.0 (0.0)            ; 24 (24)             ; 0 (0)                     ; 0 (0)         ; 0                 ; 0     ; 0          ; 0    ; 0            ; |doodle_jump|cpu:cpu_instance|mux2:memory_select_read_write_address_mux                                                                                ; mux2                      ; work         ;
;       |mux4:register_file_input_mux|                     ; 111.6 (111.6)        ; 112.7 (112.7)                    ; 4.5 (4.5)                                         ; 3.5 (3.5)                        ; 0.0 (0.0)            ; 138 (138)           ; 0 (0)                     ; 0 (0)         ; 0                 ; 0     ; 0          ; 0    ; 0            ; |doodle_jump|cpu:cpu_instance|mux4:register_file_input_mux                                                                                             ; mux4                      ; work         ;
;       |register:instruction_register|                    ; 5.3 (5.3)            ; 5.2 (5.2)                        ; 0.9 (0.9)                                         ; 1.0 (1.0)                        ; 0.0 (0.0)            ; 0 (0)               ; 16 (16)                   ; 0 (0)         ; 0                 ; 0     ; 0          ; 0    ; 0            ; |doodle_jump|cpu:cpu_instance|register:instruction_register                                                                                            ; register                  ; work         ;
;       |register:program_counter|                         ; 6.2 (6.2)            ; 7.0 (7.0)                        ; 2.2 (2.2)                                         ; 1.4 (1.4)                        ; 0.0 (0.0)            ; 3 (3)               ; 18 (18)                   ; 0 (0)         ; 0                 ; 0     ; 0          ; 0    ; 0            ; |doodle_jump|cpu:cpu_instance|register:program_counter                                                                                                 ; register                  ; work         ;
;       |register:program_state_register|                  ; 1.8 (1.8)            ; 1.7 (1.7)                        ; 0.0 (0.0)                                         ; 0.2 (0.2)                        ; 0.0 (0.0)            ; 0 (0)               ; 5 (5)                     ; 0 (0)         ; 0                 ; 0     ; 0          ; 0    ; 0            ; |doodle_jump|cpu:cpu_instance|register:program_state_register                                                                                          ; register                  ; work         ;
;       |register_file:register_file_instance|             ; 232.7 (232.7)        ; 277.3 (277.3)                    ; 51.8 (51.8)                                       ; 7.1 (7.1)                        ; 0.0 (0.0)            ; 262 (262)           ; 256 (256)                 ; 0 (0)         ; 0                 ; 0     ; 0          ; 0    ; 0            ; |doodle_jump|cpu:cpu_instance|register_file:register_file_instance                                                                                     ; register_file             ; work         ;
;    |sharedMemory:memory_instance|                        ; 9491.3 (9491.3)      ; 9816.0 (9816.0)                  ; 724.5 (724.5)                                     ; 399.8 (399.8)                    ; 0.0 (0.0)            ; 15656 (15656)       ; 2384 (2384)               ; 0 (0)         ; 65536             ; 8     ; 0          ; 0    ; 0            ; |doodle_jump|sharedMemory:memory_instance                                                                                                              ; sharedMemory              ; work         ;
;       |memory:cpu_memory_instance|                       ; 0.0 (0.0)            ; 0.0 (0.0)                        ; 0.0 (0.0)                                         ; 0.0 (0.0)                        ; 0.0 (0.0)            ; 0 (0)               ; 0 (0)                     ; 0 (0)         ; 65536             ; 8     ; 0          ; 0    ; 0            ; |doodle_jump|sharedMemory:memory_instance|memory:cpu_memory_instance                                                                                   ; memory                    ; work         ;
;          |altsyncram:ram_rtl_0|                          ; 0.0 (0.0)            ; 0.0 (0.0)                        ; 0.0 (0.0)                                         ; 0.0 (0.0)                        ; 0.0 (0.0)            ; 0 (0)               ; 0 (0)                     ; 0 (0)         ; 65536             ; 8     ; 0          ; 0    ; 0            ; |doodle_jump|sharedMemory:memory_instance|memory:cpu_memory_instance|altsyncram:ram_rtl_0                                                              ; altsyncram                ; work         ;
;             |altsyncram_1re1:auto_generated|             ; 0.0 (0.0)            ; 0.0 (0.0)                        ; 0.0 (0.0)                                         ; 0.0 (0.0)                        ; 0.0 (0.0)            ; 0 (0)               ; 0 (0)                     ; 0 (0)         ; 65536             ; 8     ; 0          ; 0    ; 0            ; |doodle_jump|sharedMemory:memory_instance|memory:cpu_memory_instance|altsyncram:ram_rtl_0|altsyncram_1re1:auto_generated                               ; altsyncram_1re1           ; work         ;
;    |sixteen_bit_seven_seg:segDriver|                     ; 10.7 (0.0)           ; 10.7 (0.0)                       ; 0.0 (0.0)                                         ; 0.0 (0.0)                        ; 0.0 (0.0)            ; 28 (0)              ; 0 (0)                     ; 0 (0)         ; 0                 ; 0     ; 0          ; 0    ; 0            ; |doodle_jump|sixteen_bit_seven_seg:segDriver                                                                                                           ; sixteen_bit_seven_seg     ; work         ;
;       |seven_seg_decoder:dec0|                           ; 2.6 (2.6)            ; 2.6 (2.6)                        ; 0.0 (0.0)                                         ; 0.0 (0.0)                        ; 0.0 (0.0)            ; 7 (7)               ; 0 (0)                     ; 0 (0)         ; 0                 ; 0     ; 0          ; 0    ; 0            ; |doodle_jump|sixteen_bit_seven_seg:segDriver|seven_seg_decoder:dec0                                                                                    ; seven_seg_decoder         ; work         ;
;       |seven_seg_decoder:dec1|                           ; 3.0 (3.0)            ; 3.0 (3.0)                        ; 0.0 (0.0)                                         ; 0.0 (0.0)                        ; 0.0 (0.0)            ; 7 (7)               ; 0 (0)                     ; 0 (0)         ; 0                 ; 0     ; 0          ; 0    ; 0            ; |doodle_jump|sixteen_bit_seven_seg:segDriver|seven_seg_decoder:dec1                                                                                    ; seven_seg_decoder         ; work         ;
;       |seven_seg_decoder:dec2|                           ; 2.3 (2.3)            ; 2.3 (2.3)                        ; 0.0 (0.0)                                         ; 0.0 (0.0)                        ; 0.0 (0.0)            ; 7 (7)               ; 0 (0)                     ; 0 (0)         ; 0                 ; 0     ; 0          ; 0    ; 0            ; |doodle_jump|sixteen_bit_seven_seg:segDriver|seven_seg_decoder:dec2                                                                                    ; seven_seg_decoder         ; work         ;
;       |seven_seg_decoder:dec3|                           ; 2.8 (2.8)            ; 2.8 (2.8)                        ; 0.0 (0.0)                                         ; 0.0 (0.0)                        ; 0.0 (0.0)            ; 7 (7)               ; 0 (0)                     ; 0 (0)         ; 0                 ; 0     ; 0          ; 0    ; 0            ; |doodle_jump|sixteen_bit_seven_seg:segDriver|seven_seg_decoder:dec3                                                                                    ; seven_seg_decoder         ; work         ;
;    |snes:snes_instance|                                  ; 33.5 (0.0)           ; 36.5 (0.0)                       ; 3.0 (0.0)                                         ; 0.0 (0.0)                        ; 0.0 (0.0)            ; 66 (0)              ; 47 (0)                    ; 0 (0)         ; 0                 ; 0     ; 0          ; 0    ; 0            ; |doodle_jump|snes:snes_instance                                                                                                                        ; snes                      ; work         ;
;       |SNES_Controller:controllerInstance|               ; 12.3 (12.3)          ; 15.0 (15.0)                      ; 2.7 (2.7)                                         ; 0.0 (0.0)                        ; 0.0 (0.0)            ; 24 (24)             ; 16 (16)                   ; 0 (0)         ; 0                 ; 0     ; 0          ; 0    ; 0            ; |doodle_jump|snes:snes_instance|SNES_Controller:controllerInstance                                                                                     ; SNES_Controller           ; work         ;
;       |SNES_clkdiv:clkInstance|                          ; 6.7 (6.7)            ; 7.0 (7.0)                        ; 0.3 (0.3)                                         ; 0.0 (0.0)                        ; 0.0 (0.0)            ; 13 (13)             ; 10 (10)                   ; 0 (0)         ; 0                 ; 0     ; 0          ; 0    ; 0            ; |doodle_jump|snes:snes_instance|SNES_clkdiv:clkInstance                                                                                                ; SNES_clkdiv               ; work         ;
;       |SNES_latchGen:latchInstance|                      ; 14.5 (14.5)          ; 14.5 (14.5)                      ; 0.0 (0.0)                                         ; 0.0 (0.0)                        ; 0.0 (0.0)            ; 29 (29)             ; 21 (21)                   ; 0 (0)         ; 0                 ; 0     ; 0          ; 0    ; 0            ; |doodle_jump|snes:snes_instance|SNES_latchGen:latchInstance                                                                                            ; SNES_latchGen             ; work         ;
;    |vga:vga_instance|                                    ; 515.8 (192.4)        ; 571.2 (231.4)                    ; 64.7 (43.2)                                       ; 9.3 (4.1)                        ; 0.0 (0.0)            ; 896 (347)           ; 266 (48)                  ; 0 (0)         ; 1572864           ; 192   ; 8          ; 0    ; 0            ; |doodle_jump|vga:vga_instance                                                                                                                          ; vga                       ; work         ;
;       |playerMemory:p1Memory_inst|                       ; 73.7 (66.1)          ; 81.2 (70.8)                      ; 8.0 (5.3)                                         ; 0.6 (0.6)                        ; 0.0 (0.0)            ; 132 (108)           ; 49 (48)                   ; 0 (0)         ; 393216            ; 48    ; 2          ; 0    ; 0            ; |doodle_jump|vga:vga_instance|playerMemory:p1Memory_inst                                                                                               ; playerMemory              ; work         ;
;          |glyph_rom:glyph_rom_instance|                  ; 7.7 (0.0)            ; 10.3 (0.0)                       ; 2.7 (0.0)                                         ; 0.0 (0.0)                        ; 0.0 (0.0)            ; 24 (0)              ; 1 (0)                     ; 0 (0)         ; 393216            ; 48    ; 0          ; 0    ; 0            ; |doodle_jump|vga:vga_instance|playerMemory:p1Memory_inst|glyph_rom:glyph_rom_instance                                                                  ; glyph_rom                 ; work         ;
;             |altsyncram:rom_rtl_0|                       ; 7.7 (0.0)            ; 10.3 (0.0)                       ; 2.7 (0.0)                                         ; 0.0 (0.0)                        ; 0.0 (0.0)            ; 24 (0)              ; 1 (0)                     ; 0 (0)         ; 393216            ; 48    ; 0          ; 0    ; 0            ; |doodle_jump|vga:vga_instance|playerMemory:p1Memory_inst|glyph_rom:glyph_rom_instance|altsyncram:rom_rtl_0                                             ; altsyncram                ; work         ;
;                |altsyncram_m5d1:auto_generated|          ; 7.7 (0.3)            ; 10.3 (0.3)                       ; 2.7 (0.0)                                         ; 0.0 (0.0)                        ; 0.0 (0.0)            ; 24 (0)              ; 1 (1)                     ; 0 (0)         ; 393216            ; 48    ; 0          ; 0    ; 0            ; |doodle_jump|vga:vga_instance|playerMemory:p1Memory_inst|glyph_rom:glyph_rom_instance|altsyncram:rom_rtl_0|altsyncram_m5d1:auto_generated              ; altsyncram_m5d1           ; work         ;
;                   |mux_2hb:mux2|                         ; 7.3 (7.3)            ; 10.0 (10.0)                      ; 2.7 (2.7)                                         ; 0.0 (0.0)                        ; 0.0 (0.0)            ; 24 (24)             ; 0 (0)                     ; 0 (0)         ; 0                 ; 0     ; 0          ; 0    ; 0            ; |doodle_jump|vga:vga_instance|playerMemory:p1Memory_inst|glyph_rom:glyph_rom_instance|altsyncram:rom_rtl_0|altsyncram_m5d1:auto_generated|mux_2hb:mux2 ; mux_2hb                   ; work         ;
;       |playerMemory:p2Memory_inst|                       ; 76.0 (65.6)          ; 78.1 (70.0)                      ; 3.4 (5.5)                                         ; 1.4 (1.1)                        ; 0.0 (0.0)            ; 132 (108)           ; 49 (48)                   ; 0 (0)         ; 393216            ; 48    ; 2          ; 0    ; 0            ; |doodle_jump|vga:vga_instance|playerMemory:p2Memory_inst                                                                                               ; playerMemory              ; work         ;
;          |glyph_rom:glyph_rom_instance|                  ; 8.3 (0.0)            ; 8.1 (0.0)                        ; 0.0 (0.0)                                         ; 0.2 (0.0)                        ; 0.0 (0.0)            ; 24 (0)              ; 1 (0)                     ; 0 (0)         ; 393216            ; 48    ; 0          ; 0    ; 0            ; |doodle_jump|vga:vga_instance|playerMemory:p2Memory_inst|glyph_rom:glyph_rom_instance                                                                  ; glyph_rom                 ; work         ;
;             |altsyncram:rom_rtl_0|                       ; 8.3 (0.0)            ; 8.1 (0.0)                        ; 0.0 (0.0)                                         ; 0.2 (0.0)                        ; 0.0 (0.0)            ; 24 (0)              ; 1 (0)                     ; 0 (0)         ; 393216            ; 48    ; 0          ; 0    ; 0            ; |doodle_jump|vga:vga_instance|playerMemory:p2Memory_inst|glyph_rom:glyph_rom_instance|altsyncram:rom_rtl_0                                             ; altsyncram                ; work         ;
;                |altsyncram_m5d1:auto_generated|          ; 8.3 (0.3)            ; 8.1 (0.2)                        ; 0.0 (0.0)                                         ; 0.2 (0.0)                        ; 0.0 (0.0)            ; 24 (0)              ; 1 (1)                     ; 0 (0)         ; 393216            ; 48    ; 0          ; 0    ; 0            ; |doodle_jump|vga:vga_instance|playerMemory:p2Memory_inst|glyph_rom:glyph_rom_instance|altsyncram:rom_rtl_0|altsyncram_m5d1:auto_generated              ; altsyncram_m5d1           ; work         ;
;                   |mux_2hb:mux2|                         ; 8.0 (8.0)            ; 7.8 (7.8)                        ; 0.0 (0.0)                                         ; 0.2 (0.2)                        ; 0.0 (0.0)            ; 24 (24)             ; 0 (0)                     ; 0 (0)         ; 0                 ; 0     ; 0          ; 0    ; 0            ; |doodle_jump|vga:vga_instance|playerMemory:p2Memory_inst|glyph_rom:glyph_rom_instance|altsyncram:rom_rtl_0|altsyncram_m5d1:auto_generated|mux_2hb:mux2 ; mux_2hb                   ; work         ;
;       |playerMemory:p3Memory_inst|                       ; 76.2 (66.0)          ; 80.4 (70.8)                      ; 5.3 (5.8)                                         ; 1.0 (1.0)                        ; 0.0 (0.0)            ; 132 (108)           ; 49 (48)                   ; 0 (0)         ; 393216            ; 48    ; 2          ; 0    ; 0            ; |doodle_jump|vga:vga_instance|playerMemory:p3Memory_inst                                                                                               ; playerMemory              ; work         ;
;          |glyph_rom:glyph_rom_instance|                  ; 9.7 (0.0)            ; 9.7 (0.0)                        ; 0.0 (0.0)                                         ; 0.0 (0.0)                        ; 0.0 (0.0)            ; 24 (0)              ; 1 (0)                     ; 0 (0)         ; 393216            ; 48    ; 0          ; 0    ; 0            ; |doodle_jump|vga:vga_instance|playerMemory:p3Memory_inst|glyph_rom:glyph_rom_instance                                                                  ; glyph_rom                 ; work         ;
;             |altsyncram:rom_rtl_0|                       ; 9.7 (0.0)            ; 9.7 (0.0)                        ; 0.0 (0.0)                                         ; 0.0 (0.0)                        ; 0.0 (0.0)            ; 24 (0)              ; 1 (0)                     ; 0 (0)         ; 393216            ; 48    ; 0          ; 0    ; 0            ; |doodle_jump|vga:vga_instance|playerMemory:p3Memory_inst|glyph_rom:glyph_rom_instance|altsyncram:rom_rtl_0                                             ; altsyncram                ; work         ;
;                |altsyncram_m5d1:auto_generated|          ; 9.7 (0.3)            ; 9.7 (0.5)                        ; 0.0 (0.2)                                         ; 0.0 (0.0)                        ; 0.0 (0.0)            ; 24 (0)              ; 1 (1)                     ; 0 (0)         ; 393216            ; 48    ; 0          ; 0    ; 0            ; |doodle_jump|vga:vga_instance|playerMemory:p3Memory_inst|glyph_rom:glyph_rom_instance|altsyncram:rom_rtl_0|altsyncram_m5d1:auto_generated              ; altsyncram_m5d1           ; work         ;
;                   |mux_2hb:mux2|                         ; 9.2 (9.2)            ; 9.2 (9.2)                        ; 0.0 (0.0)                                         ; 0.0 (0.0)                        ; 0.0 (0.0)            ; 24 (24)             ; 0 (0)                     ; 0 (0)         ; 0                 ; 0     ; 0          ; 0    ; 0            ; |doodle_jump|vga:vga_instance|playerMemory:p3Memory_inst|glyph_rom:glyph_rom_instance|altsyncram:rom_rtl_0|altsyncram_m5d1:auto_generated|mux_2hb:mux2 ; mux_2hb                   ; work         ;
;       |playerMemory:p4Memory_inst|                       ; 78.9 (68.7)          ; 79.5 (69.7)                      ; 2.7 (2.5)                                         ; 2.1 (1.5)                        ; 0.0 (0.0)            ; 132 (108)           ; 49 (48)                   ; 0 (0)         ; 393216            ; 48    ; 2          ; 0    ; 0            ; |doodle_jump|vga:vga_instance|playerMemory:p4Memory_inst                                                                                               ; playerMemory              ; work         ;
;          |glyph_rom:glyph_rom_instance|                  ; 10.2 (0.0)           ; 9.8 (0.0)                        ; 0.2 (0.0)                                         ; 0.5 (0.0)                        ; 0.0 (0.0)            ; 24 (0)              ; 1 (0)                     ; 0 (0)         ; 393216            ; 48    ; 0          ; 0    ; 0            ; |doodle_jump|vga:vga_instance|playerMemory:p4Memory_inst|glyph_rom:glyph_rom_instance                                                                  ; glyph_rom                 ; work         ;
;             |altsyncram:rom_rtl_0|                       ; 10.2 (0.0)           ; 9.8 (0.0)                        ; 0.2 (0.0)                                         ; 0.5 (0.0)                        ; 0.0 (0.0)            ; 24 (0)              ; 1 (0)                     ; 0 (0)         ; 393216            ; 48    ; 0          ; 0    ; 0            ; |doodle_jump|vga:vga_instance|playerMemory:p4Memory_inst|glyph_rom:glyph_rom_instance|altsyncram:rom_rtl_0                                             ; altsyncram                ; work         ;
;                |altsyncram_m5d1:auto_generated|          ; 10.2 (0.4)           ; 9.8 (0.3)                        ; 0.2 (0.0)                                         ; 0.5 (0.1)                        ; 0.0 (0.0)            ; 24 (0)              ; 1 (1)                     ; 0 (0)         ; 393216            ; 48    ; 0          ; 0    ; 0            ; |doodle_jump|vga:vga_instance|playerMemory:p4Memory_inst|glyph_rom:glyph_rom_instance|altsyncram:rom_rtl_0|altsyncram_m5d1:auto_generated              ; altsyncram_m5d1           ; work         ;
;                   |mux_2hb:mux2|                         ; 9.8 (9.8)            ; 9.5 (9.5)                        ; 0.2 (0.2)                                         ; 0.5 (0.5)                        ; 0.0 (0.0)            ; 24 (24)             ; 0 (0)                     ; 0 (0)         ; 0                 ; 0     ; 0          ; 0    ; 0            ; |doodle_jump|vga:vga_instance|playerMemory:p4Memory_inst|glyph_rom:glyph_rom_instance|altsyncram:rom_rtl_0|altsyncram_m5d1:auto_generated|mux_2hb:mux2 ; mux_2hb                   ; work         ;
;       |tileMemory:tileMem_inst|                          ; 18.6 (18.6)          ; 20.6 (20.6)                      ; 2.2 (2.2)                                         ; 0.2 (0.2)                        ; 0.0 (0.0)            ; 21 (21)             ; 22 (22)                   ; 0 (0)         ; 0                 ; 0     ; 0          ; 0    ; 0            ; |doodle_jump|vga:vga_instance|tileMemory:tileMem_inst                                                                                                  ; tileMemory                ; work         ;
+----------------------------------------------------------+----------------------+----------------------------------+---------------------------------------------------+----------------------------------+----------------------+---------------------+---------------------------+---------------+-------------------+-------+------------+------+--------------+--------------------------------------------------------------------------------------------------------------------------------------------------------+---------------------------+--------------+
Note: For table entries with two numbers listed, the numbers in parentheses indicate the number of resources of the given type used by the specific entity alone. The numbers listed outside of parentheses indicate the total resources of the given type used by the specific entity and all of its sub-entities in the hierarchy.


+-------------------------------------------------------------------------------------------------------------------------------------+
; Delay Chain Summary                                                                                                                 ;
+----------------------+----------+----+------+------+----+------+-------+--------+------------------------+--------------------------+
; Name                 ; Pin Type ; D1 ; D3_0 ; D3_1 ; D4 ; D5   ; D5 OE ; D5 OCT ; T11 (Postamble Gating) ; T11 (Postamble Ungating) ;
+----------------------+----------+----+------+------+----+------+-------+--------+------------------------+--------------------------+
; leds[0]              ; Output   ; -- ; --   ; --   ; -- ; (0)  ; (31)  ; --     ; --                     ; --                       ;
; leds[1]              ; Output   ; -- ; --   ; --   ; -- ; (0)  ; (31)  ; --     ; --                     ; --                       ;
; leds[2]              ; Output   ; -- ; --   ; --   ; -- ; (0)  ; (31)  ; --     ; --                     ; --                       ;
; leds[3]              ; Output   ; -- ; --   ; --   ; -- ; (0)  ; (31)  ; --     ; --                     ; --                       ;
; leds[4]              ; Output   ; -- ; --   ; --   ; -- ; (0)  ; (31)  ; --     ; --                     ; --                       ;
; leds[5]              ; Output   ; -- ; --   ; --   ; -- ; (0)  ; (31)  ; --     ; --                     ; --                       ;
; leds[6]              ; Output   ; -- ; --   ; --   ; -- ; (0)  ; (31)  ; --     ; --                     ; --                       ;
; leds[7]              ; Output   ; -- ; --   ; --   ; -- ; (0)  ; (31)  ; --     ; --                     ; --                       ;
; leds[8]              ; Output   ; -- ; --   ; --   ; -- ; (0)  ; (31)  ; --     ; --                     ; --                       ;
; leds[9]              ; Output   ; -- ; --   ; --   ; -- ; (0)  ; (31)  ; --     ; --                     ; --                       ;
; push_buttons[2]      ; Input    ; -- ; --   ; --   ; -- ; --   ; --    ; --     ; --                     ; --                       ;
; push_buttons[3]      ; Input    ; -- ; --   ; --   ; -- ; --   ; --    ; --     ; --                     ; --                       ;
; hex0[0]              ; Output   ; -- ; --   ; --   ; -- ; (0)  ; (31)  ; --     ; --                     ; --                       ;
; hex0[1]              ; Output   ; -- ; --   ; --   ; -- ; (0)  ; (31)  ; --     ; --                     ; --                       ;
; hex0[2]              ; Output   ; -- ; --   ; --   ; -- ; (0)  ; (31)  ; --     ; --                     ; --                       ;
; hex0[3]              ; Output   ; -- ; --   ; --   ; -- ; (0)  ; (31)  ; --     ; --                     ; --                       ;
; hex0[4]              ; Output   ; -- ; --   ; --   ; -- ; (0)  ; (31)  ; --     ; --                     ; --                       ;
; hex0[5]              ; Output   ; -- ; --   ; --   ; -- ; (0)  ; (31)  ; --     ; --                     ; --                       ;
; hex0[6]              ; Output   ; -- ; --   ; --   ; -- ; (0)  ; (31)  ; --     ; --                     ; --                       ;
; hex1[0]              ; Output   ; -- ; --   ; --   ; -- ; (0)  ; (31)  ; --     ; --                     ; --                       ;
; hex1[1]              ; Output   ; -- ; --   ; --   ; -- ; (0)  ; (31)  ; --     ; --                     ; --                       ;
; hex1[2]              ; Output   ; -- ; --   ; --   ; -- ; (0)  ; (31)  ; --     ; --                     ; --                       ;
; hex1[3]              ; Output   ; -- ; --   ; --   ; -- ; (0)  ; (31)  ; --     ; --                     ; --                       ;
; hex1[4]              ; Output   ; -- ; --   ; --   ; -- ; (0)  ; (31)  ; --     ; --                     ; --                       ;
; hex1[5]              ; Output   ; -- ; --   ; --   ; -- ; (0)  ; (31)  ; --     ; --                     ; --                       ;
; hex1[6]              ; Output   ; -- ; --   ; --   ; -- ; (0)  ; (31)  ; --     ; --                     ; --                       ;
; hex2[0]              ; Output   ; -- ; --   ; --   ; -- ; (0)  ; (31)  ; --     ; --                     ; --                       ;
; hex2[1]              ; Output   ; -- ; --   ; --   ; -- ; (0)  ; (31)  ; --     ; --                     ; --                       ;
; hex2[2]              ; Output   ; -- ; --   ; --   ; -- ; (0)  ; (31)  ; --     ; --                     ; --                       ;
; hex2[3]              ; Output   ; -- ; --   ; --   ; -- ; (0)  ; (31)  ; --     ; --                     ; --                       ;
; hex2[4]              ; Output   ; -- ; --   ; --   ; -- ; (0)  ; (31)  ; --     ; --                     ; --                       ;
; hex2[5]              ; Output   ; -- ; --   ; --   ; -- ; (0)  ; (31)  ; --     ; --                     ; --                       ;
; hex2[6]              ; Output   ; -- ; --   ; --   ; -- ; (0)  ; (31)  ; --     ; --                     ; --                       ;
; hex3[0]              ; Output   ; -- ; --   ; --   ; -- ; (0)  ; (31)  ; --     ; --                     ; --                       ;
; hex3[1]              ; Output   ; -- ; --   ; --   ; -- ; (0)  ; (31)  ; --     ; --                     ; --                       ;
; hex3[2]              ; Output   ; -- ; --   ; --   ; -- ; (0)  ; (31)  ; --     ; --                     ; --                       ;
; hex3[3]              ; Output   ; -- ; --   ; --   ; -- ; (0)  ; (31)  ; --     ; --                     ; --                       ;
; hex3[4]              ; Output   ; -- ; --   ; --   ; -- ; (0)  ; (31)  ; --     ; --                     ; --                       ;
; hex3[5]              ; Output   ; -- ; --   ; --   ; -- ; (0)  ; (31)  ; --     ; --                     ; --                       ;
; hex3[6]              ; Output   ; -- ; --   ; --   ; -- ; (0)  ; (31)  ; --     ; --                     ; --                       ;
; hex4[0]              ; Output   ; -- ; --   ; --   ; -- ; (0)  ; (31)  ; --     ; --                     ; --                       ;
; hex4[1]              ; Output   ; -- ; --   ; --   ; -- ; (0)  ; (31)  ; --     ; --                     ; --                       ;
; hex4[2]              ; Output   ; -- ; --   ; --   ; -- ; (0)  ; (31)  ; --     ; --                     ; --                       ;
; hex4[3]              ; Output   ; -- ; --   ; --   ; -- ; (0)  ; (31)  ; --     ; --                     ; --                       ;
; hex4[4]              ; Output   ; -- ; --   ; --   ; -- ; (0)  ; (31)  ; --     ; --                     ; --                       ;
; hex4[5]              ; Output   ; -- ; --   ; --   ; -- ; (0)  ; (31)  ; --     ; --                     ; --                       ;
; hex4[6]              ; Output   ; -- ; --   ; --   ; -- ; (0)  ; (31)  ; --     ; --                     ; --                       ;
; hex5[0]              ; Output   ; -- ; --   ; --   ; -- ; (0)  ; (31)  ; --     ; --                     ; --                       ;
; hex5[1]              ; Output   ; -- ; --   ; --   ; -- ; (0)  ; (31)  ; --     ; --                     ; --                       ;
; hex5[2]              ; Output   ; -- ; --   ; --   ; -- ; (0)  ; (31)  ; --     ; --                     ; --                       ;
; hex5[3]              ; Output   ; -- ; --   ; --   ; -- ; (0)  ; (31)  ; --     ; --                     ; --                       ;
; hex5[4]              ; Output   ; -- ; --   ; --   ; -- ; (0)  ; (31)  ; --     ; --                     ; --                       ;
; hex5[5]              ; Output   ; -- ; --   ; --   ; -- ; (0)  ; (31)  ; --     ; --                     ; --                       ;
; hex5[6]              ; Output   ; -- ; --   ; --   ; -- ; (0)  ; (31)  ; --     ; --                     ; --                       ;
; vga_clock            ; Output   ; -- ; --   ; --   ; -- ; (0)  ; (31)  ; --     ; --                     ; --                       ;
; vga_blank_n          ; Output   ; -- ; --   ; --   ; -- ; (0)  ; (31)  ; --     ; --                     ; --                       ;
; vga_hs               ; Output   ; -- ; --   ; --   ; -- ; (0)  ; (31)  ; --     ; --                     ; --                       ;
; vga_vs               ; Output   ; -- ; --   ; --   ; -- ; (0)  ; (31)  ; --     ; --                     ; --                       ;
; vga_sync_n           ; Output   ; -- ; --   ; --   ; -- ; (0)  ; (31)  ; --     ; --                     ; --                       ;
; vga_red[0]           ; Output   ; -- ; --   ; --   ; -- ; (0)  ; (31)  ; --     ; --                     ; --                       ;
; vga_red[1]           ; Output   ; -- ; --   ; --   ; -- ; (0)  ; (31)  ; --     ; --                     ; --                       ;
; vga_red[2]           ; Output   ; -- ; --   ; --   ; -- ; (0)  ; (31)  ; --     ; --                     ; --                       ;
; vga_red[3]           ; Output   ; -- ; --   ; --   ; -- ; (0)  ; (31)  ; --     ; --                     ; --                       ;
; vga_red[4]           ; Output   ; -- ; --   ; --   ; -- ; (0)  ; (31)  ; --     ; --                     ; --                       ;
; vga_red[5]           ; Output   ; -- ; --   ; --   ; -- ; (0)  ; (31)  ; --     ; --                     ; --                       ;
; vga_red[6]           ; Output   ; -- ; --   ; --   ; -- ; (0)  ; (31)  ; --     ; --                     ; --                       ;
; vga_red[7]           ; Output   ; -- ; --   ; --   ; -- ; (0)  ; (31)  ; --     ; --                     ; --                       ;
; vga_green[0]         ; Output   ; -- ; --   ; --   ; -- ; (0)  ; (31)  ; --     ; --                     ; --                       ;
; vga_green[1]         ; Output   ; -- ; --   ; --   ; -- ; (0)  ; (31)  ; --     ; --                     ; --                       ;
; vga_green[2]         ; Output   ; -- ; --   ; --   ; -- ; (0)  ; (31)  ; --     ; --                     ; --                       ;
; vga_green[3]         ; Output   ; -- ; --   ; --   ; -- ; (0)  ; (31)  ; --     ; --                     ; --                       ;
; vga_green[4]         ; Output   ; -- ; --   ; --   ; -- ; (0)  ; (31)  ; --     ; --                     ; --                       ;
; vga_green[5]         ; Output   ; -- ; --   ; --   ; -- ; (0)  ; (31)  ; --     ; --                     ; --                       ;
; vga_green[6]         ; Output   ; -- ; --   ; --   ; -- ; (0)  ; (31)  ; --     ; --                     ; --                       ;
; vga_green[7]         ; Output   ; -- ; --   ; --   ; -- ; (0)  ; (31)  ; --     ; --                     ; --                       ;
; vga_blue[0]          ; Output   ; -- ; --   ; --   ; -- ; (0)  ; (31)  ; --     ; --                     ; --                       ;
; vga_blue[1]          ; Output   ; -- ; --   ; --   ; -- ; (0)  ; (31)  ; --     ; --                     ; --                       ;
; vga_blue[2]          ; Output   ; -- ; --   ; --   ; -- ; (0)  ; (31)  ; --     ; --                     ; --                       ;
; vga_blue[3]          ; Output   ; -- ; --   ; --   ; -- ; (0)  ; (31)  ; --     ; --                     ; --                       ;
; vga_blue[4]          ; Output   ; -- ; --   ; --   ; -- ; (0)  ; (31)  ; --     ; --                     ; --                       ;
; vga_blue[5]          ; Output   ; -- ; --   ; --   ; -- ; (0)  ; (31)  ; --     ; --                     ; --                       ;
; vga_blue[6]          ; Output   ; -- ; --   ; --   ; -- ; (0)  ; (31)  ; --     ; --                     ; --                       ;
; vga_blue[7]          ; Output   ; -- ; --   ; --   ; -- ; (0)  ; (31)  ; --     ; --                     ; --                       ;
; GPIO1_27_latch       ; Output   ; -- ; --   ; --   ; -- ; (0)  ; (31)  ; --     ; --                     ; --                       ;
; GPIO1_26_cpu         ; Output   ; -- ; --   ; --   ; -- ; (0)  ; (31)  ; --     ; --                     ; --                       ;
; i2c_clock            ; Bidir    ; -- ; --   ; (0)  ; -- ; (0)  ; (31)  ; --     ; --                     ; --                       ;
; i2c_data             ; Bidir    ; -- ; --   ; --   ; -- ; (0)  ; (31)  ; --     ; --                     ; --                       ;
; audio_masterClock    ; Bidir    ; -- ; --   ; --   ; -- ; (0)  ; (31)  ; --     ; --                     ; --                       ;
; audio_leftRightClock ; Bidir    ; -- ; --   ; --   ; -- ; (0)  ; (31)  ; --     ; --                     ; --                       ;
; audio_bitClock       ; Bidir    ; -- ; --   ; --   ; -- ; (0)  ; (31)  ; --     ; --                     ; --                       ;
; audio_data           ; Bidir    ; -- ; --   ; --   ; -- ; (0)  ; (31)  ; --     ; --                     ; --                       ;
; switches[9]          ; Input    ; -- ; --   ; (0)  ; -- ; --   ; --    ; --     ; --                     ; --                       ;
; switches[5]          ; Input    ; -- ; --   ; (0)  ; -- ; --   ; --    ; --     ; --                     ; --                       ;
; switches[8]          ; Input    ; -- ; --   ; (0)  ; -- ; --   ; --    ; --     ; --                     ; --                       ;
; switches[7]          ; Input    ; -- ; (0)  ; --   ; -- ; --   ; --    ; --     ; --                     ; --                       ;
; switches[6]          ; Input    ; -- ; (0)  ; --   ; -- ; --   ; --    ; --     ; --                     ; --                       ;
; switches[4]          ; Input    ; -- ; (0)  ; --   ; -- ; --   ; --    ; --     ; --                     ; --                       ;
; switches[2]          ; Input    ; -- ; --   ; (0)  ; -- ; --   ; --    ; --     ; --                     ; --                       ;
; switches[3]          ; Input    ; -- ; (0)  ; --   ; -- ; --   ; --    ; --     ; --                     ; --                       ;
; systemClock50MHz     ; Input    ; -- ; (0)  ; --   ; -- ; --   ; --    ; --     ; --                     ; --                       ;
; push_buttons[0]      ; Input    ; -- ; (0)  ; (0)  ; -- ; --   ; --    ; --     ; --                     ; --                       ;
; GPIO1_28_data        ; Input    ; -- ; --   ; (0)  ; -- ; --   ; --    ; --     ; --                     ; --                       ;
; switches[0]          ; Input    ; -- ; --   ; (0)  ; -- ; --   ; --    ; --     ; --                     ; --                       ;
; push_buttons[1]      ; Input    ; -- ; --   ; (0)  ; -- ; --   ; --    ; --     ; --                     ; --                       ;
; switches[1]          ; Input    ; -- ; --   ; (0)  ; -- ; --   ; --    ; --     ; --                     ; --                       ;
+----------------------+----------+----+------+------+----+------+-------+--------+------------------------+--------------------------+


+---------------------------------------------------------------------------------------------------------------------------------------------------------------------+
; Pad To Core Delay Chain Fanout                                                                                                                                      ;
+---------------------------------------------------------------------------------------------------------------------------------------+-------------------+---------+
; Source Pin / Fanout                                                                                                                   ; Pad To Core Index ; Setting ;
+---------------------------------------------------------------------------------------------------------------------------------------+-------------------+---------+
; push_buttons[2]                                                                                                                       ;                   ;         ;
; push_buttons[3]                                                                                                                       ;                   ;         ;
; i2c_clock                                                                                                                             ;                   ;         ;
;      - audio_unit:audio_unit_instance|audio_configurator_select:i2c_conf|i2c_controller:i2c_controller_instance|Selector22~0          ; 1                 ; 0       ;
;      - audio_unit:audio_unit_instance|audio_configurator_select:i2c_conf|i2c_controller:i2c_controller_instance|Selector22~1          ; 1                 ; 0       ;
;      - audio_unit:audio_unit_instance|audio_configurator_select:i2c_conf|i2c_controller:i2c_controller_instance|Selector22~2          ; 1                 ; 0       ;
;      - audio_unit:audio_unit_instance|audio_configurator_select:i2c_conf|i2c_controller:i2c_controller_instance|Selector23~3          ; 1                 ; 0       ;
;      - audio_unit:audio_unit_instance|audio_configurator_select:i2c_conf|i2c_controller:i2c_controller_instance|Selector23~4          ; 1                 ; 0       ;
;      - audio_unit:audio_unit_instance|audio_configurator_select:i2c_conf|i2c_controller:i2c_controller_instance|Selector9~3           ; 1                 ; 0       ;
;      - audio_unit:audio_unit_instance|audio_configurator_select:i2c_conf|i2c_controller:i2c_controller_instance|Selector9~4           ; 1                 ; 0       ;
;      - audio_unit:audio_unit_instance|audio_configurator_select:i2c_conf|i2c_controller:i2c_controller_instance|Selector9~5           ; 1                 ; 0       ;
;      - audio_unit:audio_unit_instance|audio_configurator_select:i2c_conf|i2c_controller:i2c_controller_instance|Selector11~0          ; 1                 ; 0       ;
;      - audio_unit:audio_unit_instance|audio_configurator_select:i2c_conf|i2c_controller:i2c_controller_instance|currentStep.0010~2    ; 1                 ; 0       ;
;      - audio_unit:audio_unit_instance|audio_configurator_select:i2c_conf|i2c_controller:i2c_controller_instance|Selector13~0          ; 1                 ; 0       ;
;      - audio_unit:audio_unit_instance|audio_configurator_select:i2c_conf|i2c_controller:i2c_controller_instance|Selector11~1          ; 1                 ; 0       ;
;      - audio_unit:audio_unit_instance|audio_configurator_select:i2c_conf|i2c_controller:i2c_controller_instance|currentStep.0001~0    ; 1                 ; 0       ;
;      - audio_unit:audio_unit_instance|audio_configurator_select:i2c_conf|i2c_controller:i2c_controller_instance|Selector14~0          ; 1                 ; 0       ;
;      - audio_unit:audio_unit_instance|audio_configurator_select:i2c_conf|i2c_controller:i2c_controller_instance|Selector14~2          ; 1                 ; 0       ;
;      - audio_unit:audio_unit_instance|audio_configurator_select:i2c_conf|i2c_controller:i2c_controller_instance|currentBitIndex[3]~0  ; 1                 ; 0       ;
;      - audio_unit:audio_unit_instance|audio_configurator_select:i2c_conf|i2c_controller:i2c_controller_instance|currentByte[5]~1      ; 1                 ; 0       ;
;      - audio_unit:audio_unit_instance|audio_configurator_select:i2c_conf|i2c_controller:i2c_controller_instance|currentByte[7]~2      ; 1                 ; 0       ;
;      - audio_unit:audio_unit_instance|audio_configurator_select:i2c_conf|i2c_controller:i2c_controller_instance|currentByteIndex[0]~0 ; 1                 ; 0       ;
;      - audio_unit:audio_unit_instance|audio_configurator_select:i2c_conf|i2c_controller:i2c_controller_instance|Selector17~0          ; 1                 ; 0       ;
; i2c_data                                                                                                                              ;                   ;         ;
; audio_masterClock                                                                                                                     ;                   ;         ;
; audio_leftRightClock                                                                                                                  ;                   ;         ;
; audio_bitClock                                                                                                                        ;                   ;         ;
; audio_data                                                                                                                            ;                   ;         ;
; switches[9]                                                                                                                           ;                   ;         ;
;      - cpu:cpu_instance|register_file:register_file_instance|contentsB[0]~0                                                           ; 1                 ; 0       ;
;      - cpu:cpu_instance|register_file:register_file_instance|contentsA[0]~1                                                           ; 1                 ; 0       ;
;      - cpu:cpu_instance|mux2:alu_input_mux|selection[0]~3                                                                             ; 1                 ; 0       ;
;      - cpu:cpu_instance|register_file:register_file_instance|contentsA[0]~87                                                          ; 1                 ; 0       ;
;      - cpu:cpu_instance|register_file:register_file_instance|contentsB~108                                                            ; 1                 ; 0       ;
;      - audio_unit:audio_unit_instance|audio_configurator_select:i2c_conf|currentCommandIndex~4                                        ; 1                 ; 0       ;
; switches[5]                                                                                                                           ;                   ;         ;
;      - cpu:cpu_instance|register_file:register_file_instance|contentsA[4]~9                                                           ; 1                 ; 0       ;
;      - cpu:cpu_instance|register_file:register_file_instance|contentsB[4]~14                                                          ; 1                 ; 0       ;
;      - cpu:cpu_instance|mux2:alu_input_mux|selection[4]~25                                                                            ; 1                 ; 0       ;
;      - cpu:cpu_instance|register_file:register_file_instance|contentsA[4]~111                                                         ; 1                 ; 0       ;
;      - cpu:cpu_instance|register_file:register_file_instance|contentsB[4]~101                                                         ; 1                 ; 0       ;
;      - audio_unit:audio_unit_instance|audio_output:dac_driver|note_generator:note_gen|tone_limit[31]~0                                ; 1                 ; 0       ;
;      - audio_unit:audio_unit_instance|audio_output:dac_driver|note_generator:note_gen|tone_limit[20]~1                                ; 1                 ; 0       ;
;      - audio_unit:audio_unit_instance|audio_output:dac_driver|note_generator:note_gen|ShiftLeft0~14                                   ; 1                 ; 0       ;
;      - audio_unit:audio_unit_instance|audio_output:dac_driver|note_generator:note_gen|ShiftLeft0~18                                   ; 1                 ; 0       ;
;      - audio_unit:audio_unit_instance|audio_output:dac_driver|note_generator:note_gen|ShiftLeft0~20                                   ; 1                 ; 0       ;
;      - audio_unit:audio_unit_instance|audio_output:dac_driver|note_generator:note_gen|tone_limit[13]~2                                ; 1                 ; 0       ;
; switches[8]                                                                                                                           ;                   ;         ;
;      - cpu:cpu_instance|register_file:register_file_instance|contentsA[1]~15                                                          ; 1                 ; 0       ;
;      - cpu:cpu_instance|register_file:register_file_instance|contentsB[1]~56                                                          ; 1                 ; 0       ;
;      - cpu:cpu_instance|mux2:alu_input_mux|selection[1]~31                                                                            ; 1                 ; 0       ;
;      - cpu:cpu_instance|register_file:register_file_instance|contentsB[1]~93                                                          ; 1                 ; 0       ;
;      - cpu:cpu_instance|register_file:register_file_instance|contentsA[1]~108                                                         ; 1                 ; 0       ;
;      - audio_unit:audio_unit_instance|audio_configurator_select:i2c_conf|currentCommandIndex~3                                        ; 1                 ; 0       ;
; switches[7]                                                                                                                           ;                   ;         ;
;      - cpu:cpu_instance|register_file:register_file_instance|contentsA[2]~21                                                          ; 0                 ; 0       ;
;      - cpu:cpu_instance|register_file:register_file_instance|contentsB[2]~80                                                          ; 0                 ; 0       ;
;      - cpu:cpu_instance|register_file:register_file_instance|contentsB[2]~94                                                          ; 0                 ; 0       ;
;      - cpu:cpu_instance|register_file:register_file_instance|contentsA[2]~109                                                         ; 0                 ; 0       ;
;      - audio_unit:audio_unit_instance|audio_output:dac_driver|note_generator:note_gen|tone_limit[31]~0                                ; 0                 ; 0       ;
;      - audio_unit:audio_unit_instance|audio_output:dac_driver|note_generator:note_gen|tone_limit[20]~1                                ; 0                 ; 0       ;
;      - audio_unit:audio_unit_instance|audio_output:dac_driver|note_generator:note_gen|ShiftLeft0~14                                   ; 0                 ; 0       ;
;      - audio_unit:audio_unit_instance|audio_output:dac_driver|note_generator:note_gen|ShiftLeft0~18                                   ; 0                 ; 0       ;
;      - audio_unit:audio_unit_instance|audio_output:dac_driver|note_generator:note_gen|ShiftLeft0~20                                   ; 0                 ; 0       ;
;      - audio_unit:audio_unit_instance|audio_output:dac_driver|note_generator:note_gen|tone_limit[13]~2                                ; 0                 ; 0       ;
;      - audio_unit:audio_unit_instance|audio_configurator_select:i2c_conf|currentCommandIndex~2                                        ; 0                 ; 0       ;
; switches[6]                                                                                                                           ;                   ;         ;
;      - cpu:cpu_instance|register_file:register_file_instance|contentsA[3]~27                                                          ; 0                 ; 0       ;
;      - cpu:cpu_instance|register_file:register_file_instance|contentsB[3]~74                                                          ; 0                 ; 0       ;
;      - cpu:cpu_instance|register_file:register_file_instance|contentsB[3]~95                                                          ; 0                 ; 0       ;
;      - cpu:cpu_instance|register_file:register_file_instance|contentsA[3]~110                                                         ; 0                 ; 0       ;
;      - audio_unit:audio_unit_instance|audio_output:dac_driver|note_generator:note_gen|tone_limit[31]~0                                ; 0                 ; 0       ;
;      - audio_unit:audio_unit_instance|audio_output:dac_driver|note_generator:note_gen|tone_limit[20]~1                                ; 0                 ; 0       ;
;      - audio_unit:audio_unit_instance|audio_output:dac_driver|note_generator:note_gen|ShiftLeft0~14                                   ; 0                 ; 0       ;
;      - audio_unit:audio_unit_instance|audio_output:dac_driver|note_generator:note_gen|ShiftLeft0~18                                   ; 0                 ; 0       ;
;      - audio_unit:audio_unit_instance|audio_output:dac_driver|note_generator:note_gen|ShiftLeft0~20                                   ; 0                 ; 0       ;
;      - audio_unit:audio_unit_instance|audio_output:dac_driver|note_generator:note_gen|tone_limit[13]~2                                ; 0                 ; 0       ;
;      - audio_unit:audio_unit_instance|audio_configurator_select:i2c_conf|currentCommandIndex~0                                        ; 0                 ; 0       ;
; switches[4]                                                                                                                           ;                   ;         ;
;      - cpu:cpu_instance|register_file:register_file_instance|contentsB[5]~8                                                           ; 0                 ; 0       ;
;      - cpu:cpu_instance|register_file:register_file_instance|contentsA[5]~44                                                          ; 0                 ; 0       ;
;      - cpu:cpu_instance|mux2:memory_select_read_write_address_mux|selection[5]~7                                                      ; 0                 ; 0       ;
;      - cpu:cpu_instance|register_file:register_file_instance|contentsA[5]~112                                                         ; 0                 ; 0       ;
;      - cpu:cpu_instance|register_file:register_file_instance|contentsB[5]~103                                                         ; 0                 ; 0       ;
;      - audio_unit:audio_unit_instance|audio_output:dac_driver|note_generator:note_gen|tone_limit[31]~0                                ; 0                 ; 0       ;
;      - audio_unit:audio_unit_instance|audio_output:dac_driver|note_generator:note_gen|tone_limit[20]~1                                ; 0                 ; 0       ;
;      - audio_unit:audio_unit_instance|audio_output:dac_driver|note_generator:note_gen|ShiftLeft0~12                                   ; 0                 ; 0       ;
;      - audio_unit:audio_unit_instance|audio_output:dac_driver|note_generator:note_gen|ShiftLeft0~13                                   ; 0                 ; 0       ;
;      - audio_unit:audio_unit_instance|audio_output:dac_driver|note_generator:note_gen|ShiftLeft0~16                                   ; 0                 ; 0       ;
;      - audio_unit:audio_unit_instance|audio_output:dac_driver|note_generator:note_gen|ShiftLeft0~17                                   ; 0                 ; 0       ;
;      - audio_unit:audio_unit_instance|audio_output:dac_driver|note_generator:note_gen|ShiftLeft0~19                                   ; 0                 ; 0       ;
;      - audio_unit:audio_unit_instance|audio_output:dac_driver|note_generator:note_gen|tone_limit[13]~2                                ; 0                 ; 0       ;
; switches[2]                                                                                                                           ;                   ;         ;
;      - cpu:cpu_instance|register_file:register_file_instance|contentsB[7]~32                                                          ; 1                 ; 0       ;
;      - cpu:cpu_instance|mux2:alu_input_mux|selection[7]~27                                                                            ; 1                 ; 0       ;
;      - cpu:cpu_instance|register_file:register_file_instance|contentsA[7]~102                                                         ; 1                 ; 0       ;
;      - cpu:cpu_instance|register_file:register_file_instance|contentsA[7]~105                                                         ; 1                 ; 0       ;
;      - cpu:cpu_instance|register_file:register_file_instance|contentsB[7]~96                                                          ; 1                 ; 0       ;
;      - cpu:cpu_instance|mux2:memory_select_read_write_address_mux|selection[7]~10                                                     ; 1                 ; 0       ;
;      - audio_unit:audio_unit_instance|audio_output:dac_driver|note_generator:note_gen|ShiftLeft0~0                                    ; 1                 ; 0       ;
;      - audio_unit:audio_unit_instance|audio_output:dac_driver|note_generator:note_gen|ShiftLeft0~1                                    ; 1                 ; 0       ;
;      - audio_unit:audio_unit_instance|audio_output:dac_driver|note_generator:note_gen|ShiftLeft0~2                                    ; 1                 ; 0       ;
;      - audio_unit:audio_unit_instance|audio_output:dac_driver|note_generator:note_gen|ShiftLeft0~3                                    ; 1                 ; 0       ;
;      - audio_unit:audio_unit_instance|audio_output:dac_driver|note_generator:note_gen|ShiftLeft0~4                                    ; 1                 ; 0       ;
;      - audio_unit:audio_unit_instance|audio_output:dac_driver|note_generator:note_gen|ShiftLeft0~5                                    ; 1                 ; 0       ;
;      - audio_unit:audio_unit_instance|audio_output:dac_driver|note_generator:note_gen|ShiftLeft0~6                                    ; 1                 ; 0       ;
;      - audio_unit:audio_unit_instance|audio_output:dac_driver|note_generator:note_gen|ShiftLeft0~7                                    ; 1                 ; 0       ;
;      - audio_unit:audio_unit_instance|audio_output:dac_driver|note_generator:note_gen|ShiftLeft0~8                                    ; 1                 ; 0       ;
;      - audio_unit:audio_unit_instance|audio_output:dac_driver|note_generator:note_gen|ShiftLeft0~9                                    ; 1                 ; 0       ;
;      - audio_unit:audio_unit_instance|audio_output:dac_driver|note_generator:note_gen|ShiftLeft0~10                                   ; 1                 ; 0       ;
;      - audio_unit:audio_unit_instance|audio_output:dac_driver|note_generator:note_gen|ShiftLeft0~11                                   ; 1                 ; 0       ;
;      - audio_unit:audio_unit_instance|audio_output:dac_driver|note_generator:note_gen|tone_limit[20]~1                                ; 1                 ; 0       ;
;      - audio_unit:audio_unit_instance|audio_output:dac_driver|note_generator:note_gen|ShiftLeft0~13                                   ; 1                 ; 0       ;
;      - audio_unit:audio_unit_instance|audio_output:dac_driver|note_generator:note_gen|ShiftLeft0~15                                   ; 1                 ; 0       ;
;      - audio_unit:audio_unit_instance|audio_output:dac_driver|note_generator:note_gen|ShiftLeft0~17                                   ; 1                 ; 0       ;
;      - audio_unit:audio_unit_instance|audio_output:dac_driver|note_generator:note_gen|ShiftLeft0~19                                   ; 1                 ; 0       ;
;      - audio_unit:audio_unit_instance|audio_output:dac_driver|note_generator:note_gen|ShiftLeft0~21                                   ; 1                 ; 0       ;
;      - audio_unit:audio_unit_instance|audio_output:dac_driver|note_generator:note_gen|ShiftLeft0~22                                   ; 1                 ; 0       ;
;      - audio_unit:audio_unit_instance|audio_output:dac_driver|note_generator:note_gen|ShiftLeft0~23                                   ; 1                 ; 0       ;
; switches[3]                                                                                                                           ;                   ;         ;
;      - cpu:cpu_instance|register_file:register_file_instance|contentsB[6]~38                                                          ; 0                 ; 0       ;
;      - cpu:cpu_instance|mux2:alu_input_mux|selection[6]~29                                                                            ; 0                 ; 0       ;
;      - cpu:cpu_instance|mux2:memory_select_read_write_address_mux|selection[6]~5                                                      ; 0                 ; 0       ;
;      - cpu:cpu_instance|register_file:register_file_instance|contentsA[6]~107                                                         ; 0                 ; 0       ;
;      - cpu:cpu_instance|register_file:register_file_instance|contentsA[6]~113                                                         ; 0                 ; 0       ;
;      - cpu:cpu_instance|register_file:register_file_instance|contentsB[6]~105                                                         ; 0                 ; 0       ;
;      - audio_unit:audio_unit_instance|audio_output:dac_driver|note_generator:note_gen|ShiftLeft0~0                                    ; 0                 ; 0       ;
;      - audio_unit:audio_unit_instance|audio_output:dac_driver|note_generator:note_gen|ShiftLeft0~1                                    ; 0                 ; 0       ;
;      - audio_unit:audio_unit_instance|audio_output:dac_driver|note_generator:note_gen|ShiftLeft0~2                                    ; 0                 ; 0       ;
;      - audio_unit:audio_unit_instance|audio_output:dac_driver|note_generator:note_gen|ShiftLeft0~3                                    ; 0                 ; 0       ;
;      - audio_unit:audio_unit_instance|audio_output:dac_driver|note_generator:note_gen|ShiftLeft0~4                                    ; 0                 ; 0       ;
;      - audio_unit:audio_unit_instance|audio_output:dac_driver|note_generator:note_gen|ShiftLeft0~5                                    ; 0                 ; 0       ;
;      - audio_unit:audio_unit_instance|audio_output:dac_driver|note_generator:note_gen|ShiftLeft0~6                                    ; 0                 ; 0       ;
;      - audio_unit:audio_unit_instance|audio_output:dac_driver|note_generator:note_gen|ShiftLeft0~7                                    ; 0                 ; 0       ;
;      - audio_unit:audio_unit_instance|audio_output:dac_driver|note_generator:note_gen|ShiftLeft0~8                                    ; 0                 ; 0       ;
;      - audio_unit:audio_unit_instance|audio_output:dac_driver|note_generator:note_gen|ShiftLeft0~9                                    ; 0                 ; 0       ;
;      - audio_unit:audio_unit_instance|audio_output:dac_driver|note_generator:note_gen|ShiftLeft0~10                                   ; 0                 ; 0       ;
;      - audio_unit:audio_unit_instance|audio_output:dac_driver|note_generator:note_gen|ShiftLeft0~11                                   ; 0                 ; 0       ;
;      - audio_unit:audio_unit_instance|audio_output:dac_driver|note_generator:note_gen|tone_limit[20]~1                                ; 0                 ; 0       ;
;      - audio_unit:audio_unit_instance|audio_output:dac_driver|note_generator:note_gen|ShiftLeft0~13                                   ; 0                 ; 0       ;
;      - audio_unit:audio_unit_instance|audio_output:dac_driver|note_generator:note_gen|ShiftLeft0~15                                   ; 0                 ; 0       ;
;      - audio_unit:audio_unit_instance|audio_output:dac_driver|note_generator:note_gen|ShiftLeft0~17                                   ; 0                 ; 0       ;
;      - audio_unit:audio_unit_instance|audio_output:dac_driver|note_generator:note_gen|ShiftLeft0~19                                   ; 0                 ; 0       ;
;      - audio_unit:audio_unit_instance|audio_output:dac_driver|note_generator:note_gen|ShiftLeft0~21                                   ; 0                 ; 0       ;
;      - audio_unit:audio_unit_instance|audio_output:dac_driver|note_generator:note_gen|ShiftLeft0~22                                   ; 0                 ; 0       ;
;      - audio_unit:audio_unit_instance|audio_output:dac_driver|note_generator:note_gen|ShiftLeft0~23                                   ; 0                 ; 0       ;
; systemClock50MHz                                                                                                                      ;                   ;         ;
;      - vga:vga_instance|clk25                                                                                                         ; 0                 ; 0       ;
;      - audio_unit:audio_unit_instance|audio_configurator_select:i2c_conf|i2c_clk_reg                                                  ; 0                 ; 0       ;
;      - audio_unit:audio_unit_instance|comb~0                                                                                          ; 0                 ; 0       ;
; push_buttons[0]                                                                                                                       ;                   ;         ;
;      - vga:vga_instance|clk25                                                                                                         ; 0                 ; 0       ;
;      - sharedMemory:memory_instance|contentsPlayer[15]                                                                                ; 0                 ; 0       ;
;      - sharedMemory:memory_instance|contentsPlayer[9]                                                                                 ; 0                 ; 0       ;
;      - sharedMemory:memory_instance|contentsPlayer[14]                                                                                ; 0                 ; 0       ;
;      - sharedMemory:memory_instance|contentsPlayer[13]                                                                                ; 0                 ; 0       ;
;      - sharedMemory:memory_instance|contentsPlayer[12]                                                                                ; 0                 ; 0       ;
;      - sharedMemory:memory_instance|contentsPlayer[11]                                                                                ; 0                 ; 0       ;
;      - sharedMemory:memory_instance|contentsPlayer[10]                                                                                ; 0                 ; 0       ;
;      - sharedMemory:memory_instance|contentsPlayer[8]                                                                                 ; 0                 ; 0       ;
;      - sharedMemory:memory_instance|contentsPlayer[7]                                                                                 ; 0                 ; 0       ;
;      - sharedMemory:memory_instance|contentsPlayer[6]                                                                                 ; 0                 ; 0       ;
;      - sharedMemory:memory_instance|contentsPlayer[5]                                                                                 ; 0                 ; 0       ;
;      - sharedMemory:memory_instance|contentsPlayer[4]                                                                                 ; 0                 ; 0       ;
;      - sharedMemory:memory_instance|contentsPlayer[3]                                                                                 ; 0                 ; 0       ;
;      - sharedMemory:memory_instance|contentsPlayer[2]                                                                                 ; 0                 ; 0       ;
;      - sharedMemory:memory_instance|contentsPlayer[1]                                                                                 ; 0                 ; 0       ;
;      - sharedMemory:memory_instance|contentsPlayer[0]                                                                                 ; 0                 ; 0       ;
;      - sharedMemory:memory_instance|sharedPlayerRegs[0][2]                                                                            ; 0                 ; 0       ;
;      - sharedMemory:memory_instance|sharedPlayerRegs[0][0]                                                                            ; 0                 ; 0       ;
;      - sharedMemory:memory_instance|sharedPlayerRegs[0][10]                                                                           ; 0                 ; 0       ;
;      - sharedMemory:memory_instance|sharedPlayerRegs[0][4]                                                                            ; 0                 ; 0       ;
;      - sharedMemory:memory_instance|sharedPlayerRegs[0][5]                                                                            ; 0                 ; 0       ;
;      - sharedMemory:memory_instance|sharedPlayerRegs[0][3]                                                                            ; 0                 ; 0       ;
;      - sharedMemory:memory_instance|sharedPlayerRegs[0][6]                                                                            ; 0                 ; 0       ;
;      - sharedMemory:memory_instance|sharedPlayerRegs[0][12]                                                                           ; 0                 ; 0       ;
;      - sharedMemory:memory_instance|sharedPlayerRegs[0][13]                                                                           ; 0                 ; 0       ;
;      - sharedMemory:memory_instance|sharedPlayerRegs[0][9]                                                                            ; 0                 ; 0       ;
;      - sharedMemory:memory_instance|sharedPlayerRegs[0][7]                                                                            ; 0                 ; 0       ;
;      - sharedMemory:memory_instance|sharedPlayerRegs[0][15]                                                                           ; 0                 ; 0       ;
;      - sharedMemory:memory_instance|sharedPlayerRegs[0][11]                                                                           ; 0                 ; 0       ;
;      - sharedMemory:memory_instance|sharedPlayerRegs[0][1]                                                                            ; 0                 ; 0       ;
;      - sharedMemory:memory_instance|sharedPlayerRegs[0][8]                                                                            ; 0                 ; 0       ;
;      - sharedMemory:memory_instance|sharedPlayerRegs[0][14]                                                                           ; 0                 ; 0       ;
;      - sharedMemory:memory_instance|sharedPlayerRegs[1][3]                                                                            ; 0                 ; 0       ;
;      - sharedMemory:memory_instance|sharedPlayerRegs[1][2]                                                                            ; 0                 ; 0       ;
;      - sharedMemory:memory_instance|sharedPlayerRegs[1][6]                                                                            ; 0                 ; 0       ;
;      - sharedMemory:memory_instance|sharedPlayerRegs[1][12]                                                                           ; 0                 ; 0       ;
;      - sharedMemory:memory_instance|sharedPlayerRegs[1][0]                                                                            ; 0                 ; 0       ;
;      - sharedMemory:memory_instance|sharedPlayerRegs[1][11]                                                                           ; 0                 ; 0       ;
;      - sharedMemory:memory_instance|sharedPlayerRegs[1][14]                                                                           ; 0                 ; 0       ;
;      - sharedMemory:memory_instance|sharedPlayerRegs[1][8]                                                                            ; 0                 ; 0       ;
;      - sharedMemory:memory_instance|sharedPlayerRegs[1][7]                                                                            ; 0                 ; 0       ;
;      - sharedMemory:memory_instance|sharedPlayerRegs[1][15]                                                                           ; 0                 ; 0       ;
;      - sharedMemory:memory_instance|sharedPlayerRegs[1][9]                                                                            ; 0                 ; 0       ;
;      - sharedMemory:memory_instance|sharedPlayerRegs[1][5]                                                                            ; 0                 ; 0       ;
;      - sharedMemory:memory_instance|sharedPlayerRegs[1][13]                                                                           ; 0                 ; 0       ;
;      - sharedMemory:memory_instance|sharedPlayerRegs[1][1]                                                                            ; 0                 ; 0       ;
;      - sharedMemory:memory_instance|sharedPlayerRegs[1][10]                                                                           ; 0                 ; 0       ;
;      - sharedMemory:memory_instance|sharedPlayerRegs[1][4]                                                                            ; 0                 ; 0       ;
;      - sharedMemory:memory_instance|sharedPlayerRegs[2][9]                                                                            ; 0                 ; 0       ;
;      - sharedMemory:memory_instance|sharedPlayerRegs[2][4]                                                                            ; 0                 ; 0       ;
;      - sharedMemory:memory_instance|sharedPlayerRegs[2][11]                                                                           ; 0                 ; 0       ;
;      - sharedMemory:memory_instance|sharedPlayerRegs[2][15]                                                                           ; 0                 ; 0       ;
;      - sharedMemory:memory_instance|sharedPlayerRegs[2][6]                                                                            ; 0                 ; 0       ;
;      - sharedMemory:memory_instance|sharedPlayerRegs[2][7]                                                                            ; 0                 ; 0       ;
;      - sharedMemory:memory_instance|sharedPlayerRegs[2][13]                                                                           ; 0                 ; 0       ;
;      - sharedMemory:memory_instance|sharedPlayerRegs[2][10]                                                                           ; 0                 ; 0       ;
;      - sharedMemory:memory_instance|sharedPlayerRegs[2][8]                                                                            ; 0                 ; 0       ;
;      - sharedMemory:memory_instance|sharedPlayerRegs[2][14]                                                                           ; 0                 ; 0       ;
;      - sharedMemory:memory_instance|sharedPlayerRegs[2][12]                                                                           ; 0                 ; 0       ;
;      - sharedMemory:memory_instance|sharedPlayerRegs[2][5]                                                                            ; 0                 ; 0       ;
;      - sharedMemory:memory_instance|sharedPlayerRegs[3][11]                                                                           ; 0                 ; 0       ;
;      - sharedMemory:memory_instance|sharedPlayerRegs[3][2]                                                                            ; 0                 ; 0       ;
;      - sharedMemory:memory_instance|sharedPlayerRegs[3][3]                                                                            ; 0                 ; 0       ;
;      - sharedMemory:memory_instance|sharedPlayerRegs[3][15]                                                                           ; 0                 ; 0       ;
;      - sharedMemory:memory_instance|sharedPlayerRegs[3][10]                                                                           ; 0                 ; 0       ;
;      - sharedMemory:memory_instance|sharedPlayerRegs[3][9]                                                                            ; 0                 ; 0       ;
;      - sharedMemory:memory_instance|sharedPlayerRegs[3][1]                                                                            ; 0                 ; 0       ;
;      - sharedMemory:memory_instance|sharedPlayerRegs[3][8]                                                                            ; 0                 ; 0       ;
;      - sharedMemory:memory_instance|sharedPlayerRegs[3][14]                                                                           ; 0                 ; 0       ;
;      - sharedMemory:memory_instance|sharedPlayerRegs[3][0]                                                                            ; 0                 ; 0       ;
;      - sharedMemory:memory_instance|sharedPlayerRegs[3][7]                                                                            ; 0                 ; 0       ;
;      - sharedMemory:memory_instance|sharedPlayerRegs[3][13]                                                                           ; 0                 ; 0       ;
;      - sharedMemory:memory_instance|sharedPlayerRegs[3][6]                                                                            ; 0                 ; 0       ;
;      - sharedMemory:memory_instance|sharedPlayerRegs[3][12]                                                                           ; 0                 ; 0       ;
;      - sharedMemory:memory_instance|sharedPlayerRegs[3][5]                                                                            ; 0                 ; 0       ;
;      - sharedMemory:memory_instance|sharedPlayerRegs[3][4]                                                                            ; 0                 ; 0       ;
;      - sharedMemory:memory_instance|sharedPlayerRegs[4][9]                                                                            ; 0                 ; 0       ;
;      - sharedMemory:memory_instance|sharedPlayerRegs[4][14]                                                                           ; 0                 ; 0       ;
;      - sharedMemory:memory_instance|sharedPlayerRegs[4][13]                                                                           ; 0                 ; 0       ;
;      - sharedMemory:memory_instance|sharedPlayerRegs[4][2]                                                                            ; 0                 ; 0       ;
;      - sharedMemory:memory_instance|sharedPlayerRegs[4][10]                                                                           ; 0                 ; 0       ;
;      - sharedMemory:memory_instance|sharedPlayerRegs[4][12]                                                                           ; 0                 ; 0       ;
;      - sharedMemory:memory_instance|sharedPlayerRegs[4][7]                                                                            ; 0                 ; 0       ;
;      - sharedMemory:memory_instance|sharedPlayerRegs[4][8]                                                                            ; 0                 ; 0       ;
;      - sharedMemory:memory_instance|sharedPlayerRegs[4][11]                                                                           ; 0                 ; 0       ;
;      - sharedMemory:memory_instance|sharedPlayerRegs[4][5]                                                                            ; 0                 ; 0       ;
;      - sharedMemory:memory_instance|sharedPlayerRegs[4][1]                                                                            ; 0                 ; 0       ;
;      - sharedMemory:memory_instance|sharedPlayerRegs[4][6]                                                                            ; 0                 ; 0       ;
;      - sharedMemory:memory_instance|sharedPlayerRegs[4][15]                                                                           ; 0                 ; 0       ;
;      - sharedMemory:memory_instance|sharedPlayerRegs[4][0]                                                                            ; 0                 ; 0       ;
;      - sharedMemory:memory_instance|sharedPlayerRegs[4][3]                                                                            ; 0                 ; 0       ;
;      - sharedMemory:memory_instance|sharedPlayerRegs[4][4]                                                                            ; 0                 ; 0       ;
;      - sharedMemory:memory_instance|sharedPlayerRegs[5][14]                                                                           ; 0                 ; 0       ;
;      - sharedMemory:memory_instance|sharedPlayerRegs[5][9]                                                                            ; 0                 ; 0       ;
;      - sharedMemory:memory_instance|sharedPlayerRegs[5][8]                                                                            ; 0                 ; 0       ;
;      - sharedMemory:memory_instance|sharedPlayerRegs[5][7]                                                                            ; 0                 ; 0       ;
;      - sharedMemory:memory_instance|sharedPlayerRegs[5][6]                                                                            ; 0                 ; 0       ;
;      - sharedMemory:memory_instance|sharedPlayerRegs[5][5]                                                                            ; 0                 ; 0       ;
;      - sharedMemory:memory_instance|sharedPlayerRegs[5][4]                                                                            ; 0                 ; 0       ;
;      - sharedMemory:memory_instance|sharedPlayerRegs[5][13]                                                                           ; 0                 ; 0       ;
;      - sharedMemory:memory_instance|sharedPlayerRegs[5][10]                                                                           ; 0                 ; 0       ;
;      - sharedMemory:memory_instance|sharedPlayerRegs[5][3]                                                                            ; 0                 ; 0       ;
;      - sharedMemory:memory_instance|sharedPlayerRegs[5][2]                                                                            ; 0                 ; 0       ;
;      - sharedMemory:memory_instance|sharedPlayerRegs[5][1]                                                                            ; 0                 ; 0       ;
;      - sharedMemory:memory_instance|sharedPlayerRegs[5][12]                                                                           ; 0                 ; 0       ;
;      - sharedMemory:memory_instance|sharedPlayerRegs[5][0]                                                                            ; 0                 ; 0       ;
;      - sharedMemory:memory_instance|sharedPlayerRegs[5][15]                                                                           ; 0                 ; 0       ;
;      - sharedMemory:memory_instance|sharedPlayerRegs[5][11]                                                                           ; 0                 ; 0       ;
;      - sharedMemory:memory_instance|sharedPlayerRegs[6][14]                                                                           ; 0                 ; 0       ;
;      - sharedMemory:memory_instance|sharedPlayerRegs[6][9]                                                                            ; 0                 ; 0       ;
;      - sharedMemory:memory_instance|sharedPlayerRegs[6][7]                                                                            ; 0                 ; 0       ;
;      - sharedMemory:memory_instance|sharedPlayerRegs[6][8]                                                                            ; 0                 ; 0       ;
;      - sharedMemory:memory_instance|sharedPlayerRegs[6][13]                                                                           ; 0                 ; 0       ;
;      - sharedMemory:memory_instance|sharedPlayerRegs[6][10]                                                                           ; 0                 ; 0       ;
;      - sharedMemory:memory_instance|sharedPlayerRegs[6][11]                                                                           ; 0                 ; 0       ;
;      - sharedMemory:memory_instance|sharedPlayerRegs[6][5]                                                                            ; 0                 ; 0       ;
;      - sharedMemory:memory_instance|sharedPlayerRegs[6][15]                                                                           ; 0                 ; 0       ;
;      - sharedMemory:memory_instance|sharedPlayerRegs[6][6]                                                                            ; 0                 ; 0       ;
;      - sharedMemory:memory_instance|sharedPlayerRegs[6][4]                                                                            ; 0                 ; 0       ;
;      - sharedMemory:memory_instance|sharedPlayerRegs[6][12]                                                                           ; 0                 ; 0       ;
;      - sharedMemory:memory_instance|sharedPlayerRegs[7][9]                                                                            ; 0                 ; 0       ;
;      - sharedMemory:memory_instance|sharedPlayerRegs[7][4]                                                                            ; 0                 ; 0       ;
;      - sharedMemory:memory_instance|sharedPlayerRegs[7][15]                                                                           ; 0                 ; 0       ;
;      - sharedMemory:memory_instance|sharedPlayerRegs[7][3]                                                                            ; 0                 ; 0       ;
;      - sharedMemory:memory_instance|sharedPlayerRegs[7][5]                                                                            ; 0                 ; 0       ;
;      - sharedMemory:memory_instance|sharedPlayerRegs[7][7]                                                                            ; 0                 ; 0       ;
;      - sharedMemory:memory_instance|sharedPlayerRegs[7][6]                                                                            ; 0                 ; 0       ;
;      - sharedMemory:memory_instance|sharedPlayerRegs[7][8]                                                                            ; 0                 ; 0       ;
;      - sharedMemory:memory_instance|sharedPlayerRegs[7][12]                                                                           ; 0                 ; 0       ;
;      - sharedMemory:memory_instance|sharedPlayerRegs[7][11]                                                                           ; 0                 ; 0       ;
;      - sharedMemory:memory_instance|sharedPlayerRegs[7][10]                                                                           ; 0                 ; 0       ;
;      - sharedMemory:memory_instance|sharedPlayerRegs[7][0]                                                                            ; 0                 ; 0       ;
;      - sharedMemory:memory_instance|sharedPlayerRegs[7][13]                                                                           ; 0                 ; 0       ;
;      - sharedMemory:memory_instance|sharedPlayerRegs[7][1]                                                                            ; 0                 ; 0       ;
;      - sharedMemory:memory_instance|sharedPlayerRegs[7][14]                                                                           ; 0                 ; 0       ;
;      - sharedMemory:memory_instance|sharedPlayerRegs[7][2]                                                                            ; 0                 ; 0       ;
;      - sharedMemory:memory_instance|sharedPlayerRegs[8][10]                                                                           ; 0                 ; 0       ;
;      - sharedMemory:memory_instance|sharedPlayerRegs[8][6]                                                                            ; 0                 ; 0       ;
;      - sharedMemory:memory_instance|sharedPlayerRegs[8][0]                                                                            ; 0                 ; 0       ;
;      - sharedMemory:memory_instance|sharedPlayerRegs[8][13]                                                                           ; 0                 ; 0       ;
;      - sharedMemory:memory_instance|sharedPlayerRegs[8][7]                                                                            ; 0                 ; 0       ;
;      - sharedMemory:memory_instance|sharedPlayerRegs[8][4]                                                                            ; 0                 ; 0       ;
;      - sharedMemory:memory_instance|sharedPlayerRegs[8][3]                                                                            ; 0                 ; 0       ;
;      - sharedMemory:memory_instance|sharedPlayerRegs[8][11]                                                                           ; 0                 ; 0       ;
;      - sharedMemory:memory_instance|sharedPlayerRegs[8][15]                                                                           ; 0                 ; 0       ;
;      - sharedMemory:memory_instance|sharedPlayerRegs[8][2]                                                                            ; 0                 ; 0       ;
;      - sharedMemory:memory_instance|sharedPlayerRegs[8][1]                                                                            ; 0                 ; 0       ;
;      - sharedMemory:memory_instance|sharedPlayerRegs[8][12]                                                                           ; 0                 ; 0       ;
;      - sharedMemory:memory_instance|sharedPlayerRegs[8][8]                                                                            ; 0                 ; 0       ;
;      - sharedMemory:memory_instance|sharedPlayerRegs[8][14]                                                                           ; 0                 ; 0       ;
;      - sharedMemory:memory_instance|sharedPlayerRegs[8][9]                                                                            ; 0                 ; 0       ;
;      - sharedMemory:memory_instance|sharedPlayerRegs[8][5]                                                                            ; 0                 ; 0       ;
;      - sharedMemory:memory_instance|sharedPlayerRegs[9][10]                                                                           ; 0                 ; 0       ;
;      - sharedMemory:memory_instance|sharedPlayerRegs[9][4]                                                                            ; 0                 ; 0       ;
;      - sharedMemory:memory_instance|sharedPlayerRegs[9][7]                                                                            ; 0                 ; 0       ;
;      - sharedMemory:memory_instance|sharedPlayerRegs[9][8]                                                                            ; 0                 ; 0       ;
;      - sharedMemory:memory_instance|sharedPlayerRegs[9][15]                                                                           ; 0                 ; 0       ;
;      - sharedMemory:memory_instance|sharedPlayerRegs[9][9]                                                                            ; 0                 ; 0       ;
;      - sharedMemory:memory_instance|sharedPlayerRegs[9][0]                                                                            ; 0                 ; 0       ;
;      - sharedMemory:memory_instance|sharedPlayerRegs[9][2]                                                                            ; 0                 ; 0       ;
;      - sharedMemory:memory_instance|sharedPlayerRegs[9][6]                                                                            ; 0                 ; 0       ;
;      - sharedMemory:memory_instance|sharedPlayerRegs[9][14]                                                                           ; 0                 ; 0       ;
;      - sharedMemory:memory_instance|sharedPlayerRegs[9][12]                                                                           ; 0                 ; 0       ;
;      - sharedMemory:memory_instance|sharedPlayerRegs[9][5]                                                                            ; 0                 ; 0       ;
;      - sharedMemory:memory_instance|sharedPlayerRegs[9][1]                                                                            ; 0                 ; 0       ;
;      - sharedMemory:memory_instance|sharedPlayerRegs[9][11]                                                                           ; 0                 ; 0       ;
;      - sharedMemory:memory_instance|sharedPlayerRegs[9][13]                                                                           ; 0                 ; 0       ;
;      - sharedMemory:memory_instance|sharedPlayerRegs[9][3]                                                                            ; 0                 ; 0       ;
;      - sharedMemory:memory_instance|sharedPlayerRegs[10][14]                                                                          ; 0                 ; 0       ;
;      - sharedMemory:memory_instance|sharedPlayerRegs[10][6]                                                                           ; 0                 ; 0       ;
;      - sharedMemory:memory_instance|sharedPlayerRegs[10][5]                                                                           ; 0                 ; 0       ;
;      - sharedMemory:memory_instance|sharedPlayerRegs[10][4]                                                                           ; 0                 ; 0       ;
;      - sharedMemory:memory_instance|sharedPlayerRegs[10][8]                                                                           ; 0                 ; 0       ;
;      - sharedMemory:memory_instance|sharedPlayerRegs[10][11]                                                                          ; 0                 ; 0       ;
;      - sharedMemory:memory_instance|sharedPlayerRegs[10][15]                                                                          ; 0                 ; 0       ;
;      - sharedMemory:memory_instance|sharedPlayerRegs[10][7]                                                                           ; 0                 ; 0       ;
;      - sharedMemory:memory_instance|sharedPlayerRegs[10][10]                                                                          ; 0                 ; 0       ;
;      - sharedMemory:memory_instance|sharedPlayerRegs[10][9]                                                                           ; 0                 ; 0       ;
;      - sharedMemory:memory_instance|sharedPlayerRegs[10][12]                                                                          ; 0                 ; 0       ;
;      - sharedMemory:memory_instance|sharedPlayerRegs[10][13]                                                                          ; 0                 ; 0       ;
;      - sharedMemory:memory_instance|sharedPlayerRegs[11][2]                                                                           ; 0                 ; 0       ;
;      - sharedMemory:memory_instance|sharedPlayerRegs[11][14]                                                                          ; 0                 ; 0       ;
;      - sharedMemory:memory_instance|sharedPlayerRegs[11][7]                                                                           ; 0                 ; 0       ;
;      - sharedMemory:memory_instance|sharedPlayerRegs[11][3]                                                                           ; 0                 ; 0       ;
;      - sharedMemory:memory_instance|sharedPlayerRegs[11][13]                                                                          ; 0                 ; 0       ;
;      - sharedMemory:memory_instance|sharedPlayerRegs[11][1]                                                                           ; 0                 ; 0       ;
;      - sharedMemory:memory_instance|sharedPlayerRegs[11][8]                                                                           ; 0                 ; 0       ;
;      - sharedMemory:memory_instance|sharedPlayerRegs[11][11]                                                                          ; 0                 ; 0       ;
;      - sharedMemory:memory_instance|sharedPlayerRegs[11][4]                                                                           ; 0                 ; 0       ;
;      - sharedMemory:memory_instance|sharedPlayerRegs[11][15]                                                                          ; 0                 ; 0       ;
;      - sharedMemory:memory_instance|sharedPlayerRegs[11][5]                                                                           ; 0                 ; 0       ;
;      - sharedMemory:memory_instance|sharedPlayerRegs[11][10]                                                                          ; 0                 ; 0       ;
;      - sharedMemory:memory_instance|sharedPlayerRegs[11][6]                                                                           ; 0                 ; 0       ;
;      - sharedMemory:memory_instance|sharedPlayerRegs[11][0]                                                                           ; 0                 ; 0       ;
;      - sharedMemory:memory_instance|sharedPlayerRegs[11][12]                                                                          ; 0                 ; 0       ;
;      - sharedMemory:memory_instance|sharedPlayerRegs[11][9]                                                                           ; 0                 ; 0       ;
;      - sharedMemory:memory_instance|sharedPlayerRegs[12][3]                                                                           ; 0                 ; 0       ;
;      - sharedMemory:memory_instance|sharedPlayerRegs[12][4]                                                                           ; 0                 ; 0       ;
;      - sharedMemory:memory_instance|sharedPlayerRegs[12][8]                                                                           ; 0                 ; 0       ;
;      - sharedMemory:memory_instance|sharedPlayerRegs[12][0]                                                                           ; 0                 ; 0       ;
;      - sharedMemory:memory_instance|sharedPlayerRegs[12][15]                                                                          ; 0                 ; 0       ;
;      - sharedMemory:memory_instance|sharedPlayerRegs[12][2]                                                                           ; 0                 ; 0       ;
;      - sharedMemory:memory_instance|sharedPlayerRegs[12][10]                                                                          ; 0                 ; 0       ;
;      - sharedMemory:memory_instance|sharedPlayerRegs[12][14]                                                                          ; 0                 ; 0       ;
;      - sharedMemory:memory_instance|sharedPlayerRegs[12][12]                                                                          ; 0                 ; 0       ;
;      - sharedMemory:memory_instance|sharedPlayerRegs[12][6]                                                                           ; 0                 ; 0       ;
;      - sharedMemory:memory_instance|sharedPlayerRegs[12][9]                                                                           ; 0                 ; 0       ;
;      - sharedMemory:memory_instance|sharedPlayerRegs[12][5]                                                                           ; 0                 ; 0       ;
;      - sharedMemory:memory_instance|sharedPlayerRegs[12][1]                                                                           ; 0                 ; 0       ;
;      - sharedMemory:memory_instance|sharedPlayerRegs[12][7]                                                                           ; 0                 ; 0       ;
;      - sharedMemory:memory_instance|sharedPlayerRegs[12][13]                                                                          ; 0                 ; 0       ;
;      - sharedMemory:memory_instance|sharedPlayerRegs[12][11]                                                                          ; 0                 ; 0       ;
;      - sharedMemory:memory_instance|sharedPlayerRegs[13][13]                                                                          ; 0                 ; 0       ;
;      - sharedMemory:memory_instance|sharedPlayerRegs[13][12]                                                                          ; 0                 ; 0       ;
;      - sharedMemory:memory_instance|sharedPlayerRegs[13][15]                                                                          ; 0                 ; 0       ;
;      - sharedMemory:memory_instance|sharedPlayerRegs[13][8]                                                                           ; 0                 ; 0       ;
;      - sharedMemory:memory_instance|sharedPlayerRegs[13][7]                                                                           ; 0                 ; 0       ;
;      - sharedMemory:memory_instance|sharedPlayerRegs[13][6]                                                                           ; 0                 ; 0       ;
;      - sharedMemory:memory_instance|sharedPlayerRegs[13][14]                                                                          ; 0                 ; 0       ;
;      - sharedMemory:memory_instance|sharedPlayerRegs[13][5]                                                                           ; 0                 ; 0       ;
;      - sharedMemory:memory_instance|sharedPlayerRegs[13][0]                                                                           ; 0                 ; 0       ;
;      - sharedMemory:memory_instance|sharedPlayerRegs[13][1]                                                                           ; 0                 ; 0       ;
;      - sharedMemory:memory_instance|sharedPlayerRegs[13][2]                                                                           ; 0                 ; 0       ;
;      - sharedMemory:memory_instance|sharedPlayerRegs[13][9]                                                                           ; 0                 ; 0       ;
;      - sharedMemory:memory_instance|sharedPlayerRegs[13][3]                                                                           ; 0                 ; 0       ;
;      - sharedMemory:memory_instance|sharedPlayerRegs[13][10]                                                                          ; 0                 ; 0       ;
;      - sharedMemory:memory_instance|sharedPlayerRegs[13][4]                                                                           ; 0                 ; 0       ;
;      - sharedMemory:memory_instance|sharedPlayerRegs[13][11]                                                                          ; 0                 ; 0       ;
;      - sharedMemory:memory_instance|sharedPlayerRegs[14][4]                                                                           ; 0                 ; 0       ;
;      - sharedMemory:memory_instance|sharedPlayerRegs[14][15]                                                                          ; 0                 ; 0       ;
;      - sharedMemory:memory_instance|sharedPlayerRegs[14][11]                                                                          ; 0                 ; 0       ;
;      - sharedMemory:memory_instance|sharedPlayerRegs[14][14]                                                                          ; 0                 ; 0       ;
;      - sharedMemory:memory_instance|sharedPlayerRegs[14][5]                                                                           ; 0                 ; 0       ;
;      - sharedMemory:memory_instance|sharedPlayerRegs[14][9]                                                                           ; 0                 ; 0       ;
;      - sharedMemory:memory_instance|sharedPlayerRegs[14][6]                                                                           ; 0                 ; 0       ;
;      - sharedMemory:memory_instance|sharedPlayerRegs[14][13]                                                                          ; 0                 ; 0       ;
;      - sharedMemory:memory_instance|sharedPlayerRegs[14][7]                                                                           ; 0                 ; 0       ;
;      - sharedMemory:memory_instance|sharedPlayerRegs[14][10]                                                                          ; 0                 ; 0       ;
;      - sharedMemory:memory_instance|sharedPlayerRegs[14][12]                                                                          ; 0                 ; 0       ;
;      - sharedMemory:memory_instance|sharedPlayerRegs[14][8]                                                                           ; 0                 ; 0       ;
;      - sharedMemory:memory_instance|sharedPlayerRegs[15][2]                                                                           ; 0                 ; 0       ;
;      - sharedMemory:memory_instance|sharedPlayerRegs[15][3]                                                                           ; 0                 ; 0       ;
;      - sharedMemory:memory_instance|sharedPlayerRegs[15][15]                                                                          ; 0                 ; 0       ;
;      - sharedMemory:memory_instance|sharedPlayerRegs[15][6]                                                                           ; 0                 ; 0       ;
;      - sharedMemory:memory_instance|sharedPlayerRegs[15][7]                                                                           ; 0                 ; 0       ;
;      - sharedMemory:memory_instance|sharedPlayerRegs[15][14]                                                                          ; 0                 ; 0       ;
;      - sharedMemory:memory_instance|sharedPlayerRegs[15][8]                                                                           ; 0                 ; 0       ;
;      - sharedMemory:memory_instance|sharedPlayerRegs[15][0]                                                                           ; 0                 ; 0       ;
;      - sharedMemory:memory_instance|sharedPlayerRegs[15][1]                                                                           ; 0                 ; 0       ;
;      - sharedMemory:memory_instance|sharedPlayerRegs[15][10]                                                                          ; 0                 ; 0       ;
;      - sharedMemory:memory_instance|sharedPlayerRegs[15][11]                                                                          ; 0                 ; 0       ;
;      - sharedMemory:memory_instance|sharedPlayerRegs[15][9]                                                                           ; 0                 ; 0       ;
;      - sharedMemory:memory_instance|sharedPlayerRegs[15][4]                                                                           ; 0                 ; 0       ;
;      - sharedMemory:memory_instance|sharedPlayerRegs[15][5]                                                                           ; 0                 ; 0       ;
;      - sharedMemory:memory_instance|sharedPlayerRegs[15][12]                                                                          ; 0                 ; 0       ;
;      - sharedMemory:memory_instance|sharedPlayerRegs[15][13]                                                                          ; 0                 ; 0       ;
;      - sharedMemory:memory_instance|sharedPlayerRegs[16][14]                                                                          ; 0                 ; 0       ;
;      - sharedMemory:memory_instance|sharedPlayerRegs[16][13]                                                                          ; 0                 ; 0       ;
;      - sharedMemory:memory_instance|sharedPlayerRegs[16][8]                                                                           ; 0                 ; 0       ;
;      - sharedMemory:memory_instance|sharedPlayerRegs[16][12]                                                                          ; 0                 ; 0       ;
;      - sharedMemory:memory_instance|sharedPlayerRegs[16][0]                                                                           ; 0                 ; 0       ;
;      - sharedMemory:memory_instance|sharedPlayerRegs[16][2]                                                                           ; 0                 ; 0       ;
;      - sharedMemory:memory_instance|sharedPlayerRegs[16][3]                                                                           ; 0                 ; 0       ;
;      - sharedMemory:memory_instance|sharedPlayerRegs[16][4]                                                                           ; 0                 ; 0       ;
;      - sharedMemory:memory_instance|sharedPlayerRegs[16][9]                                                                           ; 0                 ; 0       ;
;      - sharedMemory:memory_instance|sharedPlayerRegs[16][11]                                                                          ; 0                 ; 0       ;
;      - sharedMemory:memory_instance|sharedPlayerRegs[16][7]                                                                           ; 0                 ; 0       ;
;      - sharedMemory:memory_instance|sharedPlayerRegs[16][5]                                                                           ; 0                 ; 0       ;
;      - sharedMemory:memory_instance|sharedPlayerRegs[16][1]                                                                           ; 0                 ; 0       ;
;      - sharedMemory:memory_instance|sharedPlayerRegs[16][6]                                                                           ; 0                 ; 0       ;
;      - sharedMemory:memory_instance|sharedPlayerRegs[16][15]                                                                          ; 0                 ; 0       ;
;      - sharedMemory:memory_instance|sharedPlayerRegs[16][10]                                                                          ; 0                 ; 0       ;
;      - sharedMemory:memory_instance|sharedPlayerRegs[17][11]                                                                          ; 0                 ; 0       ;
;      - sharedMemory:memory_instance|sharedPlayerRegs[17][5]                                                                           ; 0                 ; 0       ;
;      - sharedMemory:memory_instance|sharedPlayerRegs[17][9]                                                                           ; 0                 ; 0       ;
;      - sharedMemory:memory_instance|sharedPlayerRegs[17][15]                                                                          ; 0                 ; 0       ;
;      - sharedMemory:memory_instance|sharedPlayerRegs[17][4]                                                                           ; 0                 ; 0       ;
;      - sharedMemory:memory_instance|sharedPlayerRegs[17][13]                                                                          ; 0                 ; 0       ;
;      - sharedMemory:memory_instance|sharedPlayerRegs[17][7]                                                                           ; 0                 ; 0       ;
;      - sharedMemory:memory_instance|sharedPlayerRegs[17][12]                                                                          ; 0                 ; 0       ;
;      - sharedMemory:memory_instance|sharedPlayerRegs[17][1]                                                                           ; 0                 ; 0       ;
;      - sharedMemory:memory_instance|sharedPlayerRegs[17][2]                                                                           ; 0                 ; 0       ;
;      - sharedMemory:memory_instance|sharedPlayerRegs[17][14]                                                                          ; 0                 ; 0       ;
;      - sharedMemory:memory_instance|sharedPlayerRegs[17][3]                                                                           ; 0                 ; 0       ;
;      - sharedMemory:memory_instance|sharedPlayerRegs[17][6]                                                                           ; 0                 ; 0       ;
;      - sharedMemory:memory_instance|sharedPlayerRegs[17][0]                                                                           ; 0                 ; 0       ;
;      - sharedMemory:memory_instance|sharedPlayerRegs[17][8]                                                                           ; 0                 ; 0       ;
;      - sharedMemory:memory_instance|sharedPlayerRegs[17][10]                                                                          ; 0                 ; 0       ;
;      - sharedMemory:memory_instance|sharedPlayerRegs[18][11]                                                                          ; 0                 ; 0       ;
;      - sharedMemory:memory_instance|sharedPlayerRegs[18][1]                                                                           ; 0                 ; 0       ;
;      - sharedMemory:memory_instance|sharedPlayerRegs[18][3]                                                                           ; 0                 ; 0       ;
;      - sharedMemory:memory_instance|sharedPlayerRegs[18][4]                                                                           ; 0                 ; 0       ;
;      - sharedMemory:memory_instance|sharedPlayerRegs[18][15]                                                                          ; 0                 ; 0       ;
;      - sharedMemory:memory_instance|sharedPlayerRegs[18][14]                                                                          ; 0                 ; 0       ;
;      - sharedMemory:memory_instance|sharedPlayerRegs[18][13]                                                                          ; 0                 ; 0       ;
;      - sharedMemory:memory_instance|sharedPlayerRegs[18][0]                                                                           ; 0                 ; 0       ;
;      - sharedMemory:memory_instance|sharedPlayerRegs[18][7]                                                                           ; 0                 ; 0       ;
;      - sharedMemory:memory_instance|sharedPlayerRegs[18][9]                                                                           ; 0                 ; 0       ;
;      - sharedMemory:memory_instance|sharedPlayerRegs[18][6]                                                                           ; 0                 ; 0       ;
;      - sharedMemory:memory_instance|sharedPlayerRegs[18][12]                                                                          ; 0                 ; 0       ;
;      - sharedMemory:memory_instance|sharedPlayerRegs[18][8]                                                                           ; 0                 ; 0       ;
;      - sharedMemory:memory_instance|sharedPlayerRegs[18][5]                                                                           ; 0                 ; 0       ;
;      - sharedMemory:memory_instance|sharedPlayerRegs[18][2]                                                                           ; 0                 ; 0       ;
;      - sharedMemory:memory_instance|sharedPlayerRegs[18][10]                                                                          ; 0                 ; 0       ;
;      - snes:snes_instance|SNES_latchGen:latchInstance|snes_clk                                                                        ; 0                 ; 0       ;
;      - snes:snes_instance|SNES_clkdiv:clkInstance|SNES_clk                                                                            ; 0                 ; 0       ;
;      - snes:snes_instance|SNES_Controller:controllerInstance|buttons_pressed[7]                                                       ; 0                 ; 0       ;
;      - snes:snes_instance|SNES_Controller:controllerInstance|buttons_pressed[5]                                                       ; 0                 ; 0       ;
;      - snes:snes_instance|SNES_Controller:controllerInstance|buttons_pressed[4]                                                       ; 0                 ; 0       ;
;      - snes:snes_instance|SNES_Controller:controllerInstance|buttons_pressed[9]                                                       ; 0                 ; 0       ;
;      - snes:snes_instance|SNES_Controller:controllerInstance|buttons_pressed[1]                                                       ; 0                 ; 0       ;
;      - snes:snes_instance|SNES_Controller:controllerInstance|buttons_pressed[8]                                                       ; 0                 ; 0       ;
;      - snes:snes_instance|SNES_Controller:controllerInstance|buttons_pressed[0]                                                       ; 0                 ; 0       ;
;      - snes:snes_instance|SNES_Controller:controllerInstance|buttons_pressed[6]                                                       ; 0                 ; 0       ;
;      - snes:snes_instance|SNES_Controller:controllerInstance|cpuClk_en                                                                ; 0                 ; 0       ;
;      - audio_unit:audio_unit_instance|audio_configurator_select:i2c_conf|currentStep.011~0                                            ; 1                 ; 0       ;
;      - snes:snes_instance|SNES_latchGen:latchInstance|counter[3]~0                                                                    ; 1                 ; 0       ;
;      - snes:snes_instance|SNES_clkdiv:clkInstance|counter[0]~0                                                                        ; 0                 ; 0       ;
;      - audio_unit:audio_unit_instance|audio_configurator_select:i2c_conf|i2c_controller:i2c_controller_instance|pullClockLow          ; 0                 ; 0       ;
;      - audio_unit:audio_unit_instance|audio_configurator_select:i2c_conf|i2c_controller:i2c_controller_instance|pullDataLow           ; 0                 ; 0       ;
;      - cpu:cpu_instance|control_unit:control_unit_instance|currentIsRead~0                                                            ; 1                 ; 0       ;
;      - snes:snes_instance|SNES_Controller:controllerInstance|bitIndex~0                                                               ; 0                 ; 0       ;
;      - snes:snes_instance|SNES_Controller:controllerInstance|bitIndex[0]~1                                                            ; 0                 ; 0       ;
;      - snes:snes_instance|SNES_Controller:controllerInstance|bitIndex~2                                                               ; 0                 ; 0       ;
;      - snes:snes_instance|SNES_Controller:controllerInstance|bitIndex~3                                                               ; 0                 ; 0       ;
;      - snes:snes_instance|SNES_Controller:controllerInstance|bitIndex~4                                                               ; 0                 ; 0       ;
;      - snes:snes_instance|SNES_Controller:controllerInstance|latchClk_prev~0                                                          ; 0                 ; 0       ;
;      - snes:snes_instance|SNES_Controller:controllerInstance|state.READ~0                                                             ; 0                 ; 0       ;
;      - snes:snes_instance|SNES_Controller:controllerInstance|cpuClk_prev~0                                                            ; 0                 ; 0       ;
;      - sharedMemory:memory_instance|sharedPlayerRegs[16][14]~0                                                                        ; 0                 ; 0       ;
;      - sharedMemory:memory_instance|sharedPlayerRegs[17][11]~1                                                                        ; 1                 ; 0       ;
;      - sharedMemory:memory_instance|sharedPlayerRegs[0][2]~2                                                                          ; 1                 ; 0       ;
;      - sharedMemory:memory_instance|sharedPlayerRegs[4][9]~3                                                                          ; 1                 ; 0       ;
;      - sharedMemory:memory_instance|sharedPlayerRegs[8][10]~4                                                                         ; 0                 ; 0       ;
;      - sharedMemory:memory_instance|sharedPlayerRegs[12][3]~5                                                                         ; 0                 ; 0       ;
;      - sharedMemory:memory_instance|sharedPlayerRegs[2][9]~6                                                                          ; 0                 ; 0       ;
;      - sharedMemory:memory_instance|sharedPlayerRegs[6][14]~7                                                                         ; 0                 ; 0       ;
;      - sharedMemory:memory_instance|sharedPlayerRegs[10][14]~8                                                                        ; 0                 ; 0       ;
;      - sharedMemory:memory_instance|sharedPlayerRegs[14][0]~9                                                                         ; 0                 ; 0       ;
;      - sharedMemory:memory_instance|sharedPlayerRegs[1][3]~10                                                                         ; 1                 ; 0       ;
;      - sharedMemory:memory_instance|sharedPlayerRegs[5][14]~11                                                                        ; 1                 ; 0       ;
;      - sharedMemory:memory_instance|sharedPlayerRegs[9][10]~12                                                                        ; 0                 ; 0       ;
;      - sharedMemory:memory_instance|sharedPlayerRegs[13][13]~13                                                                       ; 0                 ; 0       ;
;      - sharedMemory:memory_instance|sharedPlayerRegs[3][11]~14                                                                        ; 0                 ; 0       ;
;      - sharedMemory:memory_instance|sharedPlayerRegs[7][9]~15                                                                         ; 0                 ; 0       ;
;      - sharedMemory:memory_instance|sharedPlayerRegs[11][2]~16                                                                        ; 0                 ; 0       ;
;      - sharedMemory:memory_instance|sharedPlayerRegs[15][2]~17                                                                        ; 0                 ; 0       ;
;      - sharedMemory:memory_instance|sharedPlayerRegs[18][11]~18                                                                       ; 1                 ; 0       ;
;      - audio_unit:audio_unit_instance|audio_configurator_select:i2c_conf|i2c_controller:i2c_controller_instance|currentStep.0000      ; 0                 ; 0       ;
;      - audio_unit:audio_unit_instance|audio_configurator_select:i2c_conf|i2c_clk_reg                                                  ; 0                 ; 0       ;
;      - audio_unit:audio_unit_instance|audio_configurator_select:i2c_conf|currentStep.000                                              ; 0                 ; 0       ;
;      - audio_unit:audio_unit_instance|audio_configurator_select:i2c_conf|sendMessage~0                                                ; 1                 ; 0       ;
;      - audio_unit:audio_unit_instance|audio_configurator_select:i2c_conf|i2c_controller:i2c_controller_instance|currentStep.0010~0    ; 1                 ; 0       ;
;      - audio_unit:audio_unit_instance|audio_configurator_select:i2c_conf|i2c_controller:i2c_controller_instance|currentStep.0010~1    ; 1                 ; 0       ;
;      - audio_unit:audio_unit_instance|audio_configurator_select:i2c_conf|i2c_controller:i2c_controller_instance|currentBitIndex[2]~2  ; 0                 ; 0       ;
;      - audio_unit:audio_unit_instance|audio_configurator_select:i2c_conf|i2c_controller:i2c_controller_instance|currentByte[5]~1      ; 0                 ; 0       ;
;      - audio_unit:audio_unit_instance|audio_configurator_select:i2c_conf|i2c_controller:i2c_controller_instance|currentBitIndex[1]~4  ; 0                 ; 0       ;
;      - audio_unit:audio_unit_instance|audio_configurator_select:i2c_conf|i2c_controller:i2c_controller_instance|currentBitIndex[0]~5  ; 1                 ; 0       ;
;      - audio_unit:audio_unit_instance|audio_configurator_select:i2c_conf|i2c_controller:i2c_controller_instance|currentByte[7]~5      ; 1                 ; 0       ;
;      - audio_unit:audio_unit_instance|audio_configurator_select:i2c_conf|currentStep.001~0                                            ; 1                 ; 0       ;
;      - audio_unit:audio_unit_instance|audio_configurator_select:i2c_conf|i2c_controller:i2c_controller_instance|currentBitIndex[3]~6  ; 1                 ; 0       ;
;      - audio_unit:audio_unit_instance|audio_configurator_select:i2c_conf|i2c_controller:i2c_controller_instance|currentByteIndex[0]~0 ; 0                 ; 0       ;
;      - audio_unit:audio_unit_instance|audio_configurator_select:i2c_conf|i2c_controller:i2c_controller_instance|currentByteIndex[0]~1 ; 1                 ; 0       ;
;      - audio_unit:audio_unit_instance|audio_configurator_select:i2c_conf|i2c_controller:i2c_controller_instance|savedSecondByte[7]~1  ; 0                 ; 0       ;
;      - audio_unit:audio_unit_instance|audio_configurator_select:i2c_conf|secondByte[7]~0                                              ; 1                 ; 0       ;
;      - push_buttons[0]~inputCLKENA0                                                                                                   ; 0                 ; 0       ;
;      - sharedMemory:memory_instance|sharedPlayerRegs[2][0]~SCLR_LUT                                                                   ; 0                 ; 0       ;
;      - sharedMemory:memory_instance|sharedPlayerRegs[2][1]~SCLR_LUT                                                                   ; 0                 ; 0       ;
;      - sharedMemory:memory_instance|sharedPlayerRegs[2][2]~SCLR_LUT                                                                   ; 1                 ; 0       ;
;      - sharedMemory:memory_instance|sharedPlayerRegs[2][3]~SCLR_LUT                                                                   ; 0                 ; 0       ;
;      - sharedMemory:memory_instance|sharedPlayerRegs[6][0]~SCLR_LUT                                                                   ; 0                 ; 0       ;
;      - sharedMemory:memory_instance|sharedPlayerRegs[6][1]~SCLR_LUT                                                                   ; 0                 ; 0       ;
;      - sharedMemory:memory_instance|sharedPlayerRegs[6][2]~SCLR_LUT                                                                   ; 0                 ; 0       ;
;      - sharedMemory:memory_instance|sharedPlayerRegs[6][3]~SCLR_LUT                                                                   ; 0                 ; 0       ;
;      - sharedMemory:memory_instance|sharedPlayerRegs[10][0]~SCLR_LUT                                                                  ; 0                 ; 0       ;
;      - sharedMemory:memory_instance|sharedPlayerRegs[10][1]~SCLR_LUT                                                                  ; 0                 ; 0       ;
;      - sharedMemory:memory_instance|sharedPlayerRegs[10][2]~SCLR_LUT                                                                  ; 0                 ; 0       ;
;      - sharedMemory:memory_instance|sharedPlayerRegs[10][3]~SCLR_LUT                                                                  ; 0                 ; 0       ;
;      - sharedMemory:memory_instance|sharedPlayerRegs[14][0]~SCLR_LUT                                                                  ; 0                 ; 0       ;
;      - sharedMemory:memory_instance|sharedPlayerRegs[14][1]~SCLR_LUT                                                                  ; 0                 ; 0       ;
;      - sharedMemory:memory_instance|sharedPlayerRegs[14][2]~SCLR_LUT                                                                  ; 0                 ; 0       ;
;      - sharedMemory:memory_instance|sharedPlayerRegs[14][3]~SCLR_LUT                                                                  ; 0                 ; 0       ;
; GPIO1_28_data                                                                                                                         ;                   ;         ;
;      - snes:snes_instance|SNES_Controller:controllerInstance|buttons_pressed~1                                                        ; 1                 ; 0       ;
;      - snes:snes_instance|SNES_Controller:controllerInstance|buttons_pressed~2                                                        ; 1                 ; 0       ;
;      - snes:snes_instance|SNES_Controller:controllerInstance|buttons_pressed~3                                                        ; 1                 ; 0       ;
;      - snes:snes_instance|SNES_Controller:controllerInstance|buttons_pressed~4                                                        ; 1                 ; 0       ;
;      - snes:snes_instance|SNES_Controller:controllerInstance|buttons_pressed~5                                                        ; 1                 ; 0       ;
;      - snes:snes_instance|SNES_Controller:controllerInstance|buttons_pressed~6                                                        ; 1                 ; 0       ;
;      - snes:snes_instance|SNES_Controller:controllerInstance|buttons_pressed~7                                                        ; 1                 ; 0       ;
;      - snes:snes_instance|SNES_Controller:controllerInstance|buttons_pressed~8                                                        ; 1                 ; 0       ;
; switches[0]                                                                                                                           ;                   ;         ;
;      - audio_unit:audio_unit_instance|comb~0                                                                                          ; 1                 ; 0       ;
;      - audio_unit:audio_unit_instance|audio_output:dac_driver|note_generator:note_gen|ShiftLeft0~0                                    ; 1                 ; 0       ;
;      - audio_unit:audio_unit_instance|audio_output:dac_driver|note_generator:note_gen|ShiftLeft0~1                                    ; 1                 ; 0       ;
;      - audio_unit:audio_unit_instance|audio_output:dac_driver|note_generator:note_gen|ShiftLeft0~2                                    ; 1                 ; 0       ;
;      - audio_unit:audio_unit_instance|audio_output:dac_driver|note_generator:note_gen|ShiftLeft0~3                                    ; 1                 ; 0       ;
;      - audio_unit:audio_unit_instance|audio_output:dac_driver|note_generator:note_gen|ShiftLeft0~4                                    ; 1                 ; 0       ;
;      - audio_unit:audio_unit_instance|audio_output:dac_driver|note_generator:note_gen|ShiftLeft0~5                                    ; 1                 ; 0       ;
;      - audio_unit:audio_unit_instance|audio_output:dac_driver|note_generator:note_gen|ShiftLeft0~6                                    ; 1                 ; 0       ;
;      - audio_unit:audio_unit_instance|audio_output:dac_driver|note_generator:note_gen|ShiftLeft0~7                                    ; 1                 ; 0       ;
;      - audio_unit:audio_unit_instance|audio_output:dac_driver|note_generator:note_gen|ShiftLeft0~8                                    ; 1                 ; 0       ;
;      - audio_unit:audio_unit_instance|audio_output:dac_driver|note_generator:note_gen|ShiftLeft0~9                                    ; 1                 ; 0       ;
;      - audio_unit:audio_unit_instance|audio_output:dac_driver|note_generator:note_gen|ShiftLeft0~10                                   ; 1                 ; 0       ;
;      - audio_unit:audio_unit_instance|audio_output:dac_driver|note_generator:note_gen|ShiftLeft0~11                                   ; 1                 ; 0       ;
;      - audio_unit:audio_unit_instance|audio_output:dac_driver|note_generator:note_gen|ShiftLeft0~12                                   ; 1                 ; 0       ;
;      - audio_unit:audio_unit_instance|audio_output:dac_driver|note_generator:note_gen|ShiftLeft0~13                                   ; 1                 ; 0       ;
;      - audio_unit:audio_unit_instance|audio_output:dac_driver|note_generator:note_gen|ShiftLeft0~15                                   ; 1                 ; 0       ;
;      - audio_unit:audio_unit_instance|audio_output:dac_driver|note_generator:note_gen|ShiftLeft0~16                                   ; 1                 ; 0       ;
;      - audio_unit:audio_unit_instance|audio_output:dac_driver|note_generator:note_gen|ShiftLeft0~17                                   ; 1                 ; 0       ;
;      - audio_unit:audio_unit_instance|audio_output:dac_driver|note_generator:note_gen|ShiftLeft0~19                                   ; 1                 ; 0       ;
;      - audio_unit:audio_unit_instance|audio_output:dac_driver|note_generator:note_gen|ShiftLeft0~21                                   ; 1                 ; 0       ;
;      - audio_unit:audio_unit_instance|audio_output:dac_driver|note_generator:note_gen|ShiftLeft0~23                                   ; 1                 ; 0       ;
; push_buttons[1]                                                                                                                       ;                   ;         ;
;      - audio_unit:audio_unit_instance|audio_configurator_select:i2c_conf|currentStep.001~0                                            ; 1                 ; 0       ;
;      - audio_unit:audio_unit_instance|audio_configurator_select:i2c_conf|currentState.SEND_COMMAND_STATE~0                            ; 1                 ; 0       ;
;      - audio_unit:audio_unit_instance|audio_configurator_select:i2c_conf|currentStep.000~0                                            ; 1                 ; 0       ;
;      - audio_unit:audio_unit_instance|audio_configurator_select:i2c_conf|currentCommandIndex~1                                        ; 1                 ; 0       ;
;      - audio_unit:audio_unit_instance|audio_configurator_select:i2c_conf|currentStep.011~0                                            ; 1                 ; 0       ;
; switches[1]                                                                                                                           ;                   ;         ;
;      - audio_unit:audio_unit_instance|audio_output:dac_driver|note_generator:note_gen|ShiftLeft0~0                                    ; 1                 ; 0       ;
;      - audio_unit:audio_unit_instance|audio_output:dac_driver|note_generator:note_gen|ShiftLeft0~1                                    ; 1                 ; 0       ;
;      - audio_unit:audio_unit_instance|audio_output:dac_driver|note_generator:note_gen|ShiftLeft0~2                                    ; 1                 ; 0       ;
;      - audio_unit:audio_unit_instance|audio_output:dac_driver|note_generator:note_gen|ShiftLeft0~3                                    ; 1                 ; 0       ;
;      - audio_unit:audio_unit_instance|audio_output:dac_driver|note_generator:note_gen|ShiftLeft0~4                                    ; 1                 ; 0       ;
;      - audio_unit:audio_unit_instance|audio_output:dac_driver|note_generator:note_gen|ShiftLeft0~5                                    ; 1                 ; 0       ;
;      - audio_unit:audio_unit_instance|audio_output:dac_driver|note_generator:note_gen|ShiftLeft0~6                                    ; 1                 ; 0       ;
;      - audio_unit:audio_unit_instance|audio_output:dac_driver|note_generator:note_gen|ShiftLeft0~7                                    ; 1                 ; 0       ;
;      - audio_unit:audio_unit_instance|audio_output:dac_driver|note_generator:note_gen|ShiftLeft0~8                                    ; 1                 ; 0       ;
;      - audio_unit:audio_unit_instance|audio_output:dac_driver|note_generator:note_gen|ShiftLeft0~9                                    ; 1                 ; 0       ;
;      - audio_unit:audio_unit_instance|audio_output:dac_driver|note_generator:note_gen|ShiftLeft0~10                                   ; 1                 ; 0       ;
;      - audio_unit:audio_unit_instance|audio_output:dac_driver|note_generator:note_gen|ShiftLeft0~11                                   ; 1                 ; 0       ;
;      - audio_unit:audio_unit_instance|audio_output:dac_driver|note_generator:note_gen|ShiftLeft0~12                                   ; 1                 ; 0       ;
;      - audio_unit:audio_unit_instance|audio_output:dac_driver|note_generator:note_gen|ShiftLeft0~13                                   ; 1                 ; 0       ;
;      - audio_unit:audio_unit_instance|audio_output:dac_driver|note_generator:note_gen|ShiftLeft0~15                                   ; 1                 ; 0       ;
;      - audio_unit:audio_unit_instance|audio_output:dac_driver|note_generator:note_gen|ShiftLeft0~16                                   ; 1                 ; 0       ;
;      - audio_unit:audio_unit_instance|audio_output:dac_driver|note_generator:note_gen|ShiftLeft0~17                                   ; 1                 ; 0       ;
;      - audio_unit:audio_unit_instance|audio_output:dac_driver|note_generator:note_gen|ShiftLeft0~19                                   ; 1                 ; 0       ;
;      - audio_unit:audio_unit_instance|audio_output:dac_driver|note_generator:note_gen|ShiftLeft0~21                                   ; 1                 ; 0       ;
;      - audio_unit:audio_unit_instance|audio_output:dac_driver|note_generator:note_gen|ShiftLeft0~22                                   ; 1                 ; 0       ;
;      - audio_unit:audio_unit_instance|audio_output:dac_driver|note_generator:note_gen|ShiftLeft0~23                                   ; 1                 ; 0       ;
+---------------------------------------------------------------------------------------------------------------------------------------+-------------------+---------+


+------------------------------------------------------------------------------------------------------------------------------------------------------------------------------------------------------------------------------------------------------------------------------------------------+
; Control Signals                                                                                                                                                                                                                                                                                ;
+--------------------------------------------------------------------------------------------------------------------------------------+----------------------+---------+-----------------------------------------+--------+----------------------+------------------+---------------------------+
; Name                                                                                                                                 ; Location             ; Fan-Out ; Usage                                   ; Global ; Global Resource Used ; Global Line Name ; Enable Signal Source Name ;
+--------------------------------------------------------------------------------------------------------------------------------------+----------------------+---------+-----------------------------------------+--------+----------------------+------------------+---------------------------+
; audio_unit:audio_unit_instance|audio_configurator_select:i2c_conf|LessThan0~0                                                        ; LABCELL_X40_Y18_N18  ; 9       ; Sync. clear                             ; no     ; --                   ; --               ; --                        ;
; audio_unit:audio_unit_instance|audio_configurator_select:i2c_conf|currentCommandIndex~1                                              ; MLABCELL_X39_Y14_N33 ; 4       ; Clock enable                            ; no     ; --                   ; --               ; --                        ;
; audio_unit:audio_unit_instance|audio_configurator_select:i2c_conf|i2c_clk_reg                                                        ; FF_X40_Y18_N29       ; 61      ; Clock                                   ; no     ; --                   ; --               ; --                        ;
; audio_unit:audio_unit_instance|audio_configurator_select:i2c_conf|i2c_controller:i2c_controller_instance|Selector11~2                ; LABCELL_X36_Y15_N9   ; 2       ; Clock enable                            ; no     ; --                   ; --               ; --                        ;
; audio_unit:audio_unit_instance|audio_configurator_select:i2c_conf|i2c_controller:i2c_controller_instance|currentByteIndex[0]~0       ; LABCELL_X36_Y15_N42  ; 2       ; Clock enable                            ; no     ; --                   ; --               ; --                        ;
; audio_unit:audio_unit_instance|audio_configurator_select:i2c_conf|i2c_controller:i2c_controller_instance|currentByte[5]~1            ; LABCELL_X36_Y15_N54  ; 6       ; Clock enable                            ; no     ; --                   ; --               ; --                        ;
; audio_unit:audio_unit_instance|audio_configurator_select:i2c_conf|i2c_controller:i2c_controller_instance|currentState.ACK_STATE      ; FF_X36_Y15_N8        ; 19      ; Sync. clear, Sync. load                 ; no     ; --                   ; --               ; --                        ;
; audio_unit:audio_unit_instance|audio_configurator_select:i2c_conf|i2c_controller:i2c_controller_instance|currentState.SEND_BIT_STATE ; FF_X36_Y14_N50       ; 14      ; Sync. clear                             ; no     ; --                   ; --               ; --                        ;
; audio_unit:audio_unit_instance|audio_configurator_select:i2c_conf|i2c_controller:i2c_controller_instance|savedSecondByte[7]~1        ; LABCELL_X36_Y14_N0   ; 13      ; Clock enable                            ; no     ; --                   ; --               ; --                        ;
; audio_unit:audio_unit_instance|audio_configurator_select:i2c_conf|secondByte[7]~0                                                    ; MLABCELL_X39_Y14_N39 ; 13      ; Clock enable                            ; no     ; --                   ; --               ; --                        ;
; audio_unit:audio_unit_instance|audio_output:dac_driver|counter[2]                                                                    ; FF_X11_Y8_N14        ; 4       ; Clock                                   ; no     ; --                   ; --               ; --                        ;
; audio_unit:audio_unit_instance|audio_output:dac_driver|counter[7]                                                                    ; FF_X11_Y8_N29        ; 78      ; Clock                                   ; no     ; --                   ; --               ; --                        ;
; audio_unit:audio_unit_instance|audio_output:dac_driver|mclk_count[1]                                                                 ; FF_X10_Y8_N56        ; 10      ; Clock                                   ; no     ; --                   ; --               ; --                        ;
; audio_unit:audio_unit_instance|audio_output:dac_driver|note_generator:note_gen|LessThan0~20                                          ; LABCELL_X11_Y7_N30   ; 43      ; Sync. clear                             ; no     ; --                   ; --               ; --                        ;
; audio_unit:audio_unit_instance|audio_output:dac_driver|note_generator:note_gen|tone_limit[13]~2                                      ; LABCELL_X12_Y8_N54   ; 16      ; Sync. clear                             ; no     ; --                   ; --               ; --                        ;
; audio_unit:audio_unit_instance|audio_output:dac_driver|note_generator:note_gen|tone_limit[31]~0                                      ; LABCELL_X12_Y8_N12   ; 11      ; Sync. clear                             ; no     ; --                   ; --               ; --                        ;
; audio_unit:audio_unit_instance|comb~0                                                                                                ; LABCELL_X10_Y8_N48   ; 3       ; Clock                                   ; no     ; --                   ; --               ; --                        ;
; cpu:cpu_instance|control_unit:control_unit_instance|Decoder1~0                                                                       ; LABCELL_X56_Y12_N15  ; 17      ; Clock enable                            ; no     ; --                   ; --               ; --                        ;
; cpu:cpu_instance|control_unit:control_unit_instance|Decoder1~1                                                                       ; MLABCELL_X52_Y13_N15 ; 23      ; Clock enable                            ; no     ; --                   ; --               ; --                        ;
; cpu:cpu_instance|control_unit:control_unit_instance|WideOr3~2                                                                        ; LABCELL_X48_Y9_N18   ; 5       ; Clock enable                            ; no     ; --                   ; --               ; --                        ;
; cpu:cpu_instance|control_unit:control_unit_instance|currentIsRead~0                                                                  ; MLABCELL_X52_Y13_N33 ; 1       ; Latch enable                            ; no     ; --                   ; --               ; --                        ;
; cpu:cpu_instance|control_unit:control_unit_instance|savePreviousInstructionTargetRegIndex~1                                          ; MLABCELL_X52_Y14_N30 ; 5       ; Clock enable                            ; no     ; --                   ; --               ; --                        ;
; cpu:cpu_instance|register:instruction_register|contents[13]                                                                          ; FF_X52_Y14_N53       ; 35      ; Sync. clear                             ; no     ; --                   ; --               ; --                        ;
; cpu:cpu_instance|register_file:register_file_instance|Decoder0~1                                                                     ; LABCELL_X50_Y9_N57   ; 16      ; Clock enable                            ; no     ; --                   ; --               ; --                        ;
; cpu:cpu_instance|register_file:register_file_instance|Decoder0~10                                                                    ; MLABCELL_X52_Y15_N45 ; 16      ; Clock enable                            ; no     ; --                   ; --               ; --                        ;
; cpu:cpu_instance|register_file:register_file_instance|Decoder0~11                                                                    ; LABCELL_X51_Y8_N12   ; 16      ; Clock enable                            ; no     ; --                   ; --               ; --                        ;
; cpu:cpu_instance|register_file:register_file_instance|Decoder0~12                                                                    ; LABCELL_X50_Y9_N54   ; 16      ; Clock enable                            ; no     ; --                   ; --               ; --                        ;
; cpu:cpu_instance|register_file:register_file_instance|Decoder0~13                                                                    ; LABCELL_X50_Y8_N45   ; 16      ; Clock enable                            ; no     ; --                   ; --               ; --                        ;
; cpu:cpu_instance|register_file:register_file_instance|Decoder0~14                                                                    ; MLABCELL_X52_Y13_N9  ; 16      ; Clock enable                            ; no     ; --                   ; --               ; --                        ;
; cpu:cpu_instance|register_file:register_file_instance|Decoder0~15                                                                    ; LABCELL_X50_Y8_N12   ; 16      ; Clock enable                            ; no     ; --                   ; --               ; --                        ;
; cpu:cpu_instance|register_file:register_file_instance|Decoder0~16                                                                    ; LABCELL_X50_Y9_N45   ; 16      ; Clock enable                            ; no     ; --                   ; --               ; --                        ;
; cpu:cpu_instance|register_file:register_file_instance|Decoder0~17                                                                    ; LABCELL_X51_Y11_N0   ; 16      ; Clock enable                            ; no     ; --                   ; --               ; --                        ;
; cpu:cpu_instance|register_file:register_file_instance|Decoder0~2                                                                     ; LABCELL_X50_Y9_N48   ; 16      ; Clock enable                            ; no     ; --                   ; --               ; --                        ;
; cpu:cpu_instance|register_file:register_file_instance|Decoder0~4                                                                     ; LABCELL_X51_Y10_N42  ; 16      ; Clock enable                            ; no     ; --                   ; --               ; --                        ;
; cpu:cpu_instance|register_file:register_file_instance|Decoder0~5                                                                     ; LABCELL_X50_Y9_N51   ; 16      ; Clock enable                            ; no     ; --                   ; --               ; --                        ;
; cpu:cpu_instance|register_file:register_file_instance|Decoder0~6                                                                     ; LABCELL_X50_Y9_N27   ; 16      ; Clock enable                            ; no     ; --                   ; --               ; --                        ;
; cpu:cpu_instance|register_file:register_file_instance|Decoder0~7                                                                     ; LABCELL_X51_Y8_N24   ; 16      ; Clock enable                            ; no     ; --                   ; --               ; --                        ;
; cpu:cpu_instance|register_file:register_file_instance|Decoder0~8                                                                     ; MLABCELL_X52_Y13_N12 ; 16      ; Clock enable                            ; no     ; --                   ; --               ; --                        ;
; cpu:cpu_instance|register_file:register_file_instance|Decoder0~9                                                                     ; LABCELL_X50_Y9_N36   ; 16      ; Clock enable                            ; no     ; --                   ; --               ; --                        ;
; push_buttons[0]                                                                                                                      ; PIN_AA14             ; 383     ; Async. clear, Clock enable, Sync. clear ; no     ; --                   ; --               ; --                        ;
; push_buttons[0]                                                                                                                      ; PIN_AA14             ; 341     ; Async. clear                            ; yes    ; Global Clock         ; GCLK5            ; --                        ;
; sharedMemory:memory_instance|Decoder1~1                                                                                              ; LABCELL_X45_Y17_N54  ; 16      ; Clock enable                            ; no     ; --                   ; --               ; --                        ;
; sharedMemory:memory_instance|Decoder1~100                                                                                            ; LABCELL_X51_Y20_N39  ; 16      ; Clock enable                            ; no     ; --                   ; --               ; --                        ;
; sharedMemory:memory_instance|Decoder1~101                                                                                            ; LABCELL_X56_Y21_N6   ; 16      ; Clock enable                            ; no     ; --                   ; --               ; --                        ;
; sharedMemory:memory_instance|Decoder1~102                                                                                            ; LABCELL_X60_Y35_N54  ; 16      ; Clock enable                            ; no     ; --                   ; --               ; --                        ;
; sharedMemory:memory_instance|Decoder1~103                                                                                            ; LABCELL_X56_Y34_N54  ; 16      ; Clock enable                            ; no     ; --                   ; --               ; --                        ;
; sharedMemory:memory_instance|Decoder1~104                                                                                            ; LABCELL_X51_Y20_N9   ; 16      ; Clock enable                            ; no     ; --                   ; --               ; --                        ;
; sharedMemory:memory_instance|Decoder1~105                                                                                            ; MLABCELL_X59_Y17_N0  ; 16      ; Clock enable                            ; no     ; --                   ; --               ; --                        ;
; sharedMemory:memory_instance|Decoder1~106                                                                                            ; LABCELL_X60_Y16_N54  ; 16      ; Clock enable                            ; no     ; --                   ; --               ; --                        ;
; sharedMemory:memory_instance|Decoder1~107                                                                                            ; LABCELL_X62_Y16_N54  ; 16      ; Clock enable                            ; no     ; --                   ; --               ; --                        ;
; sharedMemory:memory_instance|Decoder1~108                                                                                            ; LABCELL_X50_Y19_N30  ; 16      ; Clock enable                            ; no     ; --                   ; --               ; --                        ;
; sharedMemory:memory_instance|Decoder1~109                                                                                            ; MLABCELL_X59_Y24_N45 ; 16      ; Clock enable                            ; no     ; --                   ; --               ; --                        ;
; sharedMemory:memory_instance|Decoder1~11                                                                                             ; LABCELL_X42_Y15_N12  ; 16      ; Clock enable                            ; no     ; --                   ; --               ; --                        ;
; sharedMemory:memory_instance|Decoder1~110                                                                                            ; LABCELL_X60_Y31_N54  ; 16      ; Clock enable                            ; no     ; --                   ; --               ; --                        ;
; sharedMemory:memory_instance|Decoder1~111                                                                                            ; MLABCELL_X59_Y32_N54 ; 16      ; Clock enable                            ; no     ; --                   ; --               ; --                        ;
; sharedMemory:memory_instance|Decoder1~112                                                                                            ; LABCELL_X50_Y21_N54  ; 16      ; Clock enable                            ; no     ; --                   ; --               ; --                        ;
; sharedMemory:memory_instance|Decoder1~113                                                                                            ; MLABCELL_X59_Y27_N30 ; 16      ; Clock enable                            ; no     ; --                   ; --               ; --                        ;
; sharedMemory:memory_instance|Decoder1~114                                                                                            ; LABCELL_X57_Y27_N54  ; 16      ; Clock enable                            ; no     ; --                   ; --               ; --                        ;
; sharedMemory:memory_instance|Decoder1~115                                                                                            ; MLABCELL_X59_Y28_N54 ; 16      ; Clock enable                            ; no     ; --                   ; --               ; --                        ;
; sharedMemory:memory_instance|Decoder1~116                                                                                            ; LABCELL_X40_Y24_N3   ; 16      ; Clock enable                            ; no     ; --                   ; --               ; --                        ;
; sharedMemory:memory_instance|Decoder1~117                                                                                            ; LABCELL_X50_Y19_N45  ; 16      ; Clock enable                            ; no     ; --                   ; --               ; --                        ;
; sharedMemory:memory_instance|Decoder1~118                                                                                            ; LABCELL_X57_Y18_N54  ; 16      ; Clock enable                            ; no     ; --                   ; --               ; --                        ;
; sharedMemory:memory_instance|Decoder1~119                                                                                            ; LABCELL_X57_Y20_N54  ; 16      ; Clock enable                            ; no     ; --                   ; --               ; --                        ;
; sharedMemory:memory_instance|Decoder1~120                                                                                            ; LABCELL_X45_Y24_N0   ; 16      ; Clock enable                            ; no     ; --                   ; --               ; --                        ;
; sharedMemory:memory_instance|Decoder1~121                                                                                            ; LABCELL_X66_Y32_N57  ; 16      ; Clock enable                            ; no     ; --                   ; --               ; --                        ;
; sharedMemory:memory_instance|Decoder1~122                                                                                            ; LABCELL_X64_Y32_N57  ; 16      ; Clock enable                            ; no     ; --                   ; --               ; --                        ;
; sharedMemory:memory_instance|Decoder1~123                                                                                            ; LABCELL_X66_Y33_N54  ; 16      ; Clock enable                            ; no     ; --                   ; --               ; --                        ;
; sharedMemory:memory_instance|Decoder1~124                                                                                            ; LABCELL_X50_Y23_N54  ; 16      ; Clock enable                            ; no     ; --                   ; --               ; --                        ;
; sharedMemory:memory_instance|Decoder1~125                                                                                            ; LABCELL_X66_Y17_N0   ; 16      ; Clock enable                            ; no     ; --                   ; --               ; --                        ;
; sharedMemory:memory_instance|Decoder1~126                                                                                            ; LABCELL_X67_Y13_N54  ; 16      ; Clock enable                            ; no     ; --                   ; --               ; --                        ;
; sharedMemory:memory_instance|Decoder1~127                                                                                            ; LABCELL_X67_Y16_N54  ; 16      ; Clock enable                            ; no     ; --                   ; --               ; --                        ;
; sharedMemory:memory_instance|Decoder1~128                                                                                            ; MLABCELL_X52_Y24_N9  ; 16      ; Clock enable                            ; no     ; --                   ; --               ; --                        ;
; sharedMemory:memory_instance|Decoder1~129                                                                                            ; LABCELL_X68_Y18_N3   ; 16      ; Clock enable                            ; no     ; --                   ; --               ; --                        ;
; sharedMemory:memory_instance|Decoder1~13                                                                                             ; LABCELL_X29_Y12_N54  ; 16      ; Clock enable                            ; no     ; --                   ; --               ; --                        ;
; sharedMemory:memory_instance|Decoder1~130                                                                                            ; MLABCELL_X65_Y20_N54 ; 16      ; Clock enable                            ; no     ; --                   ; --               ; --                        ;
; sharedMemory:memory_instance|Decoder1~131                                                                                            ; LABCELL_X64_Y18_N54  ; 16      ; Clock enable                            ; no     ; --                   ; --               ; --                        ;
; sharedMemory:memory_instance|Decoder1~132                                                                                            ; MLABCELL_X52_Y23_N3  ; 16      ; Clock enable                            ; no     ; --                   ; --               ; --                        ;
; sharedMemory:memory_instance|Decoder1~133                                                                                            ; LABCELL_X80_Y29_N57  ; 16      ; Clock enable                            ; no     ; --                   ; --               ; --                        ;
; sharedMemory:memory_instance|Decoder1~134                                                                                            ; LABCELL_X80_Y30_N54  ; 16      ; Clock enable                            ; no     ; --                   ; --               ; --                        ;
; sharedMemory:memory_instance|Decoder1~135                                                                                            ; LABCELL_X81_Y30_N54  ; 16      ; Clock enable                            ; no     ; --                   ; --               ; --                        ;
; sharedMemory:memory_instance|Decoder1~136                                                                                            ; MLABCELL_X52_Y23_N57 ; 16      ; Clock enable                            ; no     ; --                   ; --               ; --                        ;
; sharedMemory:memory_instance|Decoder1~137                                                                                            ; LABCELL_X74_Y16_N18  ; 16      ; Clock enable                            ; no     ; --                   ; --               ; --                        ;
; sharedMemory:memory_instance|Decoder1~138                                                                                            ; LABCELL_X75_Y18_N54  ; 16      ; Clock enable                            ; no     ; --                   ; --               ; --                        ;
; sharedMemory:memory_instance|Decoder1~139                                                                                            ; LABCELL_X74_Y18_N54  ; 16      ; Clock enable                            ; no     ; --                   ; --               ; --                        ;
; sharedMemory:memory_instance|Decoder1~140                                                                                            ; LABCELL_X53_Y24_N39  ; 16      ; Clock enable                            ; no     ; --                   ; --               ; --                        ;
; sharedMemory:memory_instance|Decoder1~141                                                                                            ; LABCELL_X57_Y23_N54  ; 16      ; Clock enable                            ; no     ; --                   ; --               ; --                        ;
; sharedMemory:memory_instance|Decoder1~142                                                                                            ; LABCELL_X80_Y22_N54  ; 16      ; Clock enable                            ; no     ; --                   ; --               ; --                        ;
; sharedMemory:memory_instance|Decoder1~143                                                                                            ; MLABCELL_X82_Y23_N54 ; 16      ; Clock enable                            ; no     ; --                   ; --               ; --                        ;
; sharedMemory:memory_instance|Decoder1~144                                                                                            ; LABCELL_X57_Y24_N33  ; 16      ; Clock enable                            ; no     ; --                   ; --               ; --                        ;
; sharedMemory:memory_instance|Decoder1~145                                                                                            ; LABCELL_X79_Y28_N18  ; 16      ; Clock enable                            ; no     ; --                   ; --               ; --                        ;
; sharedMemory:memory_instance|Decoder1~146                                                                                            ; LABCELL_X80_Y17_N3   ; 16      ; Clock enable                            ; no     ; --                   ; --               ; --                        ;
; sharedMemory:memory_instance|Decoder1~147                                                                                            ; LABCELL_X79_Y29_N57  ; 16      ; Clock enable                            ; no     ; --                   ; --               ; --                        ;
; sharedMemory:memory_instance|Decoder1~148                                                                                            ; MLABCELL_X59_Y24_N21 ; 16      ; Clock enable                            ; no     ; --                   ; --               ; --                        ;
; sharedMemory:memory_instance|Decoder1~149                                                                                            ; LABCELL_X66_Y20_N0   ; 16      ; Clock enable                            ; no     ; --                   ; --               ; --                        ;
; sharedMemory:memory_instance|Decoder1~15                                                                                             ; LABCELL_X36_Y11_N54  ; 16      ; Clock enable                            ; no     ; --                   ; --               ; --                        ;
; sharedMemory:memory_instance|Decoder1~150                                                                                            ; LABCELL_X56_Y21_N51  ; 16      ; Clock enable                            ; no     ; --                   ; --               ; --                        ;
; sharedMemory:memory_instance|Decoder1~151                                                                                            ; LABCELL_X68_Y20_N54  ; 16      ; Clock enable                            ; no     ; --                   ; --               ; --                        ;
; sharedMemory:memory_instance|Decoder1~152                                                                                            ; LABCELL_X56_Y23_N18  ; 16      ; Clock enable                            ; no     ; --                   ; --               ; --                        ;
; sharedMemory:memory_instance|Decoder1~153                                                                                            ; LABCELL_X70_Y30_N18  ; 16      ; Clock enable                            ; no     ; --                   ; --               ; --                        ;
; sharedMemory:memory_instance|Decoder1~154                                                                                            ; LABCELL_X71_Y31_N57  ; 16      ; Clock enable                            ; no     ; --                   ; --               ; --                        ;
; sharedMemory:memory_instance|Decoder1~155                                                                                            ; LABCELL_X56_Y17_N0   ; 16      ; Clock enable                            ; no     ; --                   ; --               ; --                        ;
; sharedMemory:memory_instance|Decoder1~156                                                                                            ; LABCELL_X63_Y24_N51  ; 16      ; Clock enable                            ; no     ; --                   ; --               ; --                        ;
; sharedMemory:memory_instance|Decoder1~157                                                                                            ; MLABCELL_X52_Y18_N12 ; 16      ; Clock enable                            ; no     ; --                   ; --               ; --                        ;
; sharedMemory:memory_instance|Decoder1~158                                                                                            ; LABCELL_X67_Y23_N21  ; 16      ; Clock enable                            ; no     ; --                   ; --               ; --                        ;
; sharedMemory:memory_instance|Decoder1~159                                                                                            ; LABCELL_X66_Y18_N15  ; 16      ; Clock enable                            ; no     ; --                   ; --               ; --                        ;
; sharedMemory:memory_instance|Decoder1~17                                                                                             ; LABCELL_X42_Y20_N15  ; 16      ; Clock enable                            ; no     ; --                   ; --               ; --                        ;
; sharedMemory:memory_instance|Decoder1~19                                                                                             ; LABCELL_X42_Y17_N24  ; 16      ; Clock enable                            ; no     ; --                   ; --               ; --                        ;
; sharedMemory:memory_instance|Decoder1~21                                                                                             ; LABCELL_X40_Y13_N54  ; 16      ; Clock enable                            ; no     ; --                   ; --               ; --                        ;
; sharedMemory:memory_instance|Decoder1~23                                                                                             ; LABCELL_X42_Y9_N54   ; 16      ; Clock enable                            ; no     ; --                   ; --               ; --                        ;
; sharedMemory:memory_instance|Decoder1~25                                                                                             ; MLABCELL_X39_Y22_N27 ; 16      ; Clock enable                            ; no     ; --                   ; --               ; --                        ;
; sharedMemory:memory_instance|Decoder1~27                                                                                             ; LABCELL_X35_Y19_N33  ; 16      ; Clock enable                            ; no     ; --                   ; --               ; --                        ;
; sharedMemory:memory_instance|Decoder1~29                                                                                             ; LABCELL_X35_Y29_N54  ; 16      ; Clock enable                            ; no     ; --                   ; --               ; --                        ;
; sharedMemory:memory_instance|Decoder1~3                                                                                              ; MLABCELL_X39_Y15_N39 ; 16      ; Clock enable                            ; no     ; --                   ; --               ; --                        ;
; sharedMemory:memory_instance|Decoder1~31                                                                                             ; LABCELL_X33_Y29_N54  ; 16      ; Clock enable                            ; no     ; --                   ; --               ; --                        ;
; sharedMemory:memory_instance|Decoder1~33                                                                                             ; LABCELL_X50_Y20_N54  ; 16      ; Clock enable                            ; no     ; --                   ; --               ; --                        ;
; sharedMemory:memory_instance|Decoder1~35                                                                                             ; LABCELL_X42_Y17_N3   ; 16      ; Clock enable                            ; no     ; --                   ; --               ; --                        ;
; sharedMemory:memory_instance|Decoder1~37                                                                                             ; LABCELL_X29_Y15_N54  ; 16      ; Clock enable                            ; no     ; --                   ; --               ; --                        ;
; sharedMemory:memory_instance|Decoder1~39                                                                                             ; MLABCELL_X28_Y16_N54 ; 16      ; Clock enable                            ; no     ; --                   ; --               ; --                        ;
; sharedMemory:memory_instance|Decoder1~41                                                                                             ; LABCELL_X33_Y24_N54  ; 16      ; Clock enable                            ; no     ; --                   ; --               ; --                        ;
; sharedMemory:memory_instance|Decoder1~43                                                                                             ; MLABCELL_X34_Y23_N12 ; 16      ; Clock enable                            ; no     ; --                   ; --               ; --                        ;
; sharedMemory:memory_instance|Decoder1~45                                                                                             ; LABCELL_X33_Y23_N54  ; 16      ; Clock enable                            ; no     ; --                   ; --               ; --                        ;
; sharedMemory:memory_instance|Decoder1~47                                                                                             ; LABCELL_X36_Y26_N54  ; 16      ; Clock enable                            ; no     ; --                   ; --               ; --                        ;
; sharedMemory:memory_instance|Decoder1~49                                                                                             ; LABCELL_X50_Y20_N27  ; 16      ; Clock enable                            ; no     ; --                   ; --               ; --                        ;
; sharedMemory:memory_instance|Decoder1~5                                                                                              ; LABCELL_X31_Y13_N54  ; 16      ; Clock enable                            ; no     ; --                   ; --               ; --                        ;
; sharedMemory:memory_instance|Decoder1~51                                                                                             ; LABCELL_X37_Y17_N48  ; 16      ; Clock enable                            ; no     ; --                   ; --               ; --                        ;
; sharedMemory:memory_instance|Decoder1~53                                                                                             ; LABCELL_X33_Y16_N54  ; 16      ; Clock enable                            ; no     ; --                   ; --               ; --                        ;
; sharedMemory:memory_instance|Decoder1~55                                                                                             ; LABCELL_X27_Y17_N54  ; 16      ; Clock enable                            ; no     ; --                   ; --               ; --                        ;
; sharedMemory:memory_instance|Decoder1~57                                                                                             ; LABCELL_X31_Y25_N54  ; 16      ; Clock enable                            ; no     ; --                   ; --               ; --                        ;
; sharedMemory:memory_instance|Decoder1~59                                                                                             ; LABCELL_X22_Y18_N54  ; 16      ; Clock enable                            ; no     ; --                   ; --               ; --                        ;
; sharedMemory:memory_instance|Decoder1~61                                                                                             ; LABCELL_X17_Y26_N54  ; 16      ; Clock enable                            ; no     ; --                   ; --               ; --                        ;
; sharedMemory:memory_instance|Decoder1~63                                                                                             ; LABCELL_X19_Y22_N54  ; 16      ; Clock enable                            ; no     ; --                   ; --               ; --                        ;
; sharedMemory:memory_instance|Decoder1~64                                                                                             ; LABCELL_X46_Y20_N36  ; 16      ; Clock enable                            ; no     ; --                   ; --               ; --                        ;
; sharedMemory:memory_instance|Decoder1~65                                                                                             ; MLABCELL_X39_Y19_N12 ; 16      ; Clock enable                            ; no     ; --                   ; --               ; --                        ;
; sharedMemory:memory_instance|Decoder1~66                                                                                             ; LABCELL_X24_Y21_N54  ; 16      ; Clock enable                            ; no     ; --                   ; --               ; --                        ;
; sharedMemory:memory_instance|Decoder1~67                                                                                             ; MLABCELL_X25_Y20_N54 ; 16      ; Clock enable                            ; no     ; --                   ; --               ; --                        ;
; sharedMemory:memory_instance|Decoder1~68                                                                                             ; LABCELL_X37_Y20_N12  ; 16      ; Clock enable                            ; no     ; --                   ; --               ; --                        ;
; sharedMemory:memory_instance|Decoder1~69                                                                                             ; LABCELL_X37_Y21_N12  ; 16      ; Clock enable                            ; no     ; --                   ; --               ; --                        ;
; sharedMemory:memory_instance|Decoder1~7                                                                                              ; LABCELL_X33_Y14_N54  ; 16      ; Clock enable                            ; no     ; --                   ; --               ; --                        ;
; sharedMemory:memory_instance|Decoder1~70                                                                                             ; LABCELL_X31_Y28_N54  ; 16      ; Clock enable                            ; no     ; --                   ; --               ; --                        ;
; sharedMemory:memory_instance|Decoder1~71                                                                                             ; LABCELL_X31_Y29_N54  ; 16      ; Clock enable                            ; no     ; --                   ; --               ; --                        ;
; sharedMemory:memory_instance|Decoder1~72                                                                                             ; LABCELL_X45_Y21_N12  ; 16      ; Clock enable                            ; no     ; --                   ; --               ; --                        ;
; sharedMemory:memory_instance|Decoder1~73                                                                                             ; LABCELL_X40_Y21_N39  ; 16      ; Clock enable                            ; no     ; --                   ; --               ; --                        ;
; sharedMemory:memory_instance|Decoder1~74                                                                                             ; LABCELL_X23_Y21_N54  ; 16      ; Clock enable                            ; no     ; --                   ; --               ; --                        ;
; sharedMemory:memory_instance|Decoder1~75                                                                                             ; MLABCELL_X21_Y23_N54 ; 16      ; Clock enable                            ; no     ; --                   ; --               ; --                        ;
; sharedMemory:memory_instance|Decoder1~76                                                                                             ; LABCELL_X42_Y21_N0   ; 16      ; Clock enable                            ; no     ; --                   ; --               ; --                        ;
; sharedMemory:memory_instance|Decoder1~77                                                                                             ; LABCELL_X36_Y20_N33  ; 16      ; Clock enable                            ; no     ; --                   ; --               ; --                        ;
; sharedMemory:memory_instance|Decoder1~78                                                                                             ; LABCELL_X22_Y30_N54  ; 16      ; Clock enable                            ; no     ; --                   ; --               ; --                        ;
; sharedMemory:memory_instance|Decoder1~79                                                                                             ; LABCELL_X29_Y32_N54  ; 16      ; Clock enable                            ; no     ; --                   ; --               ; --                        ;
; sharedMemory:memory_instance|Decoder1~80                                                                                             ; LABCELL_X50_Y20_N57  ; 16      ; Clock enable                            ; no     ; --                   ; --               ; --                        ;
; sharedMemory:memory_instance|Decoder1~81                                                                                             ; MLABCELL_X39_Y17_N30 ; 16      ; Clock enable                            ; no     ; --                   ; --               ; --                        ;
; sharedMemory:memory_instance|Decoder1~82                                                                                             ; LABCELL_X36_Y33_N54  ; 16      ; Clock enable                            ; no     ; --                   ; --               ; --                        ;
; sharedMemory:memory_instance|Decoder1~83                                                                                             ; LABCELL_X40_Y33_N54  ; 16      ; Clock enable                            ; no     ; --                   ; --               ; --                        ;
; sharedMemory:memory_instance|Decoder1~84                                                                                             ; LABCELL_X40_Y24_N42  ; 16      ; Clock enable                            ; no     ; --                   ; --               ; --                        ;
; sharedMemory:memory_instance|Decoder1~85                                                                                             ; MLABCELL_X47_Y27_N57 ; 16      ; Clock enable                            ; no     ; --                   ; --               ; --                        ;
; sharedMemory:memory_instance|Decoder1~86                                                                                             ; MLABCELL_X47_Y29_N54 ; 16      ; Clock enable                            ; no     ; --                   ; --               ; --                        ;
; sharedMemory:memory_instance|Decoder1~87                                                                                             ; LABCELL_X46_Y29_N54  ; 16      ; Clock enable                            ; no     ; --                   ; --               ; --                        ;
; sharedMemory:memory_instance|Decoder1~88                                                                                             ; LABCELL_X50_Y20_N51  ; 16      ; Clock enable                            ; no     ; --                   ; --               ; --                        ;
; sharedMemory:memory_instance|Decoder1~89                                                                                             ; LABCELL_X43_Y19_N33  ; 16      ; Clock enable                            ; no     ; --                   ; --               ; --                        ;
; sharedMemory:memory_instance|Decoder1~9                                                                                              ; LABCELL_X33_Y20_N6   ; 16      ; Clock enable                            ; no     ; --                   ; --               ; --                        ;
; sharedMemory:memory_instance|Decoder1~90                                                                                             ; LABCELL_X43_Y23_N15  ; 16      ; Clock enable                            ; no     ; --                   ; --               ; --                        ;
; sharedMemory:memory_instance|Decoder1~91                                                                                             ; LABCELL_X43_Y32_N54  ; 16      ; Clock enable                            ; no     ; --                   ; --               ; --                        ;
; sharedMemory:memory_instance|Decoder1~92                                                                                             ; LABCELL_X45_Y23_N0   ; 16      ; Clock enable                            ; no     ; --                   ; --               ; --                        ;
; sharedMemory:memory_instance|Decoder1~93                                                                                             ; LABCELL_X48_Y20_N36  ; 16      ; Clock enable                            ; no     ; --                   ; --               ; --                        ;
; sharedMemory:memory_instance|Decoder1~94                                                                                             ; LABCELL_X50_Y34_N54  ; 16      ; Clock enable                            ; no     ; --                   ; --               ; --                        ;
; sharedMemory:memory_instance|Decoder1~95                                                                                             ; LABCELL_X48_Y34_N54  ; 16      ; Clock enable                            ; no     ; --                   ; --               ; --                        ;
; sharedMemory:memory_instance|Decoder1~96                                                                                             ; LABCELL_X51_Y19_N27  ; 16      ; Clock enable                            ; no     ; --                   ; --               ; --                        ;
; sharedMemory:memory_instance|Decoder1~97                                                                                             ; LABCELL_X51_Y18_N21  ; 16      ; Clock enable                            ; no     ; --                   ; --               ; --                        ;
; sharedMemory:memory_instance|Decoder1~98                                                                                             ; LABCELL_X53_Y25_N57  ; 16      ; Clock enable                            ; no     ; --                   ; --               ; --                        ;
; sharedMemory:memory_instance|Decoder1~99                                                                                             ; LABCELL_X51_Y28_N54  ; 16      ; Clock enable                            ; no     ; --                   ; --               ; --                        ;
; sharedMemory:memory_instance|Equal0~0                                                                                                ; MLABCELL_X52_Y15_N6  ; 32      ; Clock enable                            ; no     ; --                   ; --               ; --                        ;
; sharedMemory:memory_instance|enableCPUWrite                                                                                          ; LABCELL_X51_Y16_N30  ; 8       ; Write enable                            ; no     ; --                   ; --               ; --                        ;
; sharedMemory:memory_instance|enablePlayerWrite                                                                                       ; LABCELL_X37_Y4_N6    ; 16      ; Sync. load                              ; no     ; --                   ; --               ; --                        ;
; sharedMemory:memory_instance|sharedPlayerRegs[0][2]~2                                                                                ; LABCELL_X36_Y2_N6    ; 16      ; Clock enable                            ; no     ; --                   ; --               ; --                        ;
; sharedMemory:memory_instance|sharedPlayerRegs[10][14]~8                                                                              ; MLABCELL_X39_Y3_N42  ; 17      ; Clock enable                            ; no     ; --                   ; --               ; --                        ;
; sharedMemory:memory_instance|sharedPlayerRegs[11][2]~16                                                                              ; LABCELL_X42_Y3_N48   ; 16      ; Clock enable                            ; no     ; --                   ; --               ; --                        ;
; sharedMemory:memory_instance|sharedPlayerRegs[12][3]~5                                                                               ; MLABCELL_X34_Y6_N0   ; 16      ; Clock enable                            ; no     ; --                   ; --               ; --                        ;
; sharedMemory:memory_instance|sharedPlayerRegs[13][13]~13                                                                             ; LABCELL_X35_Y4_N12   ; 16      ; Clock enable                            ; no     ; --                   ; --               ; --                        ;
; sharedMemory:memory_instance|sharedPlayerRegs[14][0]~9                                                                               ; LABCELL_X37_Y4_N21   ; 17      ; Clock enable                            ; no     ; --                   ; --               ; --                        ;
; sharedMemory:memory_instance|sharedPlayerRegs[15][2]~17                                                                              ; LABCELL_X37_Y4_N12   ; 16      ; Clock enable                            ; no     ; --                   ; --               ; --                        ;
; sharedMemory:memory_instance|sharedPlayerRegs[16][14]~0                                                                              ; MLABCELL_X39_Y5_N48  ; 16      ; Clock enable                            ; no     ; --                   ; --               ; --                        ;
; sharedMemory:memory_instance|sharedPlayerRegs[17][11]~1                                                                              ; MLABCELL_X39_Y2_N39  ; 16      ; Clock enable                            ; no     ; --                   ; --               ; --                        ;
; sharedMemory:memory_instance|sharedPlayerRegs[18][11]~18                                                                             ; LABCELL_X40_Y2_N3    ; 16      ; Clock enable                            ; no     ; --                   ; --               ; --                        ;
; sharedMemory:memory_instance|sharedPlayerRegs[1][3]~10                                                                               ; LABCELL_X37_Y5_N24   ; 16      ; Clock enable                            ; no     ; --                   ; --               ; --                        ;
; sharedMemory:memory_instance|sharedPlayerRegs[2][9]~6                                                                                ; LABCELL_X40_Y4_N33   ; 17      ; Clock enable                            ; no     ; --                   ; --               ; --                        ;
; sharedMemory:memory_instance|sharedPlayerRegs[3][11]~14                                                                              ; LABCELL_X40_Y4_N15   ; 16      ; Clock enable                            ; no     ; --                   ; --               ; --                        ;
; sharedMemory:memory_instance|sharedPlayerRegs[4][9]~3                                                                                ; LABCELL_X35_Y2_N12   ; 16      ; Clock enable                            ; no     ; --                   ; --               ; --                        ;
; sharedMemory:memory_instance|sharedPlayerRegs[5][14]~11                                                                              ; LABCELL_X35_Y5_N39   ; 16      ; Clock enable                            ; no     ; --                   ; --               ; --                        ;
; sharedMemory:memory_instance|sharedPlayerRegs[6][14]~7                                                                               ; LABCELL_X37_Y4_N24   ; 17      ; Clock enable                            ; no     ; --                   ; --               ; --                        ;
; sharedMemory:memory_instance|sharedPlayerRegs[7][9]~15                                                                               ; LABCELL_X36_Y4_N42   ; 16      ; Clock enable                            ; no     ; --                   ; --               ; --                        ;
; sharedMemory:memory_instance|sharedPlayerRegs[8][10]~4                                                                               ; LABCELL_X37_Y2_N12   ; 16      ; Clock enable                            ; no     ; --                   ; --               ; --                        ;
; sharedMemory:memory_instance|sharedPlayerRegs[9][10]~12                                                                              ; LABCELL_X36_Y3_N54   ; 16      ; Clock enable                            ; no     ; --                   ; --               ; --                        ;
; snes:snes_instance|SNES_Controller:controllerInstance|bitIndex[0]~1                                                                  ; LABCELL_X35_Y1_N24   ; 4       ; Clock enable                            ; no     ; --                   ; --               ; --                        ;
; snes:snes_instance|SNES_clkdiv:clkInstance|counter[0]~0                                                                              ; LABCELL_X45_Y3_N33   ; 9       ; Sync. clear                             ; no     ; --                   ; --               ; --                        ;
; snes:snes_instance|SNES_latchGen:latchInstance|counter[3]~0                                                                          ; LABCELL_X35_Y3_N48   ; 20      ; Sync. clear                             ; no     ; --                   ; --               ; --                        ;
; systemClock50MHz                                                                                                                     ; PIN_AF14             ; 4       ; Clock                                   ; no     ; --                   ; --               ; --                        ;
; systemClock50MHz                                                                                                                     ; PIN_AF14             ; 2754    ; Clock                                   ; yes    ; Global Clock         ; GCLK4            ; --                        ;
; vga:vga_instance|Equal0~1                                                                                                            ; LABCELL_X70_Y26_N54  ; 23      ; Clock enable, Sync. clear               ; no     ; --                   ; --               ; --                        ;
; vga:vga_instance|Equal1~1                                                                                                            ; LABCELL_X71_Y28_N18  ; 12      ; Sync. clear                             ; no     ; --                   ; --               ; --                        ;
; vga:vga_instance|clk25                                                                                                               ; FF_X40_Y18_N17       ; 459     ; Clock                                   ; no     ; --                   ; --               ; --                        ;
; vga:vga_instance|playerMemory:p1Memory_inst|Equal0~2                                                                                 ; LABCELL_X40_Y11_N42  ; 8       ; Sync. load                              ; no     ; --                   ; --               ; --                        ;
; vga:vga_instance|playerMemory:p1Memory_inst|Equal1~2                                                                                 ; LABCELL_X40_Y12_N3   ; 8       ; Sync. load                              ; no     ; --                   ; --               ; --                        ;
; vga:vga_instance|playerMemory:p1Memory_inst|Equal2~2                                                                                 ; LABCELL_X40_Y16_N12  ; 8       ; Sync. load                              ; no     ; --                   ; --               ; --                        ;
; vga:vga_instance|playerMemory:p1Memory_inst|Mult1~330                                                                                ; DSP_X54_Y6_N0        ; 49      ; Clock enable                            ; no     ; --                   ; --               ; --                        ;
; vga:vga_instance|playerMemory:p1Memory_inst|always0~1                                                                                ; LABCELL_X43_Y7_N42   ; 24      ; Sync. clear                             ; no     ; --                   ; --               ; --                        ;
; vga:vga_instance|playerMemory:p2Memory_inst|Equal0~2                                                                                 ; LABCELL_X36_Y18_N12  ; 8       ; Sync. load                              ; no     ; --                   ; --               ; --                        ;
; vga:vga_instance|playerMemory:p2Memory_inst|Equal1~2                                                                                 ; LABCELL_X36_Y16_N30  ; 8       ; Sync. load                              ; no     ; --                   ; --               ; --                        ;
; vga:vga_instance|playerMemory:p2Memory_inst|Equal2~2                                                                                 ; LABCELL_X35_Y14_N42  ; 8       ; Sync. load                              ; no     ; --                   ; --               ; --                        ;
; vga:vga_instance|playerMemory:p2Memory_inst|Mult1~330                                                                                ; DSP_X32_Y12_N0       ; 49      ; Clock enable                            ; no     ; --                   ; --               ; --                        ;
; vga:vga_instance|playerMemory:p2Memory_inst|always0~1                                                                                ; LABCELL_X46_Y6_N30   ; 24      ; Sync. clear                             ; no     ; --                   ; --               ; --                        ;
; vga:vga_instance|playerMemory:p3Memory_inst|Equal0~2                                                                                 ; LABCELL_X37_Y16_N18  ; 8       ; Sync. load                              ; no     ; --                   ; --               ; --                        ;
; vga:vga_instance|playerMemory:p3Memory_inst|Equal1~2                                                                                 ; LABCELL_X40_Y15_N6   ; 8       ; Sync. load                              ; no     ; --                   ; --               ; --                        ;
; vga:vga_instance|playerMemory:p3Memory_inst|Equal2~2                                                                                 ; MLABCELL_X39_Y16_N42 ; 8       ; Sync. load                              ; no     ; --                   ; --               ; --                        ;
; vga:vga_instance|playerMemory:p3Memory_inst|Mult1~330                                                                                ; DSP_X32_Y10_N0       ; 49      ; Clock enable                            ; no     ; --                   ; --               ; --                        ;
; vga:vga_instance|playerMemory:p3Memory_inst|always0~1                                                                                ; LABCELL_X46_Y6_N42   ; 24      ; Sync. clear                             ; no     ; --                   ; --               ; --                        ;
; vga:vga_instance|playerMemory:p4Memory_inst|Equal0~2                                                                                 ; LABCELL_X35_Y22_N57  ; 8       ; Sync. load                              ; no     ; --                   ; --               ; --                        ;
; vga:vga_instance|playerMemory:p4Memory_inst|Equal1~2                                                                                 ; LABCELL_X40_Y14_N0   ; 8       ; Sync. load                              ; no     ; --                   ; --               ; --                        ;
; vga:vga_instance|playerMemory:p4Memory_inst|Equal2~2                                                                                 ; LABCELL_X40_Y20_N12  ; 8       ; Sync. load                              ; no     ; --                   ; --               ; --                        ;
; vga:vga_instance|playerMemory:p4Memory_inst|Mult1~330                                                                                ; DSP_X32_Y8_N0        ; 49      ; Clock enable                            ; no     ; --                   ; --               ; --                        ;
; vga:vga_instance|playerMemory:p4Memory_inst|always0~1                                                                                ; LABCELL_X33_Y6_N12   ; 24      ; Sync. clear                             ; no     ; --                   ; --               ; --                        ;
+--------------------------------------------------------------------------------------------------------------------------------------+----------------------+---------+-----------------------------------------+--------+----------------------+------------------+---------------------------+


+-------------------------------------------------------------------------------------------------------------+
; Global & Other Fast Signals                                                                                 ;
+------------------+----------+---------+----------------------+------------------+---------------------------+
; Name             ; Location ; Fan-Out ; Global Resource Used ; Global Line Name ; Enable Signal Source Name ;
+------------------+----------+---------+----------------------+------------------+---------------------------+
; push_buttons[0]  ; PIN_AA14 ; 341     ; Global Clock         ; GCLK5            ; --                        ;
; systemClock50MHz ; PIN_AF14 ; 2754    ; Global Clock         ; GCLK4            ; --                        ;
+------------------+----------+---------+----------------------+------------------+---------------------------+


+------------------------------------------+
; Non-Global High Fan-Out Signals          ;
+--------------------------------+---------+
; Name                           ; Fan-Out ;
+--------------------------------+---------+
; vga:vga_instance|vga_blank_n~1 ; 1606    ;
+--------------------------------+---------+


+----------------------------------------------------------------------------------------------------------------------------------------------------------------------------------------------------------------------------------------------------------------------------------------------------------------------------------------------------------------------------------------------------------------------------------------------------------------------------------------------------------------------------------------------------------------------------------------------------------------------------------------------------------------------------------------------------------------------------------------------------------------------------------------------------------------------------------------------------------------------------------------------------------------------------------------------------------------------------------------------------------------------------------------------------------------------------------------------------------------------------------------------------------------------------------------------------------------------------------------------------------------------------------------------------------------------------------------------------------------------------------------------------------------------------------------------------------------------------------------------------------------------------------------------+
; Fitter RAM Summary                                                                                                                                                                                                                                                                                                                                                                                                                                                                                                                                                                                                                                                                                                                                                                                                                                                                                                                                                                                                                                                                                                                                                                                                                                                                                                                                                                                                                                                                                                                           ;
+-----------------------------------------------------------------------------------------------------------------------------------------+------+-------------+--------------+--------------+--------------+--------------+--------------+------------------------+-------------------------+------------------------+-------------------------+--------+-----------------------------+-----------------------------+-----------------------------+-----------------------------+---------------------+-------------+-------+-----------------------------------------+------------------------------------------------------------------------------------------------------------------------------------------------------------------------------------------------------------------------------------------------------------------------------------------------------------------------------------------------------------------------------------------------------------------------------------------------------------------------------------------------------------------------------------------------------------------------------------------------------------------------------------------------------------------------------------------------------------------------------------------------------------------------------------------------------------------------------------------------+----------------------+-----------------+-----------------+----------+------------------------+-----------------------+
; Name                                                                                                                                    ; Type ; Mode        ; Clock Mode   ; Port A Depth ; Port A Width ; Port B Depth ; Port B Width ; Port A Input Registers ; Port A Output Registers ; Port B Input Registers ; Port B Output Registers ; Size   ; Implementation Port A Depth ; Implementation Port A Width ; Implementation Port B Depth ; Implementation Port B Width ; Implementation Bits ; M10K blocks ; MLABs ; MIF                                     ; Location                                                                                                                                                                                                                                                                                                                                                                                                                                                                                                                                                                                                                                                                                                                                                                                                                                       ; Mixed Width RDW Mode ; Port A RDW Mode ; Port B RDW Mode ; ECC Mode ; ECC Pipeline Registers ; Fits in MLABs         ;
+-----------------------------------------------------------------------------------------------------------------------------------------+------+-------------+--------------+--------------+--------------+--------------+--------------+------------------------+-------------------------+------------------------+-------------------------+--------+-----------------------------+-----------------------------+-----------------------------+-----------------------------+---------------------+-------------+-------+-----------------------------------------+------------------------------------------------------------------------------------------------------------------------------------------------------------------------------------------------------------------------------------------------------------------------------------------------------------------------------------------------------------------------------------------------------------------------------------------------------------------------------------------------------------------------------------------------------------------------------------------------------------------------------------------------------------------------------------------------------------------------------------------------------------------------------------------------------------------------------------------------+----------------------+-----------------+-----------------+----------+------------------------+-----------------------+
; sharedMemory:memory_instance|memory:cpu_memory_instance|altsyncram:ram_rtl_0|altsyncram_1re1:auto_generated|ALTSYNCRAM                  ; AUTO ; Single Port ; Single Clock ; 4096         ; 16           ; --           ; --           ; yes                    ; no                      ; --                     ; --                      ; 65536  ; 4096                        ; 16                          ; --                          ; --                          ; 65536               ; 8           ; 0     ; db/lab1.ram0_memory_1643682f.hdl.mif    ; M10K_X58_Y29_N0, M10K_X69_Y21_N0, M10K_X69_Y19_N0, M10K_X69_Y20_N0, M10K_X69_Y25_N0, M10K_X69_Y23_N0, M10K_X69_Y17_N0, M10K_X69_Y18_N0                                                                                                                                                                                                                                                                                                                                                                                                                                                                                                                                                                                                                                                                                                         ; Don't care           ; New data        ; New data        ; Off      ; No                     ; No - Address Too Wide ;
; vga:vga_instance|playerMemory:p1Memory_inst|glyph_rom:glyph_rom_instance|altsyncram:rom_rtl_0|altsyncram_m5d1:auto_generated|ALTSYNCRAM ; AUTO ; ROM         ; Single Clock ; 16384        ; 32           ; --           ; --           ; yes                    ; no                      ; --                     ; --                      ; 524288 ; 16384                       ; 24                          ; --                          ; --                          ; 393216              ; 48          ; 0     ; db/lab1.ram0_glyph_rom_7ca142c7.hdl.mif ; M10K_X49_Y16_N0, M10K_X69_Y6_N0, M10K_X58_Y24_N0, M10K_X49_Y4_N0, M10K_X58_Y26_N0, M10K_X69_Y16_N0, M10K_X58_Y16_N0, M10K_X49_Y19_N0, M10K_X69_Y7_N0, M10K_X58_Y20_N0, M10K_X58_Y15_N0, M10K_X58_Y25_N0, M10K_X58_Y17_N0, M10K_X58_Y4_N0, M10K_X58_Y12_N0, M10K_X49_Y14_N0, M10K_X49_Y10_N0, M10K_X49_Y15_N0, M10K_X58_Y13_N0, M10K_X49_Y6_N0, M10K_X41_Y4_N0, M10K_X58_Y11_N0, M10K_X49_Y8_N0, M10K_X58_Y10_N0, M10K_X58_Y18_N0, M10K_X58_Y23_N0, M10K_X49_Y5_N0, M10K_X49_Y12_N0, M10K_X58_Y21_N0, M10K_X49_Y13_N0, M10K_X58_Y14_N0, M10K_X41_Y6_N0, M10K_X58_Y5_N0, M10K_X58_Y6_N0, M10K_X58_Y22_N0, M10K_X58_Y7_N0, M10K_X41_Y5_N0, M10K_X58_Y8_N0, M10K_X69_Y15_N0, M10K_X41_Y7_N0, M10K_X58_Y27_N0, M10K_X41_Y3_N0, M10K_X49_Y7_N0, M10K_X49_Y11_N0, M10K_X49_Y9_N0, M10K_X49_Y3_N0, M10K_X58_Y9_N0, M10K_X58_Y19_N0                     ; Don't care           ; New data        ; New data        ; Off      ; No                     ; No - Address Too Wide ;
; vga:vga_instance|playerMemory:p2Memory_inst|glyph_rom:glyph_rom_instance|altsyncram:rom_rtl_0|altsyncram_m5d1:auto_generated|ALTSYNCRAM ; AUTO ; ROM         ; Single Clock ; 16384        ; 32           ; --           ; --           ; yes                    ; no                      ; --                     ; --                      ; 524288 ; 16384                       ; 24                          ; --                          ; --                          ; 393216              ; 48          ; 0     ; db/lab1.ram0_glyph_rom_7ca142c7.hdl.mif ; M10K_X41_Y26_N0, M10K_X14_Y14_N0, M10K_X41_Y14_N0, M10K_X38_Y19_N0, M10K_X49_Y35_N0, M10K_X26_Y37_N0, M10K_X38_Y40_N0, M10K_X14_Y15_N0, M10K_X38_Y15_N0, M10K_X38_Y36_N0, M10K_X38_Y17_N0, M10K_X41_Y40_N0, M10K_X41_Y15_N0, M10K_X26_Y14_N0, M10K_X41_Y13_N0, M10K_X26_Y12_N0, M10K_X38_Y16_N0, M10K_X26_Y28_N0, M10K_X38_Y20_N0, M10K_X41_Y35_N0, M10K_X49_Y29_N0, M10K_X41_Y34_N0, M10K_X38_Y35_N0, M10K_X49_Y31_N0, M10K_X38_Y34_N0, M10K_X26_Y13_N0, M10K_X38_Y12_N0, M10K_X14_Y12_N0, M10K_X41_Y16_N0, M10K_X38_Y25_N0, M10K_X41_Y37_N0, M10K_X26_Y16_N0, M10K_X26_Y40_N0, M10K_X26_Y15_N0, M10K_X14_Y16_N0, M10K_X38_Y32_N0, M10K_X41_Y31_N0, M10K_X26_Y34_N0, M10K_X41_Y39_N0, M10K_X49_Y30_N0, M10K_X26_Y27_N0, M10K_X49_Y32_N0, M10K_X26_Y35_N0, M10K_X49_Y39_N0, M10K_X41_Y28_N0, M10K_X38_Y14_N0, M10K_X49_Y28_N0, M10K_X41_Y25_N0 ; Don't care           ; New data        ; New data        ; Off      ; No                     ; No - Address Too Wide ;
; vga:vga_instance|playerMemory:p3Memory_inst|glyph_rom:glyph_rom_instance|altsyncram:rom_rtl_0|altsyncram_m5d1:auto_generated|ALTSYNCRAM ; AUTO ; ROM         ; Single Clock ; 16384        ; 32           ; --           ; --           ; yes                    ; no                      ; --                     ; --                      ; 524288 ; 16384                       ; 24                          ; --                          ; --                          ; 393216              ; 48          ; 0     ; db/lab1.ram0_glyph_rom_7ca142c7.hdl.mif ; M10K_X49_Y36_N0, M10K_X14_Y17_N0, M10K_X26_Y17_N0, M10K_X41_Y24_N0, M10K_X38_Y38_N0, M10K_X38_Y5_N0, M10K_X38_Y18_N0, M10K_X41_Y20_N0, M10K_X41_Y32_N0, M10K_X38_Y26_N0, M10K_X38_Y4_N0, M10K_X41_Y2_N0, M10K_X49_Y18_N0, M10K_X26_Y4_N0, M10K_X69_Y12_N0, M10K_X49_Y34_N0, M10K_X41_Y1_N0, M10K_X58_Y30_N0, M10K_X58_Y28_N0, M10K_X41_Y38_N0, M10K_X69_Y11_N0, M10K_X41_Y17_N0, M10K_X69_Y10_N0, M10K_X38_Y3_N0, M10K_X14_Y13_N0, M10K_X41_Y18_N0, M10K_X49_Y22_N0, M10K_X14_Y18_N0, M10K_X69_Y13_N0, M10K_X26_Y5_N0, M10K_X26_Y9_N0, M10K_X26_Y10_N0, M10K_X41_Y23_N0, M10K_X38_Y2_N0, M10K_X49_Y38_N0, M10K_X41_Y36_N0, M10K_X38_Y13_N0, M10K_X26_Y21_N0, M10K_X49_Y24_N0, M10K_X26_Y11_N0, M10K_X26_Y20_N0, M10K_X26_Y23_N0, M10K_X38_Y37_N0, M10K_X49_Y17_N0, M10K_X26_Y26_N0, M10K_X69_Y14_N0, M10K_X26_Y25_N0, M10K_X49_Y26_N0          ; Don't care           ; New data        ; New data        ; Off      ; No                     ; No - Address Too Wide ;
; vga:vga_instance|playerMemory:p4Memory_inst|glyph_rom:glyph_rom_instance|altsyncram:rom_rtl_0|altsyncram_m5d1:auto_generated|ALTSYNCRAM ; AUTO ; ROM         ; Single Clock ; 16384        ; 32           ; --           ; --           ; yes                    ; no                      ; --                     ; --                      ; 524288 ; 16384                       ; 24                          ; --                          ; --                          ; 393216              ; 48          ; 0     ; db/lab1.ram0_glyph_rom_7ca142c7.hdl.mif ; M10K_X26_Y32_N0, M10K_X26_Y22_N0, M10K_X58_Y31_N0, M10K_X26_Y24_N0, M10K_X38_Y6_N0, M10K_X38_Y28_N0, M10K_X41_Y8_N0, M10K_X38_Y23_N0, M10K_X41_Y19_N0, M10K_X26_Y33_N0, M10K_X41_Y21_N0, M10K_X41_Y33_N0, M10K_X49_Y25_N0, M10K_X49_Y20_N0, M10K_X38_Y33_N0, M10K_X49_Y21_N0, M10K_X38_Y21_N0, M10K_X41_Y10_N0, M10K_X26_Y29_N0, M10K_X41_Y11_N0, M10K_X26_Y18_N0, M10K_X38_Y11_N0, M10K_X41_Y29_N0, M10K_X41_Y12_N0, M10K_X38_Y10_N0, M10K_X41_Y22_N0, M10K_X38_Y9_N0, M10K_X38_Y7_N0, M10K_X49_Y23_N0, M10K_X49_Y27_N0, M10K_X58_Y33_N0, M10K_X41_Y9_N0, M10K_X26_Y31_N0, M10K_X38_Y27_N0, M10K_X26_Y30_N0, M10K_X38_Y29_N0, M10K_X41_Y30_N0, M10K_X38_Y24_N0, M10K_X38_Y30_N0, M10K_X26_Y19_N0, M10K_X41_Y27_N0, M10K_X38_Y31_N0, M10K_X49_Y33_N0, M10K_X38_Y8_N0, M10K_X26_Y8_N0, M10K_X26_Y6_N0, M10K_X26_Y7_N0, M10K_X38_Y22_N0          ; Don't care           ; New data        ; New data        ; Off      ; No                     ; No - Address Too Wide ;
+-----------------------------------------------------------------------------------------------------------------------------------------+------+-------------+--------------+--------------+--------------+--------------+--------------+------------------------+-------------------------+------------------------+-------------------------+--------+-----------------------------+-----------------------------+-----------------------------+-----------------------------+---------------------+-------------+-------+-----------------------------------------+------------------------------------------------------------------------------------------------------------------------------------------------------------------------------------------------------------------------------------------------------------------------------------------------------------------------------------------------------------------------------------------------------------------------------------------------------------------------------------------------------------------------------------------------------------------------------------------------------------------------------------------------------------------------------------------------------------------------------------------------------------------------------------------------------------------------------------------------+----------------------+-----------------+-----------------+----------+------------------------+-----------------------+
Note: Fitter may spread logical memories into multiple blocks to improve timing. The actual required RAM blocks can be found in the Fitter Resource Usage section.


+-----------------------------------------------+
; Fitter DSP Block Usage Summary                ;
+---------------------------------+-------------+
; Statistic                       ; Number Used ;
+---------------------------------+-------------+
; Independent 18x18 plus 36       ; 8           ;
; Total number of DSP blocks      ; 8           ;
;                                 ;             ;
; Fixed Point Unsigned Multiplier ; 8           ;
+---------------------------------+-------------+


+-------------------------------------------------------------------------------------------------------------------------------------------------------------------------------------------------------------------------------------------------------------------------------------------------------------------------------------------------------------------------------------------------------------------------------------------------------+
; DSP Block Details                                                                                                                                                                                                                                                                                                                                                                                                                                     ;
+-------------------------------------------------------+---------------------------+----------------+---------------------+------------------------+------------------------+------------------------+------------------------+------------------------+------------------------+-----------------+--------------------------------+---------------------+-------------------------------+------------------------------+------------------------------+
; Name                                                  ; Mode                      ; Location       ; Sign Representation ; Data AX Input Register ; Data AY Input Register ; Data AZ Input Register ; Data BX Input Register ; Data BY Input Register ; Data BZ Input Register ; Output Register ; Dedicated Shift Register Chain ; Dedicated Pre-Adder ; Dedicated Coefficient Storage ; Dedicated Output Adder Chain ; Dedicated Output Accumulator ;
+-------------------------------------------------------+---------------------------+----------------+---------------------+------------------------+------------------------+------------------------+------------------------+------------------------+------------------------+-----------------+--------------------------------+---------------------+-------------------------------+------------------------------+------------------------------+
; vga:vga_instance|playerMemory:p1Memory_inst|Mult1~mac ; Independent 18x18 plus 36 ; DSP_X54_Y6_N0  ; Unsigned            ; no                     ; no                     ; --                     ; no                     ; no                     ; --                     ; no              ; no                             ; no                  ; no                            ; no                           ; no                           ;
; vga:vga_instance|playerMemory:p2Memory_inst|Mult1~mac ; Independent 18x18 plus 36 ; DSP_X32_Y12_N0 ; Unsigned            ; no                     ; no                     ; --                     ; no                     ; no                     ; --                     ; no              ; no                             ; no                  ; no                            ; no                           ; no                           ;
; vga:vga_instance|playerMemory:p3Memory_inst|Mult1~mac ; Independent 18x18 plus 36 ; DSP_X32_Y10_N0 ; Unsigned            ; no                     ; no                     ; --                     ; no                     ; no                     ; --                     ; no              ; no                             ; no                  ; no                            ; no                           ; no                           ;
; vga:vga_instance|playerMemory:p4Memory_inst|Mult1~mac ; Independent 18x18 plus 36 ; DSP_X32_Y8_N0  ; Unsigned            ; no                     ; no                     ; --                     ; no                     ; no                     ; --                     ; no              ; no                             ; no                  ; no                            ; no                           ; no                           ;
; vga:vga_instance|playerMemory:p1Memory_inst|Mult0~mac ; Independent 18x18 plus 36 ; DSP_X54_Y4_N0  ; Unsigned            ; yes                    ; no                     ; --                     ; no                     ; no                     ; --                     ; no              ; no                             ; no                  ; no                            ; no                           ; no                           ;
; vga:vga_instance|playerMemory:p2Memory_inst|Mult0~mac ; Independent 18x18 plus 36 ; DSP_X32_Y4_N0  ; Unsigned            ; yes                    ; no                     ; --                     ; no                     ; no                     ; --                     ; no              ; no                             ; no                  ; no                            ; no                           ; no                           ;
; vga:vga_instance|playerMemory:p3Memory_inst|Mult0~mac ; Independent 18x18 plus 36 ; DSP_X32_Y2_N0  ; Unsigned            ; yes                    ; no                     ; --                     ; no                     ; no                     ; --                     ; no              ; no                             ; no                  ; no                            ; no                           ; no                           ;
; vga:vga_instance|playerMemory:p4Memory_inst|Mult0~mac ; Independent 18x18 plus 36 ; DSP_X32_Y6_N0  ; Unsigned            ; yes                    ; no                     ; --                     ; no                     ; no                     ; --                     ; no              ; no                             ; no                  ; no                            ; no                           ; no                           ;
+-------------------------------------------------------+---------------------------+----------------+---------------------+------------------------+------------------------+------------------------+------------------------+------------------------+------------------------+-----------------+--------------------------------+---------------------+-------------------------------+------------------------------+------------------------------+


+-------------------------------------------------------------------------+
; Routing Usage Summary                                                   ;
+---------------------------------------------+---------------------------+
; Routing Resource Type                       ; Usage                     ;
+---------------------------------------------+---------------------------+
; Block interconnects                         ; 40,747 / 289,320 ( 14 % ) ;
; C12 interconnects                           ; 1,859 / 13,420 ( 14 % )   ;
; C2 interconnects                            ; 16,530 / 119,108 ( 14 % ) ;
; C4 interconnects                            ; 8,539 / 56,300 ( 15 % )   ;
; DQS bus muxes                               ; 0 / 25 ( 0 % )            ;
; DQS-18 I/O buses                            ; 0 / 25 ( 0 % )            ;
; DQS-9 I/O buses                             ; 0 / 25 ( 0 % )            ;
; Direct links                                ; 4,688 / 289,320 ( 2 % )   ;
; Global clocks                               ; 2 / 16 ( 13 % )           ;
; HPS SDRAM PLL inputs                        ; 0 / 1 ( 0 % )             ;
; HPS SDRAM PLL outputs                       ; 0 / 1 ( 0 % )             ;
; HPS_INTERFACE_BOOT_FROM_FPGA_INPUTs         ; 0 / 9 ( 0 % )             ;
; HPS_INTERFACE_CLOCKS_RESETS_INPUTs          ; 0 / 7 ( 0 % )             ;
; HPS_INTERFACE_CLOCKS_RESETS_OUTPUTs         ; 0 / 6 ( 0 % )             ;
; HPS_INTERFACE_CROSS_TRIGGER_INPUTs          ; 0 / 18 ( 0 % )            ;
; HPS_INTERFACE_CROSS_TRIGGER_OUTPUTs         ; 0 / 24 ( 0 % )            ;
; HPS_INTERFACE_DBG_APB_INPUTs                ; 0 / 37 ( 0 % )            ;
; HPS_INTERFACE_DBG_APB_OUTPUTs               ; 0 / 55 ( 0 % )            ;
; HPS_INTERFACE_DMA_INPUTs                    ; 0 / 16 ( 0 % )            ;
; HPS_INTERFACE_DMA_OUTPUTs                   ; 0 / 8 ( 0 % )             ;
; HPS_INTERFACE_FPGA2HPS_INPUTs               ; 0 / 287 ( 0 % )           ;
; HPS_INTERFACE_FPGA2HPS_OUTPUTs              ; 0 / 154 ( 0 % )           ;
; HPS_INTERFACE_FPGA2SDRAM_INPUTs             ; 0 / 852 ( 0 % )           ;
; HPS_INTERFACE_FPGA2SDRAM_OUTPUTs            ; 0 / 408 ( 0 % )           ;
; HPS_INTERFACE_HPS2FPGA_INPUTs               ; 0 / 165 ( 0 % )           ;
; HPS_INTERFACE_HPS2FPGA_LIGHT_WEIGHT_INPUTs  ; 0 / 67 ( 0 % )            ;
; HPS_INTERFACE_HPS2FPGA_LIGHT_WEIGHT_OUTPUTs ; 0 / 156 ( 0 % )           ;
; HPS_INTERFACE_HPS2FPGA_OUTPUTs              ; 0 / 282 ( 0 % )           ;
; HPS_INTERFACE_INTERRUPTS_INPUTs             ; 0 / 64 ( 0 % )            ;
; HPS_INTERFACE_INTERRUPTS_OUTPUTs            ; 0 / 42 ( 0 % )            ;
; HPS_INTERFACE_JTAG_OUTPUTs                  ; 0 / 5 ( 0 % )             ;
; HPS_INTERFACE_LOAN_IO_INPUTs                ; 0 / 142 ( 0 % )           ;
; HPS_INTERFACE_LOAN_IO_OUTPUTs               ; 0 / 85 ( 0 % )            ;
; HPS_INTERFACE_MPU_EVENT_STANDBY_INPUTs      ; 0 / 1 ( 0 % )             ;
; HPS_INTERFACE_MPU_EVENT_STANDBY_OUTPUTs     ; 0 / 5 ( 0 % )             ;
; HPS_INTERFACE_MPU_GENERAL_PURPOSE_INPUTs    ; 0 / 32 ( 0 % )            ;
; HPS_INTERFACE_MPU_GENERAL_PURPOSE_OUTPUTs   ; 0 / 32 ( 0 % )            ;
; HPS_INTERFACE_PERIPHERAL_CAN_INPUTs         ; 0 / 2 ( 0 % )             ;
; HPS_INTERFACE_PERIPHERAL_CAN_OUTPUTs        ; 0 / 2 ( 0 % )             ;
; HPS_INTERFACE_PERIPHERAL_EMAC_INPUTs        ; 0 / 32 ( 0 % )            ;
; HPS_INTERFACE_PERIPHERAL_EMAC_OUTPUTs       ; 0 / 34 ( 0 % )            ;
; HPS_INTERFACE_PERIPHERAL_I2C_INPUTs         ; 0 / 8 ( 0 % )             ;
; HPS_INTERFACE_PERIPHERAL_I2C_OUTPUTs        ; 0 / 8 ( 0 % )             ;
; HPS_INTERFACE_PERIPHERAL_NAND_INPUTs        ; 0 / 12 ( 0 % )            ;
; HPS_INTERFACE_PERIPHERAL_NAND_OUTPUTs       ; 0 / 18 ( 0 % )            ;
; HPS_INTERFACE_PERIPHERAL_QSPI_INPUTs        ; 0 / 4 ( 0 % )             ;
; HPS_INTERFACE_PERIPHERAL_QSPI_OUTPUTs       ; 0 / 13 ( 0 % )            ;
; HPS_INTERFACE_PERIPHERAL_SDMMC_INPUTs       ; 0 / 13 ( 0 % )            ;
; HPS_INTERFACE_PERIPHERAL_SDMMC_OUTPUTs      ; 0 / 22 ( 0 % )            ;
; HPS_INTERFACE_PERIPHERAL_SPI_MASTER_INPUTs  ; 0 / 4 ( 0 % )             ;
; HPS_INTERFACE_PERIPHERAL_SPI_MASTER_OUTPUTs ; 0 / 14 ( 0 % )            ;
; HPS_INTERFACE_PERIPHERAL_SPI_SLAVE_INPUTs   ; 0 / 6 ( 0 % )             ;
; HPS_INTERFACE_PERIPHERAL_SPI_SLAVE_OUTPUTs  ; 0 / 4 ( 0 % )             ;
; HPS_INTERFACE_PERIPHERAL_UART_INPUTs        ; 0 / 10 ( 0 % )            ;
; HPS_INTERFACE_PERIPHERAL_UART_OUTPUTs       ; 0 / 10 ( 0 % )            ;
; HPS_INTERFACE_PERIPHERAL_USB_INPUTs         ; 0 / 22 ( 0 % )            ;
; HPS_INTERFACE_PERIPHERAL_USB_OUTPUTs        ; 0 / 34 ( 0 % )            ;
; HPS_INTERFACE_STM_EVENT_INPUTs              ; 0 / 28 ( 0 % )            ;
; HPS_INTERFACE_TEST_INPUTs                   ; 0 / 610 ( 0 % )           ;
; HPS_INTERFACE_TEST_OUTPUTs                  ; 0 / 513 ( 0 % )           ;
; HPS_INTERFACE_TPIU_TRACE_INPUTs             ; 0 / 2 ( 0 % )             ;
; HPS_INTERFACE_TPIU_TRACE_OUTPUTs            ; 0 / 33 ( 0 % )            ;
; Horizontal periphery clocks                 ; 0 / 72 ( 0 % )            ;
; Local interconnects                         ; 6,346 / 84,580 ( 8 % )    ;
; Quadrant clocks                             ; 0 / 66 ( 0 % )            ;
; R14 interconnects                           ; 2,580 / 12,676 ( 20 % )   ;
; R14/C12 interconnect drivers                ; 3,752 / 20,720 ( 18 % )   ;
; R3 interconnects                            ; 18,802 / 130,992 ( 14 % ) ;
; R6 interconnects                            ; 27,954 / 266,960 ( 10 % ) ;
; Spine clocks                                ; 12 / 360 ( 3 % )          ;
; Wire stub REs                               ; 0 / 15,858 ( 0 % )        ;
+---------------------------------------------+---------------------------+


+------------------------------------------+
; I/O Rules Summary                        ;
+----------------------------------+-------+
; I/O Rules Statistic              ; Total ;
+----------------------------------+-------+
; Total I/O Rules                  ; 28    ;
; Number of I/O Rules Passed       ; 10    ;
; Number of I/O Rules Failed       ; 0     ;
; Number of I/O Rules Unchecked    ; 0     ;
; Number of I/O Rules Inapplicable ; 18    ;
+----------------------------------+-------+


+-----------------------------------------------------------------------------------------------------------------------------------------------------------------------------------------------------------------------------------------------------------------------------------+
; I/O Rules Details                                                                                                                                                                                                                                                                 ;
+--------------+-----------+-----------------------------------+------------------------------------------------------------------------------------+----------+--------------------------------------------------------------------------+---------------------+-------------------+
; Status       ; ID        ; Category                          ; Rule Description                                                                   ; Severity ; Information                                                              ; Area                ; Extra Information ;
+--------------+-----------+-----------------------------------+------------------------------------------------------------------------------------+----------+--------------------------------------------------------------------------+---------------------+-------------------+
; Pass         ; IO_000001 ; Capacity Checks                   ; Number of pins in an I/O bank should not exceed the number of locations available. ; Critical ; 0 such failures found.                                                   ; I/O                 ;                   ;
; Inapplicable ; IO_000002 ; Capacity Checks                   ; Number of clocks in an I/O bank should not exceed the number of clocks available.  ; Critical ; No Global Signal assignments found.                                      ; I/O                 ;                   ;
; Pass         ; IO_000003 ; Capacity Checks                   ; Number of pins in a Vrefgroup should not exceed the number of locations available. ; Critical ; 0 such failures found.                                                   ; I/O                 ;                   ;
; Inapplicable ; IO_000004 ; Voltage Compatibility Checks      ; The I/O bank should support the requested VCCIO.                                   ; Critical ; No IOBANK_VCCIO assignments found.                                       ; I/O                 ;                   ;
; Inapplicable ; IO_000005 ; Voltage Compatibility Checks      ; The I/O bank should not have competing VREF values.                                ; Critical ; No VREF I/O Standard assignments found.                                  ; I/O                 ;                   ;
; Pass         ; IO_000006 ; Voltage Compatibility Checks      ; The I/O bank should not have competing VCCIO values.                               ; Critical ; 0 such failures found.                                                   ; I/O                 ;                   ;
; Pass         ; IO_000007 ; Valid Location Checks             ; Checks for unavailable locations.                                                  ; Critical ; 0 such failures found.                                                   ; I/O                 ;                   ;
; Inapplicable ; IO_000008 ; Valid Location Checks             ; Checks for reserved locations.                                                     ; Critical ; No reserved LogicLock region found.                                      ; I/O                 ;                   ;
; Pass         ; IO_000009 ; I/O Properties Checks for One I/O ; The location should support the requested I/O standard.                            ; Critical ; 0 such failures found.                                                   ; I/O                 ;                   ;
; Pass         ; IO_000010 ; I/O Properties Checks for One I/O ; The location should support the requested I/O direction.                           ; Critical ; 0 such failures found.                                                   ; I/O                 ;                   ;
; Inapplicable ; IO_000011 ; I/O Properties Checks for One I/O ; The location should support the requested Current Strength.                        ; Critical ; No Current Strength assignments found.                                   ; I/O                 ;                   ;
; Pass         ; IO_000012 ; I/O Properties Checks for One I/O ; The location should support the requested On Chip Termination value.               ; Critical ; 0 such failures found.                                                   ; I/O                 ;                   ;
; Inapplicable ; IO_000013 ; I/O Properties Checks for One I/O ; The location should support the requested Bus Hold value.                          ; Critical ; No Enable Bus-Hold Circuitry assignments found.                          ; I/O                 ;                   ;
; Inapplicable ; IO_000014 ; I/O Properties Checks for One I/O ; The location should support the requested Weak Pull Up value.                      ; Critical ; No Weak Pull-Up Resistor assignments found.                              ; I/O                 ;                   ;
; Inapplicable ; IO_000015 ; I/O Properties Checks for One I/O ; The location should support the requested PCI Clamp Diode.                         ; Critical ; No Clamping Diode assignments found.                                     ; I/O                 ;                   ;
; Inapplicable ; IO_000018 ; I/O Properties Checks for One I/O ; The I/O standard should support the requested Current Strength.                    ; Critical ; No Current Strength assignments found.                                   ; I/O                 ;                   ;
; Pass         ; IO_000019 ; I/O Properties Checks for One I/O ; The I/O standard should support the requested On Chip Termination value.           ; Critical ; 0 such failures found.                                                   ; I/O                 ;                   ;
; Inapplicable ; IO_000020 ; I/O Properties Checks for One I/O ; The I/O standard should support the requested PCI Clamp Diode.                     ; Critical ; No Clamping Diode assignments found.                                     ; I/O                 ;                   ;
; Inapplicable ; IO_000021 ; I/O Properties Checks for One I/O ; The I/O standard should support the requested Weak Pull Up value.                  ; Critical ; No Weak Pull-Up Resistor assignments found.                              ; I/O                 ;                   ;
; Inapplicable ; IO_000022 ; I/O Properties Checks for One I/O ; The I/O standard should support the requested Bus Hold value.                      ; Critical ; No Enable Bus-Hold Circuitry assignments found.                          ; I/O                 ;                   ;
; Pass         ; IO_000023 ; I/O Properties Checks for One I/O ; The I/O standard should support the Open Drain value.                              ; Critical ; 0 such failures found.                                                   ; I/O                 ;                   ;
; Pass         ; IO_000024 ; I/O Properties Checks for One I/O ; The I/O direction should support the On Chip Termination value.                    ; Critical ; 0 such failures found.                                                   ; I/O                 ;                   ;
; Inapplicable ; IO_000026 ; I/O Properties Checks for One I/O ; On Chip Termination and Current Strength should not be used at the same time.      ; Critical ; No Current Strength assignments found.                                   ; I/O                 ;                   ;
; Inapplicable ; IO_000027 ; I/O Properties Checks for One I/O ; Weak Pull Up and Bus Hold should not be used at the same time.                     ; Critical ; No Enable Bus-Hold Circuitry or Weak Pull-Up Resistor assignments found. ; I/O                 ;                   ;
; Inapplicable ; IO_000045 ; I/O Properties Checks for One I/O ; The I/O standard should support the requested Slew Rate value.                     ; Critical ; No Slew Rate assignments found.                                          ; I/O                 ;                   ;
; Inapplicable ; IO_000046 ; I/O Properties Checks for One I/O ; The location should support the requested Slew Rate value.                         ; Critical ; No Slew Rate assignments found.                                          ; I/O                 ;                   ;
; Inapplicable ; IO_000047 ; I/O Properties Checks for One I/O ; On Chip Termination and Slew Rate should not be used at the same time.             ; Critical ; No Slew Rate assignments found.                                          ; I/O                 ;                   ;
; Inapplicable ; IO_000034 ; SI Related Distance Checks        ; Single-ended outputs should be 0 LAB row(s) away from a differential I/O.          ; High     ; No Differential I/O Standard assignments found.                          ; I/O                 ;                   ;
; ----         ; ----      ; Disclaimer                        ; OCT rules are checked but not reported.                                            ; None     ; ----                                                                     ; On Chip Termination ;                   ;
+--------------+-----------+-----------------------------------+------------------------------------------------------------------------------------+----------+--------------------------------------------------------------------------+---------------------+-------------------+


+----------------------------------------------------------------------------------------------------------------------------------------------------------------------------------------------------------------------------------------------------------------------------------------------------------------------------------------------------------------------------------------------------------------------------------------+
; I/O Rules Matrix                                                                                                                                                                                                                                                                                                                                                                                                                       ;
+----------------------+-----------+--------------+-----------+--------------+--------------+-----------+-----------+--------------+-----------+-----------+--------------+--------------+--------------+--------------+--------------+--------------+--------------+--------------+--------------+--------------+--------------+--------------+--------------+--------------+--------------+--------------+--------------+--------------+
; Pin/Rules            ; IO_000001 ; IO_000002    ; IO_000003 ; IO_000004    ; IO_000005    ; IO_000006 ; IO_000007 ; IO_000008    ; IO_000009 ; IO_000010 ; IO_000011    ; IO_000012    ; IO_000013    ; IO_000014    ; IO_000015    ; IO_000018    ; IO_000019    ; IO_000020    ; IO_000021    ; IO_000022    ; IO_000023    ; IO_000024    ; IO_000026    ; IO_000027    ; IO_000045    ; IO_000046    ; IO_000047    ; IO_000034    ;
+----------------------+-----------+--------------+-----------+--------------+--------------+-----------+-----------+--------------+-----------+-----------+--------------+--------------+--------------+--------------+--------------+--------------+--------------+--------------+--------------+--------------+--------------+--------------+--------------+--------------+--------------+--------------+--------------+--------------+
; Total Pass           ; 105       ; 0            ; 105       ; 0            ; 0            ; 105       ; 105       ; 0            ; 105       ; 105       ; 0            ; 89           ; 0            ; 0            ; 0            ; 0            ; 89           ; 0            ; 0            ; 0            ; 2            ; 89           ; 0            ; 0            ; 0            ; 0            ; 0            ; 0            ;
; Total Unchecked      ; 0         ; 0            ; 0         ; 0            ; 0            ; 0         ; 0         ; 0            ; 0         ; 0         ; 0            ; 0            ; 0            ; 0            ; 0            ; 0            ; 0            ; 0            ; 0            ; 0            ; 0            ; 0            ; 0            ; 0            ; 0            ; 0            ; 0            ; 0            ;
; Total Inapplicable   ; 0         ; 105          ; 0         ; 105          ; 105          ; 0         ; 0         ; 105          ; 0         ; 0         ; 105          ; 16           ; 105          ; 105          ; 105          ; 105          ; 16           ; 105          ; 105          ; 105          ; 103          ; 16           ; 105          ; 105          ; 105          ; 105          ; 105          ; 105          ;
; Total Fail           ; 0         ; 0            ; 0         ; 0            ; 0            ; 0         ; 0         ; 0            ; 0         ; 0         ; 0            ; 0            ; 0            ; 0            ; 0            ; 0            ; 0            ; 0            ; 0            ; 0            ; 0            ; 0            ; 0            ; 0            ; 0            ; 0            ; 0            ; 0            ;
; leds[0]              ; Pass      ; Inapplicable ; Pass      ; Inapplicable ; Inapplicable ; Pass      ; Pass      ; Inapplicable ; Pass      ; Pass      ; Inapplicable ; Pass         ; Inapplicable ; Inapplicable ; Inapplicable ; Inapplicable ; Pass         ; Inapplicable ; Inapplicable ; Inapplicable ; Inapplicable ; Pass         ; Inapplicable ; Inapplicable ; Inapplicable ; Inapplicable ; Inapplicable ; Inapplicable ;
; leds[1]              ; Pass      ; Inapplicable ; Pass      ; Inapplicable ; Inapplicable ; Pass      ; Pass      ; Inapplicable ; Pass      ; Pass      ; Inapplicable ; Pass         ; Inapplicable ; Inapplicable ; Inapplicable ; Inapplicable ; Pass         ; Inapplicable ; Inapplicable ; Inapplicable ; Inapplicable ; Pass         ; Inapplicable ; Inapplicable ; Inapplicable ; Inapplicable ; Inapplicable ; Inapplicable ;
; leds[2]              ; Pass      ; Inapplicable ; Pass      ; Inapplicable ; Inapplicable ; Pass      ; Pass      ; Inapplicable ; Pass      ; Pass      ; Inapplicable ; Pass         ; Inapplicable ; Inapplicable ; Inapplicable ; Inapplicable ; Pass         ; Inapplicable ; Inapplicable ; Inapplicable ; Inapplicable ; Pass         ; Inapplicable ; Inapplicable ; Inapplicable ; Inapplicable ; Inapplicable ; Inapplicable ;
; leds[3]              ; Pass      ; Inapplicable ; Pass      ; Inapplicable ; Inapplicable ; Pass      ; Pass      ; Inapplicable ; Pass      ; Pass      ; Inapplicable ; Pass         ; Inapplicable ; Inapplicable ; Inapplicable ; Inapplicable ; Pass         ; Inapplicable ; Inapplicable ; Inapplicable ; Inapplicable ; Pass         ; Inapplicable ; Inapplicable ; Inapplicable ; Inapplicable ; Inapplicable ; Inapplicable ;
; leds[4]              ; Pass      ; Inapplicable ; Pass      ; Inapplicable ; Inapplicable ; Pass      ; Pass      ; Inapplicable ; Pass      ; Pass      ; Inapplicable ; Pass         ; Inapplicable ; Inapplicable ; Inapplicable ; Inapplicable ; Pass         ; Inapplicable ; Inapplicable ; Inapplicable ; Inapplicable ; Pass         ; Inapplicable ; Inapplicable ; Inapplicable ; Inapplicable ; Inapplicable ; Inapplicable ;
; leds[5]              ; Pass      ; Inapplicable ; Pass      ; Inapplicable ; Inapplicable ; Pass      ; Pass      ; Inapplicable ; Pass      ; Pass      ; Inapplicable ; Pass         ; Inapplicable ; Inapplicable ; Inapplicable ; Inapplicable ; Pass         ; Inapplicable ; Inapplicable ; Inapplicable ; Inapplicable ; Pass         ; Inapplicable ; Inapplicable ; Inapplicable ; Inapplicable ; Inapplicable ; Inapplicable ;
; leds[6]              ; Pass      ; Inapplicable ; Pass      ; Inapplicable ; Inapplicable ; Pass      ; Pass      ; Inapplicable ; Pass      ; Pass      ; Inapplicable ; Pass         ; Inapplicable ; Inapplicable ; Inapplicable ; Inapplicable ; Pass         ; Inapplicable ; Inapplicable ; Inapplicable ; Inapplicable ; Pass         ; Inapplicable ; Inapplicable ; Inapplicable ; Inapplicable ; Inapplicable ; Inapplicable ;
; leds[7]              ; Pass      ; Inapplicable ; Pass      ; Inapplicable ; Inapplicable ; Pass      ; Pass      ; Inapplicable ; Pass      ; Pass      ; Inapplicable ; Pass         ; Inapplicable ; Inapplicable ; Inapplicable ; Inapplicable ; Pass         ; Inapplicable ; Inapplicable ; Inapplicable ; Inapplicable ; Pass         ; Inapplicable ; Inapplicable ; Inapplicable ; Inapplicable ; Inapplicable ; Inapplicable ;
; leds[8]              ; Pass      ; Inapplicable ; Pass      ; Inapplicable ; Inapplicable ; Pass      ; Pass      ; Inapplicable ; Pass      ; Pass      ; Inapplicable ; Pass         ; Inapplicable ; Inapplicable ; Inapplicable ; Inapplicable ; Pass         ; Inapplicable ; Inapplicable ; Inapplicable ; Inapplicable ; Pass         ; Inapplicable ; Inapplicable ; Inapplicable ; Inapplicable ; Inapplicable ; Inapplicable ;
; leds[9]              ; Pass      ; Inapplicable ; Pass      ; Inapplicable ; Inapplicable ; Pass      ; Pass      ; Inapplicable ; Pass      ; Pass      ; Inapplicable ; Pass         ; Inapplicable ; Inapplicable ; Inapplicable ; Inapplicable ; Pass         ; Inapplicable ; Inapplicable ; Inapplicable ; Inapplicable ; Pass         ; Inapplicable ; Inapplicable ; Inapplicable ; Inapplicable ; Inapplicable ; Inapplicable ;
; push_buttons[2]      ; Pass      ; Inapplicable ; Pass      ; Inapplicable ; Inapplicable ; Pass      ; Pass      ; Inapplicable ; Pass      ; Pass      ; Inapplicable ; Inapplicable ; Inapplicable ; Inapplicable ; Inapplicable ; Inapplicable ; Inapplicable ; Inapplicable ; Inapplicable ; Inapplicable ; Inapplicable ; Inapplicable ; Inapplicable ; Inapplicable ; Inapplicable ; Inapplicable ; Inapplicable ; Inapplicable ;
; push_buttons[3]      ; Pass      ; Inapplicable ; Pass      ; Inapplicable ; Inapplicable ; Pass      ; Pass      ; Inapplicable ; Pass      ; Pass      ; Inapplicable ; Inapplicable ; Inapplicable ; Inapplicable ; Inapplicable ; Inapplicable ; Inapplicable ; Inapplicable ; Inapplicable ; Inapplicable ; Inapplicable ; Inapplicable ; Inapplicable ; Inapplicable ; Inapplicable ; Inapplicable ; Inapplicable ; Inapplicable ;
; hex0[0]              ; Pass      ; Inapplicable ; Pass      ; Inapplicable ; Inapplicable ; Pass      ; Pass      ; Inapplicable ; Pass      ; Pass      ; Inapplicable ; Pass         ; Inapplicable ; Inapplicable ; Inapplicable ; Inapplicable ; Pass         ; Inapplicable ; Inapplicable ; Inapplicable ; Inapplicable ; Pass         ; Inapplicable ; Inapplicable ; Inapplicable ; Inapplicable ; Inapplicable ; Inapplicable ;
; hex0[1]              ; Pass      ; Inapplicable ; Pass      ; Inapplicable ; Inapplicable ; Pass      ; Pass      ; Inapplicable ; Pass      ; Pass      ; Inapplicable ; Pass         ; Inapplicable ; Inapplicable ; Inapplicable ; Inapplicable ; Pass         ; Inapplicable ; Inapplicable ; Inapplicable ; Inapplicable ; Pass         ; Inapplicable ; Inapplicable ; Inapplicable ; Inapplicable ; Inapplicable ; Inapplicable ;
; hex0[2]              ; Pass      ; Inapplicable ; Pass      ; Inapplicable ; Inapplicable ; Pass      ; Pass      ; Inapplicable ; Pass      ; Pass      ; Inapplicable ; Pass         ; Inapplicable ; Inapplicable ; Inapplicable ; Inapplicable ; Pass         ; Inapplicable ; Inapplicable ; Inapplicable ; Inapplicable ; Pass         ; Inapplicable ; Inapplicable ; Inapplicable ; Inapplicable ; Inapplicable ; Inapplicable ;
; hex0[3]              ; Pass      ; Inapplicable ; Pass      ; Inapplicable ; Inapplicable ; Pass      ; Pass      ; Inapplicable ; Pass      ; Pass      ; Inapplicable ; Pass         ; Inapplicable ; Inapplicable ; Inapplicable ; Inapplicable ; Pass         ; Inapplicable ; Inapplicable ; Inapplicable ; Inapplicable ; Pass         ; Inapplicable ; Inapplicable ; Inapplicable ; Inapplicable ; Inapplicable ; Inapplicable ;
; hex0[4]              ; Pass      ; Inapplicable ; Pass      ; Inapplicable ; Inapplicable ; Pass      ; Pass      ; Inapplicable ; Pass      ; Pass      ; Inapplicable ; Pass         ; Inapplicable ; Inapplicable ; Inapplicable ; Inapplicable ; Pass         ; Inapplicable ; Inapplicable ; Inapplicable ; Inapplicable ; Pass         ; Inapplicable ; Inapplicable ; Inapplicable ; Inapplicable ; Inapplicable ; Inapplicable ;
; hex0[5]              ; Pass      ; Inapplicable ; Pass      ; Inapplicable ; Inapplicable ; Pass      ; Pass      ; Inapplicable ; Pass      ; Pass      ; Inapplicable ; Pass         ; Inapplicable ; Inapplicable ; Inapplicable ; Inapplicable ; Pass         ; Inapplicable ; Inapplicable ; Inapplicable ; Inapplicable ; Pass         ; Inapplicable ; Inapplicable ; Inapplicable ; Inapplicable ; Inapplicable ; Inapplicable ;
; hex0[6]              ; Pass      ; Inapplicable ; Pass      ; Inapplicable ; Inapplicable ; Pass      ; Pass      ; Inapplicable ; Pass      ; Pass      ; Inapplicable ; Pass         ; Inapplicable ; Inapplicable ; Inapplicable ; Inapplicable ; Pass         ; Inapplicable ; Inapplicable ; Inapplicable ; Inapplicable ; Pass         ; Inapplicable ; Inapplicable ; Inapplicable ; Inapplicable ; Inapplicable ; Inapplicable ;
; hex1[0]              ; Pass      ; Inapplicable ; Pass      ; Inapplicable ; Inapplicable ; Pass      ; Pass      ; Inapplicable ; Pass      ; Pass      ; Inapplicable ; Pass         ; Inapplicable ; Inapplicable ; Inapplicable ; Inapplicable ; Pass         ; Inapplicable ; Inapplicable ; Inapplicable ; Inapplicable ; Pass         ; Inapplicable ; Inapplicable ; Inapplicable ; Inapplicable ; Inapplicable ; Inapplicable ;
; hex1[1]              ; Pass      ; Inapplicable ; Pass      ; Inapplicable ; Inapplicable ; Pass      ; Pass      ; Inapplicable ; Pass      ; Pass      ; Inapplicable ; Pass         ; Inapplicable ; Inapplicable ; Inapplicable ; Inapplicable ; Pass         ; Inapplicable ; Inapplicable ; Inapplicable ; Inapplicable ; Pass         ; Inapplicable ; Inapplicable ; Inapplicable ; Inapplicable ; Inapplicable ; Inapplicable ;
; hex1[2]              ; Pass      ; Inapplicable ; Pass      ; Inapplicable ; Inapplicable ; Pass      ; Pass      ; Inapplicable ; Pass      ; Pass      ; Inapplicable ; Pass         ; Inapplicable ; Inapplicable ; Inapplicable ; Inapplicable ; Pass         ; Inapplicable ; Inapplicable ; Inapplicable ; Inapplicable ; Pass         ; Inapplicable ; Inapplicable ; Inapplicable ; Inapplicable ; Inapplicable ; Inapplicable ;
; hex1[3]              ; Pass      ; Inapplicable ; Pass      ; Inapplicable ; Inapplicable ; Pass      ; Pass      ; Inapplicable ; Pass      ; Pass      ; Inapplicable ; Pass         ; Inapplicable ; Inapplicable ; Inapplicable ; Inapplicable ; Pass         ; Inapplicable ; Inapplicable ; Inapplicable ; Inapplicable ; Pass         ; Inapplicable ; Inapplicable ; Inapplicable ; Inapplicable ; Inapplicable ; Inapplicable ;
; hex1[4]              ; Pass      ; Inapplicable ; Pass      ; Inapplicable ; Inapplicable ; Pass      ; Pass      ; Inapplicable ; Pass      ; Pass      ; Inapplicable ; Pass         ; Inapplicable ; Inapplicable ; Inapplicable ; Inapplicable ; Pass         ; Inapplicable ; Inapplicable ; Inapplicable ; Inapplicable ; Pass         ; Inapplicable ; Inapplicable ; Inapplicable ; Inapplicable ; Inapplicable ; Inapplicable ;
; hex1[5]              ; Pass      ; Inapplicable ; Pass      ; Inapplicable ; Inapplicable ; Pass      ; Pass      ; Inapplicable ; Pass      ; Pass      ; Inapplicable ; Pass         ; Inapplicable ; Inapplicable ; Inapplicable ; Inapplicable ; Pass         ; Inapplicable ; Inapplicable ; Inapplicable ; Inapplicable ; Pass         ; Inapplicable ; Inapplicable ; Inapplicable ; Inapplicable ; Inapplicable ; Inapplicable ;
; hex1[6]              ; Pass      ; Inapplicable ; Pass      ; Inapplicable ; Inapplicable ; Pass      ; Pass      ; Inapplicable ; Pass      ; Pass      ; Inapplicable ; Pass         ; Inapplicable ; Inapplicable ; Inapplicable ; Inapplicable ; Pass         ; Inapplicable ; Inapplicable ; Inapplicable ; Inapplicable ; Pass         ; Inapplicable ; Inapplicable ; Inapplicable ; Inapplicable ; Inapplicable ; Inapplicable ;
; hex2[0]              ; Pass      ; Inapplicable ; Pass      ; Inapplicable ; Inapplicable ; Pass      ; Pass      ; Inapplicable ; Pass      ; Pass      ; Inapplicable ; Pass         ; Inapplicable ; Inapplicable ; Inapplicable ; Inapplicable ; Pass         ; Inapplicable ; Inapplicable ; Inapplicable ; Inapplicable ; Pass         ; Inapplicable ; Inapplicable ; Inapplicable ; Inapplicable ; Inapplicable ; Inapplicable ;
; hex2[1]              ; Pass      ; Inapplicable ; Pass      ; Inapplicable ; Inapplicable ; Pass      ; Pass      ; Inapplicable ; Pass      ; Pass      ; Inapplicable ; Pass         ; Inapplicable ; Inapplicable ; Inapplicable ; Inapplicable ; Pass         ; Inapplicable ; Inapplicable ; Inapplicable ; Inapplicable ; Pass         ; Inapplicable ; Inapplicable ; Inapplicable ; Inapplicable ; Inapplicable ; Inapplicable ;
; hex2[2]              ; Pass      ; Inapplicable ; Pass      ; Inapplicable ; Inapplicable ; Pass      ; Pass      ; Inapplicable ; Pass      ; Pass      ; Inapplicable ; Pass         ; Inapplicable ; Inapplicable ; Inapplicable ; Inapplicable ; Pass         ; Inapplicable ; Inapplicable ; Inapplicable ; Inapplicable ; Pass         ; Inapplicable ; Inapplicable ; Inapplicable ; Inapplicable ; Inapplicable ; Inapplicable ;
; hex2[3]              ; Pass      ; Inapplicable ; Pass      ; Inapplicable ; Inapplicable ; Pass      ; Pass      ; Inapplicable ; Pass      ; Pass      ; Inapplicable ; Pass         ; Inapplicable ; Inapplicable ; Inapplicable ; Inapplicable ; Pass         ; Inapplicable ; Inapplicable ; Inapplicable ; Inapplicable ; Pass         ; Inapplicable ; Inapplicable ; Inapplicable ; Inapplicable ; Inapplicable ; Inapplicable ;
; hex2[4]              ; Pass      ; Inapplicable ; Pass      ; Inapplicable ; Inapplicable ; Pass      ; Pass      ; Inapplicable ; Pass      ; Pass      ; Inapplicable ; Pass         ; Inapplicable ; Inapplicable ; Inapplicable ; Inapplicable ; Pass         ; Inapplicable ; Inapplicable ; Inapplicable ; Inapplicable ; Pass         ; Inapplicable ; Inapplicable ; Inapplicable ; Inapplicable ; Inapplicable ; Inapplicable ;
; hex2[5]              ; Pass      ; Inapplicable ; Pass      ; Inapplicable ; Inapplicable ; Pass      ; Pass      ; Inapplicable ; Pass      ; Pass      ; Inapplicable ; Pass         ; Inapplicable ; Inapplicable ; Inapplicable ; Inapplicable ; Pass         ; Inapplicable ; Inapplicable ; Inapplicable ; Inapplicable ; Pass         ; Inapplicable ; Inapplicable ; Inapplicable ; Inapplicable ; Inapplicable ; Inapplicable ;
; hex2[6]              ; Pass      ; Inapplicable ; Pass      ; Inapplicable ; Inapplicable ; Pass      ; Pass      ; Inapplicable ; Pass      ; Pass      ; Inapplicable ; Pass         ; Inapplicable ; Inapplicable ; Inapplicable ; Inapplicable ; Pass         ; Inapplicable ; Inapplicable ; Inapplicable ; Inapplicable ; Pass         ; Inapplicable ; Inapplicable ; Inapplicable ; Inapplicable ; Inapplicable ; Inapplicable ;
; hex3[0]              ; Pass      ; Inapplicable ; Pass      ; Inapplicable ; Inapplicable ; Pass      ; Pass      ; Inapplicable ; Pass      ; Pass      ; Inapplicable ; Pass         ; Inapplicable ; Inapplicable ; Inapplicable ; Inapplicable ; Pass         ; Inapplicable ; Inapplicable ; Inapplicable ; Inapplicable ; Pass         ; Inapplicable ; Inapplicable ; Inapplicable ; Inapplicable ; Inapplicable ; Inapplicable ;
; hex3[1]              ; Pass      ; Inapplicable ; Pass      ; Inapplicable ; Inapplicable ; Pass      ; Pass      ; Inapplicable ; Pass      ; Pass      ; Inapplicable ; Pass         ; Inapplicable ; Inapplicable ; Inapplicable ; Inapplicable ; Pass         ; Inapplicable ; Inapplicable ; Inapplicable ; Inapplicable ; Pass         ; Inapplicable ; Inapplicable ; Inapplicable ; Inapplicable ; Inapplicable ; Inapplicable ;
; hex3[2]              ; Pass      ; Inapplicable ; Pass      ; Inapplicable ; Inapplicable ; Pass      ; Pass      ; Inapplicable ; Pass      ; Pass      ; Inapplicable ; Pass         ; Inapplicable ; Inapplicable ; Inapplicable ; Inapplicable ; Pass         ; Inapplicable ; Inapplicable ; Inapplicable ; Inapplicable ; Pass         ; Inapplicable ; Inapplicable ; Inapplicable ; Inapplicable ; Inapplicable ; Inapplicable ;
; hex3[3]              ; Pass      ; Inapplicable ; Pass      ; Inapplicable ; Inapplicable ; Pass      ; Pass      ; Inapplicable ; Pass      ; Pass      ; Inapplicable ; Pass         ; Inapplicable ; Inapplicable ; Inapplicable ; Inapplicable ; Pass         ; Inapplicable ; Inapplicable ; Inapplicable ; Inapplicable ; Pass         ; Inapplicable ; Inapplicable ; Inapplicable ; Inapplicable ; Inapplicable ; Inapplicable ;
; hex3[4]              ; Pass      ; Inapplicable ; Pass      ; Inapplicable ; Inapplicable ; Pass      ; Pass      ; Inapplicable ; Pass      ; Pass      ; Inapplicable ; Pass         ; Inapplicable ; Inapplicable ; Inapplicable ; Inapplicable ; Pass         ; Inapplicable ; Inapplicable ; Inapplicable ; Inapplicable ; Pass         ; Inapplicable ; Inapplicable ; Inapplicable ; Inapplicable ; Inapplicable ; Inapplicable ;
; hex3[5]              ; Pass      ; Inapplicable ; Pass      ; Inapplicable ; Inapplicable ; Pass      ; Pass      ; Inapplicable ; Pass      ; Pass      ; Inapplicable ; Pass         ; Inapplicable ; Inapplicable ; Inapplicable ; Inapplicable ; Pass         ; Inapplicable ; Inapplicable ; Inapplicable ; Inapplicable ; Pass         ; Inapplicable ; Inapplicable ; Inapplicable ; Inapplicable ; Inapplicable ; Inapplicable ;
; hex3[6]              ; Pass      ; Inapplicable ; Pass      ; Inapplicable ; Inapplicable ; Pass      ; Pass      ; Inapplicable ; Pass      ; Pass      ; Inapplicable ; Pass         ; Inapplicable ; Inapplicable ; Inapplicable ; Inapplicable ; Pass         ; Inapplicable ; Inapplicable ; Inapplicable ; Inapplicable ; Pass         ; Inapplicable ; Inapplicable ; Inapplicable ; Inapplicable ; Inapplicable ; Inapplicable ;
; hex4[0]              ; Pass      ; Inapplicable ; Pass      ; Inapplicable ; Inapplicable ; Pass      ; Pass      ; Inapplicable ; Pass      ; Pass      ; Inapplicable ; Pass         ; Inapplicable ; Inapplicable ; Inapplicable ; Inapplicable ; Pass         ; Inapplicable ; Inapplicable ; Inapplicable ; Inapplicable ; Pass         ; Inapplicable ; Inapplicable ; Inapplicable ; Inapplicable ; Inapplicable ; Inapplicable ;
; hex4[1]              ; Pass      ; Inapplicable ; Pass      ; Inapplicable ; Inapplicable ; Pass      ; Pass      ; Inapplicable ; Pass      ; Pass      ; Inapplicable ; Pass         ; Inapplicable ; Inapplicable ; Inapplicable ; Inapplicable ; Pass         ; Inapplicable ; Inapplicable ; Inapplicable ; Inapplicable ; Pass         ; Inapplicable ; Inapplicable ; Inapplicable ; Inapplicable ; Inapplicable ; Inapplicable ;
; hex4[2]              ; Pass      ; Inapplicable ; Pass      ; Inapplicable ; Inapplicable ; Pass      ; Pass      ; Inapplicable ; Pass      ; Pass      ; Inapplicable ; Pass         ; Inapplicable ; Inapplicable ; Inapplicable ; Inapplicable ; Pass         ; Inapplicable ; Inapplicable ; Inapplicable ; Inapplicable ; Pass         ; Inapplicable ; Inapplicable ; Inapplicable ; Inapplicable ; Inapplicable ; Inapplicable ;
; hex4[3]              ; Pass      ; Inapplicable ; Pass      ; Inapplicable ; Inapplicable ; Pass      ; Pass      ; Inapplicable ; Pass      ; Pass      ; Inapplicable ; Pass         ; Inapplicable ; Inapplicable ; Inapplicable ; Inapplicable ; Pass         ; Inapplicable ; Inapplicable ; Inapplicable ; Inapplicable ; Pass         ; Inapplicable ; Inapplicable ; Inapplicable ; Inapplicable ; Inapplicable ; Inapplicable ;
; hex4[4]              ; Pass      ; Inapplicable ; Pass      ; Inapplicable ; Inapplicable ; Pass      ; Pass      ; Inapplicable ; Pass      ; Pass      ; Inapplicable ; Pass         ; Inapplicable ; Inapplicable ; Inapplicable ; Inapplicable ; Pass         ; Inapplicable ; Inapplicable ; Inapplicable ; Inapplicable ; Pass         ; Inapplicable ; Inapplicable ; Inapplicable ; Inapplicable ; Inapplicable ; Inapplicable ;
; hex4[5]              ; Pass      ; Inapplicable ; Pass      ; Inapplicable ; Inapplicable ; Pass      ; Pass      ; Inapplicable ; Pass      ; Pass      ; Inapplicable ; Pass         ; Inapplicable ; Inapplicable ; Inapplicable ; Inapplicable ; Pass         ; Inapplicable ; Inapplicable ; Inapplicable ; Inapplicable ; Pass         ; Inapplicable ; Inapplicable ; Inapplicable ; Inapplicable ; Inapplicable ; Inapplicable ;
; hex4[6]              ; Pass      ; Inapplicable ; Pass      ; Inapplicable ; Inapplicable ; Pass      ; Pass      ; Inapplicable ; Pass      ; Pass      ; Inapplicable ; Pass         ; Inapplicable ; Inapplicable ; Inapplicable ; Inapplicable ; Pass         ; Inapplicable ; Inapplicable ; Inapplicable ; Inapplicable ; Pass         ; Inapplicable ; Inapplicable ; Inapplicable ; Inapplicable ; Inapplicable ; Inapplicable ;
; hex5[0]              ; Pass      ; Inapplicable ; Pass      ; Inapplicable ; Inapplicable ; Pass      ; Pass      ; Inapplicable ; Pass      ; Pass      ; Inapplicable ; Pass         ; Inapplicable ; Inapplicable ; Inapplicable ; Inapplicable ; Pass         ; Inapplicable ; Inapplicable ; Inapplicable ; Inapplicable ; Pass         ; Inapplicable ; Inapplicable ; Inapplicable ; Inapplicable ; Inapplicable ; Inapplicable ;
; hex5[1]              ; Pass      ; Inapplicable ; Pass      ; Inapplicable ; Inapplicable ; Pass      ; Pass      ; Inapplicable ; Pass      ; Pass      ; Inapplicable ; Pass         ; Inapplicable ; Inapplicable ; Inapplicable ; Inapplicable ; Pass         ; Inapplicable ; Inapplicable ; Inapplicable ; Inapplicable ; Pass         ; Inapplicable ; Inapplicable ; Inapplicable ; Inapplicable ; Inapplicable ; Inapplicable ;
; hex5[2]              ; Pass      ; Inapplicable ; Pass      ; Inapplicable ; Inapplicable ; Pass      ; Pass      ; Inapplicable ; Pass      ; Pass      ; Inapplicable ; Pass         ; Inapplicable ; Inapplicable ; Inapplicable ; Inapplicable ; Pass         ; Inapplicable ; Inapplicable ; Inapplicable ; Inapplicable ; Pass         ; Inapplicable ; Inapplicable ; Inapplicable ; Inapplicable ; Inapplicable ; Inapplicable ;
; hex5[3]              ; Pass      ; Inapplicable ; Pass      ; Inapplicable ; Inapplicable ; Pass      ; Pass      ; Inapplicable ; Pass      ; Pass      ; Inapplicable ; Pass         ; Inapplicable ; Inapplicable ; Inapplicable ; Inapplicable ; Pass         ; Inapplicable ; Inapplicable ; Inapplicable ; Inapplicable ; Pass         ; Inapplicable ; Inapplicable ; Inapplicable ; Inapplicable ; Inapplicable ; Inapplicable ;
; hex5[4]              ; Pass      ; Inapplicable ; Pass      ; Inapplicable ; Inapplicable ; Pass      ; Pass      ; Inapplicable ; Pass      ; Pass      ; Inapplicable ; Pass         ; Inapplicable ; Inapplicable ; Inapplicable ; Inapplicable ; Pass         ; Inapplicable ; Inapplicable ; Inapplicable ; Inapplicable ; Pass         ; Inapplicable ; Inapplicable ; Inapplicable ; Inapplicable ; Inapplicable ; Inapplicable ;
; hex5[5]              ; Pass      ; Inapplicable ; Pass      ; Inapplicable ; Inapplicable ; Pass      ; Pass      ; Inapplicable ; Pass      ; Pass      ; Inapplicable ; Pass         ; Inapplicable ; Inapplicable ; Inapplicable ; Inapplicable ; Pass         ; Inapplicable ; Inapplicable ; Inapplicable ; Inapplicable ; Pass         ; Inapplicable ; Inapplicable ; Inapplicable ; Inapplicable ; Inapplicable ; Inapplicable ;
; hex5[6]              ; Pass      ; Inapplicable ; Pass      ; Inapplicable ; Inapplicable ; Pass      ; Pass      ; Inapplicable ; Pass      ; Pass      ; Inapplicable ; Pass         ; Inapplicable ; Inapplicable ; Inapplicable ; Inapplicable ; Pass         ; Inapplicable ; Inapplicable ; Inapplicable ; Inapplicable ; Pass         ; Inapplicable ; Inapplicable ; Inapplicable ; Inapplicable ; Inapplicable ; Inapplicable ;
; vga_clock            ; Pass      ; Inapplicable ; Pass      ; Inapplicable ; Inapplicable ; Pass      ; Pass      ; Inapplicable ; Pass      ; Pass      ; Inapplicable ; Pass         ; Inapplicable ; Inapplicable ; Inapplicable ; Inapplicable ; Pass         ; Inapplicable ; Inapplicable ; Inapplicable ; Inapplicable ; Pass         ; Inapplicable ; Inapplicable ; Inapplicable ; Inapplicable ; Inapplicable ; Inapplicable ;
; vga_blank_n          ; Pass      ; Inapplicable ; Pass      ; Inapplicable ; Inapplicable ; Pass      ; Pass      ; Inapplicable ; Pass      ; Pass      ; Inapplicable ; Pass         ; Inapplicable ; Inapplicable ; Inapplicable ; Inapplicable ; Pass         ; Inapplicable ; Inapplicable ; Inapplicable ; Inapplicable ; Pass         ; Inapplicable ; Inapplicable ; Inapplicable ; Inapplicable ; Inapplicable ; Inapplicable ;
; vga_hs               ; Pass      ; Inapplicable ; Pass      ; Inapplicable ; Inapplicable ; Pass      ; Pass      ; Inapplicable ; Pass      ; Pass      ; Inapplicable ; Pass         ; Inapplicable ; Inapplicable ; Inapplicable ; Inapplicable ; Pass         ; Inapplicable ; Inapplicable ; Inapplicable ; Inapplicable ; Pass         ; Inapplicable ; Inapplicable ; Inapplicable ; Inapplicable ; Inapplicable ; Inapplicable ;
; vga_vs               ; Pass      ; Inapplicable ; Pass      ; Inapplicable ; Inapplicable ; Pass      ; Pass      ; Inapplicable ; Pass      ; Pass      ; Inapplicable ; Pass         ; Inapplicable ; Inapplicable ; Inapplicable ; Inapplicable ; Pass         ; Inapplicable ; Inapplicable ; Inapplicable ; Inapplicable ; Pass         ; Inapplicable ; Inapplicable ; Inapplicable ; Inapplicable ; Inapplicable ; Inapplicable ;
; vga_sync_n           ; Pass      ; Inapplicable ; Pass      ; Inapplicable ; Inapplicable ; Pass      ; Pass      ; Inapplicable ; Pass      ; Pass      ; Inapplicable ; Pass         ; Inapplicable ; Inapplicable ; Inapplicable ; Inapplicable ; Pass         ; Inapplicable ; Inapplicable ; Inapplicable ; Inapplicable ; Pass         ; Inapplicable ; Inapplicable ; Inapplicable ; Inapplicable ; Inapplicable ; Inapplicable ;
; vga_red[0]           ; Pass      ; Inapplicable ; Pass      ; Inapplicable ; Inapplicable ; Pass      ; Pass      ; Inapplicable ; Pass      ; Pass      ; Inapplicable ; Pass         ; Inapplicable ; Inapplicable ; Inapplicable ; Inapplicable ; Pass         ; Inapplicable ; Inapplicable ; Inapplicable ; Inapplicable ; Pass         ; Inapplicable ; Inapplicable ; Inapplicable ; Inapplicable ; Inapplicable ; Inapplicable ;
; vga_red[1]           ; Pass      ; Inapplicable ; Pass      ; Inapplicable ; Inapplicable ; Pass      ; Pass      ; Inapplicable ; Pass      ; Pass      ; Inapplicable ; Pass         ; Inapplicable ; Inapplicable ; Inapplicable ; Inapplicable ; Pass         ; Inapplicable ; Inapplicable ; Inapplicable ; Inapplicable ; Pass         ; Inapplicable ; Inapplicable ; Inapplicable ; Inapplicable ; Inapplicable ; Inapplicable ;
; vga_red[2]           ; Pass      ; Inapplicable ; Pass      ; Inapplicable ; Inapplicable ; Pass      ; Pass      ; Inapplicable ; Pass      ; Pass      ; Inapplicable ; Pass         ; Inapplicable ; Inapplicable ; Inapplicable ; Inapplicable ; Pass         ; Inapplicable ; Inapplicable ; Inapplicable ; Inapplicable ; Pass         ; Inapplicable ; Inapplicable ; Inapplicable ; Inapplicable ; Inapplicable ; Inapplicable ;
; vga_red[3]           ; Pass      ; Inapplicable ; Pass      ; Inapplicable ; Inapplicable ; Pass      ; Pass      ; Inapplicable ; Pass      ; Pass      ; Inapplicable ; Pass         ; Inapplicable ; Inapplicable ; Inapplicable ; Inapplicable ; Pass         ; Inapplicable ; Inapplicable ; Inapplicable ; Inapplicable ; Pass         ; Inapplicable ; Inapplicable ; Inapplicable ; Inapplicable ; Inapplicable ; Inapplicable ;
; vga_red[4]           ; Pass      ; Inapplicable ; Pass      ; Inapplicable ; Inapplicable ; Pass      ; Pass      ; Inapplicable ; Pass      ; Pass      ; Inapplicable ; Pass         ; Inapplicable ; Inapplicable ; Inapplicable ; Inapplicable ; Pass         ; Inapplicable ; Inapplicable ; Inapplicable ; Inapplicable ; Pass         ; Inapplicable ; Inapplicable ; Inapplicable ; Inapplicable ; Inapplicable ; Inapplicable ;
; vga_red[5]           ; Pass      ; Inapplicable ; Pass      ; Inapplicable ; Inapplicable ; Pass      ; Pass      ; Inapplicable ; Pass      ; Pass      ; Inapplicable ; Pass         ; Inapplicable ; Inapplicable ; Inapplicable ; Inapplicable ; Pass         ; Inapplicable ; Inapplicable ; Inapplicable ; Inapplicable ; Pass         ; Inapplicable ; Inapplicable ; Inapplicable ; Inapplicable ; Inapplicable ; Inapplicable ;
; vga_red[6]           ; Pass      ; Inapplicable ; Pass      ; Inapplicable ; Inapplicable ; Pass      ; Pass      ; Inapplicable ; Pass      ; Pass      ; Inapplicable ; Pass         ; Inapplicable ; Inapplicable ; Inapplicable ; Inapplicable ; Pass         ; Inapplicable ; Inapplicable ; Inapplicable ; Inapplicable ; Pass         ; Inapplicable ; Inapplicable ; Inapplicable ; Inapplicable ; Inapplicable ; Inapplicable ;
; vga_red[7]           ; Pass      ; Inapplicable ; Pass      ; Inapplicable ; Inapplicable ; Pass      ; Pass      ; Inapplicable ; Pass      ; Pass      ; Inapplicable ; Pass         ; Inapplicable ; Inapplicable ; Inapplicable ; Inapplicable ; Pass         ; Inapplicable ; Inapplicable ; Inapplicable ; Inapplicable ; Pass         ; Inapplicable ; Inapplicable ; Inapplicable ; Inapplicable ; Inapplicable ; Inapplicable ;
; vga_green[0]         ; Pass      ; Inapplicable ; Pass      ; Inapplicable ; Inapplicable ; Pass      ; Pass      ; Inapplicable ; Pass      ; Pass      ; Inapplicable ; Pass         ; Inapplicable ; Inapplicable ; Inapplicable ; Inapplicable ; Pass         ; Inapplicable ; Inapplicable ; Inapplicable ; Inapplicable ; Pass         ; Inapplicable ; Inapplicable ; Inapplicable ; Inapplicable ; Inapplicable ; Inapplicable ;
; vga_green[1]         ; Pass      ; Inapplicable ; Pass      ; Inapplicable ; Inapplicable ; Pass      ; Pass      ; Inapplicable ; Pass      ; Pass      ; Inapplicable ; Pass         ; Inapplicable ; Inapplicable ; Inapplicable ; Inapplicable ; Pass         ; Inapplicable ; Inapplicable ; Inapplicable ; Inapplicable ; Pass         ; Inapplicable ; Inapplicable ; Inapplicable ; Inapplicable ; Inapplicable ; Inapplicable ;
; vga_green[2]         ; Pass      ; Inapplicable ; Pass      ; Inapplicable ; Inapplicable ; Pass      ; Pass      ; Inapplicable ; Pass      ; Pass      ; Inapplicable ; Pass         ; Inapplicable ; Inapplicable ; Inapplicable ; Inapplicable ; Pass         ; Inapplicable ; Inapplicable ; Inapplicable ; Inapplicable ; Pass         ; Inapplicable ; Inapplicable ; Inapplicable ; Inapplicable ; Inapplicable ; Inapplicable ;
; vga_green[3]         ; Pass      ; Inapplicable ; Pass      ; Inapplicable ; Inapplicable ; Pass      ; Pass      ; Inapplicable ; Pass      ; Pass      ; Inapplicable ; Pass         ; Inapplicable ; Inapplicable ; Inapplicable ; Inapplicable ; Pass         ; Inapplicable ; Inapplicable ; Inapplicable ; Inapplicable ; Pass         ; Inapplicable ; Inapplicable ; Inapplicable ; Inapplicable ; Inapplicable ; Inapplicable ;
; vga_green[4]         ; Pass      ; Inapplicable ; Pass      ; Inapplicable ; Inapplicable ; Pass      ; Pass      ; Inapplicable ; Pass      ; Pass      ; Inapplicable ; Pass         ; Inapplicable ; Inapplicable ; Inapplicable ; Inapplicable ; Pass         ; Inapplicable ; Inapplicable ; Inapplicable ; Inapplicable ; Pass         ; Inapplicable ; Inapplicable ; Inapplicable ; Inapplicable ; Inapplicable ; Inapplicable ;
; vga_green[5]         ; Pass      ; Inapplicable ; Pass      ; Inapplicable ; Inapplicable ; Pass      ; Pass      ; Inapplicable ; Pass      ; Pass      ; Inapplicable ; Pass         ; Inapplicable ; Inapplicable ; Inapplicable ; Inapplicable ; Pass         ; Inapplicable ; Inapplicable ; Inapplicable ; Inapplicable ; Pass         ; Inapplicable ; Inapplicable ; Inapplicable ; Inapplicable ; Inapplicable ; Inapplicable ;
; vga_green[6]         ; Pass      ; Inapplicable ; Pass      ; Inapplicable ; Inapplicable ; Pass      ; Pass      ; Inapplicable ; Pass      ; Pass      ; Inapplicable ; Pass         ; Inapplicable ; Inapplicable ; Inapplicable ; Inapplicable ; Pass         ; Inapplicable ; Inapplicable ; Inapplicable ; Inapplicable ; Pass         ; Inapplicable ; Inapplicable ; Inapplicable ; Inapplicable ; Inapplicable ; Inapplicable ;
; vga_green[7]         ; Pass      ; Inapplicable ; Pass      ; Inapplicable ; Inapplicable ; Pass      ; Pass      ; Inapplicable ; Pass      ; Pass      ; Inapplicable ; Pass         ; Inapplicable ; Inapplicable ; Inapplicable ; Inapplicable ; Pass         ; Inapplicable ; Inapplicable ; Inapplicable ; Inapplicable ; Pass         ; Inapplicable ; Inapplicable ; Inapplicable ; Inapplicable ; Inapplicable ; Inapplicable ;
; vga_blue[0]          ; Pass      ; Inapplicable ; Pass      ; Inapplicable ; Inapplicable ; Pass      ; Pass      ; Inapplicable ; Pass      ; Pass      ; Inapplicable ; Pass         ; Inapplicable ; Inapplicable ; Inapplicable ; Inapplicable ; Pass         ; Inapplicable ; Inapplicable ; Inapplicable ; Inapplicable ; Pass         ; Inapplicable ; Inapplicable ; Inapplicable ; Inapplicable ; Inapplicable ; Inapplicable ;
; vga_blue[1]          ; Pass      ; Inapplicable ; Pass      ; Inapplicable ; Inapplicable ; Pass      ; Pass      ; Inapplicable ; Pass      ; Pass      ; Inapplicable ; Pass         ; Inapplicable ; Inapplicable ; Inapplicable ; Inapplicable ; Pass         ; Inapplicable ; Inapplicable ; Inapplicable ; Inapplicable ; Pass         ; Inapplicable ; Inapplicable ; Inapplicable ; Inapplicable ; Inapplicable ; Inapplicable ;
; vga_blue[2]          ; Pass      ; Inapplicable ; Pass      ; Inapplicable ; Inapplicable ; Pass      ; Pass      ; Inapplicable ; Pass      ; Pass      ; Inapplicable ; Pass         ; Inapplicable ; Inapplicable ; Inapplicable ; Inapplicable ; Pass         ; Inapplicable ; Inapplicable ; Inapplicable ; Inapplicable ; Pass         ; Inapplicable ; Inapplicable ; Inapplicable ; Inapplicable ; Inapplicable ; Inapplicable ;
; vga_blue[3]          ; Pass      ; Inapplicable ; Pass      ; Inapplicable ; Inapplicable ; Pass      ; Pass      ; Inapplicable ; Pass      ; Pass      ; Inapplicable ; Pass         ; Inapplicable ; Inapplicable ; Inapplicable ; Inapplicable ; Pass         ; Inapplicable ; Inapplicable ; Inapplicable ; Inapplicable ; Pass         ; Inapplicable ; Inapplicable ; Inapplicable ; Inapplicable ; Inapplicable ; Inapplicable ;
; vga_blue[4]          ; Pass      ; Inapplicable ; Pass      ; Inapplicable ; Inapplicable ; Pass      ; Pass      ; Inapplicable ; Pass      ; Pass      ; Inapplicable ; Pass         ; Inapplicable ; Inapplicable ; Inapplicable ; Inapplicable ; Pass         ; Inapplicable ; Inapplicable ; Inapplicable ; Inapplicable ; Pass         ; Inapplicable ; Inapplicable ; Inapplicable ; Inapplicable ; Inapplicable ; Inapplicable ;
; vga_blue[5]          ; Pass      ; Inapplicable ; Pass      ; Inapplicable ; Inapplicable ; Pass      ; Pass      ; Inapplicable ; Pass      ; Pass      ; Inapplicable ; Pass         ; Inapplicable ; Inapplicable ; Inapplicable ; Inapplicable ; Pass         ; Inapplicable ; Inapplicable ; Inapplicable ; Inapplicable ; Pass         ; Inapplicable ; Inapplicable ; Inapplicable ; Inapplicable ; Inapplicable ; Inapplicable ;
; vga_blue[6]          ; Pass      ; Inapplicable ; Pass      ; Inapplicable ; Inapplicable ; Pass      ; Pass      ; Inapplicable ; Pass      ; Pass      ; Inapplicable ; Pass         ; Inapplicable ; Inapplicable ; Inapplicable ; Inapplicable ; Pass         ; Inapplicable ; Inapplicable ; Inapplicable ; Inapplicable ; Pass         ; Inapplicable ; Inapplicable ; Inapplicable ; Inapplicable ; Inapplicable ; Inapplicable ;
; vga_blue[7]          ; Pass      ; Inapplicable ; Pass      ; Inapplicable ; Inapplicable ; Pass      ; Pass      ; Inapplicable ; Pass      ; Pass      ; Inapplicable ; Pass         ; Inapplicable ; Inapplicable ; Inapplicable ; Inapplicable ; Pass         ; Inapplicable ; Inapplicable ; Inapplicable ; Inapplicable ; Pass         ; Inapplicable ; Inapplicable ; Inapplicable ; Inapplicable ; Inapplicable ; Inapplicable ;
; GPIO1_27_latch       ; Pass      ; Inapplicable ; Pass      ; Inapplicable ; Inapplicable ; Pass      ; Pass      ; Inapplicable ; Pass      ; Pass      ; Inapplicable ; Pass         ; Inapplicable ; Inapplicable ; Inapplicable ; Inapplicable ; Pass         ; Inapplicable ; Inapplicable ; Inapplicable ; Inapplicable ; Pass         ; Inapplicable ; Inapplicable ; Inapplicable ; Inapplicable ; Inapplicable ; Inapplicable ;
; GPIO1_26_cpu         ; Pass      ; Inapplicable ; Pass      ; Inapplicable ; Inapplicable ; Pass      ; Pass      ; Inapplicable ; Pass      ; Pass      ; Inapplicable ; Pass         ; Inapplicable ; Inapplicable ; Inapplicable ; Inapplicable ; Pass         ; Inapplicable ; Inapplicable ; Inapplicable ; Inapplicable ; Pass         ; Inapplicable ; Inapplicable ; Inapplicable ; Inapplicable ; Inapplicable ; Inapplicable ;
; i2c_clock            ; Pass      ; Inapplicable ; Pass      ; Inapplicable ; Inapplicable ; Pass      ; Pass      ; Inapplicable ; Pass      ; Pass      ; Inapplicable ; Pass         ; Inapplicable ; Inapplicable ; Inapplicable ; Inapplicable ; Pass         ; Inapplicable ; Inapplicable ; Inapplicable ; Pass         ; Pass         ; Inapplicable ; Inapplicable ; Inapplicable ; Inapplicable ; Inapplicable ; Inapplicable ;
; i2c_data             ; Pass      ; Inapplicable ; Pass      ; Inapplicable ; Inapplicable ; Pass      ; Pass      ; Inapplicable ; Pass      ; Pass      ; Inapplicable ; Pass         ; Inapplicable ; Inapplicable ; Inapplicable ; Inapplicable ; Pass         ; Inapplicable ; Inapplicable ; Inapplicable ; Pass         ; Pass         ; Inapplicable ; Inapplicable ; Inapplicable ; Inapplicable ; Inapplicable ; Inapplicable ;
; audio_masterClock    ; Pass      ; Inapplicable ; Pass      ; Inapplicable ; Inapplicable ; Pass      ; Pass      ; Inapplicable ; Pass      ; Pass      ; Inapplicable ; Pass         ; Inapplicable ; Inapplicable ; Inapplicable ; Inapplicable ; Pass         ; Inapplicable ; Inapplicable ; Inapplicable ; Inapplicable ; Pass         ; Inapplicable ; Inapplicable ; Inapplicable ; Inapplicable ; Inapplicable ; Inapplicable ;
; audio_leftRightClock ; Pass      ; Inapplicable ; Pass      ; Inapplicable ; Inapplicable ; Pass      ; Pass      ; Inapplicable ; Pass      ; Pass      ; Inapplicable ; Pass         ; Inapplicable ; Inapplicable ; Inapplicable ; Inapplicable ; Pass         ; Inapplicable ; Inapplicable ; Inapplicable ; Inapplicable ; Pass         ; Inapplicable ; Inapplicable ; Inapplicable ; Inapplicable ; Inapplicable ; Inapplicable ;
; audio_bitClock       ; Pass      ; Inapplicable ; Pass      ; Inapplicable ; Inapplicable ; Pass      ; Pass      ; Inapplicable ; Pass      ; Pass      ; Inapplicable ; Pass         ; Inapplicable ; Inapplicable ; Inapplicable ; Inapplicable ; Pass         ; Inapplicable ; Inapplicable ; Inapplicable ; Inapplicable ; Pass         ; Inapplicable ; Inapplicable ; Inapplicable ; Inapplicable ; Inapplicable ; Inapplicable ;
; audio_data           ; Pass      ; Inapplicable ; Pass      ; Inapplicable ; Inapplicable ; Pass      ; Pass      ; Inapplicable ; Pass      ; Pass      ; Inapplicable ; Pass         ; Inapplicable ; Inapplicable ; Inapplicable ; Inapplicable ; Pass         ; Inapplicable ; Inapplicable ; Inapplicable ; Inapplicable ; Pass         ; Inapplicable ; Inapplicable ; Inapplicable ; Inapplicable ; Inapplicable ; Inapplicable ;
; switches[9]          ; Pass      ; Inapplicable ; Pass      ; Inapplicable ; Inapplicable ; Pass      ; Pass      ; Inapplicable ; Pass      ; Pass      ; Inapplicable ; Inapplicable ; Inapplicable ; Inapplicable ; Inapplicable ; Inapplicable ; Inapplicable ; Inapplicable ; Inapplicable ; Inapplicable ; Inapplicable ; Inapplicable ; Inapplicable ; Inapplicable ; Inapplicable ; Inapplicable ; Inapplicable ; Inapplicable ;
; switches[5]          ; Pass      ; Inapplicable ; Pass      ; Inapplicable ; Inapplicable ; Pass      ; Pass      ; Inapplicable ; Pass      ; Pass      ; Inapplicable ; Inapplicable ; Inapplicable ; Inapplicable ; Inapplicable ; Inapplicable ; Inapplicable ; Inapplicable ; Inapplicable ; Inapplicable ; Inapplicable ; Inapplicable ; Inapplicable ; Inapplicable ; Inapplicable ; Inapplicable ; Inapplicable ; Inapplicable ;
; switches[8]          ; Pass      ; Inapplicable ; Pass      ; Inapplicable ; Inapplicable ; Pass      ; Pass      ; Inapplicable ; Pass      ; Pass      ; Inapplicable ; Inapplicable ; Inapplicable ; Inapplicable ; Inapplicable ; Inapplicable ; Inapplicable ; Inapplicable ; Inapplicable ; Inapplicable ; Inapplicable ; Inapplicable ; Inapplicable ; Inapplicable ; Inapplicable ; Inapplicable ; Inapplicable ; Inapplicable ;
; switches[7]          ; Pass      ; Inapplicable ; Pass      ; Inapplicable ; Inapplicable ; Pass      ; Pass      ; Inapplicable ; Pass      ; Pass      ; Inapplicable ; Inapplicable ; Inapplicable ; Inapplicable ; Inapplicable ; Inapplicable ; Inapplicable ; Inapplicable ; Inapplicable ; Inapplicable ; Inapplicable ; Inapplicable ; Inapplicable ; Inapplicable ; Inapplicable ; Inapplicable ; Inapplicable ; Inapplicable ;
; switches[6]          ; Pass      ; Inapplicable ; Pass      ; Inapplicable ; Inapplicable ; Pass      ; Pass      ; Inapplicable ; Pass      ; Pass      ; Inapplicable ; Inapplicable ; Inapplicable ; Inapplicable ; Inapplicable ; Inapplicable ; Inapplicable ; Inapplicable ; Inapplicable ; Inapplicable ; Inapplicable ; Inapplicable ; Inapplicable ; Inapplicable ; Inapplicable ; Inapplicable ; Inapplicable ; Inapplicable ;
; switches[4]          ; Pass      ; Inapplicable ; Pass      ; Inapplicable ; Inapplicable ; Pass      ; Pass      ; Inapplicable ; Pass      ; Pass      ; Inapplicable ; Inapplicable ; Inapplicable ; Inapplicable ; Inapplicable ; Inapplicable ; Inapplicable ; Inapplicable ; Inapplicable ; Inapplicable ; Inapplicable ; Inapplicable ; Inapplicable ; Inapplicable ; Inapplicable ; Inapplicable ; Inapplicable ; Inapplicable ;
; switches[2]          ; Pass      ; Inapplicable ; Pass      ; Inapplicable ; Inapplicable ; Pass      ; Pass      ; Inapplicable ; Pass      ; Pass      ; Inapplicable ; Inapplicable ; Inapplicable ; Inapplicable ; Inapplicable ; Inapplicable ; Inapplicable ; Inapplicable ; Inapplicable ; Inapplicable ; Inapplicable ; Inapplicable ; Inapplicable ; Inapplicable ; Inapplicable ; Inapplicable ; Inapplicable ; Inapplicable ;
; switches[3]          ; Pass      ; Inapplicable ; Pass      ; Inapplicable ; Inapplicable ; Pass      ; Pass      ; Inapplicable ; Pass      ; Pass      ; Inapplicable ; Inapplicable ; Inapplicable ; Inapplicable ; Inapplicable ; Inapplicable ; Inapplicable ; Inapplicable ; Inapplicable ; Inapplicable ; Inapplicable ; Inapplicable ; Inapplicable ; Inapplicable ; Inapplicable ; Inapplicable ; Inapplicable ; Inapplicable ;
; systemClock50MHz     ; Pass      ; Inapplicable ; Pass      ; Inapplicable ; Inapplicable ; Pass      ; Pass      ; Inapplicable ; Pass      ; Pass      ; Inapplicable ; Inapplicable ; Inapplicable ; Inapplicable ; Inapplicable ; Inapplicable ; Inapplicable ; Inapplicable ; Inapplicable ; Inapplicable ; Inapplicable ; Inapplicable ; Inapplicable ; Inapplicable ; Inapplicable ; Inapplicable ; Inapplicable ; Inapplicable ;
; push_buttons[0]      ; Pass      ; Inapplicable ; Pass      ; Inapplicable ; Inapplicable ; Pass      ; Pass      ; Inapplicable ; Pass      ; Pass      ; Inapplicable ; Inapplicable ; Inapplicable ; Inapplicable ; Inapplicable ; Inapplicable ; Inapplicable ; Inapplicable ; Inapplicable ; Inapplicable ; Inapplicable ; Inapplicable ; Inapplicable ; Inapplicable ; Inapplicable ; Inapplicable ; Inapplicable ; Inapplicable ;
; GPIO1_28_data        ; Pass      ; Inapplicable ; Pass      ; Inapplicable ; Inapplicable ; Pass      ; Pass      ; Inapplicable ; Pass      ; Pass      ; Inapplicable ; Inapplicable ; Inapplicable ; Inapplicable ; Inapplicable ; Inapplicable ; Inapplicable ; Inapplicable ; Inapplicable ; Inapplicable ; Inapplicable ; Inapplicable ; Inapplicable ; Inapplicable ; Inapplicable ; Inapplicable ; Inapplicable ; Inapplicable ;
; switches[0]          ; Pass      ; Inapplicable ; Pass      ; Inapplicable ; Inapplicable ; Pass      ; Pass      ; Inapplicable ; Pass      ; Pass      ; Inapplicable ; Inapplicable ; Inapplicable ; Inapplicable ; Inapplicable ; Inapplicable ; Inapplicable ; Inapplicable ; Inapplicable ; Inapplicable ; Inapplicable ; Inapplicable ; Inapplicable ; Inapplicable ; Inapplicable ; Inapplicable ; Inapplicable ; Inapplicable ;
; push_buttons[1]      ; Pass      ; Inapplicable ; Pass      ; Inapplicable ; Inapplicable ; Pass      ; Pass      ; Inapplicable ; Pass      ; Pass      ; Inapplicable ; Inapplicable ; Inapplicable ; Inapplicable ; Inapplicable ; Inapplicable ; Inapplicable ; Inapplicable ; Inapplicable ; Inapplicable ; Inapplicable ; Inapplicable ; Inapplicable ; Inapplicable ; Inapplicable ; Inapplicable ; Inapplicable ; Inapplicable ;
; switches[1]          ; Pass      ; Inapplicable ; Pass      ; Inapplicable ; Inapplicable ; Pass      ; Pass      ; Inapplicable ; Pass      ; Pass      ; Inapplicable ; Inapplicable ; Inapplicable ; Inapplicable ; Inapplicable ; Inapplicable ; Inapplicable ; Inapplicable ; Inapplicable ; Inapplicable ; Inapplicable ; Inapplicable ; Inapplicable ; Inapplicable ; Inapplicable ; Inapplicable ; Inapplicable ; Inapplicable ;
+----------------------+-----------+--------------+-----------+--------------+--------------+-----------+-----------+--------------+-----------+-----------+--------------+--------------+--------------+--------------+--------------+--------------+--------------+--------------+--------------+--------------+--------------+--------------+--------------+--------------+--------------+--------------+--------------+--------------+


+------------------------------------------------------------------------------------------------+
; Fitter Device Options                                                                          ;
+------------------------------------------------------------------+-----------------------------+
; Option                                                           ; Setting                     ;
+------------------------------------------------------------------+-----------------------------+
; Enable user-supplied start-up clock (CLKUSR)                     ; Off                         ;
; Enable device-wide reset (DEV_CLRn)                              ; Off                         ;
; Enable device-wide output enable (DEV_OE)                        ; Off                         ;
; Enable INIT_DONE output                                          ; Off                         ;
; Configuration scheme                                             ; Passive Serial              ;
; Enable Error Detection CRC_ERROR pin                             ; Off                         ;
; Enable CvP_CONFDONE pin                                          ; Off                         ;
; Enable open drain on CRC_ERROR pin                               ; On                          ;
; Enable open drain on CvP_CONFDONE pin                            ; On                          ;
; Enable open drain on INIT_DONE pin                               ; On                          ;
; Enable open drain on Partial Reconfiguration pins                ; Off                         ;
; Enable open drain on nCEO pin                                    ; On                          ;
; Enable Partial Reconfiguration pins                              ; Off                         ;
; Enable input tri-state on active configuration pins in user mode ; Off                         ;
; Enable internal scrubbing                                        ; Off                         ;
; Active Serial clock source                                       ; 100 MHz Internal Oscillator ;
; Device initialization clock source                               ; Internal Oscillator         ;
; Configuration via Protocol                                       ; Off                         ;
; Configuration Voltage Level                                      ; Auto                        ;
; Force Configuration Voltage Level                                ; Off                         ;
; Enable nCEO output                                               ; Off                         ;
; Data[15..8]                                                      ; Unreserved                  ;
; Data[7..5]                                                       ; Unreserved                  ;
; Base pin-out file on sameframe device                            ; Off                         ;
+------------------------------------------------------------------+-----------------------------+


+------------------------------------+
; Operating Settings and Conditions  ;
+---------------------------+--------+
; Setting                   ; Value  ;
+---------------------------+--------+
; Nominal Core Voltage      ; 1.10 V ;
; Low Junction Temperature  ; 0 °C   ;
; High Junction Temperature ; 85 °C  ;
+---------------------------+--------+


+-----------------------------------------------------------------------------------------------------------------------------------------------------------------------------------+
; Estimated Delay Added for Hold Timing Summary                                                                                                                                     ;
+-------------------------------------------------------------------------------+-------------------------------------------------------------------------------+-------------------+
; Source Clock(s)                                                               ; Destination Clock(s)                                                          ; Delay Added in ns ;
+-------------------------------------------------------------------------------+-------------------------------------------------------------------------------+-------------------+
; vga:vga_instance|clk25                                                        ; vga:vga_instance|clk25                                                        ; 203.0             ;
; I/O                                                                           ; systemClock50MHz                                                              ; 152.4             ;
; systemClock50MHz                                                              ; vga:vga_instance|clk25                                                        ; 110.9             ;
; audio_unit:audio_unit_instance|audio_configurator_select:i2c_conf|i2c_clk_reg ; audio_unit:audio_unit_instance|audio_configurator_select:i2c_conf|i2c_clk_reg ; 71.4              ;
; vga:vga_instance|clk25,systemClock50MHz,I/O                                   ; systemClock50MHz                                                              ; 69.7              ;
; systemClock50MHz                                                              ; systemClock50MHz                                                              ; 33.0              ;
; audio_unit:audio_unit_instance|audio_output:dac_driver|counter[7]             ; audio_unit:audio_unit_instance|audio_output:dac_driver|counter[7]             ; 9.7               ;
+-------------------------------------------------------------------------------+-------------------------------------------------------------------------------+-------------------+
Note: For more information on problematic transfers, consider running the Fitter again with the Optimize hold timing option (Settings Menu) turned off.
This will disable optimization of problematic paths and expose them for further analysis using the Timing Analyzer.


+---------------------------------------------------------------------------------------------------------------------------------------------------------------------------------------------------------------------------------------------------+
; Estimated Delay Added for Hold Timing Details                                                                                                                                                                                                     ;
+-----------------------------------------------------------------------------------------------------------------------------------------------+-------------------------------------------------------------------------------+-------------------+
; Source Register                                                                                                                               ; Destination Register                                                          ; Delay Added in ns ;
+-----------------------------------------------------------------------------------------------------------------------------------------------+-------------------------------------------------------------------------------+-------------------+
; audio_unit:audio_unit_instance|audio_output:dac_driver|mclk_count[1]                                                                          ; audio_unit:audio_unit_instance|audio_output:dac_driver|mclk_count[1]          ; 7.138             ;
; audio_unit:audio_unit_instance|audio_configurator_select:i2c_conf|i2c_clk_reg                                                                 ; audio_unit:audio_unit_instance|audio_configurator_select:i2c_conf|i2c_clk_reg ; 6.128             ;
; vga:vga_instance|clk25                                                                                                                        ; vga:vga_instance|clk25                                                        ; 5.560             ;
; audio_unit:audio_unit_instance|audio_output:dac_driver|mclk_count[0]                                                                          ; audio_unit:audio_unit_instance|audio_output:dac_driver|mclk_count[1]          ; 3.569             ;
; audio_unit:audio_unit_instance|audio_configurator_select:i2c_conf|clk_divider_count[7]                                                        ; audio_unit:audio_unit_instance|audio_configurator_select:i2c_conf|i2c_clk_reg ; 3.068             ;
; audio_unit:audio_unit_instance|audio_configurator_select:i2c_conf|clk_divider_count[5]                                                        ; audio_unit:audio_unit_instance|audio_configurator_select:i2c_conf|i2c_clk_reg ; 3.068             ;
; audio_unit:audio_unit_instance|audio_configurator_select:i2c_conf|clk_divider_count[4]                                                        ; audio_unit:audio_unit_instance|audio_configurator_select:i2c_conf|i2c_clk_reg ; 3.068             ;
; audio_unit:audio_unit_instance|audio_configurator_select:i2c_conf|clk_divider_count[6]                                                        ; audio_unit:audio_unit_instance|audio_configurator_select:i2c_conf|i2c_clk_reg ; 3.068             ;
; audio_unit:audio_unit_instance|audio_configurator_select:i2c_conf|clk_divider_count[3]                                                        ; audio_unit:audio_unit_instance|audio_configurator_select:i2c_conf|i2c_clk_reg ; 3.068             ;
; audio_unit:audio_unit_instance|audio_configurator_select:i2c_conf|clk_divider_count[2]                                                        ; audio_unit:audio_unit_instance|audio_configurator_select:i2c_conf|i2c_clk_reg ; 3.068             ;
; push_buttons[0]                                                                                                                               ; snes:snes_instance|SNES_Controller:controllerInstance|bitIndex[3]             ; 2.693             ;
; cpu:cpu_instance|register:instruction_register|contents[5]                                                                                    ; cpu:cpu_instance|control_unit:control_unit_instance|currentIsRead             ; 2.184             ;
; cpu:cpu_instance|control_unit:control_unit_instance|readNow                                                                                   ; cpu:cpu_instance|control_unit:control_unit_instance|currentIsRead             ; 2.171             ;
; cpu:cpu_instance|control_unit:control_unit_instance|state[2]                                                                                  ; cpu:cpu_instance|control_unit:control_unit_instance|currentIsRead             ; 2.138             ;
; cpu:cpu_instance|control_unit:control_unit_instance|state[0]                                                                                  ; cpu:cpu_instance|control_unit:control_unit_instance|currentIsRead             ; 2.133             ;
; audio_unit:audio_unit_instance|audio_output:dac_driver|counter[2]                                                                             ; audio_unit:audio_unit_instance|audio_output:dac_driver|dacdat_reg             ; 1.847             ;
; vga:vga_instance|playerMemory:p1Memory_inst|glyph_rom:glyph_rom_instance|altsyncram:rom_rtl_0|altsyncram_m5d1:auto_generated|address_reg_a[0] ; vga:vga_instance|playerMemory:p1Memory_inst|g_next[7]                         ; 1.675             ;
; vga:vga_instance|playerMemory:p3Memory_inst|playerPixelB[5]                                                                                   ; vga:vga_instance|r_reg[1]                                                     ; 1.623             ;
; vga:vga_instance|playerMemory:p3Memory_inst|playerPixelG[1]                                                                                   ; vga:vga_instance|r_reg[1]                                                     ; 1.588             ;
; audio_unit:audio_unit_instance|audio_output:dac_driver|counter[7]                                                                             ; audio_unit:audio_unit_instance|audio_output:dac_driver|counter[7]             ; 1.570             ;
; vga:vga_instance|playerMemory:p4Memory_inst|glyph_rom:glyph_rom_instance|altsyncram:rom_rtl_0|altsyncram_m5d1:auto_generated|address_reg_a[0] ; vga:vga_instance|playerMemory:p4Memory_inst|b_next[0]                         ; 1.564             ;
; cpu:cpu_instance|control_unit:control_unit_instance|state[1]                                                                                  ; cpu:cpu_instance|control_unit:control_unit_instance|currentIsRead             ; 1.510             ;
; vga:vga_instance|playerMemory:p4Memory_inst|playerPixelG[7]                                                                                   ; vga:vga_instance|g_reg[3]                                                     ; 1.472             ;
; vga:vga_instance|playerMemory:p4Memory_inst|playerPixelG[4]                                                                                   ; vga:vga_instance|g_reg[7]                                                     ; 1.414             ;
; vga:vga_instance|playerMemory:p1Memory_inst|playerPixelB[7]                                                                                   ; vga:vga_instance|b_reg[2]                                                     ; 1.408             ;
; vga:vga_instance|playerMemory:p4Memory_inst|playerPixelG[1]                                                                                   ; vga:vga_instance|g_reg[7]                                                     ; 1.399             ;
; vga:vga_instance|playerMemory:p4Memory_inst|playerPixelB[1]                                                                                   ; vga:vga_instance|g_reg[3]                                                     ; 1.395             ;
; vga:vga_instance|playerMemory:p4Memory_inst|playerPixelB[0]                                                                                   ; vga:vga_instance|g_reg[3]                                                     ; 1.388             ;
; vga:vga_instance|playerMemory:p2Memory_inst|glyph_rom:glyph_rom_instance|altsyncram:rom_rtl_0|altsyncram_m5d1:auto_generated|address_reg_a[0] ; vga:vga_instance|playerMemory:p2Memory_inst|b_next[0]                         ; 1.377             ;
; cpu:cpu_instance|register_file:register_file_instance|registers[8][3]                                                                         ; sharedMemory:memory_instance|sharedPlayerRegs[9][13]                          ; 1.369             ;
; cpu:cpu_instance|register_file:register_file_instance|registers[9][3]                                                                         ; sharedMemory:memory_instance|sharedPlayerRegs[9][13]                          ; 1.369             ;
; cpu:cpu_instance|register_file:register_file_instance|registers[10][3]                                                                        ; sharedMemory:memory_instance|sharedPlayerRegs[9][13]                          ; 1.369             ;
; cpu:cpu_instance|register_file:register_file_instance|registers[0][0]                                                                         ; sharedMemory:memory_instance|sharedPlayerRegs[9][13]                          ; 1.369             ;
; cpu:cpu_instance|register_file:register_file_instance|registers[4][0]                                                                         ; sharedMemory:memory_instance|sharedPlayerRegs[9][13]                          ; 1.369             ;
; cpu:cpu_instance|register_file:register_file_instance|registers[8][0]                                                                         ; sharedMemory:memory_instance|sharedPlayerRegs[9][13]                          ; 1.369             ;
; cpu:cpu_instance|register_file:register_file_instance|registers[12][0]                                                                        ; sharedMemory:memory_instance|sharedPlayerRegs[9][13]                          ; 1.369             ;
; cpu:cpu_instance|register_file:register_file_instance|registers[1][0]                                                                         ; sharedMemory:memory_instance|sharedPlayerRegs[9][13]                          ; 1.369             ;
; cpu:cpu_instance|register_file:register_file_instance|registers[5][0]                                                                         ; sharedMemory:memory_instance|sharedPlayerRegs[9][13]                          ; 1.369             ;
; cpu:cpu_instance|register_file:register_file_instance|registers[9][0]                                                                         ; sharedMemory:memory_instance|sharedPlayerRegs[9][13]                          ; 1.369             ;
; cpu:cpu_instance|register_file:register_file_instance|registers[13][0]                                                                        ; sharedMemory:memory_instance|sharedPlayerRegs[9][13]                          ; 1.369             ;
; cpu:cpu_instance|register_file:register_file_instance|registers[2][0]                                                                         ; sharedMemory:memory_instance|sharedPlayerRegs[9][13]                          ; 1.369             ;
; cpu:cpu_instance|register_file:register_file_instance|registers[6][0]                                                                         ; sharedMemory:memory_instance|sharedPlayerRegs[9][13]                          ; 1.369             ;
; cpu:cpu_instance|register_file:register_file_instance|registers[10][0]                                                                        ; sharedMemory:memory_instance|sharedPlayerRegs[9][13]                          ; 1.369             ;
; cpu:cpu_instance|register_file:register_file_instance|registers[14][0]                                                                        ; sharedMemory:memory_instance|sharedPlayerRegs[9][13]                          ; 1.369             ;
; cpu:cpu_instance|register_file:register_file_instance|registers[3][0]                                                                         ; sharedMemory:memory_instance|sharedPlayerRegs[9][13]                          ; 1.369             ;
; cpu:cpu_instance|register_file:register_file_instance|registers[7][0]                                                                         ; sharedMemory:memory_instance|sharedPlayerRegs[9][13]                          ; 1.369             ;
; cpu:cpu_instance|register_file:register_file_instance|registers[11][0]                                                                        ; sharedMemory:memory_instance|sharedPlayerRegs[9][13]                          ; 1.369             ;
; cpu:cpu_instance|register_file:register_file_instance|registers[4][5]                                                                         ; sharedMemory:memory_instance|sharedPlayerRegs[9][13]                          ; 1.369             ;
; cpu:cpu_instance|register_file:register_file_instance|registers[5][5]                                                                         ; sharedMemory:memory_instance|sharedPlayerRegs[9][13]                          ; 1.369             ;
; cpu:cpu_instance|register_file:register_file_instance|registers[6][5]                                                                         ; sharedMemory:memory_instance|sharedPlayerRegs[9][13]                          ; 1.369             ;
; cpu:cpu_instance|register:program_counter|contents[15]                                                                                        ; sharedMemory:memory_instance|sharedPlayerRegs[9][13]                          ; 1.369             ;
; cpu:cpu_instance|register_file:register_file_instance|registers[12][15]                                                                       ; sharedMemory:memory_instance|sharedPlayerRegs[9][13]                          ; 1.369             ;
; cpu:cpu_instance|register_file:register_file_instance|registers[13][15]                                                                       ; sharedMemory:memory_instance|sharedPlayerRegs[9][13]                          ; 1.369             ;
; cpu:cpu_instance|register_file:register_file_instance|registers[14][15]                                                                       ; sharedMemory:memory_instance|sharedPlayerRegs[9][13]                          ; 1.369             ;
; cpu:cpu_instance|register_file:register_file_instance|registers[15][15]                                                                       ; sharedMemory:memory_instance|sharedPlayerRegs[9][13]                          ; 1.369             ;
; cpu:cpu_instance|register_file:register_file_instance|registers[4][15]                                                                        ; sharedMemory:memory_instance|sharedPlayerRegs[9][13]                          ; 1.369             ;
; cpu:cpu_instance|register_file:register_file_instance|registers[5][15]                                                                        ; sharedMemory:memory_instance|sharedPlayerRegs[9][13]                          ; 1.369             ;
; cpu:cpu_instance|register_file:register_file_instance|registers[6][15]                                                                        ; sharedMemory:memory_instance|sharedPlayerRegs[9][13]                          ; 1.369             ;
; cpu:cpu_instance|register_file:register_file_instance|registers[7][15]                                                                        ; sharedMemory:memory_instance|sharedPlayerRegs[9][13]                          ; 1.369             ;
; cpu:cpu_instance|register_file:register_file_instance|registers[0][15]                                                                        ; sharedMemory:memory_instance|sharedPlayerRegs[9][13]                          ; 1.369             ;
; cpu:cpu_instance|register_file:register_file_instance|registers[1][15]                                                                        ; sharedMemory:memory_instance|sharedPlayerRegs[9][13]                          ; 1.369             ;
; cpu:cpu_instance|register_file:register_file_instance|registers[2][15]                                                                        ; sharedMemory:memory_instance|sharedPlayerRegs[9][13]                          ; 1.369             ;
; cpu:cpu_instance|register_file:register_file_instance|registers[8][15]                                                                        ; sharedMemory:memory_instance|sharedPlayerRegs[9][13]                          ; 1.369             ;
; cpu:cpu_instance|register_file:register_file_instance|registers[9][15]                                                                        ; sharedMemory:memory_instance|sharedPlayerRegs[9][13]                          ; 1.369             ;
; cpu:cpu_instance|register_file:register_file_instance|registers[10][15]                                                                       ; sharedMemory:memory_instance|sharedPlayerRegs[9][13]                          ; 1.369             ;
; cpu:cpu_instance|register_file:register_file_instance|registers[11][15]                                                                       ; sharedMemory:memory_instance|sharedPlayerRegs[9][13]                          ; 1.369             ;
; cpu:cpu_instance|register_file:register_file_instance|registers[12][5]                                                                        ; sharedMemory:memory_instance|sharedPlayerRegs[9][13]                          ; 1.369             ;
; cpu:cpu_instance|register_file:register_file_instance|registers[13][5]                                                                        ; sharedMemory:memory_instance|sharedPlayerRegs[9][13]                          ; 1.369             ;
; cpu:cpu_instance|register_file:register_file_instance|registers[14][5]                                                                        ; sharedMemory:memory_instance|sharedPlayerRegs[9][13]                          ; 1.369             ;
; cpu:cpu_instance|register_file:register_file_instance|registers[15][5]                                                                        ; sharedMemory:memory_instance|sharedPlayerRegs[9][13]                          ; 1.369             ;
; switches[4]                                                                                                                                   ; sharedMemory:memory_instance|sharedPlayerRegs[9][13]                          ; 1.369             ;
; cpu:cpu_instance|register:program_counter|contents[14]                                                                                        ; sharedMemory:memory_instance|sharedPlayerRegs[9][13]                          ; 1.369             ;
; cpu:cpu_instance|register_file:register_file_instance|registers[8][14]                                                                        ; sharedMemory:memory_instance|sharedPlayerRegs[9][13]                          ; 1.369             ;
; cpu:cpu_instance|register_file:register_file_instance|registers[9][14]                                                                        ; sharedMemory:memory_instance|sharedPlayerRegs[9][13]                          ; 1.369             ;
; cpu:cpu_instance|register_file:register_file_instance|registers[10][14]                                                                       ; sharedMemory:memory_instance|sharedPlayerRegs[9][13]                          ; 1.369             ;
; cpu:cpu_instance|register:program_counter|contents[13]                                                                                        ; sharedMemory:memory_instance|sharedPlayerRegs[9][13]                          ; 1.369             ;
; snes:snes_instance|SNES_Controller:controllerInstance|buttons_pressed[8]                                                                      ; sharedMemory:memory_instance|sharedPlayerRegs[9][13]                          ; 1.369             ;
; cpu:cpu_instance|register_file:register_file_instance|registers[12][13]                                                                       ; sharedMemory:memory_instance|sharedPlayerRegs[9][13]                          ; 1.369             ;
; cpu:cpu_instance|register_file:register_file_instance|registers[13][13]                                                                       ; sharedMemory:memory_instance|sharedPlayerRegs[9][13]                          ; 1.369             ;
; cpu:cpu_instance|register_file:register_file_instance|registers[14][13]                                                                       ; sharedMemory:memory_instance|sharedPlayerRegs[9][13]                          ; 1.369             ;
; cpu:cpu_instance|register_file:register_file_instance|registers[15][13]                                                                       ; sharedMemory:memory_instance|sharedPlayerRegs[9][13]                          ; 1.369             ;
; cpu:cpu_instance|register_file:register_file_instance|registers[4][13]                                                                        ; sharedMemory:memory_instance|sharedPlayerRegs[9][13]                          ; 1.369             ;
; cpu:cpu_instance|register_file:register_file_instance|registers[5][13]                                                                        ; sharedMemory:memory_instance|sharedPlayerRegs[9][13]                          ; 1.369             ;
; cpu:cpu_instance|register_file:register_file_instance|registers[6][13]                                                                        ; sharedMemory:memory_instance|sharedPlayerRegs[9][13]                          ; 1.369             ;
; cpu:cpu_instance|register_file:register_file_instance|registers[7][13]                                                                        ; sharedMemory:memory_instance|sharedPlayerRegs[9][13]                          ; 1.369             ;
; cpu:cpu_instance|register_file:register_file_instance|registers[0][13]                                                                        ; sharedMemory:memory_instance|sharedPlayerRegs[9][13]                          ; 1.369             ;
; cpu:cpu_instance|register_file:register_file_instance|registers[1][13]                                                                        ; sharedMemory:memory_instance|sharedPlayerRegs[9][13]                          ; 1.369             ;
; cpu:cpu_instance|register_file:register_file_instance|registers[2][13]                                                                        ; sharedMemory:memory_instance|sharedPlayerRegs[9][13]                          ; 1.369             ;
; cpu:cpu_instance|register_file:register_file_instance|registers[3][13]                                                                        ; sharedMemory:memory_instance|sharedPlayerRegs[9][13]                          ; 1.369             ;
; cpu:cpu_instance|register_file:register_file_instance|registers[8][13]                                                                        ; sharedMemory:memory_instance|sharedPlayerRegs[9][13]                          ; 1.369             ;
; cpu:cpu_instance|register_file:register_file_instance|registers[9][13]                                                                        ; sharedMemory:memory_instance|sharedPlayerRegs[9][13]                          ; 1.369             ;
; cpu:cpu_instance|register_file:register_file_instance|registers[10][13]                                                                       ; sharedMemory:memory_instance|sharedPlayerRegs[9][13]                          ; 1.369             ;
; cpu:cpu_instance|register:program_counter|contents[12]                                                                                        ; sharedMemory:memory_instance|sharedPlayerRegs[9][13]                          ; 1.369             ;
; cpu:cpu_instance|register_file:register_file_instance|registers[8][11]                                                                        ; sharedMemory:memory_instance|sharedPlayerRegs[9][13]                          ; 1.369             ;
; cpu:cpu_instance|register_file:register_file_instance|registers[9][11]                                                                        ; sharedMemory:memory_instance|sharedPlayerRegs[9][13]                          ; 1.369             ;
; cpu:cpu_instance|register_file:register_file_instance|registers[10][11]                                                                       ; sharedMemory:memory_instance|sharedPlayerRegs[9][13]                          ; 1.369             ;
; cpu:cpu_instance|register:program_counter|contents[11]                                                                                        ; sharedMemory:memory_instance|sharedPlayerRegs[9][13]                          ; 1.369             ;
; cpu:cpu_instance|register:program_counter|contents[10]                                                                                        ; sharedMemory:memory_instance|sharedPlayerRegs[9][13]                          ; 1.369             ;
; cpu:cpu_instance|register_file:register_file_instance|registers[8][12]                                                                        ; sharedMemory:memory_instance|sharedPlayerRegs[9][13]                          ; 1.369             ;
; cpu:cpu_instance|register_file:register_file_instance|registers[9][12]                                                                        ; sharedMemory:memory_instance|sharedPlayerRegs[9][13]                          ; 1.369             ;
+-----------------------------------------------------------------------------------------------------------------------------------------------+-------------------------------------------------------------------------------+-------------------+
Note: This table only shows the top 100 path(s) that have the largest delay added for hold.


+-----------------+
; Fitter Messages ;
+-----------------+
Warning (18236): Number of processors has not been specified which may cause overloading on shared machines.  Set the global assignment NUM_PARALLEL_PROCESSORS in your QSF to an appropriate value for best performance.
Info (20030): Parallel compilation is enabled and will use 16 of the 32 processors detected
Info (119006): Selected device 5CSEMA5F31C6 for design "lab1"
Info (21077): Low junction temperature is 0 degrees C
Info (21077): High junction temperature is 85 degrees C
Info (171003): Fitter is performing an Auto Fit compilation, which may decrease Fitter effort to reduce compilation time
Warning (292013): Feature LogicLock is only available with a valid subscription license. You can purchase a software subscription to gain full access to this feature.
Warning (15714): Some pins have incomplete I/O assignments. Refer to the I/O Assignment Warnings report for details
Info (176045): Design uses memory blocks. Violating setup or hold times of memory block address registers for either read or write operations could cause memory contents to be corrupted. Make sure that all memory block address registers meet the setup and hold time requirements.
Info (184020): Starting Fitter periphery placement operations
Info (11191): Automatically promoted 2 clocks (2 global)
    Info (11162): systemClock50MHz~inputCLKENA0 with 2756 fanout uses global clock CLKCTRL_G4
    Info (11162): push_buttons[0]~inputCLKENA0 with 336 fanout uses global clock CLKCTRL_G7
        Info (12525): This signal is driven by core routing -- it may be moved during placement to reduce routing delays
Warning (16406): 1 global input pin(s) will use non-dedicated clock routing
    Warning (16407): Source REFCLK I/O is not placed onto a dedicated REFCLK input pin for global clock driver push_buttons[0]~inputCLKENA0, placed at CLKCTRL_G7
        Info (179012): Refclk input I/O pad push_buttons[0] is placed onto PIN_AA14
Info (184021): Fitter periphery placement operations ending: elapsed time is 00:00:00
Info (176233): Starting register packing
Warning (335093): The Timing Analyzer is analyzing 1 combinational loops as latches. For more details, run the Check Timing command in the Timing Analyzer or view the "User-Specified and Inferred Latches" table in the Analysis & Synthesis report.
Critical Warning (332012): Synopsys Design Constraints File file not found: 'lab1.sdc'. A Synopsys Design Constraints File is required by the Timing Analyzer to get proper timing constraints. Without it, the Compiler will not properly optimize the design.
Info (332144): No user constrained base clocks found in the design
Info (332143): No user constrained clock uncertainty found in the design. Calling "derive_clock_uncertainty"
Info (332123): Deriving Clock Uncertainty. Please refer to report_sdc in the Timing Analyzer to see clock uncertainties.
Info (332130): Timing requirements not specified -- quality metrics such as performance may be sacrificed to reduce compilation time.
Info (176235): Finished register packing
    Extra Info (176218): Packed 16 registers into blocks of type DSP block
    Extra Info (176220): Created 16 register duplicates
Info (11798): Fitter preparation operations ending: elapsed time is 00:00:09
Info (170189): Fitter placement preparation operations beginning
Info (14951): The Fitter is using Advanced Physical Optimization.
Info (170190): Fitter placement preparation operations ending: elapsed time is 00:02:24
Info (170191): Fitter placement operations beginning
Info (170137): Fitter placement was successful
Info (170192): Fitter placement operations ending: elapsed time is 00:00:16
Info (170193): Fitter routing operations beginning
Info (170195): Router estimated average interconnect usage is 12% of the available device resources
    Info (170196): Router estimated peak interconnect usage is 44% of the available device resources in the region that extends from location X33_Y11 to location X44_Y22
Info (170199): The Fitter performed an Auto Fit compilation.  Optimizations were skipped to reduce compilation time.
    Info (170201): Optimizations that may affect the design's routability were skipped
Info (170194): Fitter routing operations ending: elapsed time is 00:01:08
Info (11888): Total time spent on timing analysis during the Fitter is 27.24 seconds.
Info (334003): Started post-fitting delay annotation
Info (334004): Delay annotation completed successfully
Info (334003): Started post-fitting delay annotation
Info (334004): Delay annotation completed successfully
Info (11801): Fitter post-fit operations ending: elapsed time is 00:00:21
Warning (169064): Following 4 pins have no output enable or a GND or VCC output enable - later changes to this connectivity may change fitting results
    Info (169065): Pin audio_masterClock has a permanently enabled output enable File: C:/Users/asher/Desktop/SchoolWork/ece3710/Verilog/Doodle Jump/doodle_jump.v Line: 22
    Info (169065): Pin audio_leftRightClock has a permanently enabled output enable File: C:/Users/asher/Desktop/SchoolWork/ece3710/Verilog/Doodle Jump/doodle_jump.v Line: 23
    Info (169065): Pin audio_bitClock has a permanently enabled output enable File: C:/Users/asher/Desktop/SchoolWork/ece3710/Verilog/Doodle Jump/doodle_jump.v Line: 24
    Info (169065): Pin audio_data has a permanently enabled output enable File: C:/Users/asher/Desktop/SchoolWork/ece3710/Verilog/Doodle Jump/doodle_jump.v Line: 25
Info (144001): Generated suppressed messages file C:/Users/asher/Desktop/SchoolWork/ece3710/Quartus Project/output_files/lab1.fit.smsg
Info: Quartus Prime Fitter was successful. 0 errors, 8 warnings
    Info: Peak virtual memory: 8199 megabytes
    Info: Processing ended: Sun Apr 12 12:16:10 2026
    Info: Elapsed time: 00:08:58
    Info: Total CPU time (on all processors): 01:03:16


+----------------------------+
; Fitter Suppressed Messages ;
+----------------------------+
The suppressed messages can be found in C:/Users/asher/Desktop/SchoolWork/ece3710/Quartus Project/output_files/lab1.fit.smsg.


