#include <stdint.h>

#define FRAME_COUNT 34
#define FRAME_WIDTH 16
#define FRAME_HEIGHT 16

/* Piskel data for "loose sprites" */

static const uint32_t data[34][256] = {
{
0xff000000, 0xff000000, 0xff000000, 0xff000000, 0xff000000, 0xff000000, 0xff000000, 0xff000000, 0xff000000, 0xff000000, 0xff000000, 0xff000000, 0xff000000, 0xff000000, 0xff000000, 0xff000000, 
0xff000000, 0xff000000, 0xff000000, 0xff000000, 0xff000000, 0xff211807, 0xff211807, 0xff211807, 0xff211807, 0xff211807, 0xff211807, 0xff000000, 0xff000000, 0xff000000, 0xff000000, 0xff000000, 
0xff000000, 0xff000000, 0xff000000, 0xff000000, 0xff211807, 0xff151518, 0xff151518, 0xff151518, 0xff151518, 0xff151518, 0xff151518, 0xff211807, 0xff000000, 0xff000000, 0xff000000, 0xff000000, 
0xff000000, 0xff000000, 0xff000000, 0xff211807, 0xff151518, 0xff151518, 0xff151518, 0xff151518, 0xff151518, 0xff151518, 0xff151518, 0xff151518, 0xff211807, 0xff000000, 0xff000000, 0xff000000, 
0xff000000, 0xff000000, 0xff000000, 0xff211807, 0xff151518, 0xff211807, 0xff211807, 0xff151518, 0xff151518, 0xff211807, 0xff211807, 0xff151518, 0xff211807, 0xff000000, 0xff000000, 0xff000000, 
0xff000000, 0xff000000, 0xff211807, 0xffcff8e0, 0xff211807, 0xffcff8e0, 0xffcff8e0, 0xff151518, 0xff151518, 0xffcff8e0, 0xffcff8e0, 0xff211807, 0xffcff8e0, 0xff211807, 0xff000000, 0xff000000, 
0xff000000, 0xff000000, 0xff211807, 0xffcff8e0, 0xff151518, 0xffcff8e0, 0xff211807, 0xffcff8e0, 0xffcff8e0, 0xff211807, 0xffcff8e0, 0xff151518, 0xffcff8e0, 0xff211807, 0xff000000, 0xff000000, 
0xff000000, 0xff000000, 0xff000000, 0xff211807, 0xff151518, 0xffcff8e0, 0xff211807, 0xffcff8e0, 0xffcff8e0, 0xff211807, 0xffcff8e0, 0xff151518, 0xff211807, 0xff000000, 0xff000000, 0xff000000, 
0xff000000, 0xff000000, 0xff000000, 0xff000000, 0xff211807, 0xff151518, 0xffcff8e0, 0xffcff8e0, 0xffcff8e0, 0xffcff8e0, 0xff151518, 0xff211807, 0xff000000, 0xff000000, 0xff000000, 0xff000000, 
0xff000000, 0xff000000, 0xff000000, 0xff211807, 0xff151518, 0xff211807, 0xff211807, 0xff211807, 0xff211807, 0xff211807, 0xff211807, 0xff151518, 0xff211807, 0xff000000, 0xff000000, 0xff000000, 
0xff000000, 0xff000000, 0xff211807, 0xff151518, 0xff151518, 0xff151518, 0xffcff8e0, 0xffcff8e0, 0xffcff8e0, 0xffcff8e0, 0xff151518, 0xff151518, 0xff151518, 0xff211807, 0xff000000, 0xff000000, 
0xff000000, 0xff211807, 0xff151518, 0xff151518, 0xff211807, 0xff151518, 0xff151518, 0xffcff8e0, 0xffcff8e0, 0xff151518, 0xff151518, 0xff211807, 0xff151518, 0xff151518, 0xff211807, 0xff000000, 
0xff000000, 0xff211807, 0xff151518, 0xffcff8e0, 0xff211807, 0xff151518, 0xff151518, 0xff151518, 0xff151518, 0xff151518, 0xff151518, 0xff211807, 0xffcff8e0, 0xff151518, 0xff211807, 0xff000000, 
0xff000000, 0xff000000, 0xff211807, 0xff211807, 0xff211807, 0xff151518, 0xff151518, 0xff151518, 0xff151518, 0xff151518, 0xff151518, 0xff211807, 0xff211807, 0xff211807, 0xff000000, 0xff000000, 
0xff000000, 0xff000000, 0xff000000, 0xff000000, 0xff211807, 0xff151518, 0xff151518, 0xff211807, 0xff211807, 0xff151518, 0xff151518, 0xff211807, 0xff000000, 0xff000000, 0xff000000, 0xff000000, 
0xff000000, 0xff000000, 0xff000000, 0xff000000, 0xff211807, 0xffcff8e0, 0xffcff8e0, 0xff211807, 0xff211807, 0xffcff8e0, 0xffcff8e0, 0xff211807, 0xff000000, 0xff000000, 0xff000000, 0xff000000
},
{
0xff000000, 0xff000000, 0xff000000, 0xff000000, 0xff000000, 0xff211807, 0xff211807, 0xff211807, 0xff211807, 0xff211807, 0xff211807, 0xff000000, 0xff000000, 0xff000000, 0xff000000, 0xff000000, 
0xff000000, 0xff000000, 0xff000000, 0xff000000, 0xff211807, 0xff151518, 0xff151518, 0xff151518, 0xff151518, 0xff151518, 0xff151518, 0xff211807, 0xff000000, 0xff000000, 0xff000000, 0xff000000, 
0xff000000, 0xff000000, 0xff000000, 0xff211807, 0xff151518, 0xff151518, 0xff151518, 0xff151518, 0xff151518, 0xff151518, 0xff151518, 0xff151518, 0xff211807, 0xff000000, 0xff000000, 0xff000000, 
0xff000000, 0xff000000, 0xff000000, 0xff211807, 0xff151518, 0xff211807, 0xff211807, 0xff151518, 0xff151518, 0xff211807, 0xff211807, 0xff151518, 0xff211807, 0xff000000, 0xff000000, 0xff000000, 
0xff000000, 0xff000000, 0xff211807, 0xffcff8e0, 0xff211807, 0xffcff8e0, 0xffcff8e0, 0xff151518, 0xff151518, 0xffcff8e0, 0xffcff8e0, 0xff211807, 0xffcff8e0, 0xff211807, 0xff000000, 0xff000000, 
0xff000000, 0xff000000, 0xff211807, 0xffcff8e0, 0xff151518, 0xffcff8e0, 0xff211807, 0xffcff8e0, 0xffcff8e0, 0xff211807, 0xffcff8e0, 0xff151518, 0xffcff8e0, 0xff211807, 0xff000000, 0xff000000, 
0xff000000, 0xff000000, 0xff000000, 0xff211807, 0xff151518, 0xffcff8e0, 0xff211807, 0xffcff8e0, 0xffcff8e0, 0xff211807, 0xffcff8e0, 0xff151518, 0xff211807, 0xff000000, 0xff000000, 0xff000000, 
0xff000000, 0xff000000, 0xff000000, 0xff000000, 0xff211807, 0xff151518, 0xffcff8e0, 0xffcff8e0, 0xffcff8e0, 0xffcff8e0, 0xff151518, 0xff211807, 0xff000000, 0xff000000, 0xff000000, 0xff000000, 
0xff000000, 0xff000000, 0xff000000, 0xff211807, 0xff151518, 0xff211807, 0xff211807, 0xff211807, 0xff211807, 0xff211807, 0xff211807, 0xff151518, 0xff211807, 0xff000000, 0xff000000, 0xff000000, 
0xff000000, 0xff000000, 0xff211807, 0xff151518, 0xff151518, 0xff151518, 0xffcff8e0, 0xffcff8e0, 0xffcff8e0, 0xffcff8e0, 0xff151518, 0xff151518, 0xff151518, 0xff211807, 0xff000000, 0xff000000, 
0xff000000, 0xff000000, 0xff211807, 0xffcff8e0, 0xff211807, 0xff151518, 0xff151518, 0xffcff8e0, 0xffcff8e0, 0xff151518, 0xff211807, 0xff151518, 0xff151518, 0xff211807, 0xff000000, 0xff000000, 
0xff000000, 0xff000000, 0xff000000, 0xff211807, 0xff211807, 0xff211807, 0xff211807, 0xff151518, 0xff151518, 0xff151518, 0xff211807, 0xffcff8e0, 0xff151518, 0xff211807, 0xff000000, 0xff000000, 
0xff000000, 0xff000000, 0xff000000, 0xff000000, 0xff211807, 0xffcff8e0, 0xffcff8e0, 0xff211807, 0xff151518, 0xff151518, 0xff211807, 0xff211807, 0xff211807, 0xff000000, 0xff000000, 0xff000000, 
0xff000000, 0xff000000, 0xff000000, 0xff000000, 0xff211807, 0xff151518, 0xff151518, 0xff211807, 0xff211807, 0xff211807, 0xff211807, 0xff000000, 0xff000000, 0xff000000, 0xff000000, 0xff000000, 
0xff000000, 0xff000000, 0xff000000, 0xff000000, 0xff000000, 0xff211807, 0xff211807, 0xff211807, 0xff211807, 0xff211807, 0xff000000, 0xff000000, 0xff000000, 0xff000000, 0xff000000, 0xff000000, 
0xff000000, 0xff000000, 0xff000000, 0xff000000, 0xff000000, 0xff000000, 0xff000000, 0xff000000, 0xff000000, 0xff000000, 0xff000000, 0xff000000, 0xff000000, 0xff000000, 0xff000000, 0xff000000
},
{
0xff000000, 0xff000000, 0xff000000, 0xff000000, 0xff000000, 0xff000000, 0xff000000, 0xff000000, 0xff000000, 0xff000000, 0xff000000, 0xff000000, 0xff000000, 0xff000000, 0xff000000, 0xff000000, 
0xff000000, 0xff000000, 0xff000000, 0xff000000, 0xff000000, 0xff211807, 0xff211807, 0xff211807, 0xff211807, 0xff211807, 0xff211807, 0xff000000, 0xff000000, 0xff000000, 0xff000000, 0xff000000, 
0xff000000, 0xff000000, 0xff000000, 0xff000000, 0xff211807, 0xff151518, 0xff151518, 0xff151518, 0xff151518, 0xff151518, 0xff151518, 0xff211807, 0xff000000, 0xff000000, 0xff000000, 0xff000000, 
0xff000000, 0xff000000, 0xff000000, 0xff211807, 0xff151518, 0xff151518, 0xff151518, 0xff151518, 0xff151518, 0xff151518, 0xff151518, 0xff151518, 0xff211807, 0xff000000, 0xff000000, 0xff000000, 
0xff000000, 0xff000000, 0xff000000, 0xff211807, 0xff151518, 0xff211807, 0xff211807, 0xff151518, 0xff151518, 0xff211807, 0xff211807, 0xff151518, 0xff211807, 0xff000000, 0xff000000, 0xff000000, 
0xff000000, 0xff000000, 0xff211807, 0xffcff8e0, 0xff211807, 0xffcff8e0, 0xffcff8e0, 0xff151518, 0xff151518, 0xffcff8e0, 0xffcff8e0, 0xff211807, 0xffcff8e0, 0xff211807, 0xff000000, 0xff000000, 
0xff000000, 0xff000000, 0xff211807, 0xffcff8e0, 0xff151518, 0xffcff8e0, 0xff211807, 0xffcff8e0, 0xffcff8e0, 0xff211807, 0xffcff8e0, 0xff151518, 0xffcff8e0, 0xff211807, 0xff000000, 0xff000000, 
0xff000000, 0xff000000, 0xff000000, 0xff211807, 0xff151518, 0xffcff8e0, 0xff211807, 0xffcff8e0, 0xffcff8e0, 0xff211807, 0xffcff8e0, 0xff151518, 0xff211807, 0xff000000, 0xff000000, 0xff000000, 
0xff000000, 0xff000000, 0xff000000, 0xff000000, 0xff211807, 0xff151518, 0xffcff8e0, 0xffcff8e0, 0xffcff8e0, 0xffcff8e0, 0xff151518, 0xff211807, 0xff000000, 0xff000000, 0xff000000, 0xff000000, 
0xff000000, 0xff000000, 0xff000000, 0xff211807, 0xff151518, 0xff211807, 0xff211807, 0xff211807, 0xff211807, 0xff211807, 0xff211807, 0xff151518, 0xff211807, 0xff000000, 0xff000000, 0xff000000, 
0xff000000, 0xff000000, 0xff211807, 0xff151518, 0xff151518, 0xff151518, 0xffcff8e0, 0xffcff8e0, 0xffcff8e0, 0xffcff8e0, 0xff151518, 0xff151518, 0xff151518, 0xff211807, 0xff000000, 0xff000000, 
0xff000000, 0xff211807, 0xff151518, 0xff151518, 0xff211807, 0xff151518, 0xff151518, 0xffcff8e0, 0xffcff8e0, 0xff151518, 0xff151518, 0xff211807, 0xff151518, 0xff151518, 0xff211807, 0xff000000, 
0xff000000, 0xff211807, 0xff151518, 0xffcff8e0, 0xff211807, 0xff151518, 0xff151518, 0xff151518, 0xff151518, 0xff151518, 0xff151518, 0xff211807, 0xffcff8e0, 0xff151518, 0xff211807, 0xff000000, 
0xff000000, 0xff000000, 0xff211807, 0xff211807, 0xff211807, 0xff151518, 0xff151518, 0xff151518, 0xff151518, 0xff151518, 0xff151518, 0xff211807, 0xff211807, 0xff211807, 0xff000000, 0xff000000, 
0xff000000, 0xff000000, 0xff000000, 0xff000000, 0xff211807, 0xff151518, 0xff151518, 0xff211807, 0xff211807, 0xff151518, 0xff151518, 0xff211807, 0xff000000, 0xff000000, 0xff000000, 0xff000000, 
0xff000000, 0xff000000, 0xff000000, 0xff000000, 0xff211807, 0xffcff8e0, 0xffcff8e0, 0xff211807, 0xff211807, 0xffcff8e0, 0xffcff8e0, 0xff211807, 0xff000000, 0xff000000, 0xff000000, 0xff000000
},
{
0xff000000, 0xff000000, 0xff000000, 0xff000000, 0xff000000, 0xff211807, 0xff211807, 0xff211807, 0xff211807, 0xff211807, 0xff211807, 0xff000000, 0xff000000, 0xff000000, 0xff000000, 0xff000000, 
0xff000000, 0xff000000, 0xff000000, 0xff000000, 0xff211807, 0xff151518, 0xff151518, 0xff151518, 0xff151518, 0xff151518, 0xff151518, 0xff211807, 0xff000000, 0xff000000, 0xff000000, 0xff000000, 
0xff000000, 0xff000000, 0xff000000, 0xff211807, 0xff151518, 0xff151518, 0xff151518, 0xff151518, 0xff151518, 0xff151518, 0xff151518, 0xff151518, 0xff211807, 0xff000000, 0xff000000, 0xff000000, 
0xff000000, 0xff000000, 0xff000000, 0xff211807, 0xff151518, 0xff211807, 0xff211807, 0xff151518, 0xff151518, 0xff211807, 0xff211807, 0xff151518, 0xff211807, 0xff000000, 0xff000000, 0xff000000, 
0xff000000, 0xff000000, 0xff211807, 0xffcff8e0, 0xff211807, 0xffcff8e0, 0xffcff8e0, 0xff151518, 0xff151518, 0xffcff8e0, 0xffcff8e0, 0xff211807, 0xffcff8e0, 0xff211807, 0xff000000, 0xff000000, 
0xff000000, 0xff000000, 0xff211807, 0xffcff8e0, 0xff151518, 0xffcff8e0, 0xff211807, 0xffcff8e0, 0xffcff8e0, 0xff211807, 0xffcff8e0, 0xff151518, 0xffcff8e0, 0xff211807, 0xff000000, 0xff000000, 
0xff000000, 0xff000000, 0xff000000, 0xff211807, 0xff151518, 0xffcff8e0, 0xff211807, 0xffcff8e0, 0xffcff8e0, 0xff211807, 0xffcff8e0, 0xff151518, 0xff211807, 0xff000000, 0xff000000, 0xff000000, 
0xff000000, 0xff000000, 0xff000000, 0xff000000, 0xff211807, 0xff151518, 0xffcff8e0, 0xffcff8e0, 0xffcff8e0, 0xffcff8e0, 0xff151518, 0xff211807, 0xff000000, 0xff000000, 0xff000000, 0xff000000, 
0xff000000, 0xff000000, 0xff000000, 0xff211807, 0xff151518, 0xff211807, 0xff211807, 0xff211807, 0xff211807, 0xff211807, 0xff211807, 0xff151518, 0xff211807, 0xff000000, 0xff000000, 0xff000000, 
0xff000000, 0xff000000, 0xff211807, 0xff151518, 0xff151518, 0xff151518, 0xffcff8e0, 0xffcff8e0, 0xffcff8e0, 0xffcff8e0, 0xff151518, 0xff151518, 0xff151518, 0xff211807, 0xff000000, 0xff000000, 
0xff000000, 0xff000000, 0xff211807, 0xff151518, 0xff151518, 0xff211807, 0xff151518, 0xffcff8e0, 0xffcff8e0, 0xff151518, 0xff151518, 0xff211807, 0xffcff8e0, 0xff211807, 0xff000000, 0xff000000, 
0xff000000, 0xff000000, 0xff211807, 0xff151518, 0xffcff8e0, 0xff211807, 0xff151518, 0xff151518, 0xff151518, 0xff211807, 0xff211807, 0xff211807, 0xff211807, 0xff000000, 0xff000000, 0xff000000, 
0xff000000, 0xff000000, 0xff000000, 0xff211807, 0xff211807, 0xff211807, 0xff151518, 0xff151518, 0xff211807, 0xffcff8e0, 0xffcff8e0, 0xff211807, 0xff000000, 0xff000000, 0xff000000, 0xff000000, 
0xff000000, 0xff000000, 0xff000000, 0xff000000, 0xff000000, 0xff211807, 0xff211807, 0xff211807, 0xff211807, 0xff151518, 0xff151518, 0xff211807, 0xff000000, 0xff000000, 0xff000000, 0xff000000, 
0xff000000, 0xff000000, 0xff000000, 0xff000000, 0xff000000, 0xff000000, 0xff211807, 0xff211807, 0xff211807, 0xff211807, 0xff211807, 0xff000000, 0xff000000, 0xff000000, 0xff000000, 0xff000000, 
0xff000000, 0xff000000, 0xff000000, 0xff000000, 0xff000000, 0xff000000, 0xff000000, 0xff000000, 0xff000000, 0xff000000, 0xff000000, 0xff000000, 0xff000000, 0xff000000, 0xff000000, 0xff000000
},
{
0xff000000, 0xff000000, 0xff000000, 0xff000000, 0xff000000, 0xff000000, 0xff000000, 0xff000000, 0xff000000, 0xff000000, 0xff000000, 0xff000000, 0xff000000, 0xff000000, 0xff000000, 0xff000000, 
0xff000000, 0xff000000, 0xff000000, 0xff000000, 0xff211807, 0xff211807, 0xff211807, 0xff211807, 0xff211807, 0xff211807, 0xff000000, 0xff000000, 0xff000000, 0xff000000, 0xff000000, 0xff000000, 
0xff000000, 0xff000000, 0xff000000, 0xff211807, 0xff151518, 0xff151518, 0xff151518, 0xff151518, 0xff151518, 0xff151518, 0xff211807, 0xff000000, 0xff000000, 0xff000000, 0xff000000, 0xff000000, 
0xff000000, 0xff000000, 0xff211807, 0xff151518, 0xff151518, 0xff151518, 0xff151518, 0xff151518, 0xff151518, 0xff151518, 0xff151518, 0xff211807, 0xff000000, 0xff000000, 0xff000000, 0xff000000, 
0xff000000, 0xff000000, 0xff211807, 0xff211807, 0xff211807, 0xff151518, 0xff211807, 0xff211807, 0xff151518, 0xff151518, 0xff151518, 0xff211807, 0xff000000, 0xff000000, 0xff000000, 0xff000000, 
0xff000000, 0xff000000, 0xff211807, 0xffcff8e0, 0xffcff8e0, 0xff151518, 0xffcff8e0, 0xffcff8e0, 0xff211807, 0xff151518, 0xffcff8e0, 0xffcff8e0, 0xff211807, 0xff000000, 0xff000000, 0xff000000, 
0xff000000, 0xff000000, 0xff211807, 0xffcff8e0, 0xff211807, 0xffcff8e0, 0xff211807, 0xffcff8e0, 0xffcff8e0, 0xff151518, 0xffcff8e0, 0xffcff8e0, 0xff211807, 0xff000000, 0xff000000, 0xff000000, 
0xff000000, 0xff000000, 0xff211807, 0xffcff8e0, 0xff211807, 0xffcff8e0, 0xff211807, 0xffcff8e0, 0xffcff8e0, 0xff151518, 0xffcff8e0, 0xff211807, 0xff000000, 0xff000000, 0xff000000, 0xff000000, 
0xff000000, 0xff000000, 0xff000000, 0xff211807, 0xffcff8e0, 0xffcff8e0, 0xffcff8e0, 0xffcff8e0, 0xff151518, 0xff151518, 0xff211807, 0xff000000, 0xff000000, 0xff000000, 0xff000000, 0xff000000, 
0xff000000, 0xff000000, 0xff211807, 0xff151518, 0xff211807, 0xff211807, 0xff211807, 0xff211807, 0xff211807, 0xff211807, 0xff151518, 0xff211807, 0xff000000, 0xff000000, 0xff000000, 0xff000000, 
0xff000000, 0xff000000, 0xff211807, 0xff151518, 0xff211807, 0xffcff8e0, 0xffcff8e0, 0xffcff8e0, 0xff151518, 0xff151518, 0xff151518, 0xff151518, 0xff211807, 0xff000000, 0xff000000, 0xff000000, 
0xff000000, 0xff000000, 0xff211807, 0xffcff8e0, 0xff211807, 0xff151518, 0xffcff8e0, 0xff151518, 0xff151518, 0xff211807, 0xff151518, 0xff151518, 0xff211807, 0xff000000, 0xff000000, 0xff000000, 
0xff000000, 0xff000000, 0xff000000, 0xff211807, 0xff211807, 0xff151518, 0xff211807, 0xff151518, 0xff151518, 0xff211807, 0xffcff8e0, 0xff151518, 0xff211807, 0xff000000, 0xff000000, 0xff000000, 
0xff000000, 0xff000000, 0xff000000, 0xff000000, 0xff211807, 0xff151518, 0xff151518, 0xff211807, 0xff151518, 0xff151518, 0xff211807, 0xff211807, 0xff000000, 0xff000000, 0xff000000, 0xff000000, 
0xff000000, 0xff000000, 0xff000000, 0xff000000, 0xff211807, 0xffcff8e0, 0xffcff8e0, 0xff211807, 0xff151518, 0xff151518, 0xff211807, 0xff000000, 0xff000000, 0xff000000, 0xff000000, 0xff000000, 
0xff000000, 0xff000000, 0xff000000, 0xff000000, 0xff000000, 0xff211807, 0xff211807, 0xff211807, 0xffcff8e0, 0xffcff8e0, 0xff211807, 0xff000000, 0xff000000, 0xff000000, 0xff000000, 0xff000000
},
{
0xff000000, 0xff000000, 0xff000000, 0xff000000, 0xff211807, 0xff211807, 0xff211807, 0xff211807, 0xff211807, 0xff211807, 0xff000000, 0xff000000, 0xff000000, 0xff000000, 0xff000000, 0xff000000, 
0xff000000, 0xff000000, 0xff000000, 0xff211807, 0xff151518, 0xff151518, 0xff151518, 0xff151518, 0xff151518, 0xff151518, 0xff211807, 0xff000000, 0xff000000, 0xff000000, 0xff000000, 0xff000000, 
0xff000000, 0xff000000, 0xff211807, 0xff151518, 0xff151518, 0xff151518, 0xff151518, 0xff151518, 0xff151518, 0xff151518, 0xff151518, 0xff211807, 0xff000000, 0xff000000, 0xff000000, 0xff000000, 
0xff000000, 0xff000000, 0xff211807, 0xff211807, 0xff211807, 0xff151518, 0xff211807, 0xff211807, 0xff151518, 0xff151518, 0xff151518, 0xff211807, 0xff000000, 0xff000000, 0xff000000, 0xff000000, 
0xff000000, 0xff000000, 0xff211807, 0xffcff8e0, 0xffcff8e0, 0xff151518, 0xffcff8e0, 0xffcff8e0, 0xff211807, 0xff151518, 0xffcff8e0, 0xffcff8e0, 0xff211807, 0xff000000, 0xff000000, 0xff000000, 
0xff000000, 0xff000000, 0xff211807, 0xffcff8e0, 0xff211807, 0xffcff8e0, 0xff211807, 0xffcff8e0, 0xffcff8e0, 0xff151518, 0xffcff8e0, 0xffcff8e0, 0xff211807, 0xff000000, 0xff000000, 0xff000000, 
0xff000000, 0xff000000, 0xff211807, 0xffcff8e0, 0xff211807, 0xffcff8e0, 0xff211807, 0xffcff8e0, 0xffcff8e0, 0xff151518, 0xffcff8e0, 0xff211807, 0xff000000, 0xff000000, 0xff000000, 0xff000000, 
0xff000000, 0xff000000, 0xff000000, 0xff211807, 0xffcff8e0, 0xffcff8e0, 0xffcff8e0, 0xffcff8e0, 0xff151518, 0xff151518, 0xff211807, 0xff000000, 0xff000000, 0xff000000, 0xff000000, 0xff000000, 
0xff000000, 0xff000000, 0xff000000, 0xff000000, 0xff211807, 0xff211807, 0xff211807, 0xff211807, 0xff211807, 0xff211807, 0xff151518, 0xff211807, 0xff000000, 0xff000000, 0xff000000, 0xff000000, 
0xff000000, 0xff000000, 0xff000000, 0xff000000, 0xff211807, 0xffcff8e0, 0xffcff8e0, 0xffcff8e0, 0xff211807, 0xff151518, 0xff151518, 0xff211807, 0xff000000, 0xff000000, 0xff000000, 0xff000000, 
0xff000000, 0xff000000, 0xff000000, 0xff000000, 0xff211807, 0xff151518, 0xffcff8e0, 0xff211807, 0xff151518, 0xff151518, 0xff151518, 0xff211807, 0xff000000, 0xff000000, 0xff000000, 0xff000000, 
0xff000000, 0xff000000, 0xff000000, 0xff000000, 0xff211807, 0xff151518, 0xff151518, 0xff211807, 0xffcff8e0, 0xff151518, 0xff211807, 0xff211807, 0xff000000, 0xff000000, 0xff000000, 0xff000000, 
0xff000000, 0xff000000, 0xff000000, 0xff211807, 0xffcff8e0, 0xffcff8e0, 0xff211807, 0xff211807, 0xff211807, 0xff211807, 0xff211807, 0xff000000, 0xff000000, 0xff000000, 0xff000000, 0xff000000, 
0xff000000, 0xff000000, 0xff000000, 0xff211807, 0xff151518, 0xff151518, 0xff211807, 0xff211807, 0xff211807, 0xff000000, 0xff000000, 0xff000000, 0xff000000, 0xff000000, 0xff000000, 0xff000000, 
0xff000000, 0xff000000, 0xff000000, 0xff000000, 0xff211807, 0xff211807, 0xff000000, 0xff000000, 0xff000000, 0xff000000, 0xff000000, 0xff000000, 0xff000000, 0xff000000, 0xff000000, 0xff000000, 
0xff000000, 0xff000000, 0xff000000, 0xff000000, 0xff000000, 0xff000000, 0xff000000, 0xff000000, 0xff000000, 0xff000000, 0xff000000, 0xff000000, 0xff000000, 0xff000000, 0xff000000, 0xff000000
},
{
0xff000000, 0xff000000, 0xff000000, 0xff000000, 0xff000000, 0xff000000, 0xff000000, 0xff000000, 0xff000000, 0xff000000, 0xff000000, 0xff000000, 0xff000000, 0xff000000, 0xff000000, 0xff000000, 
0xff000000, 0xff000000, 0xff000000, 0xff000000, 0xff211807, 0xff211807, 0xff211807, 0xff211807, 0xff211807, 0xff211807, 0xff000000, 0xff000000, 0xff000000, 0xff000000, 0xff000000, 0xff000000, 
0xff000000, 0xff000000, 0xff000000, 0xff211807, 0xff151518, 0xff151518, 0xff151518, 0xff151518, 0xff151518, 0xff151518, 0xff211807, 0xff000000, 0xff000000, 0xff000000, 0xff000000, 0xff000000, 
0xff000000, 0xff000000, 0xff211807, 0xff151518, 0xff151518, 0xff151518, 0xff151518, 0xff151518, 0xff151518, 0xff151518, 0xff151518, 0xff211807, 0xff000000, 0xff000000, 0xff000000, 0xff000000, 
0xff000000, 0xff000000, 0xff211807, 0xff211807, 0xff211807, 0xff151518, 0xff211807, 0xff211807, 0xff151518, 0xff151518, 0xff151518, 0xff211807, 0xff000000, 0xff000000, 0xff000000, 0xff000000, 
0xff000000, 0xff000000, 0xff211807, 0xffcff8e0, 0xffcff8e0, 0xff151518, 0xffcff8e0, 0xffcff8e0, 0xff211807, 0xff151518, 0xffcff8e0, 0xffcff8e0, 0xff211807, 0xff000000, 0xff000000, 0xff000000, 
0xff000000, 0xff000000, 0xff211807, 0xffcff8e0, 0xff211807, 0xffcff8e0, 0xff211807, 0xffcff8e0, 0xffcff8e0, 0xff151518, 0xffcff8e0, 0xffcff8e0, 0xff211807, 0xff000000, 0xff000000, 0xff000000, 
0xff000000, 0xff000000, 0xff211807, 0xffcff8e0, 0xff211807, 0xffcff8e0, 0xff211807, 0xffcff8e0, 0xffcff8e0, 0xff151518, 0xffcff8e0, 0xff211807, 0xff000000, 0xff000000, 0xff000000, 0xff000000, 
0xff000000, 0xff000000, 0xff000000, 0xff211807, 0xffcff8e0, 0xffcff8e0, 0xffcff8e0, 0xffcff8e0, 0xff151518, 0xff151518, 0xff211807, 0xff000000, 0xff000000, 0xff000000, 0xff000000, 0xff000000, 
0xff000000, 0xff000000, 0xff211807, 0xff151518, 0xff211807, 0xff211807, 0xff211807, 0xff211807, 0xff211807, 0xff211807, 0xff151518, 0xff211807, 0xff000000, 0xff000000, 0xff000000, 0xff000000, 
0xff000000, 0xff000000, 0xff211807, 0xff151518, 0xff211807, 0xffcff8e0, 0xffcff8e0, 0xffcff8e0, 0xff151518, 0xff151518, 0xff151518, 0xff151518, 0xff211807, 0xff000000, 0xff000000, 0xff000000, 
0xff000000, 0xff000000, 0xff211807, 0xffcff8e0, 0xff211807, 0xff151518, 0xffcff8e0, 0xff151518, 0xff151518, 0xff211807, 0xff151518, 0xff151518, 0xff211807, 0xff000000, 0xff000000, 0xff000000, 
0xff000000, 0xff000000, 0xff000000, 0xff211807, 0xff211807, 0xff151518, 0xff211807, 0xff151518, 0xff151518, 0xff211807, 0xffcff8e0, 0xff151518, 0xff211807, 0xff000000, 0xff000000, 0xff000000, 
0xff000000, 0xff000000, 0xff000000, 0xff000000, 0xff211807, 0xff151518, 0xff151518, 0xff211807, 0xff151518, 0xff151518, 0xff211807, 0xff211807, 0xff000000, 0xff000000, 0xff000000, 0xff000000, 
0xff000000, 0xff000000, 0xff000000, 0xff000000, 0xff211807, 0xffcff8e0, 0xffcff8e0, 0xff211807, 0xff151518, 0xff151518, 0xff211807, 0xff000000, 0xff000000, 0xff000000, 0xff000000, 0xff000000, 
0xff000000, 0xff000000, 0xff000000, 0xff000000, 0xff000000, 0xff211807, 0xff211807, 0xff211807, 0xffcff8e0, 0xffcff8e0, 0xff211807, 0xff000000, 0xff000000, 0xff000000, 0xff000000, 0xff000000
},
{
0xff000000, 0xff000000, 0xff000000, 0xff000000, 0xff211807, 0xff211807, 0xff211807, 0xff211807, 0xff211807, 0xff211807, 0xff000000, 0xff000000, 0xff000000, 0xff000000, 0xff000000, 0xff000000, 
0xff000000, 0xff000000, 0xff000000, 0xff211807, 0xff151518, 0xff151518, 0xff151518, 0xff151518, 0xff151518, 0xff151518, 0xff211807, 0xff000000, 0xff000000, 0xff000000, 0xff000000, 0xff000000, 
0xff000000, 0xff000000, 0xff211807, 0xff151518, 0xff151518, 0xff151518, 0xff151518, 0xff151518, 0xff151518, 0xff151518, 0xff151518, 0xff211807, 0xff000000, 0xff000000, 0xff000000, 0xff000000, 
0xff000000, 0xff000000, 0xff211807, 0xff211807, 0xff211807, 0xff151518, 0xff211807, 0xff211807, 0xff151518, 0xff151518, 0xff151518, 0xff211807, 0xff000000, 0xff000000, 0xff000000, 0xff000000, 
0xff000000, 0xff000000, 0xff211807, 0xffcff8e0, 0xffcff8e0, 0xff151518, 0xffcff8e0, 0xffcff8e0, 0xff211807, 0xff151518, 0xffcff8e0, 0xffcff8e0, 0xff211807, 0xff000000, 0xff000000, 0xff000000, 
0xff000000, 0xff000000, 0xff211807, 0xffcff8e0, 0xff211807, 0xffcff8e0, 0xff211807, 0xffcff8e0, 0xffcff8e0, 0xff151518, 0xffcff8e0, 0xffcff8e0, 0xff211807, 0xff000000, 0xff000000, 0xff000000, 
0xff000000, 0xff000000, 0xff211807, 0xffcff8e0, 0xff211807, 0xffcff8e0, 0xff211807, 0xffcff8e0, 0xffcff8e0, 0xff151518, 0xffcff8e0, 0xff211807, 0xff211807, 0xff211807, 0xff000000, 0xff000000, 
0xff000000, 0xff000000, 0xff211807, 0xff211807, 0xffcff8e0, 0xffcff8e0, 0xffcff8e0, 0xffcff8e0, 0xff151518, 0xff151518, 0xff211807, 0xff211807, 0xff151518, 0xff151518, 0xff211807, 0xff000000, 
0xff000000, 0xff211807, 0xff151518, 0xff151518, 0xff211807, 0xff211807, 0xff211807, 0xff211807, 0xff211807, 0xff211807, 0xff151518, 0xff151518, 0xffcff8e0, 0xff151518, 0xff211807, 0xff000000, 
0xff000000, 0xff211807, 0xffcff8e0, 0xff151518, 0xff211807, 0xffcff8e0, 0xffcff8e0, 0xffcff8e0, 0xff151518, 0xff151518, 0xff151518, 0xff211807, 0xff211807, 0xff211807, 0xff000000, 0xff000000, 
0xff000000, 0xff000000, 0xff211807, 0xff211807, 0xff211807, 0xff211807, 0xffcff8e0, 0xff151518, 0xff211807, 0xff151518, 0xff151518, 0xff211807, 0xff211807, 0xff000000, 0xff000000, 0xff000000, 
0xff000000, 0xff000000, 0xff000000, 0xff000000, 0xff000000, 0xff211807, 0xff211807, 0xff211807, 0xff151518, 0xff151518, 0xff211807, 0xff000000, 0xff000000, 0xff000000, 0xff000000, 0xff000000, 
0xff000000, 0xff000000, 0xff000000, 0xff000000, 0xff000000, 0xff211807, 0xffcff8e0, 0xffcff8e0, 0xff151518, 0xff211807, 0xff000000, 0xff000000, 0xff000000, 0xff000000, 0xff000000, 0xff000000, 
0xff000000, 0xff000000, 0xff000000, 0xff000000, 0xff000000, 0xff211807, 0xff151518, 0xff151518, 0xff211807, 0xff000000, 0xff000000, 0xff000000, 0xff000000, 0xff000000, 0xff000000, 0xff000000, 
0xff000000, 0xff000000, 0xff000000, 0xff000000, 0xff000000, 0xff000000, 0xff211807, 0xff211807, 0xff000000, 0xff000000, 0xff000000, 0xff000000, 0xff000000, 0xff000000, 0xff000000, 0xff000000, 
0xff000000, 0xff000000, 0xff000000, 0xff000000, 0xff000000, 0xff000000, 0xff000000, 0xff000000, 0xff000000, 0xff000000, 0xff000000, 0xff000000, 0xff000000, 0xff000000, 0xff000000, 0xff000000
},
{
0xff000000, 0xff000000, 0xff000000, 0xff000000, 0xff000000, 0xff000000, 0xff000000, 0xff000000, 0xff000000, 0xff000000, 0xff000000, 0xff000000, 0xff000000, 0xff000000, 0xff000000, 0xff000000, 
0xff000000, 0xff000000, 0xff000000, 0xff000000, 0xff211807, 0xff211807, 0xff211807, 0xff211807, 0xff211807, 0xff211807, 0xff000000, 0xff000000, 0xff000000, 0xff000000, 0xff000000, 0xff000000, 
0xff000000, 0xff000000, 0xff000000, 0xff211807, 0xff151518, 0xff151518, 0xff151518, 0xff151518, 0xff151518, 0xff151518, 0xff211807, 0xff000000, 0xff000000, 0xff000000, 0xff000000, 0xff000000, 
0xff000000, 0xff000000, 0xff211807, 0xff151518, 0xff151518, 0xff151518, 0xff151518, 0xff151518, 0xff151518, 0xff151518, 0xff151518, 0xff211807, 0xff000000, 0xff000000, 0xff000000, 0xff000000, 
0xff000000, 0xff000000, 0xff211807, 0xff151518, 0xff211807, 0xff211807, 0xff151518, 0xff151518, 0xff151518, 0xff151518, 0xff151518, 0xff211807, 0xff000000, 0xff000000, 0xff000000, 0xff000000, 
0xff000000, 0xff000000, 0xff211807, 0xff151518, 0xffcff8e0, 0xffcff8e0, 0xff211807, 0xff151518, 0xffcff8e0, 0xffcff8e0, 0xff151518, 0xff211807, 0xff000000, 0xff000000, 0xff000000, 0xff000000, 
0xff000000, 0xff000000, 0xff211807, 0xffcff8e0, 0xff211807, 0xffcff8e0, 0xffcff8e0, 0xff151518, 0xffcff8e0, 0xffcff8e0, 0xff151518, 0xff211807, 0xff000000, 0xff000000, 0xff000000, 0xff000000, 
0xff000000, 0xff000000, 0xff211807, 0xffcff8e0, 0xff211807, 0xffcff8e0, 0xffcff8e0, 0xff151518, 0xffcff8e0, 0xff151518, 0xff151518, 0xff211807, 0xff000000, 0xff000000, 0xff000000, 0xff000000, 
0xff000000, 0xff000000, 0xff000000, 0xff211807, 0xffcff8e0, 0xffcff8e0, 0xff151518, 0xff151518, 0xff151518, 0xff151518, 0xff211807, 0xff000000, 0xff000000, 0xff000000, 0xff000000, 0xff000000, 
0xff000000, 0xff000000, 0xff000000, 0xff000000, 0xff211807, 0xff211807, 0xff211807, 0xff211807, 0xff211807, 0xff211807, 0xff000000, 0xff000000, 0xff000000, 0xff000000, 0xff000000, 0xff000000, 
0xff000000, 0xff000000, 0xff000000, 0xff000000, 0xff211807, 0xffcff8e0, 0xffcff8e0, 0xff151518, 0xff151518, 0xff211807, 0xff000000, 0xff000000, 0xff000000, 0xff000000, 0xff000000, 0xff000000, 
0xff000000, 0xff000000, 0xff000000, 0xff000000, 0xff211807, 0xffcff8e0, 0xff211807, 0xff151518, 0xff151518, 0xff211807, 0xff000000, 0xff000000, 0xff000000, 0xff000000, 0xff000000, 0xff000000, 
0xff000000, 0xff000000, 0xff000000, 0xff000000, 0xff211807, 0xff151518, 0xff211807, 0xffcff8e0, 0xff151518, 0xff211807, 0xff000000, 0xff000000, 0xff000000, 0xff000000, 0xff000000, 0xff000000, 
0xff000000, 0xff000000, 0xff000000, 0xff000000, 0xff211807, 0xff151518, 0xff151518, 0xff211807, 0xff211807, 0xff000000, 0xff000000, 0xff000000, 0xff000000, 0xff000000, 0xff000000, 0xff000000, 
0xff000000, 0xff000000, 0xff000000, 0xff000000, 0xff211807, 0xff211807, 0xff151518, 0xff151518, 0xff211807, 0xff000000, 0xff000000, 0xff000000, 0xff000000, 0xff000000, 0xff000000, 0xff000000, 
0xff000000, 0xff000000, 0xff000000, 0xff000000, 0xff211807, 0xff211807, 0xffcff8e0, 0xffcff8e0, 0xff211807, 0xff000000, 0xff000000, 0xff000000, 0xff000000, 0xff000000, 0xff000000, 0xff000000
},
{
0xff000000, 0xff000000, 0xff000000, 0xff000000, 0xff211807, 0xff211807, 0xff211807, 0xff211807, 0xff211807, 0xff211807, 0xff000000, 0xff000000, 0xff000000, 0xff000000, 0xff000000, 0xff000000, 
0xff000000, 0xff000000, 0xff000000, 0xff211807, 0xff151518, 0xff151518, 0xff151518, 0xff151518, 0xff151518, 0xff151518, 0xff211807, 0xff000000, 0xff000000, 0xff000000, 0xff000000, 0xff000000, 
0xff000000, 0xff000000, 0xff211807, 0xff151518, 0xff151518, 0xff151518, 0xff151518, 0xff151518, 0xff151518, 0xff151518, 0xff151518, 0xff211807, 0xff000000, 0xff000000, 0xff000000, 0xff000000, 
0xff000000, 0xff000000, 0xff211807, 0xff151518, 0xff211807, 0xff211807, 0xff151518, 0xff151518, 0xff151518, 0xff151518, 0xff151518, 0xff211807, 0xff000000, 0xff000000, 0xff000000, 0xff000000, 
0xff000000, 0xff000000, 0xff211807, 0xff151518, 0xffcff8e0, 0xffcff8e0, 0xff211807, 0xff151518, 0xffcff8e0, 0xffcff8e0, 0xff151518, 0xff211807, 0xff000000, 0xff000000, 0xff000000, 0xff000000, 
0xff000000, 0xff000000, 0xff211807, 0xffcff8e0, 0xff211807, 0xffcff8e0, 0xffcff8e0, 0xff151518, 0xffcff8e0, 0xffcff8e0, 0xff151518, 0xff211807, 0xff000000, 0xff000000, 0xff000000, 0xff000000, 
0xff000000, 0xff000000, 0xff211807, 0xffcff8e0, 0xff211807, 0xffcff8e0, 0xffcff8e0, 0xff151518, 0xffcff8e0, 0xff151518, 0xff151518, 0xff211807, 0xff000000, 0xff000000, 0xff000000, 0xff000000, 
0xff000000, 0xff000000, 0xff000000, 0xff211807, 0xffcff8e0, 0xffcff8e0, 0xff151518, 0xff151518, 0xff151518, 0xff151518, 0xff211807, 0xff000000, 0xff000000, 0xff000000, 0xff000000, 0xff000000, 
0xff000000, 0xff000000, 0xff000000, 0xff000000, 0xff211807, 0xff211807, 0xff211807, 0xff211807, 0xff211807, 0xff211807, 0xff211807, 0xff000000, 0xff000000, 0xff000000, 0xff000000, 0xff000000, 
0xff000000, 0xff000000, 0xff000000, 0xff000000, 0xff211807, 0xffcff8e0, 0xff211807, 0xff211807, 0xff151518, 0xff151518, 0xff211807, 0xff000000, 0xff000000, 0xff000000, 0xff000000, 0xff000000, 
0xff000000, 0xff000000, 0xff000000, 0xff000000, 0xff211807, 0xff211807, 0xff151518, 0xff151518, 0xff151518, 0xff151518, 0xff211807, 0xff211807, 0xff000000, 0xff000000, 0xff000000, 0xff000000, 
0xff000000, 0xff000000, 0xff000000, 0xff211807, 0xff211807, 0xff211807, 0xffcff8e0, 0xff151518, 0xff151518, 0xff211807, 0xff151518, 0xffcff8e0, 0xff211807, 0xff000000, 0xff000000, 0xff000000, 
0xff000000, 0xff000000, 0xff000000, 0xff211807, 0xffcff8e0, 0xff151518, 0xff211807, 0xff211807, 0xff211807, 0xff151518, 0xff211807, 0xffcff8e0, 0xff211807, 0xff000000, 0xff000000, 0xff000000, 
0xff000000, 0xff000000, 0xff000000, 0xff000000, 0xff211807, 0xffcff8e0, 0xff151518, 0xff211807, 0xff211807, 0xff211807, 0xff211807, 0xff211807, 0xff000000, 0xff000000, 0xff000000, 0xff000000, 
0xff000000, 0xff000000, 0xff000000, 0xff000000, 0xff000000, 0xff211807, 0xff211807, 0xff000000, 0xff000000, 0xff000000, 0xff000000, 0xff000000, 0xff000000, 0xff000000, 0xff000000, 0xff000000, 
0xff000000, 0xff000000, 0xff000000, 0xff000000, 0xff000000, 0xff000000, 0xff000000, 0xff000000, 0xff000000, 0xff000000, 0xff000000, 0xff000000, 0xff000000, 0xff000000, 0xff000000, 0xff000000
},
{
0xff000000, 0xff000000, 0xff000000, 0xff000000, 0xff000000, 0xff000000, 0xff000000, 0xff000000, 0xff000000, 0xff000000, 0xff000000, 0xff000000, 0xff000000, 0xff000000, 0xff000000, 0xff000000, 
0xff000000, 0xff000000, 0xff000000, 0xff000000, 0xff211807, 0xff211807, 0xff211807, 0xff211807, 0xff211807, 0xff211807, 0xff000000, 0xff000000, 0xff000000, 0xff000000, 0xff000000, 0xff000000, 
0xff000000, 0xff000000, 0xff000000, 0xff211807, 0xff151518, 0xff151518, 0xff151518, 0xff151518, 0xff151518, 0xff151518, 0xff211807, 0xff000000, 0xff000000, 0xff000000, 0xff000000, 0xff000000, 
0xff000000, 0xff000000, 0xff211807, 0xff151518, 0xff151518, 0xff151518, 0xff151518, 0xff151518, 0xff151518, 0xff151518, 0xff151518, 0xff211807, 0xff000000, 0xff000000, 0xff000000, 0xff000000, 
0xff000000, 0xff000000, 0xff211807, 0xff151518, 0xff211807, 0xff211807, 0xff151518, 0xff151518, 0xff151518, 0xff151518, 0xff151518, 0xff211807, 0xff000000, 0xff000000, 0xff000000, 0xff000000, 
0xff000000, 0xff000000, 0xff211807, 0xff151518, 0xffcff8e0, 0xffcff8e0, 0xff211807, 0xff151518, 0xffcff8e0, 0xffcff8e0, 0xff151518, 0xff211807, 0xff000000, 0xff000000, 0xff000000, 0xff000000, 
0xff000000, 0xff000000, 0xff211807, 0xffcff8e0, 0xff211807, 0xffcff8e0, 0xffcff8e0, 0xff151518, 0xffcff8e0, 0xffcff8e0, 0xff151518, 0xff211807, 0xff000000, 0xff000000, 0xff000000, 0xff000000, 
0xff000000, 0xff000000, 0xff211807, 0xffcff8e0, 0xff211807, 0xffcff8e0, 0xffcff8e0, 0xff151518, 0xffcff8e0, 0xff151518, 0xff151518, 0xff211807, 0xff000000, 0xff000000, 0xff000000, 0xff000000, 
0xff000000, 0xff000000, 0xff000000, 0xff211807, 0xffcff8e0, 0xffcff8e0, 0xff151518, 0xff151518, 0xff151518, 0xff151518, 0xff211807, 0xff000000, 0xff000000, 0xff000000, 0xff000000, 0xff000000, 
0xff000000, 0xff000000, 0xff000000, 0xff000000, 0xff211807, 0xff211807, 0xff211807, 0xff211807, 0xff211807, 0xff211807, 0xff000000, 0xff000000, 0xff000000, 0xff000000, 0xff000000, 0xff000000, 
0xff000000, 0xff000000, 0xff000000, 0xff000000, 0xff211807, 0xffcff8e0, 0xffcff8e0, 0xff151518, 0xff151518, 0xff211807, 0xff000000, 0xff000000, 0xff000000, 0xff000000, 0xff000000, 0xff000000, 
0xff000000, 0xff000000, 0xff000000, 0xff000000, 0xff211807, 0xffcff8e0, 0xff211807, 0xff151518, 0xff151518, 0xff211807, 0xff000000, 0xff000000, 0xff000000, 0xff000000, 0xff000000, 0xff000000, 
0xff000000, 0xff000000, 0xff000000, 0xff000000, 0xff211807, 0xff151518, 0xff211807, 0xffcff8e0, 0xff151518, 0xff211807, 0xff000000, 0xff000000, 0xff000000, 0xff000000, 0xff000000, 0xff000000, 
0xff000000, 0xff000000, 0xff000000, 0xff000000, 0xff211807, 0xff151518, 0xff151518, 0xff211807, 0xff211807, 0xff000000, 0xff000000, 0xff000000, 0xff000000, 0xff000000, 0xff000000, 0xff000000, 
0xff000000, 0xff000000, 0xff000000, 0xff000000, 0xff211807, 0xff211807, 0xff151518, 0xff151518, 0xff211807, 0xff000000, 0xff000000, 0xff000000, 0xff000000, 0xff000000, 0xff000000, 0xff000000, 
0xff000000, 0xff000000, 0xff000000, 0xff000000, 0xff211807, 0xff211807, 0xffcff8e0, 0xffcff8e0, 0xff211807, 0xff000000, 0xff000000, 0xff000000, 0xff000000, 0xff000000, 0xff000000, 0xff000000
},
{
0xff000000, 0xff000000, 0xff000000, 0xff000000, 0xff211807, 0xff211807, 0xff211807, 0xff211807, 0xff211807, 0xff211807, 0xff000000, 0xff000000, 0xff000000, 0xff000000, 0xff000000, 0xff000000, 
0xff000000, 0xff000000, 0xff000000, 0xff211807, 0xff151518, 0xff151518, 0xff151518, 0xff151518, 0xff151518, 0xff151518, 0xff211807, 0xff000000, 0xff000000, 0xff000000, 0xff000000, 0xff000000, 
0xff000000, 0xff000000, 0xff211807, 0xff151518, 0xff151518, 0xff151518, 0xff151518, 0xff151518, 0xff151518, 0xff151518, 0xff151518, 0xff211807, 0xff000000, 0xff000000, 0xff000000, 0xff000000, 
0xff000000, 0xff000000, 0xff211807, 0xff151518, 0xff211807, 0xff211807, 0xff151518, 0xff151518, 0xff151518, 0xff151518, 0xff151518, 0xff211807, 0xff000000, 0xff000000, 0xff000000, 0xff000000, 
0xff000000, 0xff000000, 0xff211807, 0xff151518, 0xffcff8e0, 0xffcff8e0, 0xff211807, 0xff151518, 0xffcff8e0, 0xffcff8e0, 0xff151518, 0xff211807, 0xff000000, 0xff000000, 0xff000000, 0xff000000, 
0xff000000, 0xff000000, 0xff211807, 0xffcff8e0, 0xff211807, 0xffcff8e0, 0xffcff8e0, 0xff151518, 0xffcff8e0, 0xffcff8e0, 0xff151518, 0xff211807, 0xff000000, 0xff000000, 0xff000000, 0xff000000, 
0xff000000, 0xff000000, 0xff211807, 0xffcff8e0, 0xff211807, 0xffcff8e0, 0xffcff8e0, 0xff151518, 0xffcff8e0, 0xff151518, 0xff151518, 0xff211807, 0xff000000, 0xff000000, 0xff000000, 0xff000000, 
0xff000000, 0xff000000, 0xff000000, 0xff211807, 0xffcff8e0, 0xffcff8e0, 0xff151518, 0xff151518, 0xff151518, 0xff151518, 0xff211807, 0xff211807, 0xff000000, 0xff000000, 0xff000000, 0xff000000, 
0xff000000, 0xff000000, 0xff000000, 0xff211807, 0xff211807, 0xff211807, 0xff211807, 0xff211807, 0xff211807, 0xff211807, 0xff151518, 0xff151518, 0xff211807, 0xff000000, 0xff000000, 0xff000000, 
0xff000000, 0xff000000, 0xff000000, 0xff211807, 0xffcff8e0, 0xff211807, 0xffcff8e0, 0xffcff8e0, 0xff151518, 0xff151518, 0xff151518, 0xff151518, 0xff151518, 0xff211807, 0xff000000, 0xff000000, 
0xff000000, 0xff000000, 0xff000000, 0xff000000, 0xff211807, 0xff211807, 0xffcff8e0, 0xff151518, 0xff151518, 0xff151518, 0xff211807, 0xffcff8e0, 0xff151518, 0xff211807, 0xff000000, 0xff000000, 
0xff000000, 0xff000000, 0xff000000, 0xff000000, 0xff211807, 0xff211807, 0xff211807, 0xff211807, 0xff151518, 0xff151518, 0xff211807, 0xff211807, 0xff211807, 0xff000000, 0xff000000, 0xff000000, 
0xff000000, 0xff000000, 0xff000000, 0xff000000, 0xff211807, 0xffcff8e0, 0xff151518, 0xff151518, 0xff151518, 0xff151518, 0xff211807, 0xffcff8e0, 0xff211807, 0xff000000, 0xff000000, 0xff000000, 
0xff000000, 0xff000000, 0xff000000, 0xff000000, 0xff000000, 0xff211807, 0xffcff8e0, 0xff151518, 0xff211807, 0xff211807, 0xff211807, 0xff211807, 0xff000000, 0xff000000, 0xff000000, 0xff000000, 
0xff000000, 0xff000000, 0xff000000, 0xff000000, 0xff000000, 0xff000000, 0xff211807, 0xff211807, 0xff000000, 0xff000000, 0xff000000, 0xff000000, 0xff000000, 0xff000000, 0xff000000, 0xff000000, 
0xff000000, 0xff000000, 0xff000000, 0xff000000, 0xff000000, 0xff000000, 0xff000000, 0xff000000, 0xff000000, 0xff000000, 0xff000000, 0xff000000, 0xff000000, 0xff000000, 0xff000000, 0xff000000
},
{
0xff000000, 0xff000000, 0xff000000, 0xff000000, 0xff000000, 0xff000000, 0xff000000, 0xff000000, 0xff000000, 0xff000000, 0xff000000, 0xff000000, 0xff000000, 0xff000000, 0xff000000, 0xff000000, 
0xff000000, 0xff000000, 0xff000000, 0xff000000, 0xff211807, 0xff211807, 0xff211807, 0xff211807, 0xff211807, 0xff211807, 0xff000000, 0xff000000, 0xff000000, 0xff000000, 0xff000000, 0xff000000, 
0xff000000, 0xff000000, 0xff000000, 0xff211807, 0xff151518, 0xff151518, 0xff151518, 0xff151518, 0xff151518, 0xff151518, 0xff211807, 0xff000000, 0xff000000, 0xff000000, 0xff000000, 0xff000000, 
0xff000000, 0xff000000, 0xff211807, 0xff151518, 0xff151518, 0xff151518, 0xff151518, 0xff151518, 0xff151518, 0xff151518, 0xff151518, 0xff211807, 0xff000000, 0xff000000, 0xff000000, 0xff000000, 
0xff000000, 0xff000000, 0xff211807, 0xff211807, 0xff151518, 0xff151518, 0xff151518, 0xff151518, 0xff151518, 0xff151518, 0xff151518, 0xff211807, 0xff000000, 0xff000000, 0xff000000, 0xff000000, 
0xff000000, 0xff000000, 0xff211807, 0xffcff8e0, 0xff151518, 0xffcff8e0, 0xffcff8e0, 0xff151518, 0xff151518, 0xff151518, 0xff151518, 0xff211807, 0xff000000, 0xff000000, 0xff000000, 0xff000000, 
0xff000000, 0xff000000, 0xff211807, 0xffcff8e0, 0xff151518, 0xffcff8e0, 0xffcff8e0, 0xff151518, 0xff151518, 0xff151518, 0xff151518, 0xff211807, 0xff000000, 0xff000000, 0xff000000, 0xff000000, 
0xff000000, 0xff000000, 0xff211807, 0xff151518, 0xff151518, 0xffcff8e0, 0xff151518, 0xff151518, 0xff151518, 0xff151518, 0xff151518, 0xff211807, 0xff000000, 0xff000000, 0xff000000, 0xff000000, 
0xff000000, 0xff000000, 0xff000000, 0xff211807, 0xff151518, 0xff151518, 0xff151518, 0xff151518, 0xff151518, 0xff151518, 0xff211807, 0xff000000, 0xff000000, 0xff000000, 0xff000000, 0xff000000, 
0xff000000, 0xff000000, 0xff000000, 0xff000000, 0xff211807, 0xff211807, 0xff211807, 0xff151518, 0xff151518, 0xff211807, 0xff151518, 0xff211807, 0xff000000, 0xff000000, 0xff000000, 0xff000000, 
0xff000000, 0xff000000, 0xff000000, 0xff211807, 0xff151518, 0xff151518, 0xff151518, 0xff151518, 0xff151518, 0xff151518, 0xff211807, 0xff151518, 0xff211807, 0xff000000, 0xff000000, 0xff000000, 
0xff000000, 0xff000000, 0xff211807, 0xff151518, 0xff151518, 0xff211807, 0xff151518, 0xff151518, 0xff151518, 0xff151518, 0xff211807, 0xff151518, 0xff211807, 0xff000000, 0xff000000, 0xff000000, 
0xff000000, 0xff000000, 0xff211807, 0xff151518, 0xffcff8e0, 0xff211807, 0xff151518, 0xff151518, 0xff211807, 0xff151518, 0xff211807, 0xff211807, 0xff000000, 0xff000000, 0xff000000, 0xff000000, 
0xff000000, 0xff000000, 0xff000000, 0xff211807, 0xff211807, 0xff151518, 0xff151518, 0xff211807, 0xff151518, 0xff151518, 0xff211807, 0xff000000, 0xff000000, 0xff000000, 0xff000000, 0xff000000, 
0xff000000, 0xff000000, 0xff000000, 0xff000000, 0xff211807, 0xff211807, 0xff151518, 0xff211807, 0xffcff8e0, 0xff151518, 0xff211807, 0xff000000, 0xff000000, 0xff000000, 0xff000000, 0xff000000, 
0xff000000, 0xff000000, 0xff000000, 0xff000000, 0xff211807, 0xffcff8e0, 0xff151518, 0xff211807, 0xff211807, 0xff211807, 0xff000000, 0xff000000, 0xff000000, 0xff000000, 0xff000000, 0xff000000
},
{
0xff000000, 0xff000000, 0xff000000, 0xff000000, 0xff211807, 0xff211807, 0xff211807, 0xff211807, 0xff211807, 0xff211807, 0xff000000, 0xff000000, 0xff000000, 0xff000000, 0xff000000, 0xff000000, 
0xff000000, 0xff000000, 0xff000000, 0xff211807, 0xff151518, 0xff151518, 0xff151518, 0xff151518, 0xff151518, 0xff151518, 0xff211807, 0xff000000, 0xff000000, 0xff000000, 0xff000000, 0xff000000, 
0xff000000, 0xff000000, 0xff211807, 0xff151518, 0xff151518, 0xff151518, 0xff151518, 0xff151518, 0xff151518, 0xff151518, 0xff151518, 0xff211807, 0xff000000, 0xff000000, 0xff000000, 0xff000000, 
0xff000000, 0xff000000, 0xff211807, 0xff211807, 0xff151518, 0xff151518, 0xff151518, 0xff151518, 0xff151518, 0xff151518, 0xff151518, 0xff211807, 0xff000000, 0xff000000, 0xff000000, 0xff000000, 
0xff000000, 0xff000000, 0xff211807, 0xffcff8e0, 0xff151518, 0xffcff8e0, 0xffcff8e0, 0xff151518, 0xff151518, 0xff151518, 0xff151518, 0xff211807, 0xff000000, 0xff000000, 0xff000000, 0xff000000, 
0xff000000, 0xff000000, 0xff211807, 0xffcff8e0, 0xff151518, 0xffcff8e0, 0xffcff8e0, 0xff151518, 0xff151518, 0xff151518, 0xff151518, 0xff211807, 0xff000000, 0xff000000, 0xff000000, 0xff000000, 
0xff000000, 0xff000000, 0xff211807, 0xff151518, 0xff151518, 0xffcff8e0, 0xff151518, 0xff151518, 0xff151518, 0xff151518, 0xff151518, 0xff211807, 0xff000000, 0xff000000, 0xff000000, 0xff000000, 
0xff000000, 0xff000000, 0xff211807, 0xff211807, 0xff151518, 0xff151518, 0xff151518, 0xff151518, 0xff151518, 0xff151518, 0xff211807, 0xff211807, 0xff000000, 0xff000000, 0xff000000, 0xff000000, 
0xff000000, 0xff211807, 0xffcff8e0, 0xff151518, 0xff211807, 0xff211807, 0xff211807, 0xff151518, 0xff151518, 0xff211807, 0xff211807, 0xff211807, 0xff211807, 0xff000000, 0xff000000, 0xff000000, 
0xff000000, 0xff211807, 0xff151518, 0xff151518, 0xff151518, 0xff151518, 0xff151518, 0xff151518, 0xff151518, 0xff151518, 0xff211807, 0xff151518, 0xff151518, 0xff211807, 0xff000000, 0xff000000, 
0xff000000, 0xff000000, 0xff211807, 0xff211807, 0xff211807, 0xff211807, 0xff151518, 0xff151518, 0xff151518, 0xff151518, 0xff211807, 0xffcff8e0, 0xff151518, 0xff211807, 0xff000000, 0xff000000, 
0xff000000, 0xff000000, 0xff000000, 0xff211807, 0xff151518, 0xff151518, 0xff211807, 0xff151518, 0xff151518, 0xff211807, 0xff211807, 0xff211807, 0xff211807, 0xff000000, 0xff000000, 0xff000000, 
0xff000000, 0xff000000, 0xff000000, 0xff000000, 0xff211807, 0xff211807, 0xff211807, 0xff211807, 0xff151518, 0xff151518, 0xff151518, 0xff211807, 0xff000000, 0xff000000, 0xff000000, 0xff000000, 
0xff000000, 0xff000000, 0xff000000, 0xff000000, 0xff000000, 0xff000000, 0xff000000, 0xff211807, 0xff211807, 0xffcff8e0, 0xffcff8e0, 0xff211807, 0xff000000, 0xff000000, 0xff000000, 0xff000000, 
0xff000000, 0xff000000, 0xff000000, 0xff000000, 0xff000000, 0xff000000, 0xff000000, 0xff000000, 0xff000000, 0xff211807, 0xff211807, 0xff000000, 0xff000000, 0xff000000, 0xff000000, 0xff000000, 
0xff000000, 0xff000000, 0xff000000, 0xff000000, 0xff000000, 0xff000000, 0xff000000, 0xff000000, 0xff000000, 0xff000000, 0xff000000, 0xff000000, 0xff000000, 0xff000000, 0xff000000, 0xff000000
},
{
0xff000000, 0xff000000, 0xff000000, 0xff000000, 0xff000000, 0xff000000, 0xff000000, 0xff000000, 0xff000000, 0xff000000, 0xff000000, 0xff000000, 0xff000000, 0xff000000, 0xff000000, 0xff000000, 
0xff000000, 0xff000000, 0xff000000, 0xff000000, 0xff211807, 0xff211807, 0xff211807, 0xff211807, 0xff211807, 0xff211807, 0xff000000, 0xff000000, 0xff000000, 0xff000000, 0xff000000, 0xff000000, 
0xff000000, 0xff000000, 0xff000000, 0xff211807, 0xff151518, 0xff151518, 0xff151518, 0xff151518, 0xff151518, 0xff151518, 0xff211807, 0xff000000, 0xff000000, 0xff000000, 0xff000000, 0xff000000, 
0xff000000, 0xff000000, 0xff211807, 0xff151518, 0xff151518, 0xff151518, 0xff151518, 0xff151518, 0xff151518, 0xff151518, 0xff151518, 0xff211807, 0xff000000, 0xff000000, 0xff000000, 0xff000000, 
0xff000000, 0xff000000, 0xff211807, 0xff211807, 0xff151518, 0xff151518, 0xff151518, 0xff151518, 0xff151518, 0xff151518, 0xff151518, 0xff211807, 0xff000000, 0xff000000, 0xff000000, 0xff000000, 
0xff000000, 0xff000000, 0xff211807, 0xffcff8e0, 0xff151518, 0xffcff8e0, 0xffcff8e0, 0xff151518, 0xff151518, 0xff151518, 0xff151518, 0xff211807, 0xff000000, 0xff000000, 0xff000000, 0xff000000, 
0xff000000, 0xff000000, 0xff211807, 0xffcff8e0, 0xff151518, 0xffcff8e0, 0xffcff8e0, 0xff151518, 0xff151518, 0xff151518, 0xff151518, 0xff211807, 0xff000000, 0xff000000, 0xff000000, 0xff000000, 
0xff000000, 0xff000000, 0xff211807, 0xff151518, 0xff151518, 0xffcff8e0, 0xff151518, 0xff151518, 0xff151518, 0xff151518, 0xff151518, 0xff211807, 0xff000000, 0xff000000, 0xff000000, 0xff000000, 
0xff000000, 0xff000000, 0xff000000, 0xff211807, 0xff151518, 0xff151518, 0xff151518, 0xff151518, 0xff151518, 0xff151518, 0xff211807, 0xff000000, 0xff000000, 0xff000000, 0xff000000, 0xff000000, 
0xff000000, 0xff000000, 0xff000000, 0xff000000, 0xff211807, 0xff211807, 0xff211807, 0xff151518, 0xff151518, 0xff211807, 0xff151518, 0xff211807, 0xff000000, 0xff000000, 0xff000000, 0xff000000, 
0xff000000, 0xff000000, 0xff000000, 0xff211807, 0xff151518, 0xff151518, 0xff151518, 0xff151518, 0xff151518, 0xff151518, 0xff211807, 0xff151518, 0xff211807, 0xff000000, 0xff000000, 0xff000000, 
0xff000000, 0xff000000, 0xff211807, 0xff151518, 0xff151518, 0xff211807, 0xff151518, 0xff151518, 0xff151518, 0xff151518, 0xff211807, 0xff151518, 0xff211807, 0xff000000, 0xff000000, 0xff000000, 
0xff000000, 0xff000000, 0xff211807, 0xff151518, 0xffcff8e0, 0xff211807, 0xff151518, 0xff151518, 0xff211807, 0xff151518, 0xff211807, 0xff211807, 0xff000000, 0xff000000, 0xff000000, 0xff000000, 
0xff000000, 0xff000000, 0xff000000, 0xff211807, 0xff211807, 0xff151518, 0xff151518, 0xff211807, 0xff151518, 0xff151518, 0xff211807, 0xff000000, 0xff000000, 0xff000000, 0xff000000, 0xff000000, 
0xff000000, 0xff000000, 0xff000000, 0xff000000, 0xff211807, 0xff211807, 0xff151518, 0xff211807, 0xffcff8e0, 0xff151518, 0xff211807, 0xff000000, 0xff000000, 0xff000000, 0xff000000, 0xff000000, 
0xff000000, 0xff000000, 0xff000000, 0xff000000, 0xff211807, 0xffcff8e0, 0xff151518, 0xff211807, 0xff211807, 0xff211807, 0xff000000, 0xff000000, 0xff000000, 0xff000000, 0xff000000, 0xff000000
},
{
0xff000000, 0xff000000, 0xff000000, 0xff000000, 0xff211807, 0xff211807, 0xff211807, 0xff211807, 0xff211807, 0xff211807, 0xff000000, 0xff000000, 0xff000000, 0xff000000, 0xff000000, 0xff000000, 
0xff000000, 0xff000000, 0xff000000, 0xff211807, 0xff151518, 0xff151518, 0xff151518, 0xff151518, 0xff151518, 0xff151518, 0xff211807, 0xff000000, 0xff000000, 0xff000000, 0xff000000, 0xff000000, 
0xff000000, 0xff000000, 0xff211807, 0xff151518, 0xff151518, 0xff151518, 0xff151518, 0xff151518, 0xff151518, 0xff151518, 0xff151518, 0xff211807, 0xff000000, 0xff000000, 0xff000000, 0xff000000, 
0xff000000, 0xff000000, 0xff211807, 0xff211807, 0xff151518, 0xff151518, 0xff151518, 0xff151518, 0xff151518, 0xff151518, 0xff151518, 0xff211807, 0xff000000, 0xff000000, 0xff000000, 0xff000000, 
0xff000000, 0xff000000, 0xff211807, 0xffcff8e0, 0xff151518, 0xffcff8e0, 0xffcff8e0, 0xff151518, 0xff151518, 0xff151518, 0xff151518, 0xff211807, 0xff000000, 0xff000000, 0xff000000, 0xff000000, 
0xff000000, 0xff000000, 0xff211807, 0xffcff8e0, 0xff151518, 0xffcff8e0, 0xffcff8e0, 0xff151518, 0xff151518, 0xff151518, 0xff151518, 0xff211807, 0xff000000, 0xff000000, 0xff000000, 0xff000000, 
0xff000000, 0xff000000, 0xff211807, 0xff151518, 0xff151518, 0xffcff8e0, 0xff151518, 0xff151518, 0xff151518, 0xff151518, 0xff151518, 0xff211807, 0xff000000, 0xff000000, 0xff000000, 0xff000000, 
0xff000000, 0xff000000, 0xff000000, 0xff211807, 0xff151518, 0xff151518, 0xff151518, 0xff151518, 0xff151518, 0xff151518, 0xff211807, 0xff000000, 0xff000000, 0xff000000, 0xff000000, 0xff000000, 
0xff000000, 0xff000000, 0xff000000, 0xff211807, 0xff211807, 0xff211807, 0xff211807, 0xff151518, 0xff151518, 0xff211807, 0xff211807, 0xff000000, 0xff000000, 0xff000000, 0xff000000, 0xff000000, 
0xff000000, 0xff000000, 0xff000000, 0xff211807, 0xff151518, 0xff151518, 0xff151518, 0xff151518, 0xff151518, 0xff151518, 0xff211807, 0xff000000, 0xff000000, 0xff000000, 0xff000000, 0xff000000, 
0xff000000, 0xff000000, 0xff211807, 0xff211807, 0xff151518, 0xff151518, 0xff211807, 0xff151518, 0xff151518, 0xff211807, 0xff211807, 0xff211807, 0xff000000, 0xff000000, 0xff000000, 0xff000000, 
0xff000000, 0xff000000, 0xff211807, 0xffcff8e0, 0xff211807, 0xff151518, 0xffcff8e0, 0xff211807, 0xff151518, 0xff151518, 0xff151518, 0xffcff8e0, 0xff211807, 0xff000000, 0xff000000, 0xff000000, 
0xff000000, 0xff000000, 0xff000000, 0xff211807, 0xff211807, 0xff151518, 0xff151518, 0xff211807, 0xff211807, 0xff211807, 0xff151518, 0xffcff8e0, 0xff211807, 0xff000000, 0xff000000, 0xff000000, 
0xff000000, 0xff000000, 0xff000000, 0xff000000, 0xff000000, 0xff211807, 0xff211807, 0xff000000, 0xff000000, 0xff000000, 0xff211807, 0xff211807, 0xff000000, 0xff000000, 0xff000000, 0xff000000, 
0xff000000, 0xff000000, 0xff000000, 0xff000000, 0xff000000, 0xff000000, 0xff000000, 0xff000000, 0xff000000, 0xff000000, 0xff000000, 0xff000000, 0xff000000, 0xff000000, 0xff000000, 0xff000000, 
0xff000000, 0xff000000, 0xff000000, 0xff000000, 0xff000000, 0xff000000, 0xff000000, 0xff000000, 0xff000000, 0xff000000, 0xff000000, 0xff000000, 0xff000000, 0xff000000, 0xff000000, 0xff000000
},
{
0xff000000, 0xff000000, 0xff000000, 0xff000000, 0xff000000, 0xff000000, 0xff000000, 0xff000000, 0xff000000, 0xff000000, 0xff000000, 0xff000000, 0xff000000, 0xff000000, 0xff000000, 0xff000000, 
0xff000000, 0xff000000, 0xff000000, 0xff000000, 0xff000000, 0xff211807, 0xff211807, 0xff211807, 0xff211807, 0xff211807, 0xff211807, 0xff000000, 0xff000000, 0xff000000, 0xff000000, 0xff000000, 
0xff000000, 0xff000000, 0xff000000, 0xff000000, 0xff211807, 0xff151518, 0xff151518, 0xff151518, 0xff151518, 0xff151518, 0xff151518, 0xff211807, 0xff000000, 0xff000000, 0xff000000, 0xff000000, 
0xff000000, 0xff000000, 0xff000000, 0xff211807, 0xff151518, 0xff151518, 0xff151518, 0xff151518, 0xff151518, 0xff151518, 0xff151518, 0xff151518, 0xff211807, 0xff000000, 0xff000000, 0xff000000, 
0xff000000, 0xff000000, 0xff000000, 0xff211807, 0xff151518, 0xff151518, 0xff151518, 0xff151518, 0xff151518, 0xff151518, 0xff151518, 0xff151518, 0xff211807, 0xff000000, 0xff000000, 0xff000000, 
0xff000000, 0xff000000, 0xff211807, 0xffcff8e0, 0xff151518, 0xff151518, 0xff151518, 0xff151518, 0xff151518, 0xff151518, 0xff151518, 0xff151518, 0xffcff8e0, 0xff211807, 0xff000000, 0xff000000, 
0xff000000, 0xff000000, 0xff211807, 0xffcff8e0, 0xff151518, 0xff151518, 0xff151518, 0xff151518, 0xff151518, 0xff151518, 0xff151518, 0xff151518, 0xffcff8e0, 0xff211807, 0xff000000, 0xff000000, 
0xff000000, 0xff000000, 0xff000000, 0xff211807, 0xff151518, 0xff151518, 0xff151518, 0xff151518, 0xff151518, 0xff151518, 0xff151518, 0xff151518, 0xff211807, 0xff000000, 0xff000000, 0xff000000, 
0xff000000, 0xff000000, 0xff000000, 0xff000000, 0xff211807, 0xff151518, 0xff151518, 0xff151518, 0xff151518, 0xff151518, 0xff151518, 0xff211807, 0xff000000, 0xff000000, 0xff000000, 0xff000000, 
0xff000000, 0xff000000, 0xff000000, 0xff211807, 0xff151518, 0xff211807, 0xff211807, 0xff151518, 0xff151518, 0xff211807, 0xff211807, 0xff151518, 0xff211807, 0xff000000, 0xff000000, 0xff000000, 
0xff000000, 0xff000000, 0xff211807, 0xff151518, 0xff151518, 0xff151518, 0xff151518, 0xff151518, 0xff151518, 0xff151518, 0xff151518, 0xff151518, 0xff151518, 0xff211807, 0xff000000, 0xff000000, 
0xff000000, 0xff211807, 0xff151518, 0xff151518, 0xff211807, 0xff151518, 0xff151518, 0xff151518, 0xff151518, 0xff151518, 0xff151518, 0xff211807, 0xff151518, 0xff151518, 0xff211807, 0xff000000, 
0xff000000, 0xff211807, 0xff151518, 0xffcff8e0, 0xff211807, 0xff151518, 0xff151518, 0xff151518, 0xff151518, 0xff151518, 0xff151518, 0xff211807, 0xffcff8e0, 0xff151518, 0xff211807, 0xff000000, 
0xff000000, 0xff000000, 0xff211807, 0xff211807, 0xff211807, 0xff151518, 0xff151518, 0xff151518, 0xff151518, 0xff151518, 0xff151518, 0xff211807, 0xff211807, 0xff211807, 0xff000000, 0xff000000, 
0xff000000, 0xff000000, 0xff000000, 0xff000000, 0xff211807, 0xff151518, 0xff151518, 0xff211807, 0xff211807, 0xff151518, 0xff151518, 0xff211807, 0xff000000, 0xff000000, 0xff000000, 0xff000000, 
0xff000000, 0xff000000, 0xff000000, 0xff000000, 0xff211807, 0xff151518, 0xff151518, 0xff211807, 0xff211807, 0xff151518, 0xff151518, 0xff211807, 0xff000000, 0xff000000, 0xff000000, 0xff000000
},
{
0xff000000, 0xff000000, 0xff000000, 0xff000000, 0xff000000, 0xff211807, 0xff211807, 0xff211807, 0xff211807, 0xff211807, 0xff211807, 0xff000000, 0xff000000, 0xff000000, 0xff000000, 0xff000000, 
0xff000000, 0xff000000, 0xff000000, 0xff000000, 0xff211807, 0xff151518, 0xff151518, 0xff151518, 0xff151518, 0xff151518, 0xff151518, 0xff211807, 0xff000000, 0xff000000, 0xff000000, 0xff000000, 
0xff000000, 0xff000000, 0xff000000, 0xff211807, 0xff151518, 0xff151518, 0xff151518, 0xff151518, 0xff151518, 0xff151518, 0xff151518, 0xff151518, 0xff211807, 0xff000000, 0xff000000, 0xff000000, 
0xff000000, 0xff000000, 0xff000000, 0xff211807, 0xff151518, 0xff151518, 0xff151518, 0xff151518, 0xff151518, 0xff151518, 0xff151518, 0xff151518, 0xff211807, 0xff000000, 0xff000000, 0xff000000, 
0xff000000, 0xff000000, 0xff211807, 0xffcff8e0, 0xff151518, 0xff151518, 0xff151518, 0xff151518, 0xff151518, 0xff151518, 0xff151518, 0xff151518, 0xffcff8e0, 0xff211807, 0xff000000, 0xff000000, 
0xff000000, 0xff000000, 0xff211807, 0xffcff8e0, 0xff151518, 0xff151518, 0xff151518, 0xff151518, 0xff151518, 0xff151518, 0xff151518, 0xff151518, 0xffcff8e0, 0xff211807, 0xff000000, 0xff000000, 
0xff000000, 0xff000000, 0xff000000, 0xff211807, 0xff151518, 0xff151518, 0xff151518, 0xff151518, 0xff151518, 0xff151518, 0xff151518, 0xff151518, 0xff211807, 0xff000000, 0xff000000, 0xff000000, 
0xff000000, 0xff000000, 0xff000000, 0xff000000, 0xff211807, 0xff151518, 0xff151518, 0xff151518, 0xff151518, 0xff151518, 0xff151518, 0xff211807, 0xff000000, 0xff000000, 0xff000000, 0xff000000, 
0xff000000, 0xff000000, 0xff000000, 0xff211807, 0xff151518, 0xff211807, 0xff211807, 0xff151518, 0xff151518, 0xff211807, 0xff211807, 0xff151518, 0xff211807, 0xff000000, 0xff000000, 0xff000000, 
0xff000000, 0xff000000, 0xff211807, 0xff151518, 0xff151518, 0xff151518, 0xff151518, 0xff151518, 0xff151518, 0xff151518, 0xff151518, 0xff151518, 0xff151518, 0xff211807, 0xff000000, 0xff000000, 
0xff000000, 0xff000000, 0xff211807, 0xffcff8e0, 0xff211807, 0xff151518, 0xff151518, 0xff151518, 0xff151518, 0xff151518, 0xff211807, 0xff151518, 0xff151518, 0xff211807, 0xff000000, 0xff000000, 
0xff000000, 0xff000000, 0xff000000, 0xff211807, 0xff211807, 0xff211807, 0xff211807, 0xff151518, 0xff151518, 0xff151518, 0xff211807, 0xffcff8e0, 0xff151518, 0xff211807, 0xff000000, 0xff000000, 
0xff000000, 0xff000000, 0xff000000, 0xff000000, 0xff211807, 0xff151518, 0xff151518, 0xff211807, 0xff151518, 0xff151518, 0xff211807, 0xff211807, 0xff211807, 0xff000000, 0xff000000, 0xff000000, 
0xff000000, 0xff000000, 0xff000000, 0xff000000, 0xff211807, 0xffcff8e0, 0xffcff8e0, 0xff211807, 0xff211807, 0xff211807, 0xff211807, 0xff000000, 0xff000000, 0xff000000, 0xff000000, 0xff000000, 
0xff000000, 0xff000000, 0xff000000, 0xff000000, 0xff000000, 0xff211807, 0xff211807, 0xff211807, 0xff211807, 0xff211807, 0xff000000, 0xff000000, 0xff000000, 0xff000000, 0xff000000, 0xff000000, 
0xff000000, 0xff000000, 0xff000000, 0xff000000, 0xff000000, 0xff000000, 0xff000000, 0xff000000, 0xff000000, 0xff000000, 0xff000000, 0xff000000, 0xff000000, 0xff000000, 0xff000000, 0xff000000
},
{
0xff000000, 0xff000000, 0xff000000, 0xff000000, 0xff000000, 0xff000000, 0xff000000, 0xff000000, 0xff000000, 0xff000000, 0xff000000, 0xff000000, 0xff000000, 0xff000000, 0xff000000, 0xff000000, 
0xff000000, 0xff000000, 0xff000000, 0xff000000, 0xff000000, 0xff211807, 0xff211807, 0xff211807, 0xff211807, 0xff211807, 0xff211807, 0xff000000, 0xff000000, 0xff000000, 0xff000000, 0xff000000, 
0xff000000, 0xff000000, 0xff000000, 0xff000000, 0xff211807, 0xff151518, 0xff151518, 0xff151518, 0xff151518, 0xff151518, 0xff151518, 0xff211807, 0xff000000, 0xff000000, 0xff000000, 0xff000000, 
0xff000000, 0xff000000, 0xff000000, 0xff211807, 0xff151518, 0xff151518, 0xff151518, 0xff151518, 0xff151518, 0xff151518, 0xff151518, 0xff151518, 0xff211807, 0xff000000, 0xff000000, 0xff000000, 
0xff000000, 0xff000000, 0xff000000, 0xff211807, 0xff151518, 0xff151518, 0xff151518, 0xff151518, 0xff151518, 0xff151518, 0xff151518, 0xff151518, 0xff211807, 0xff000000, 0xff000000, 0xff000000, 
0xff000000, 0xff000000, 0xff211807, 0xffcff8e0, 0xff151518, 0xff151518, 0xff151518, 0xff151518, 0xff151518, 0xff151518, 0xff151518, 0xff151518, 0xffcff8e0, 0xff211807, 0xff000000, 0xff000000, 
0xff000000, 0xff000000, 0xff211807, 0xffcff8e0, 0xff151518, 0xff151518, 0xff151518, 0xff151518, 0xff151518, 0xff151518, 0xff151518, 0xff151518, 0xffcff8e0, 0xff211807, 0xff000000, 0xff000000, 
0xff000000, 0xff000000, 0xff000000, 0xff211807, 0xff151518, 0xff151518, 0xff151518, 0xff151518, 0xff151518, 0xff151518, 0xff151518, 0xff151518, 0xff211807, 0xff000000, 0xff000000, 0xff000000, 
0xff000000, 0xff000000, 0xff000000, 0xff000000, 0xff211807, 0xff151518, 0xff151518, 0xff151518, 0xff151518, 0xff151518, 0xff151518, 0xff211807, 0xff000000, 0xff000000, 0xff000000, 0xff000000, 
0xff000000, 0xff000000, 0xff000000, 0xff211807, 0xff151518, 0xff211807, 0xff211807, 0xff151518, 0xff151518, 0xff211807, 0xff211807, 0xff151518, 0xff211807, 0xff000000, 0xff000000, 0xff000000, 
0xff000000, 0xff000000, 0xff211807, 0xff151518, 0xff151518, 0xff151518, 0xff151518, 0xff151518, 0xff151518, 0xff151518, 0xff151518, 0xff151518, 0xff151518, 0xff211807, 0xff000000, 0xff000000, 
0xff000000, 0xff211807, 0xff151518, 0xff151518, 0xff211807, 0xff151518, 0xff151518, 0xff151518, 0xff151518, 0xff151518, 0xff151518, 0xff211807, 0xff151518, 0xff151518, 0xff211807, 0xff000000, 
0xff000000, 0xff211807, 0xff151518, 0xffcff8e0, 0xff211807, 0xff151518, 0xff151518, 0xff151518, 0xff151518, 0xff151518, 0xff151518, 0xff211807, 0xffcff8e0, 0xff151518, 0xff211807, 0xff000000, 
0xff000000, 0xff000000, 0xff211807, 0xff211807, 0xff211807, 0xff151518, 0xff151518, 0xff151518, 0xff151518, 0xff151518, 0xff151518, 0xff211807, 0xff211807, 0xff211807, 0xff000000, 0xff000000, 
0xff000000, 0xff000000, 0xff000000, 0xff000000, 0xff211807, 0xff151518, 0xff151518, 0xff211807, 0xff211807, 0xff151518, 0xff151518, 0xff211807, 0xff000000, 0xff000000, 0xff000000, 0xff000000, 
0xff000000, 0xff000000, 0xff000000, 0xff000000, 0xff211807, 0xff151518, 0xff151518, 0xff211807, 0xff211807, 0xff151518, 0xff151518, 0xff211807, 0xff000000, 0xff000000, 0xff000000, 0xff000000
},
{
0xff000000, 0xff000000, 0xff000000, 0xff000000, 0xff000000, 0xff211807, 0xff211807, 0xff211807, 0xff211807, 0xff211807, 0xff211807, 0xff000000, 0xff000000, 0xff000000, 0xff000000, 0xff000000, 
0xff000000, 0xff000000, 0xff000000, 0xff000000, 0xff211807, 0xff151518, 0xff151518, 0xff151518, 0xff151518, 0xff151518, 0xff151518, 0xff211807, 0xff000000, 0xff000000, 0xff000000, 0xff000000, 
0xff000000, 0xff000000, 0xff000000, 0xff211807, 0xff151518, 0xff151518, 0xff151518, 0xff151518, 0xff151518, 0xff151518, 0xff151518, 0xff151518, 0xff211807, 0xff000000, 0xff000000, 0xff000000, 
0xff000000, 0xff000000, 0xff000000, 0xff211807, 0xff151518, 0xff151518, 0xff151518, 0xff151518, 0xff151518, 0xff151518, 0xff151518, 0xff151518, 0xff211807, 0xff000000, 0xff000000, 0xff000000, 
0xff000000, 0xff000000, 0xff211807, 0xffcff8e0, 0xff151518, 0xff151518, 0xff151518, 0xff151518, 0xff151518, 0xff151518, 0xff151518, 0xff151518, 0xffcff8e0, 0xff211807, 0xff000000, 0xff000000, 
0xff000000, 0xff000000, 0xff211807, 0xffcff8e0, 0xff151518, 0xff151518, 0xff151518, 0xff151518, 0xff151518, 0xff151518, 0xff151518, 0xff151518, 0xffcff8e0, 0xff211807, 0xff000000, 0xff000000, 
0xff000000, 0xff000000, 0xff000000, 0xff211807, 0xff151518, 0xff151518, 0xff151518, 0xff151518, 0xff151518, 0xff151518, 0xff151518, 0xff151518, 0xff211807, 0xff000000, 0xff000000, 0xff000000, 
0xff000000, 0xff000000, 0xff000000, 0xff000000, 0xff211807, 0xff151518, 0xff151518, 0xff151518, 0xff151518, 0xff151518, 0xff151518, 0xff211807, 0xff000000, 0xff000000, 0xff000000, 0xff000000, 
0xff000000, 0xff000000, 0xff000000, 0xff211807, 0xff151518, 0xff211807, 0xff211807, 0xff151518, 0xff151518, 0xff211807, 0xff211807, 0xff151518, 0xff211807, 0xff000000, 0xff000000, 0xff000000, 
0xff000000, 0xff000000, 0xff211807, 0xff151518, 0xff151518, 0xff151518, 0xff151518, 0xff151518, 0xff151518, 0xff151518, 0xff151518, 0xff151518, 0xff151518, 0xff211807, 0xff000000, 0xff000000, 
0xff000000, 0xff000000, 0xff211807, 0xff151518, 0xff151518, 0xff211807, 0xff151518, 0xff151518, 0xff151518, 0xff151518, 0xff151518, 0xff211807, 0xffcff8e0, 0xff211807, 0xff000000, 0xff000000, 
0xff000000, 0xff000000, 0xff211807, 0xff151518, 0xffcff8e0, 0xff211807, 0xff151518, 0xff151518, 0xff151518, 0xff211807, 0xff211807, 0xff211807, 0xff211807, 0xff000000, 0xff000000, 0xff000000, 
0xff000000, 0xff000000, 0xff000000, 0xff211807, 0xff211807, 0xff211807, 0xff151518, 0xff151518, 0xff211807, 0xff151518, 0xff151518, 0xff211807, 0xff000000, 0xff000000, 0xff000000, 0xff000000, 
0xff000000, 0xff000000, 0xff000000, 0xff000000, 0xff000000, 0xff211807, 0xff211807, 0xff211807, 0xff211807, 0xffcff8e0, 0xffcff8e0, 0xff211807, 0xff000000, 0xff000000, 0xff000000, 0xff000000, 
0xff000000, 0xff000000, 0xff000000, 0xff000000, 0xff000000, 0xff000000, 0xff211807, 0xff211807, 0xff211807, 0xff211807, 0xff211807, 0xff000000, 0xff000000, 0xff000000, 0xff000000, 0xff000000, 
0xff000000, 0xff000000, 0xff000000, 0xff000000, 0xff000000, 0xff000000, 0xff000000, 0xff000000, 0xff000000, 0xff000000, 0xff000000, 0xff000000, 0xff000000, 0xff000000, 0xff000000, 0xff000000
},
{
0xff000000, 0xff000000, 0xff000000, 0xff000000, 0xff000000, 0xff000000, 0xff000000, 0xff000000, 0xff000000, 0xff000000, 0xff000000, 0xff000000, 0xff000000, 0xff000000, 0xff000000, 0xff000000, 
0xff000000, 0xff000000, 0xff000000, 0xff000000, 0xff000000, 0xff000000, 0xff211807, 0xff211807, 0xff211807, 0xff211807, 0xff211807, 0xff211807, 0xff000000, 0xff000000, 0xff000000, 0xff000000, 
0xff000000, 0xff000000, 0xff000000, 0xff000000, 0xff000000, 0xff211807, 0xff151518, 0xff151518, 0xff151518, 0xff151518, 0xff151518, 0xff151518, 0xff211807, 0xff000000, 0xff000000, 0xff000000, 
0xff000000, 0xff000000, 0xff000000, 0xff000000, 0xff211807, 0xff151518, 0xff151518, 0xff151518, 0xff151518, 0xff151518, 0xff151518, 0xff151518, 0xff151518, 0xff211807, 0xff000000, 0xff000000, 
0xff000000, 0xff000000, 0xff000000, 0xff000000, 0xff211807, 0xff151518, 0xff151518, 0xff151518, 0xff151518, 0xff151518, 0xff151518, 0xff151518, 0xff211807, 0xff211807, 0xff000000, 0xff000000, 
0xff000000, 0xff000000, 0xff000000, 0xff000000, 0xff211807, 0xff151518, 0xff151518, 0xff151518, 0xff151518, 0xffcff8e0, 0xffcff8e0, 0xff151518, 0xffcff8e0, 0xff211807, 0xff000000, 0xff000000, 
0xff000000, 0xff000000, 0xff000000, 0xff000000, 0xff211807, 0xff151518, 0xff151518, 0xff151518, 0xff151518, 0xffcff8e0, 0xffcff8e0, 0xff151518, 0xffcff8e0, 0xff211807, 0xff000000, 0xff000000, 
0xff000000, 0xff000000, 0xff000000, 0xff000000, 0xff211807, 0xff151518, 0xff151518, 0xff151518, 0xff151518, 0xff151518, 0xffcff8e0, 0xff151518, 0xff151518, 0xff211807, 0xff000000, 0xff000000, 
0xff000000, 0xff000000, 0xff000000, 0xff000000, 0xff000000, 0xff211807, 0xff151518, 0xff151518, 0xff151518, 0xff151518, 0xff151518, 0xff151518, 0xff211807, 0xff000000, 0xff000000, 0xff000000, 
0xff000000, 0xff000000, 0xff000000, 0xff000000, 0xff211807, 0xff151518, 0xff211807, 0xff151518, 0xff151518, 0xff211807, 0xff211807, 0xff211807, 0xff000000, 0xff000000, 0xff000000, 0xff000000, 
0xff000000, 0xff000000, 0xff000000, 0xff211807, 0xff151518, 0xff211807, 0xff151518, 0xff151518, 0xff151518, 0xff151518, 0xff151518, 0xff151518, 0xff211807, 0xff000000, 0xff000000, 0xff000000, 
0xff000000, 0xff000000, 0xff000000, 0xff211807, 0xff151518, 0xff211807, 0xff151518, 0xff151518, 0xff151518, 0xff151518, 0xff211807, 0xff151518, 0xff151518, 0xff211807, 0xff000000, 0xff000000, 
0xff000000, 0xff000000, 0xff000000, 0xff000000, 0xff211807, 0xff211807, 0xff151518, 0xff211807, 0xff151518, 0xff151518, 0xff211807, 0xffcff8e0, 0xff151518, 0xff211807, 0xff000000, 0xff000000, 
0xff000000, 0xff000000, 0xff000000, 0xff000000, 0xff000000, 0xff211807, 0xff151518, 0xff151518, 0xff211807, 0xff151518, 0xff151518, 0xff211807, 0xff211807, 0xff000000, 0xff000000, 0xff000000, 
0xff000000, 0xff000000, 0xff000000, 0xff000000, 0xff000000, 0xff211807, 0xff151518, 0xffcff8e0, 0xff211807, 0xff151518, 0xff211807, 0xff211807, 0xff000000, 0xff000000, 0xff000000, 0xff000000, 
0xff000000, 0xff000000, 0xff000000, 0xff000000, 0xff000000, 0xff000000, 0xff211807, 0xff211807, 0xff211807, 0xff151518, 0xffcff8e0, 0xff211807, 0xff000000, 0xff000000, 0xff000000, 0xff000000
},
{
0xff000000, 0xff000000, 0xff000000, 0xff000000, 0xff000000, 0xff000000, 0xff211807, 0xff211807, 0xff211807, 0xff211807, 0xff211807, 0xff211807, 0xff000000, 0xff000000, 0xff000000, 0xff000000, 
0xff000000, 0xff000000, 0xff000000, 0xff000000, 0xff000000, 0xff211807, 0xff151518, 0xff151518, 0xff151518, 0xff151518, 0xff151518, 0xff151518, 0xff211807, 0xff000000, 0xff000000, 0xff000000, 
0xff000000, 0xff000000, 0xff000000, 0xff000000, 0xff211807, 0xff151518, 0xff151518, 0xff151518, 0xff151518, 0xff151518, 0xff151518, 0xff151518, 0xff151518, 0xff211807, 0xff000000, 0xff000000, 
0xff000000, 0xff000000, 0xff000000, 0xff000000, 0xff211807, 0xff151518, 0xff151518, 0xff151518, 0xff151518, 0xff151518, 0xff151518, 0xff151518, 0xff211807, 0xff211807, 0xff000000, 0xff000000, 
0xff000000, 0xff000000, 0xff000000, 0xff000000, 0xff211807, 0xff151518, 0xff151518, 0xff151518, 0xff151518, 0xffcff8e0, 0xffcff8e0, 0xff151518, 0xffcff8e0, 0xff211807, 0xff000000, 0xff000000, 
0xff000000, 0xff000000, 0xff000000, 0xff000000, 0xff211807, 0xff151518, 0xff151518, 0xff151518, 0xff151518, 0xffcff8e0, 0xffcff8e0, 0xff151518, 0xffcff8e0, 0xff211807, 0xff000000, 0xff000000, 
0xff000000, 0xff000000, 0xff000000, 0xff000000, 0xff211807, 0xff151518, 0xff151518, 0xff151518, 0xff151518, 0xff151518, 0xffcff8e0, 0xff151518, 0xff151518, 0xff211807, 0xff000000, 0xff000000, 
0xff000000, 0xff000000, 0xff000000, 0xff000000, 0xff000000, 0xff211807, 0xff151518, 0xff151518, 0xff151518, 0xff151518, 0xff151518, 0xff151518, 0xff211807, 0xff000000, 0xff000000, 0xff000000, 
0xff000000, 0xff000000, 0xff000000, 0xff000000, 0xff000000, 0xff211807, 0xff211807, 0xff151518, 0xff151518, 0xff211807, 0xff211807, 0xff211807, 0xff211807, 0xff000000, 0xff000000, 0xff000000, 
0xff000000, 0xff000000, 0xff000000, 0xff000000, 0xff000000, 0xff211807, 0xff151518, 0xff151518, 0xff151518, 0xff151518, 0xff151518, 0xff151518, 0xff211807, 0xff000000, 0xff000000, 0xff000000, 
0xff000000, 0xff000000, 0xff000000, 0xff000000, 0xff211807, 0xff211807, 0xff211807, 0xff151518, 0xff151518, 0xff211807, 0xff151518, 0xff151518, 0xff211807, 0xff211807, 0xff000000, 0xff000000, 
0xff000000, 0xff000000, 0xff000000, 0xff211807, 0xffcff8e0, 0xff151518, 0xff151518, 0xff151518, 0xff211807, 0xffcff8e0, 0xff151518, 0xff211807, 0xffcff8e0, 0xff211807, 0xff000000, 0xff000000, 
0xff000000, 0xff000000, 0xff000000, 0xff211807, 0xffcff8e0, 0xff151518, 0xff211807, 0xff211807, 0xff211807, 0xff151518, 0xff151518, 0xff211807, 0xff211807, 0xff000000, 0xff000000, 0xff000000, 
0xff000000, 0xff000000, 0xff000000, 0xff000000, 0xff211807, 0xff211807, 0xff000000, 0xff000000, 0xff000000, 0xff211807, 0xff211807, 0xff000000, 0xff000000, 0xff000000, 0xff000000, 0xff000000, 
0xff000000, 0xff000000, 0xff000000, 0xff000000, 0xff000000, 0xff000000, 0xff000000, 0xff000000, 0xff000000, 0xff000000, 0xff000000, 0xff000000, 0xff000000, 0xff000000, 0xff000000, 0xff000000, 
0xff000000, 0xff000000, 0xff000000, 0xff000000, 0xff000000, 0xff000000, 0xff000000, 0xff000000, 0xff000000, 0xff000000, 0xff000000, 0xff000000, 0xff000000, 0xff000000, 0xff000000, 0xff000000
},
{
0xff000000, 0xff000000, 0xff000000, 0xff000000, 0xff000000, 0xff000000, 0xff000000, 0xff000000, 0xff000000, 0xff000000, 0xff000000, 0xff000000, 0xff000000, 0xff000000, 0xff000000, 0xff000000, 
0xff000000, 0xff000000, 0xff000000, 0xff000000, 0xff000000, 0xff000000, 0xff211807, 0xff211807, 0xff211807, 0xff211807, 0xff211807, 0xff211807, 0xff000000, 0xff000000, 0xff000000, 0xff000000, 
0xff000000, 0xff000000, 0xff000000, 0xff000000, 0xff000000, 0xff211807, 0xff151518, 0xff151518, 0xff151518, 0xff151518, 0xff151518, 0xff151518, 0xff211807, 0xff000000, 0xff000000, 0xff000000, 
0xff000000, 0xff000000, 0xff000000, 0xff000000, 0xff211807, 0xff151518, 0xff151518, 0xff151518, 0xff151518, 0xff151518, 0xff151518, 0xff151518, 0xff151518, 0xff211807, 0xff000000, 0xff000000, 
0xff000000, 0xff000000, 0xff000000, 0xff000000, 0xff211807, 0xff151518, 0xff151518, 0xff151518, 0xff151518, 0xff151518, 0xff151518, 0xff151518, 0xff211807, 0xff211807, 0xff000000, 0xff000000, 
0xff000000, 0xff000000, 0xff000000, 0xff000000, 0xff211807, 0xff151518, 0xff151518, 0xff151518, 0xff151518, 0xffcff8e0, 0xffcff8e0, 0xff151518, 0xffcff8e0, 0xff211807, 0xff000000, 0xff000000, 
0xff000000, 0xff000000, 0xff000000, 0xff000000, 0xff211807, 0xff151518, 0xff151518, 0xff151518, 0xff151518, 0xffcff8e0, 0xffcff8e0, 0xff151518, 0xffcff8e0, 0xff211807, 0xff000000, 0xff000000, 
0xff000000, 0xff000000, 0xff000000, 0xff000000, 0xff211807, 0xff151518, 0xff151518, 0xff151518, 0xff151518, 0xff151518, 0xffcff8e0, 0xff151518, 0xff151518, 0xff211807, 0xff000000, 0xff000000, 
0xff000000, 0xff000000, 0xff000000, 0xff000000, 0xff000000, 0xff211807, 0xff151518, 0xff151518, 0xff151518, 0xff151518, 0xff151518, 0xff151518, 0xff211807, 0xff000000, 0xff000000, 0xff000000, 
0xff000000, 0xff000000, 0xff000000, 0xff000000, 0xff211807, 0xff151518, 0xff211807, 0xff151518, 0xff151518, 0xff211807, 0xff211807, 0xff211807, 0xff000000, 0xff000000, 0xff000000, 0xff000000, 
0xff000000, 0xff000000, 0xff000000, 0xff211807, 0xff151518, 0xff211807, 0xff151518, 0xff151518, 0xff151518, 0xff151518, 0xff151518, 0xff151518, 0xff211807, 0xff000000, 0xff000000, 0xff000000, 
0xff000000, 0xff000000, 0xff000000, 0xff211807, 0xff151518, 0xff211807, 0xff151518, 0xff151518, 0xff151518, 0xff151518, 0xff211807, 0xff151518, 0xff151518, 0xff211807, 0xff000000, 0xff000000, 
0xff000000, 0xff000000, 0xff000000, 0xff000000, 0xff211807, 0xff211807, 0xff151518, 0xff211807, 0xff151518, 0xff151518, 0xff211807, 0xffcff8e0, 0xff151518, 0xff211807, 0xff000000, 0xff000000, 
0xff000000, 0xff000000, 0xff000000, 0xff000000, 0xff000000, 0xff211807, 0xff151518, 0xff151518, 0xff211807, 0xff151518, 0xff151518, 0xff211807, 0xff211807, 0xff000000, 0xff000000, 0xff000000, 
0xff000000, 0xff000000, 0xff000000, 0xff000000, 0xff000000, 0xff211807, 0xff151518, 0xffcff8e0, 0xff211807, 0xff151518, 0xff211807, 0xff211807, 0xff000000, 0xff000000, 0xff000000, 0xff000000, 
0xff000000, 0xff000000, 0xff000000, 0xff000000, 0xff000000, 0xff000000, 0xff211807, 0xff211807, 0xff211807, 0xff151518, 0xffcff8e0, 0xff211807, 0xff000000, 0xff000000, 0xff000000, 0xff000000
},
{
0xff000000, 0xff000000, 0xff000000, 0xff000000, 0xff000000, 0xff000000, 0xff211807, 0xff211807, 0xff211807, 0xff211807, 0xff211807, 0xff211807, 0xff000000, 0xff000000, 0xff000000, 0xff000000, 
0xff000000, 0xff000000, 0xff000000, 0xff000000, 0xff000000, 0xff211807, 0xff151518, 0xff151518, 0xff151518, 0xff151518, 0xff151518, 0xff151518, 0xff211807, 0xff000000, 0xff000000, 0xff000000, 
0xff000000, 0xff000000, 0xff000000, 0xff000000, 0xff211807, 0xff151518, 0xff151518, 0xff151518, 0xff151518, 0xff151518, 0xff151518, 0xff151518, 0xff151518, 0xff211807, 0xff000000, 0xff000000, 
0xff000000, 0xff000000, 0xff000000, 0xff000000, 0xff211807, 0xff151518, 0xff151518, 0xff151518, 0xff151518, 0xff151518, 0xff151518, 0xff151518, 0xff211807, 0xff211807, 0xff000000, 0xff000000, 
0xff000000, 0xff000000, 0xff000000, 0xff000000, 0xff211807, 0xff151518, 0xff151518, 0xff151518, 0xff151518, 0xffcff8e0, 0xffcff8e0, 0xff151518, 0xffcff8e0, 0xff211807, 0xff000000, 0xff000000, 
0xff000000, 0xff000000, 0xff000000, 0xff000000, 0xff211807, 0xff151518, 0xff151518, 0xff151518, 0xff151518, 0xffcff8e0, 0xffcff8e0, 0xff151518, 0xffcff8e0, 0xff211807, 0xff000000, 0xff000000, 
0xff000000, 0xff000000, 0xff000000, 0xff000000, 0xff211807, 0xff151518, 0xff151518, 0xff151518, 0xff151518, 0xff151518, 0xffcff8e0, 0xff151518, 0xff151518, 0xff211807, 0xff000000, 0xff000000, 
0xff000000, 0xff000000, 0xff000000, 0xff000000, 0xff211807, 0xff211807, 0xff151518, 0xff151518, 0xff151518, 0xff151518, 0xff151518, 0xff151518, 0xff211807, 0xff211807, 0xff000000, 0xff000000, 
0xff000000, 0xff000000, 0xff000000, 0xff211807, 0xff211807, 0xff211807, 0xff211807, 0xff151518, 0xff151518, 0xff211807, 0xff211807, 0xff211807, 0xff151518, 0xffcff8e0, 0xff211807, 0xff000000, 
0xff000000, 0xff000000, 0xff211807, 0xff151518, 0xff151518, 0xff211807, 0xff151518, 0xff151518, 0xff151518, 0xff151518, 0xff151518, 0xff151518, 0xff151518, 0xff151518, 0xff211807, 0xff000000, 
0xff000000, 0xff000000, 0xff211807, 0xff151518, 0xffcff8e0, 0xff211807, 0xff151518, 0xff151518, 0xff151518, 0xff151518, 0xff211807, 0xff211807, 0xff211807, 0xff211807, 0xff000000, 0xff000000, 
0xff000000, 0xff000000, 0xff000000, 0xff211807, 0xff211807, 0xff211807, 0xff211807, 0xff151518, 0xff151518, 0xff211807, 0xff151518, 0xff151518, 0xff211807, 0xff000000, 0xff000000, 0xff000000, 
0xff000000, 0xff000000, 0xff000000, 0xff000000, 0xff211807, 0xff151518, 0xff151518, 0xff151518, 0xff211807, 0xff211807, 0xff211807, 0xff211807, 0xff000000, 0xff000000, 0xff000000, 0xff000000, 
0xff000000, 0xff000000, 0xff000000, 0xff000000, 0xff211807, 0xffcff8e0, 0xffcff8e0, 0xff211807, 0xff211807, 0xff000000, 0xff000000, 0xff000000, 0xff000000, 0xff000000, 0xff000000, 0xff000000, 
0xff000000, 0xff000000, 0xff000000, 0xff000000, 0xff000000, 0xff211807, 0xff211807, 0xff000000, 0xff000000, 0xff000000, 0xff000000, 0xff000000, 0xff000000, 0xff000000, 0xff000000, 0xff000000, 
0xff000000, 0xff000000, 0xff000000, 0xff000000, 0xff000000, 0xff000000, 0xff000000, 0xff000000, 0xff000000, 0xff000000, 0xff000000, 0xff000000, 0xff000000, 0xff000000, 0xff000000, 0xff000000
},
{
0xff000000, 0xff000000, 0xff000000, 0xff000000, 0xff000000, 0xff000000, 0xff000000, 0xff000000, 0xff000000, 0xff000000, 0xff000000, 0xff000000, 0xff000000, 0xff000000, 0xff000000, 0xff000000, 
0xff000000, 0xff000000, 0xff000000, 0xff000000, 0xff000000, 0xff000000, 0xff211807, 0xff211807, 0xff211807, 0xff211807, 0xff211807, 0xff211807, 0xff000000, 0xff000000, 0xff000000, 0xff000000, 
0xff000000, 0xff000000, 0xff000000, 0xff000000, 0xff000000, 0xff211807, 0xff151518, 0xff151518, 0xff151518, 0xff151518, 0xff151518, 0xff151518, 0xff211807, 0xff000000, 0xff000000, 0xff000000, 
0xff000000, 0xff000000, 0xff000000, 0xff000000, 0xff211807, 0xff151518, 0xff151518, 0xff151518, 0xff151518, 0xff151518, 0xff151518, 0xff151518, 0xff151518, 0xff211807, 0xff000000, 0xff000000, 
0xff000000, 0xff000000, 0xff000000, 0xff000000, 0xff211807, 0xff151518, 0xff151518, 0xff151518, 0xff151518, 0xff151518, 0xff211807, 0xff211807, 0xff151518, 0xff211807, 0xff000000, 0xff000000, 
0xff000000, 0xff000000, 0xff000000, 0xff000000, 0xff211807, 0xff151518, 0xffcff8e0, 0xffcff8e0, 0xff151518, 0xff211807, 0xffcff8e0, 0xffcff8e0, 0xff151518, 0xff211807, 0xff000000, 0xff000000, 
0xff000000, 0xff000000, 0xff000000, 0xff000000, 0xff211807, 0xff151518, 0xffcff8e0, 0xffcff8e0, 0xff151518, 0xffcff8e0, 0xffcff8e0, 0xff211807, 0xffcff8e0, 0xff211807, 0xff000000, 0xff000000, 
0xff000000, 0xff000000, 0xff000000, 0xff000000, 0xff211807, 0xff151518, 0xff151518, 0xffcff8e0, 0xff151518, 0xffcff8e0, 0xffcff8e0, 0xff211807, 0xffcff8e0, 0xff211807, 0xff000000, 0xff000000, 
0xff000000, 0xff000000, 0xff000000, 0xff000000, 0xff000000, 0xff211807, 0xff151518, 0xff151518, 0xff151518, 0xff151518, 0xffcff8e0, 0xffcff8e0, 0xff211807, 0xff000000, 0xff000000, 0xff000000, 
0xff000000, 0xff000000, 0xff000000, 0xff000000, 0xff000000, 0xff000000, 0xff211807, 0xff211807, 0xff211807, 0xff211807, 0xff211807, 0xff211807, 0xff000000, 0xff000000, 0xff000000, 0xff000000, 
0xff000000, 0xff000000, 0xff000000, 0xff000000, 0xff000000, 0xff000000, 0xff211807, 0xff151518, 0xff151518, 0xffcff8e0, 0xffcff8e0, 0xff211807, 0xff000000, 0xff000000, 0xff000000, 0xff000000, 
0xff000000, 0xff000000, 0xff000000, 0xff000000, 0xff000000, 0xff000000, 0xff211807, 0xff151518, 0xff151518, 0xff211807, 0xffcff8e0, 0xff211807, 0xff000000, 0xff000000, 0xff000000, 0xff000000, 
0xff000000, 0xff000000, 0xff000000, 0xff000000, 0xff000000, 0xff000000, 0xff211807, 0xff151518, 0xffcff8e0, 0xff211807, 0xff151518, 0xff211807, 0xff000000, 0xff000000, 0xff000000, 0xff000000, 
0xff000000, 0xff000000, 0xff000000, 0xff000000, 0xff000000, 0xff000000, 0xff000000, 0xff211807, 0xff211807, 0xff151518, 0xff151518, 0xff211807, 0xff000000, 0xff000000, 0xff000000, 0xff000000, 
0xff000000, 0xff000000, 0xff000000, 0xff000000, 0xff000000, 0xff000000, 0xff000000, 0xff211807, 0xff151518, 0xff151518, 0xff211807, 0xff211807, 0xff000000, 0xff000000, 0xff000000, 0xff000000, 
0xff000000, 0xff000000, 0xff000000, 0xff000000, 0xff000000, 0xff000000, 0xff000000, 0xff211807, 0xffcff8e0, 0xffcff8e0, 0xff211807, 0xff211807, 0xff000000, 0xff000000, 0xff000000, 0xff000000
},
{
0xff000000, 0xff000000, 0xff000000, 0xff000000, 0xff000000, 0xff000000, 0xff211807, 0xff211807, 0xff211807, 0xff211807, 0xff211807, 0xff211807, 0xff000000, 0xff000000, 0xff000000, 0xff000000, 
0xff000000, 0xff000000, 0xff000000, 0xff000000, 0xff000000, 0xff211807, 0xff151518, 0xff151518, 0xff151518, 0xff151518, 0xff151518, 0xff151518, 0xff211807, 0xff000000, 0xff000000, 0xff000000, 
0xff000000, 0xff000000, 0xff000000, 0xff000000, 0xff211807, 0xff151518, 0xff151518, 0xff151518, 0xff151518, 0xff151518, 0xff151518, 0xff151518, 0xff151518, 0xff211807, 0xff000000, 0xff000000, 
0xff000000, 0xff000000, 0xff000000, 0xff000000, 0xff211807, 0xff151518, 0xff151518, 0xff151518, 0xff151518, 0xff151518, 0xff211807, 0xff211807, 0xff151518, 0xff211807, 0xff000000, 0xff000000, 
0xff000000, 0xff000000, 0xff000000, 0xff000000, 0xff211807, 0xff151518, 0xffcff8e0, 0xffcff8e0, 0xff151518, 0xff211807, 0xffcff8e0, 0xffcff8e0, 0xff151518, 0xff211807, 0xff000000, 0xff000000, 
0xff000000, 0xff000000, 0xff000000, 0xff000000, 0xff211807, 0xff151518, 0xffcff8e0, 0xffcff8e0, 0xff151518, 0xffcff8e0, 0xffcff8e0, 0xff211807, 0xffcff8e0, 0xff211807, 0xff000000, 0xff000000, 
0xff000000, 0xff000000, 0xff000000, 0xff000000, 0xff211807, 0xff151518, 0xff151518, 0xffcff8e0, 0xff151518, 0xffcff8e0, 0xffcff8e0, 0xff211807, 0xffcff8e0, 0xff211807, 0xff000000, 0xff000000, 
0xff000000, 0xff000000, 0xff000000, 0xff000000, 0xff211807, 0xff211807, 0xff151518, 0xff151518, 0xff151518, 0xff151518, 0xffcff8e0, 0xffcff8e0, 0xff211807, 0xff000000, 0xff000000, 0xff000000, 
0xff000000, 0xff000000, 0xff000000, 0xff211807, 0xff151518, 0xff151518, 0xff211807, 0xff211807, 0xff211807, 0xff211807, 0xff211807, 0xff211807, 0xff211807, 0xff000000, 0xff000000, 0xff000000, 
0xff000000, 0xff000000, 0xff211807, 0xff151518, 0xff151518, 0xff151518, 0xff151518, 0xff151518, 0xffcff8e0, 0xffcff8e0, 0xff211807, 0xffcff8e0, 0xff211807, 0xff000000, 0xff000000, 0xff000000, 
0xff000000, 0xff000000, 0xff211807, 0xff151518, 0xffcff8e0, 0xff211807, 0xff151518, 0xff151518, 0xff151518, 0xffcff8e0, 0xff211807, 0xff211807, 0xff000000, 0xff000000, 0xff000000, 0xff000000, 
0xff000000, 0xff000000, 0xff000000, 0xff211807, 0xff211807, 0xff211807, 0xff151518, 0xff151518, 0xff211807, 0xff211807, 0xff211807, 0xff211807, 0xff000000, 0xff000000, 0xff000000, 0xff000000, 
0xff000000, 0xff000000, 0xff000000, 0xff211807, 0xffcff8e0, 0xff211807, 0xff151518, 0xff151518, 0xff151518, 0xff151518, 0xffcff8e0, 0xff211807, 0xff000000, 0xff000000, 0xff000000, 0xff000000, 
0xff000000, 0xff000000, 0xff000000, 0xff000000, 0xff211807, 0xff211807, 0xff211807, 0xff211807, 0xff151518, 0xffcff8e0, 0xff211807, 0xff000000, 0xff000000, 0xff000000, 0xff000000, 0xff000000, 
0xff000000, 0xff000000, 0xff000000, 0xff000000, 0xff000000, 0xff000000, 0xff000000, 0xff000000, 0xff211807, 0xff211807, 0xff000000, 0xff000000, 0xff000000, 0xff000000, 0xff000000, 0xff000000, 
0xff000000, 0xff000000, 0xff000000, 0xff000000, 0xff000000, 0xff000000, 0xff000000, 0xff000000, 0xff000000, 0xff000000, 0xff000000, 0xff000000, 0xff000000, 0xff000000, 0xff000000, 0xff000000
},
{
0xff000000, 0xff000000, 0xff000000, 0xff000000, 0xff000000, 0xff000000, 0xff000000, 0xff000000, 0xff000000, 0xff000000, 0xff000000, 0xff000000, 0xff000000, 0xff000000, 0xff000000, 0xff000000, 
0xff000000, 0xff000000, 0xff000000, 0xff000000, 0xff000000, 0xff000000, 0xff211807, 0xff211807, 0xff211807, 0xff211807, 0xff211807, 0xff211807, 0xff000000, 0xff000000, 0xff000000, 0xff000000, 
0xff000000, 0xff000000, 0xff000000, 0xff000000, 0xff000000, 0xff211807, 0xff151518, 0xff151518, 0xff151518, 0xff151518, 0xff151518, 0xff151518, 0xff211807, 0xff000000, 0xff000000, 0xff000000, 
0xff000000, 0xff000000, 0xff000000, 0xff000000, 0xff211807, 0xff151518, 0xff151518, 0xff151518, 0xff151518, 0xff151518, 0xff151518, 0xff151518, 0xff151518, 0xff211807, 0xff000000, 0xff000000, 
0xff000000, 0xff000000, 0xff000000, 0xff000000, 0xff211807, 0xff151518, 0xff151518, 0xff151518, 0xff151518, 0xff151518, 0xff211807, 0xff211807, 0xff151518, 0xff211807, 0xff000000, 0xff000000, 
0xff000000, 0xff000000, 0xff000000, 0xff000000, 0xff211807, 0xff151518, 0xffcff8e0, 0xffcff8e0, 0xff151518, 0xff211807, 0xffcff8e0, 0xffcff8e0, 0xff151518, 0xff211807, 0xff000000, 0xff000000, 
0xff000000, 0xff000000, 0xff000000, 0xff000000, 0xff211807, 0xff151518, 0xffcff8e0, 0xffcff8e0, 0xff151518, 0xffcff8e0, 0xffcff8e0, 0xff211807, 0xffcff8e0, 0xff211807, 0xff000000, 0xff000000, 
0xff000000, 0xff000000, 0xff000000, 0xff000000, 0xff211807, 0xff151518, 0xff151518, 0xffcff8e0, 0xff151518, 0xffcff8e0, 0xffcff8e0, 0xff211807, 0xffcff8e0, 0xff211807, 0xff000000, 0xff000000, 
0xff000000, 0xff000000, 0xff000000, 0xff000000, 0xff000000, 0xff211807, 0xff151518, 0xff151518, 0xff151518, 0xff151518, 0xffcff8e0, 0xffcff8e0, 0xff211807, 0xff000000, 0xff000000, 0xff000000, 
0xff000000, 0xff000000, 0xff000000, 0xff000000, 0xff000000, 0xff000000, 0xff211807, 0xff211807, 0xff211807, 0xff211807, 0xff211807, 0xff211807, 0xff000000, 0xff000000, 0xff000000, 0xff000000, 
0xff000000, 0xff000000, 0xff000000, 0xff000000, 0xff000000, 0xff000000, 0xff211807, 0xff151518, 0xff151518, 0xffcff8e0, 0xffcff8e0, 0xff211807, 0xff000000, 0xff000000, 0xff000000, 0xff000000, 
0xff000000, 0xff000000, 0xff000000, 0xff000000, 0xff000000, 0xff000000, 0xff211807, 0xff151518, 0xff151518, 0xff211807, 0xffcff8e0, 0xff211807, 0xff000000, 0xff000000, 0xff000000, 0xff000000, 
0xff000000, 0xff000000, 0xff000000, 0xff000000, 0xff000000, 0xff000000, 0xff211807, 0xff151518, 0xffcff8e0, 0xff211807, 0xff151518, 0xff211807, 0xff000000, 0xff000000, 0xff000000, 0xff000000, 
0xff000000, 0xff000000, 0xff000000, 0xff000000, 0xff000000, 0xff000000, 0xff000000, 0xff211807, 0xff211807, 0xff151518, 0xff151518, 0xff211807, 0xff000000, 0xff000000, 0xff000000, 0xff000000, 
0xff000000, 0xff000000, 0xff000000, 0xff000000, 0xff000000, 0xff000000, 0xff000000, 0xff211807, 0xff151518, 0xff151518, 0xff211807, 0xff211807, 0xff000000, 0xff000000, 0xff000000, 0xff000000, 
0xff000000, 0xff000000, 0xff000000, 0xff000000, 0xff000000, 0xff000000, 0xff000000, 0xff211807, 0xffcff8e0, 0xffcff8e0, 0xff211807, 0xff211807, 0xff000000, 0xff000000, 0xff000000, 0xff000000
},
{
0xff000000, 0xff000000, 0xff000000, 0xff000000, 0xff000000, 0xff000000, 0xff211807, 0xff211807, 0xff211807, 0xff211807, 0xff211807, 0xff211807, 0xff000000, 0xff000000, 0xff000000, 0xff000000, 
0xff000000, 0xff000000, 0xff000000, 0xff000000, 0xff000000, 0xff211807, 0xff151518, 0xff151518, 0xff151518, 0xff151518, 0xff151518, 0xff151518, 0xff211807, 0xff000000, 0xff000000, 0xff000000, 
0xff000000, 0xff000000, 0xff000000, 0xff000000, 0xff211807, 0xff151518, 0xff151518, 0xff151518, 0xff151518, 0xff151518, 0xff151518, 0xff151518, 0xff151518, 0xff211807, 0xff000000, 0xff000000, 
0xff000000, 0xff000000, 0xff000000, 0xff000000, 0xff211807, 0xff151518, 0xff151518, 0xff151518, 0xff151518, 0xff151518, 0xff211807, 0xff211807, 0xff151518, 0xff211807, 0xff000000, 0xff000000, 
0xff000000, 0xff000000, 0xff000000, 0xff000000, 0xff211807, 0xff151518, 0xffcff8e0, 0xffcff8e0, 0xff151518, 0xff211807, 0xffcff8e0, 0xffcff8e0, 0xff151518, 0xff211807, 0xff000000, 0xff000000, 
0xff000000, 0xff000000, 0xff000000, 0xff000000, 0xff211807, 0xff151518, 0xffcff8e0, 0xffcff8e0, 0xff151518, 0xffcff8e0, 0xffcff8e0, 0xff211807, 0xffcff8e0, 0xff211807, 0xff000000, 0xff000000, 
0xff000000, 0xff000000, 0xff000000, 0xff000000, 0xff211807, 0xff151518, 0xff151518, 0xffcff8e0, 0xff151518, 0xffcff8e0, 0xffcff8e0, 0xff211807, 0xffcff8e0, 0xff211807, 0xff000000, 0xff000000, 
0xff000000, 0xff000000, 0xff000000, 0xff000000, 0xff000000, 0xff211807, 0xff151518, 0xff151518, 0xff151518, 0xff151518, 0xffcff8e0, 0xffcff8e0, 0xff211807, 0xff000000, 0xff000000, 0xff000000, 
0xff000000, 0xff000000, 0xff000000, 0xff000000, 0xff000000, 0xff211807, 0xff211807, 0xff211807, 0xff211807, 0xff211807, 0xff211807, 0xff211807, 0xff000000, 0xff000000, 0xff000000, 0xff000000, 
0xff000000, 0xff000000, 0xff000000, 0xff000000, 0xff000000, 0xff211807, 0xff151518, 0xff151518, 0xff211807, 0xff211807, 0xffcff8e0, 0xff211807, 0xff000000, 0xff000000, 0xff000000, 0xff000000, 
0xff000000, 0xff000000, 0xff000000, 0xff000000, 0xff211807, 0xff211807, 0xff151518, 0xff151518, 0xff151518, 0xff151518, 0xff211807, 0xff211807, 0xff000000, 0xff000000, 0xff000000, 0xff000000, 
0xff000000, 0xff000000, 0xff000000, 0xff211807, 0xffcff8e0, 0xff151518, 0xff211807, 0xff151518, 0xff151518, 0xffcff8e0, 0xff211807, 0xff211807, 0xff211807, 0xff000000, 0xff000000, 0xff000000, 
0xff000000, 0xff000000, 0xff000000, 0xff211807, 0xffcff8e0, 0xff211807, 0xff151518, 0xff211807, 0xff211807, 0xff211807, 0xff151518, 0xffcff8e0, 0xff211807, 0xff000000, 0xff000000, 0xff000000, 
0xff000000, 0xff000000, 0xff000000, 0xff000000, 0xff211807, 0xff211807, 0xff211807, 0xff211807, 0xff211807, 0xff151518, 0xffcff8e0, 0xff211807, 0xff000000, 0xff000000, 0xff000000, 0xff000000, 
0xff000000, 0xff000000, 0xff000000, 0xff000000, 0xff000000, 0xff000000, 0xff000000, 0xff000000, 0xff000000, 0xff211807, 0xff211807, 0xff000000, 0xff000000, 0xff000000, 0xff000000, 0xff000000, 
0xff000000, 0xff000000, 0xff000000, 0xff000000, 0xff000000, 0xff000000, 0xff000000, 0xff000000, 0xff000000, 0xff000000, 0xff000000, 0xff000000, 0xff000000, 0xff000000, 0xff000000, 0xff000000
},
{
0xff000000, 0xff000000, 0xff000000, 0xff000000, 0xff000000, 0xff000000, 0xff000000, 0xff000000, 0xff000000, 0xff000000, 0xff000000, 0xff000000, 0xff000000, 0xff000000, 0xff000000, 0xff000000, 
0xff000000, 0xff000000, 0xff000000, 0xff000000, 0xff000000, 0xff000000, 0xff211807, 0xff211807, 0xff211807, 0xff211807, 0xff211807, 0xff211807, 0xff000000, 0xff000000, 0xff000000, 0xff000000, 
0xff000000, 0xff000000, 0xff000000, 0xff000000, 0xff000000, 0xff211807, 0xff151518, 0xff151518, 0xff151518, 0xff151518, 0xff151518, 0xff151518, 0xff211807, 0xff000000, 0xff000000, 0xff000000, 
0xff000000, 0xff000000, 0xff000000, 0xff000000, 0xff211807, 0xff151518, 0xff151518, 0xff151518, 0xff151518, 0xff151518, 0xff151518, 0xff151518, 0xff151518, 0xff211807, 0xff000000, 0xff000000, 
0xff000000, 0xff000000, 0xff000000, 0xff000000, 0xff211807, 0xff151518, 0xff151518, 0xff151518, 0xff211807, 0xff211807, 0xff151518, 0xff211807, 0xff211807, 0xff211807, 0xff000000, 0xff000000, 
0xff000000, 0xff000000, 0xff000000, 0xff211807, 0xffcff8e0, 0xffcff8e0, 0xff151518, 0xff211807, 0xffcff8e0, 0xffcff8e0, 0xff151518, 0xffcff8e0, 0xffcff8e0, 0xff211807, 0xff000000, 0xff000000, 
0xff000000, 0xff000000, 0xff000000, 0xff211807, 0xffcff8e0, 0xffcff8e0, 0xff151518, 0xffcff8e0, 0xffcff8e0, 0xff211807, 0xffcff8e0, 0xff211807, 0xffcff8e0, 0xff211807, 0xff000000, 0xff000000, 
0xff000000, 0xff000000, 0xff000000, 0xff000000, 0xff211807, 0xffcff8e0, 0xff151518, 0xffcff8e0, 0xffcff8e0, 0xff211807, 0xffcff8e0, 0xff211807, 0xffcff8e0, 0xff211807, 0xff000000, 0xff000000, 
0xff000000, 0xff000000, 0xff000000, 0xff000000, 0xff000000, 0xff211807, 0xff151518, 0xff151518, 0xffcff8e0, 0xffcff8e0, 0xffcff8e0, 0xffcff8e0, 0xff211807, 0xff000000, 0xff000000, 0xff000000, 
0xff000000, 0xff000000, 0xff000000, 0xff000000, 0xff211807, 0xff151518, 0xff211807, 0xff211807, 0xff211807, 0xff211807, 0xff211807, 0xff211807, 0xff151518, 0xff211807, 0xff000000, 0xff000000, 
0xff000000, 0xff000000, 0xff000000, 0xff211807, 0xff151518, 0xff151518, 0xff151518, 0xff151518, 0xffcff8e0, 0xffcff8e0, 0xffcff8e0, 0xff211807, 0xff151518, 0xff211807, 0xff000000, 0xff000000, 
0xff000000, 0xff000000, 0xff000000, 0xff211807, 0xff151518, 0xff151518, 0xff211807, 0xff151518, 0xff151518, 0xffcff8e0, 0xff151518, 0xff211807, 0xffcff8e0, 0xff211807, 0xff000000, 0xff000000, 
0xff000000, 0xff000000, 0xff000000, 0xff211807, 0xff151518, 0xffcff8e0, 0xff211807, 0xff151518, 0xff151518, 0xff211807, 0xff151518, 0xff211807, 0xff211807, 0xff000000, 0xff000000, 0xff000000, 
0xff000000, 0xff000000, 0xff000000, 0xff000000, 0xff211807, 0xff211807, 0xff151518, 0xff151518, 0xff211807, 0xff151518, 0xff151518, 0xff211807, 0xff000000, 0xff000000, 0xff000000, 0xff000000, 
0xff000000, 0xff000000, 0xff000000, 0xff000000, 0xff000000, 0xff211807, 0xff151518, 0xff151518, 0xff211807, 0xffcff8e0, 0xffcff8e0, 0xff211807, 0xff000000, 0xff000000, 0xff000000, 0xff000000, 
0xff000000, 0xff000000, 0xff000000, 0xff000000, 0xff000000, 0xff211807, 0xffcff8e0, 0xffcff8e0, 0xff211807, 0xff211807, 0xff211807, 0xff000000, 0xff000000, 0xff000000, 0xff000000, 0xff000000
},
{
0xff000000, 0xff000000, 0xff000000, 0xff000000, 0xff000000, 0xff000000, 0xff211807, 0xff211807, 0xff211807, 0xff211807, 0xff211807, 0xff211807, 0xff000000, 0xff000000, 0xff000000, 0xff000000, 
0xff000000, 0xff000000, 0xff000000, 0xff000000, 0xff000000, 0xff211807, 0xff151518, 0xff151518, 0xff151518, 0xff151518, 0xff151518, 0xff151518, 0xff211807, 0xff000000, 0xff000000, 0xff000000, 
0xff000000, 0xff000000, 0xff000000, 0xff000000, 0xff211807, 0xff151518, 0xff151518, 0xff151518, 0xff151518, 0xff151518, 0xff151518, 0xff151518, 0xff151518, 0xff211807, 0xff000000, 0xff000000, 
0xff000000, 0xff000000, 0xff000000, 0xff000000, 0xff211807, 0xff151518, 0xff151518, 0xff151518, 0xff211807, 0xff211807, 0xff151518, 0xff211807, 0xff211807, 0xff211807, 0xff000000, 0xff000000, 
0xff000000, 0xff000000, 0xff000000, 0xff211807, 0xffcff8e0, 0xffcff8e0, 0xff151518, 0xff211807, 0xffcff8e0, 0xffcff8e0, 0xff151518, 0xffcff8e0, 0xffcff8e0, 0xff211807, 0xff000000, 0xff000000, 
0xff000000, 0xff000000, 0xff000000, 0xff211807, 0xffcff8e0, 0xffcff8e0, 0xff151518, 0xffcff8e0, 0xffcff8e0, 0xff211807, 0xffcff8e0, 0xff211807, 0xffcff8e0, 0xff211807, 0xff000000, 0xff000000, 
0xff000000, 0xff000000, 0xff211807, 0xff211807, 0xff211807, 0xffcff8e0, 0xff151518, 0xffcff8e0, 0xffcff8e0, 0xff211807, 0xffcff8e0, 0xff211807, 0xffcff8e0, 0xff211807, 0xff000000, 0xff000000, 
0xff000000, 0xff211807, 0xff151518, 0xff151518, 0xff211807, 0xff211807, 0xff151518, 0xff151518, 0xffcff8e0, 0xffcff8e0, 0xffcff8e0, 0xffcff8e0, 0xff211807, 0xff211807, 0xff000000, 0xff000000, 
0xff000000, 0xff211807, 0xff151518, 0xffcff8e0, 0xff151518, 0xff151518, 0xff211807, 0xff211807, 0xff211807, 0xff211807, 0xff211807, 0xff211807, 0xff151518, 0xff151518, 0xff211807, 0xff000000, 
0xff000000, 0xff000000, 0xff211807, 0xff211807, 0xff211807, 0xff151518, 0xff151518, 0xff151518, 0xffcff8e0, 0xffcff8e0, 0xffcff8e0, 0xff211807, 0xff151518, 0xffcff8e0, 0xff211807, 0xff000000, 
0xff000000, 0xff000000, 0xff000000, 0xff211807, 0xff211807, 0xff151518, 0xff151518, 0xff211807, 0xff151518, 0xffcff8e0, 0xff211807, 0xff211807, 0xff211807, 0xff211807, 0xff000000, 0xff000000, 
0xff000000, 0xff000000, 0xff000000, 0xff000000, 0xff000000, 0xff211807, 0xff151518, 0xff151518, 0xff211807, 0xff211807, 0xff211807, 0xff000000, 0xff000000, 0xff000000, 0xff000000, 0xff000000, 
0xff000000, 0xff000000, 0xff000000, 0xff000000, 0xff000000, 0xff000000, 0xff211807, 0xff151518, 0xffcff8e0, 0xffcff8e0, 0xff211807, 0xff000000, 0xff000000, 0xff000000, 0xff000000, 0xff000000, 
0xff000000, 0xff000000, 0xff000000, 0xff000000, 0xff000000, 0xff000000, 0xff000000, 0xff211807, 0xff151518, 0xff151518, 0xff211807, 0xff000000, 0xff000000, 0xff000000, 0xff000000, 0xff000000, 
0xff000000, 0xff000000, 0xff000000, 0xff000000, 0xff000000, 0xff000000, 0xff000000, 0xff000000, 0xff211807, 0xff211807, 0xff000000, 0xff000000, 0xff000000, 0xff000000, 0xff000000, 0xff000000, 
0xff000000, 0xff000000, 0xff000000, 0xff000000, 0xff000000, 0xff000000, 0xff000000, 0xff000000, 0xff000000, 0xff000000, 0xff000000, 0xff000000, 0xff000000, 0xff000000, 0xff000000, 0xff000000
},
{
0xff000000, 0xff000000, 0xff000000, 0xff000000, 0xff000000, 0xff000000, 0xff000000, 0xff000000, 0xff000000, 0xff000000, 0xff000000, 0xff000000, 0xff000000, 0xff000000, 0xff000000, 0xff000000, 
0xff000000, 0xff000000, 0xff000000, 0xff000000, 0xff000000, 0xff000000, 0xff211807, 0xff211807, 0xff211807, 0xff211807, 0xff211807, 0xff211807, 0xff000000, 0xff000000, 0xff000000, 0xff000000, 
0xff000000, 0xff000000, 0xff000000, 0xff000000, 0xff000000, 0xff211807, 0xff151518, 0xff151518, 0xff151518, 0xff151518, 0xff151518, 0xff151518, 0xff211807, 0xff000000, 0xff000000, 0xff000000, 
0xff000000, 0xff000000, 0xff000000, 0xff000000, 0xff211807, 0xff151518, 0xff151518, 0xff151518, 0xff151518, 0xff151518, 0xff151518, 0xff151518, 0xff151518, 0xff211807, 0xff000000, 0xff000000, 
0xff000000, 0xff000000, 0xff000000, 0xff000000, 0xff211807, 0xff151518, 0xff151518, 0xff151518, 0xff211807, 0xff211807, 0xff151518, 0xff211807, 0xff211807, 0xff211807, 0xff000000, 0xff000000, 
0xff000000, 0xff000000, 0xff000000, 0xff211807, 0xffcff8e0, 0xffcff8e0, 0xff151518, 0xff211807, 0xffcff8e0, 0xffcff8e0, 0xff151518, 0xffcff8e0, 0xffcff8e0, 0xff211807, 0xff000000, 0xff000000, 
0xff000000, 0xff000000, 0xff000000, 0xff211807, 0xffcff8e0, 0xffcff8e0, 0xff151518, 0xffcff8e0, 0xffcff8e0, 0xff211807, 0xffcff8e0, 0xff211807, 0xffcff8e0, 0xff211807, 0xff000000, 0xff000000, 
0xff000000, 0xff000000, 0xff000000, 0xff000000, 0xff211807, 0xffcff8e0, 0xff151518, 0xffcff8e0, 0xffcff8e0, 0xff211807, 0xffcff8e0, 0xff211807, 0xffcff8e0, 0xff211807, 0xff000000, 0xff000000, 
0xff000000, 0xff000000, 0xff000000, 0xff000000, 0xff000000, 0xff211807, 0xff151518, 0xff151518, 0xffcff8e0, 0xffcff8e0, 0xffcff8e0, 0xffcff8e0, 0xff211807, 0xff000000, 0xff000000, 0xff000000, 
0xff000000, 0xff000000, 0xff000000, 0xff000000, 0xff211807, 0xff151518, 0xff211807, 0xff211807, 0xff211807, 0xff211807, 0xff211807, 0xff211807, 0xff151518, 0xff211807, 0xff000000, 0xff000000, 
0xff000000, 0xff000000, 0xff000000, 0xff211807, 0xff151518, 0xff151518, 0xff151518, 0xff151518, 0xffcff8e0, 0xffcff8e0, 0xffcff8e0, 0xff211807, 0xff151518, 0xff211807, 0xff000000, 0xff000000, 
0xff000000, 0xff000000, 0xff000000, 0xff211807, 0xff151518, 0xff151518, 0xff211807, 0xff151518, 0xff151518, 0xffcff8e0, 0xff151518, 0xff211807, 0xffcff8e0, 0xff211807, 0xff000000, 0xff000000, 
0xff000000, 0xff000000, 0xff000000, 0xff211807, 0xff151518, 0xffcff8e0, 0xff211807, 0xff151518, 0xff151518, 0xff211807, 0xff151518, 0xff211807, 0xff211807, 0xff000000, 0xff000000, 0xff000000, 
0xff000000, 0xff000000, 0xff000000, 0xff000000, 0xff211807, 0xff211807, 0xff151518, 0xff151518, 0xff211807, 0xff151518, 0xff151518, 0xff211807, 0xff000000, 0xff000000, 0xff000000, 0xff000000, 
0xff000000, 0xff000000, 0xff000000, 0xff000000, 0xff000000, 0xff211807, 0xff151518, 0xff151518, 0xff211807, 0xffcff8e0, 0xffcff8e0, 0xff211807, 0xff000000, 0xff000000, 0xff000000, 0xff000000, 
0xff000000, 0xff000000, 0xff000000, 0xff000000, 0xff000000, 0xff211807, 0xffcff8e0, 0xffcff8e0, 0xff211807, 0xff211807, 0xff211807, 0xff000000, 0xff000000, 0xff000000, 0xff000000, 0xff000000
},
{
0xff000000, 0xff000000, 0xff000000, 0xff000000, 0xff000000, 0xff000000, 0xff211807, 0xff211807, 0xff211807, 0xff211807, 0xff211807, 0xff211807, 0xff000000, 0xff000000, 0xff000000, 0xff000000, 
0xff000000, 0xff000000, 0xff000000, 0xff000000, 0xff000000, 0xff211807, 0xff151518, 0xff151518, 0xff151518, 0xff151518, 0xff151518, 0xff151518, 0xff211807, 0xff000000, 0xff000000, 0xff000000, 
0xff000000, 0xff000000, 0xff000000, 0xff000000, 0xff211807, 0xff151518, 0xff151518, 0xff151518, 0xff151518, 0xff151518, 0xff151518, 0xff151518, 0xff151518, 0xff211807, 0xff000000, 0xff000000, 
0xff000000, 0xff000000, 0xff000000, 0xff000000, 0xff211807, 0xff151518, 0xff151518, 0xff151518, 0xff211807, 0xff211807, 0xff151518, 0xff211807, 0xff211807, 0xff211807, 0xff000000, 0xff000000, 
0xff000000, 0xff000000, 0xff000000, 0xff211807, 0xffcff8e0, 0xffcff8e0, 0xff151518, 0xff211807, 0xffcff8e0, 0xffcff8e0, 0xff151518, 0xffcff8e0, 0xffcff8e0, 0xff211807, 0xff000000, 0xff000000, 
0xff000000, 0xff000000, 0xff000000, 0xff211807, 0xffcff8e0, 0xffcff8e0, 0xff151518, 0xffcff8e0, 0xffcff8e0, 0xff211807, 0xffcff8e0, 0xff211807, 0xffcff8e0, 0xff211807, 0xff000000, 0xff000000, 
0xff000000, 0xff000000, 0xff000000, 0xff000000, 0xff211807, 0xffcff8e0, 0xff151518, 0xffcff8e0, 0xffcff8e0, 0xff211807, 0xffcff8e0, 0xff211807, 0xffcff8e0, 0xff211807, 0xff000000, 0xff000000, 
0xff000000, 0xff000000, 0xff000000, 0xff000000, 0xff000000, 0xff211807, 0xff151518, 0xff151518, 0xffcff8e0, 0xffcff8e0, 0xffcff8e0, 0xffcff8e0, 0xff211807, 0xff000000, 0xff000000, 0xff000000, 
0xff000000, 0xff000000, 0xff000000, 0xff000000, 0xff211807, 0xff151518, 0xff211807, 0xff211807, 0xff211807, 0xff211807, 0xff211807, 0xff211807, 0xff000000, 0xff000000, 0xff000000, 0xff000000, 
0xff000000, 0xff000000, 0xff000000, 0xff000000, 0xff211807, 0xff151518, 0xff151518, 0xff211807, 0xffcff8e0, 0xffcff8e0, 0xffcff8e0, 0xff211807, 0xff000000, 0xff000000, 0xff000000, 0xff000000, 
0xff000000, 0xff000000, 0xff000000, 0xff000000, 0xff211807, 0xff151518, 0xff151518, 0xff151518, 0xff211807, 0xffcff8e0, 0xff151518, 0xff211807, 0xff000000, 0xff000000, 0xff000000, 0xff000000, 
0xff000000, 0xff000000, 0xff000000, 0xff000000, 0xff211807, 0xff211807, 0xff151518, 0xffcff8e0, 0xff211807, 0xff151518, 0xff151518, 0xff211807, 0xff000000, 0xff000000, 0xff000000, 0xff000000, 
0xff000000, 0xff000000, 0xff000000, 0xff000000, 0xff000000, 0xff211807, 0xff211807, 0xff211807, 0xff211807, 0xff211807, 0xffcff8e0, 0xffcff8e0, 0xff211807, 0xff000000, 0xff000000, 0xff000000, 
0xff000000, 0xff000000, 0xff000000, 0xff000000, 0xff000000, 0xff000000, 0xff000000, 0xff211807, 0xff211807, 0xff211807, 0xff151518, 0xff151518, 0xff211807, 0xff000000, 0xff000000, 0xff000000, 
0xff000000, 0xff000000, 0xff000000, 0xff000000, 0xff000000, 0xff000000, 0xff000000, 0xff000000, 0xff000000, 0xff000000, 0xff211807, 0xff211807, 0xff000000, 0xff000000, 0xff000000, 0xff000000, 
0xff000000, 0xff000000, 0xff000000, 0xff000000, 0xff000000, 0xff000000, 0xff000000, 0xff000000, 0xff000000, 0xff000000, 0xff000000, 0xff000000, 0xff000000, 0xff000000, 0xff000000, 0xff000000
},
{
0xff000000, 0xff000000, 0xff000000, 0xff000000, 0xff000000, 0xff000000, 0xff211807, 0xff211807, 0xff211807, 0xff211807, 0xff211807, 0xff211807, 0xff000000, 0xff000000, 0xff000000, 0xff000000, 
0xff000000, 0xff000000, 0xff000000, 0xff000000, 0xff000000, 0xff211807, 0xff151518, 0xff151518, 0xff151518, 0xff151518, 0xff151518, 0xff151518, 0xff211807, 0xff000000, 0xff000000, 0xff000000, 
0xff000000, 0xff000000, 0xff000000, 0xff000000, 0xff211807, 0xff151518, 0xff151518, 0xff151518, 0xff151518, 0xff151518, 0xff151518, 0xff151518, 0xff151518, 0xff211807, 0xff000000, 0xff000000, 
0xff000000, 0xff000000, 0xff000000, 0xff000000, 0xff211807, 0xff151518, 0xff151518, 0xff151518, 0xff211807, 0xff211807, 0xff151518, 0xff211807, 0xff211807, 0xff211807, 0xff000000, 0xff000000, 
0xff000000, 0xff000000, 0xff000000, 0xff211807, 0xffcff8e0, 0xffcff8e0, 0xff151518, 0xff211807, 0xffcff8e0, 0xffcff8e0, 0xff151518, 0xffcff8e0, 0xffcff8e0, 0xff211807, 0xff000000, 0xff000000, 
0xff000000, 0xff000000, 0xff000000, 0xff211807, 0xffcff8e0, 0xffcff8e0, 0xff151518, 0xffcff8e0, 0xffcff8e0, 0xff211807, 0xffcff8e0, 0xff211807, 0xffcff8e0, 0xff211807, 0xff000000, 0xff000000, 
0xff000000, 0xff000000, 0xff211807, 0xff211807, 0xff211807, 0xffcff8e0, 0xff151518, 0xffcff8e0, 0xffcff8e0, 0xff211807, 0xffcff8e0, 0xff211807, 0xffcff8e0, 0xff211807, 0xff000000, 0xff000000, 
0xff000000, 0xff211807, 0xff151518, 0xff151518, 0xff211807, 0xff211807, 0xff151518, 0xff151518, 0xffcff8e0, 0xffcff8e0, 0xffcff8e0, 0xffcff8e0, 0xff211807, 0xff211807, 0xff000000, 0xff000000, 
0xff000000, 0xff211807, 0xff151518, 0xffcff8e0, 0xff151518, 0xff151518, 0xff211807, 0xff211807, 0xff211807, 0xff211807, 0xff211807, 0xff211807, 0xff151518, 0xffcff8e0, 0xffcff8e0, 0xffcff8e0, 
0xff000000, 0xff000000, 0xff211807, 0xff211807, 0xff211807, 0xff151518, 0xff151518, 0xff151518, 0xffcff8e0, 0xffcff8e0, 0xffcff8e0, 0xff211807, 0xff151518, 0xffcff8e0, 0xffcff8e0, 0xffcff8e0, 
0xff000000, 0xff000000, 0xff000000, 0xff211807, 0xff211807, 0xff151518, 0xff151518, 0xff211807, 0xff151518, 0xffcff8e0, 0xff211807, 0xff211807, 0xff211807, 0xffcff8e0, 0xffcff8e0, 0xffcff8e0, 
0xff000000, 0xff000000, 0xff000000, 0xff000000, 0xff000000, 0xff211807, 0xff151518, 0xff151518, 0xff211807, 0xff211807, 0xff211807, 0xff000000, 0xff000000, 0xff000000, 0xff000000, 0xff000000, 
0xff000000, 0xff000000, 0xff000000, 0xff000000, 0xff000000, 0xff000000, 0xff211807, 0xff151518, 0xffcff8e0, 0xffcff8e0, 0xff211807, 0xff000000, 0xff000000, 0xff000000, 0xff000000, 0xff000000, 
0xff000000, 0xff000000, 0xff000000, 0xff000000, 0xff000000, 0xff000000, 0xff000000, 0xff211807, 0xff151518, 0xff151518, 0xff211807, 0xff000000, 0xff000000, 0xff000000, 0xff000000, 0xff000000, 
0xff000000, 0xff000000, 0xff000000, 0xff000000, 0xff000000, 0xff000000, 0xff000000, 0xff000000, 0xff211807, 0xff211807, 0xff000000, 0xff000000, 0xff000000, 0xff000000, 0xff000000, 0xff000000, 
0xff000000, 0xff000000, 0xff000000, 0xff000000, 0xff000000, 0xff000000, 0xff000000, 0xff000000, 0xff000000, 0xff000000, 0xff000000, 0xff000000, 0xff000000, 0xff000000, 0xff000000, 0xff000000
},
{
0xff000000, 0xff000000, 0xff000000, 0xff000000, 0xff211807, 0xff211807, 0xff211807, 0xff211807, 0xff211807, 0xff211807, 0xff000000, 0xff000000, 0xff000000, 0xff000000, 0xff000000, 0xff000000, 
0xff000000, 0xff000000, 0xff000000, 0xff211807, 0xff151518, 0xff151518, 0xff151518, 0xff151518, 0xff151518, 0xff151518, 0xff211807, 0xff000000, 0xff000000, 0xff000000, 0xff000000, 0xff000000, 
0xff000000, 0xff000000, 0xff211807, 0xff151518, 0xff151518, 0xff151518, 0xff151518, 0xff151518, 0xff151518, 0xff151518, 0xff151518, 0xff211807, 0xff000000, 0xff000000, 0xff000000, 0xff000000, 
0xff000000, 0xff000000, 0xff211807, 0xff211807, 0xff211807, 0xff151518, 0xff211807, 0xff211807, 0xff151518, 0xff151518, 0xff151518, 0xff211807, 0xff000000, 0xff000000, 0xff000000, 0xff000000, 
0xff000000, 0xff000000, 0xff211807, 0xffcff8e0, 0xffcff8e0, 0xff151518, 0xffcff8e0, 0xffcff8e0, 0xff211807, 0xff151518, 0xffcff8e0, 0xffcff8e0, 0xff211807, 0xff000000, 0xff000000, 0xff000000, 
0xff000000, 0xff000000, 0xff211807, 0xffcff8e0, 0xff211807, 0xffcff8e0, 0xff211807, 0xffcff8e0, 0xffcff8e0, 0xff151518, 0xffcff8e0, 0xffcff8e0, 0xff211807, 0xff000000, 0xff000000, 0xff000000, 
0xff000000, 0xff000000, 0xff211807, 0xffcff8e0, 0xff211807, 0xffcff8e0, 0xff211807, 0xffcff8e0, 0xffcff8e0, 0xff151518, 0xffcff8e0, 0xff211807, 0xff211807, 0xff211807, 0xff000000, 0xff000000, 
0xff000000, 0xff000000, 0xff211807, 0xff211807, 0xffcff8e0, 0xffcff8e0, 0xffcff8e0, 0xffcff8e0, 0xff151518, 0xff151518, 0xff211807, 0xff211807, 0xff151518, 0xff151518, 0xff211807, 0xff000000, 
0xffcff8e0, 0xffcff8e0, 0xffcff8e0, 0xff151518, 0xff211807, 0xff211807, 0xff211807, 0xff211807, 0xff211807, 0xff211807, 0xff151518, 0xff151518, 0xffcff8e0, 0xff151518, 0xff211807, 0xff000000, 
0xffcff8e0, 0xffcff8e0, 0xffcff8e0, 0xff151518, 0xff211807, 0xffcff8e0, 0xffcff8e0, 0xffcff8e0, 0xff151518, 0xff151518, 0xff151518, 0xff211807, 0xff211807, 0xff211807, 0xff000000, 0xff000000, 
0xffcff8e0, 0xffcff8e0, 0xffcff8e0, 0xff211807, 0xff211807, 0xff211807, 0xffcff8e0, 0xff151518, 0xff211807, 0xff151518, 0xff151518, 0xff211807, 0xff211807, 0xff000000, 0xff000000, 0xff000000, 
0xff000000, 0xff000000, 0xff000000, 0xff000000, 0xff000000, 0xff211807, 0xff211807, 0xff211807, 0xff151518, 0xff151518, 0xff211807, 0xff000000, 0xff000000, 0xff000000, 0xff000000, 0xff000000, 
0xff000000, 0xff000000, 0xff000000, 0xff000000, 0xff000000, 0xff211807, 0xffcff8e0, 0xffcff8e0, 0xff151518, 0xff211807, 0xff000000, 0xff000000, 0xff000000, 0xff000000, 0xff000000, 0xff000000, 
0xff000000, 0xff000000, 0xff000000, 0xff000000, 0xff000000, 0xff211807, 0xff151518, 0xff151518, 0xff211807, 0xff000000, 0xff000000, 0xff000000, 0xff000000, 0xff000000, 0xff000000, 0xff000000, 
0xff000000, 0xff000000, 0xff000000, 0xff000000, 0xff000000, 0xff000000, 0xff211807, 0xff211807, 0xff000000, 0xff000000, 0xff000000, 0xff000000, 0xff000000, 0xff000000, 0xff000000, 0xff000000, 
0xff000000, 0xff000000, 0xff000000, 0xff000000, 0xff000000, 0xff000000, 0xff000000, 0xff000000, 0xff000000, 0xff000000, 0xff000000, 0xff000000, 0xff000000, 0xff000000, 0xff000000, 0xff000000
}
};
