#! /opt/homebrew/Cellar/icarus-verilog/13.0/bin/vvp
:ivl_version "13.0 (stable)" "(v13_0)";
:ivl_delay_selection "TYPICAL";
:vpi_time_precision - 12;
:vpi_module "/opt/homebrew/Cellar/icarus-verilog/13.0/lib/ivl/system.vpi";
:vpi_module "/opt/homebrew/Cellar/icarus-verilog/13.0/lib/ivl/vhdl_sys.vpi";
:vpi_module "/opt/homebrew/Cellar/icarus-verilog/13.0/lib/ivl/vhdl_textio.vpi";
:vpi_module "/opt/homebrew/Cellar/icarus-verilog/13.0/lib/ivl/v2005_math.vpi";
:vpi_module "/opt/homebrew/Cellar/icarus-verilog/13.0/lib/ivl/va_math.vpi";
:vpi_module "/opt/homebrew/Cellar/icarus-verilog/13.0/lib/ivl/v2009.vpi";
S_0x10163faf0 .scope package, "$unit" "$unit" 2 1;
 .timescale 0 0;
S_0x10163fc70 .scope module, "doodle_jump" "doodle_jump" 3 3;
 .timescale -9 -12;
    .port_info 0 /INPUT 1 "systemClock50MHz";
    .port_info 1 /INPUT 10 "switches";
    .port_info 2 /OUTPUT 10 "leds";
    .port_info 3 /INPUT 4 "push_buttons";
    .port_info 4 /OUTPUT 7 "hex0";
    .port_info 5 /OUTPUT 7 "hex1";
    .port_info 6 /OUTPUT 7 "hex2";
    .port_info 7 /OUTPUT 7 "hex3";
    .port_info 8 /OUTPUT 7 "hex4";
    .port_info 9 /OUTPUT 7 "hex5";
    .port_info 10 /INOUT 1 "i2c_clock";
    .port_info 11 /INOUT 1 "i2c_data";
    .port_info 12 /INOUT 1 "audio_masterClock";
    .port_info 13 /INOUT 1 "audio_leftRightClock";
    .port_info 14 /INOUT 1 "audio_bitClock";
    .port_info 15 /INOUT 1 "audio_data";
    .port_info 16 /OUTPUT 1 "vga_clock";
    .port_info 17 /OUTPUT 1 "vga_blank_n";
    .port_info 18 /OUTPUT 1 "vga_hs";
    .port_info 19 /OUTPUT 1 "vga_vs";
    .port_info 20 /OUTPUT 1 "vga_sync_n";
    .port_info 21 /OUTPUT 8 "vga_red";
    .port_info 22 /OUTPUT 8 "vga_green";
    .port_info 23 /OUTPUT 8 "vga_blue";
    .port_info 24 /OUTPUT 16 "instructionRegisterContentsOutput";
    .port_info 25 /OUTPUT 16 "programCounterContentsOutput";
    .port_info 26 /OUTPUT 16 "programStateRegisterContentsOutput";
    .port_info 27 /OUTPUT 16 "aluResultOutput";
    .port_info 28 /OUTPUT 5 "aluFlagsOutput";
    .port_info 29 /OUTPUT 3 "controlUnitState";
    .port_info 30 /OUTPUT 3 "controlUnitNextState";
P_0x10163fdf0 .param/l "DATA_WIDTH" 0 3 4, +C4<00000000000000000000000000010000>;
P_0x10163fe30 .param/l "MEMORY_ADDR_WIDTH" 0 3 5, +C4<00000000000000000000000000010000>;
v0x9d71d1b80_0 .net "aluFlagsOutput", 4 0, L_0x9d6c5bcd0;  1 drivers
v0x9d71d1c20_0 .net "aluResultOutput", 15 0, L_0x9d6c5bc60;  1 drivers
v0x9d71d1cc0_0 .net "audio_bitClock", 0 0, L_0x9d70ee940;  1 drivers
v0x9d71d1d60_0 .net "audio_data", 0 0, v0x9d7126da0_0;  1 drivers
v0x9d71d1e00_0 .net "audio_leftRightClock", 0 0, L_0x9d70ee9e0;  1 drivers
v0x9d71d1ea0_0 .net "audio_masterClock", 0 0, L_0x9d70ee8a0;  1 drivers
v0x9d71d1f40_0 .net "controlUnitNextState", 2 0, L_0x9d71df020;  1 drivers
v0x9d71d1fe0_0 .net "controlUnitState", 2 0, L_0x9d71def80;  1 drivers
v0x9d71d2080_0 .net "hex0", 6 0, v0x9d71bbf20_0;  1 drivers
v0x9d71d2120_0 .net "hex1", 6 0, v0x9d71c40a0_0;  1 drivers
v0x9d71d21c0_0 .net "hex2", 6 0, v0x9d71c41e0_0;  1 drivers
v0x9d71d2260_0 .net "hex3", 6 0, v0x9d71c4320_0;  1 drivers
v0x9d71d2300_0 .net "hex4", 6 0, v0x9d71c4460_0;  1 drivers
v0x9d71d23a0_0 .net "hex5", 6 0, v0x9d71c45a0_0;  1 drivers
v0x9d71d2440_0 .net "i2c_clock", 0 0, L_0x9d7066760;  1 drivers
v0x9d71d24e0_0 .net "i2c_data", 0 0, L_0x9d7066800;  1 drivers
v0x9d71d2580_0 .net "instructionRegisterContentsOutput", 15 0, v0x9d71bb0c0_0;  1 drivers
v0x9d71d2620_0 .net "leds", 9 0, v0x9d71d0d20_0;  1 drivers
v0x9d71d26c0_0 .net "programCounterContentsOutput", 15 0, v0x9d71bb660_0;  1 drivers
v0x9d71d2760_0 .net "programStateRegisterContentsOutput", 15 0, v0x9d71bb7a0_0;  1 drivers
o0x9d7421300 .functor BUFZ 4, c4<zzzz>; HiZ drive
v0x9d71d2800_0 .net "push_buttons", 3 0, o0x9d7421300;  0 drivers
o0x9d7423fa0 .functor BUFZ 10, c4<zzzzzzzzzz>; HiZ drive
v0x9d71d28a0_0 .net "switches", 9 0, o0x9d7423fa0;  0 drivers
o0x9d7420880 .functor BUFZ 1, c4<z>; HiZ drive
v0x9d71d2940_0 .net "systemClock50MHz", 0 0, o0x9d7420880;  0 drivers
v0x9d71d29e0_0 .net "vga_blank_n", 0 0, v0x9d71cdfe0_0;  1 drivers
v0x9d71d2a80_0 .net "vga_blue", 7 0, v0x9d71cd860_0;  1 drivers
v0x9d71d2b20_0 .net "vga_clock", 0 0, L_0x9d6cd4310;  1 drivers
v0x9d71d2bc0_0 .net "vga_green", 7 0, v0x9d71cd9a0_0;  1 drivers
v0x9d71d2c60_0 .net "vga_hs", 0 0, v0x9d71ce300_0;  1 drivers
v0x9d71d2d00_0 .net "vga_red", 7 0, v0x9d71cdf40_0;  1 drivers
v0x9d71d2da0_0 .net "vga_sync_n", 0 0, v0x9d71d1a40_0;  1 drivers
v0x9d71d2e40_0 .net "vga_vs", 0 0, v0x9d71ce6c0_0;  1 drivers
S_0x1016404b0 .scope module, "doodle_jump_top_instance" "doodle_jump_top" 3 40, 4 4 0, S_0x10163fc70;
 .timescale -9 -12;
    .port_info 0 /INPUT 1 "systemClock50MHz";
    .port_info 1 /INPUT 10 "switches";
    .port_info 2 /OUTPUT 10 "leds";
    .port_info 3 /INPUT 4 "push_buttons";
    .port_info 4 /OUTPUT 7 "hex0";
    .port_info 5 /OUTPUT 7 "hex1";
    .port_info 6 /OUTPUT 7 "hex2";
    .port_info 7 /OUTPUT 7 "hex3";
    .port_info 8 /OUTPUT 7 "hex4";
    .port_info 9 /OUTPUT 7 "hex5";
    .port_info 10 /INOUT 1 "i2c_clock";
    .port_info 11 /INOUT 1 "i2c_data";
    .port_info 12 /INOUT 1 "audio_masterClock";
    .port_info 13 /INOUT 1 "audio_leftRightClock";
    .port_info 14 /INOUT 1 "audio_bitClock";
    .port_info 15 /INOUT 1 "audio_data";
    .port_info 16 /OUTPUT 1 "vga_clock";
    .port_info 17 /OUTPUT 1 "vga_blank_n";
    .port_info 18 /OUTPUT 1 "vga_hs";
    .port_info 19 /OUTPUT 1 "vga_vs";
    .port_info 20 /OUTPUT 1 "vga_sync_n";
    .port_info 21 /OUTPUT 8 "vga_red";
    .port_info 22 /OUTPUT 8 "vga_green";
    .port_info 23 /OUTPUT 8 "vga_blue";
    .port_info 24 /OUTPUT 16 "instructionRegisterContentsOutput";
    .port_info 25 /OUTPUT 16 "programCounterContentsOutput";
    .port_info 26 /OUTPUT 16 "programStateRegisterContentsOutput";
    .port_info 27 /OUTPUT 16 "aluResultOutput";
    .port_info 28 /OUTPUT 5 "aluFlagsOutput";
    .port_info 29 /OUTPUT 3 "controlUnitState";
    .port_info 30 /OUTPUT 3 "controlUnitNextState";
L_0x9d6c582a0 .functor NOT 1, L_0x9d70ed360, C4<0>, C4<0>, C4<0>;
v0x9d71cf980_0 .net *"_ivl_1", 0 0, L_0x9d70ed360;  1 drivers
v0x9d71cfa20_0 .net "aluFlagsOutput", 4 0, L_0x9d6c5bcd0;  alias, 1 drivers
v0x9d71cfac0_0 .net "aluResultOutput", 15 0, L_0x9d6c5bc60;  alias, 1 drivers
v0x9d71cfb60_0 .net "audio_bitClock", 0 0, L_0x9d70ee940;  alias, 1 drivers
v0x9d71cfc00_0 .net "audio_busy", 0 0, v0x9d7127a20_0;  1 drivers
v0x9d71cfca0_0 .net "audio_configure_ack", 0 0, v0x9d7127c00_0;  1 drivers
v0x9d71cfd40_0 .net "audio_configure_request", 0 0, v0x9d71c4a00_0;  1 drivers
v0x9d71cfde0_0 .net "audio_data", 0 0, v0x9d7126da0_0;  alias, 1 drivers
v0x9d71cfe80_0 .net "audio_done", 0 0, v0x9d7127de0_0;  1 drivers
v0x9d71cff20_0 .net "audio_drum_toggle", 0 0, v0x9d71c4be0_0;  1 drivers
v0x9d71d0000_0 .net "audio_enable_output", 0 0, v0x9d71c4c80_0;  1 drivers
v0x9d71d00a0_0 .net "audio_error", 0 0, v0x9d71b80a0_0;  1 drivers
v0x9d71d0140_0 .net "audio_leftRightClock", 0 0, L_0x9d70ee9e0;  alias, 1 drivers
v0x9d71d01e0_0 .net "audio_masterClock", 0 0, L_0x9d70ee8a0;  alias, 1 drivers
v0x9d71d0280_0 .net "audio_pitch", 7 0, v0x9d71c4dc0_0;  1 drivers
v0x9d71d0320_0 .net "audio_selected_command", 3 0, v0x9d71c4fa0_0;  1 drivers
v0x9d71d03c0_0 .net "controlUnitNextState", 2 0, L_0x9d71df020;  alias, 1 drivers
v0x9d71d0460_0 .net "controlUnitState", 2 0, L_0x9d71def80;  alias, 1 drivers
v0x9d71d0500_0 .net "cpu_memory_address", 15 0, L_0x9d70666c0;  1 drivers
v0x9d71d05a0_0 .net "cpu_memory_read_data", 15 0, v0x9d71c7ac0_0;  1 drivers
v0x9d71d0640_0 .net "cpu_memory_write_data", 15 0, L_0x9d6c5bbf0;  1 drivers
v0x9d71d06e0_0 .net "cpu_memory_write_enable", 0 0, v0x9d71b92c0_0;  1 drivers
v0x9d71d0780_0 .net "hex0", 6 0, v0x9d71bbf20_0;  alias, 1 drivers
v0x9d71d0820_0 .net "hex1", 6 0, v0x9d71c40a0_0;  alias, 1 drivers
v0x9d71d08c0_0 .net "hex2", 6 0, v0x9d71c41e0_0;  alias, 1 drivers
v0x9d71d0960_0 .net "hex3", 6 0, v0x9d71c4320_0;  alias, 1 drivers
v0x9d71d0a00_0 .net "hex4", 6 0, v0x9d71c4460_0;  alias, 1 drivers
v0x9d71d0aa0_0 .net "hex5", 6 0, v0x9d71c45a0_0;  alias, 1 drivers
v0x9d71d0b40_0 .net "i2c_clock", 0 0, L_0x9d7066760;  alias, 1 drivers
v0x9d71d0be0_0 .net "i2c_data", 0 0, L_0x9d7066800;  alias, 1 drivers
v0x9d71d0c80_0 .net "instructionRegisterContentsOutput", 15 0, v0x9d71bb0c0_0;  alias, 1 drivers
v0x9d71d0d20_0 .var "leds", 9 0;
v0x9d71d0dc0_0 .net "platform_wh_bus", 63 0, L_0x9d71df200;  1 drivers
v0x9d71d0e60_0 .net "platform_x_bus", 63 0, L_0x9d71df0c0;  1 drivers
v0x9d71d0f00_0 .net "platform_y_bus", 63 0, L_0x9d71df160;  1 drivers
v0x9d71d0fa0_0 .net "player_x", 15 0, v0x9d71c63a0_0;  1 drivers
v0x9d71d1040_0 .net "player_y", 15 0, v0x9d71c6440_0;  1 drivers
v0x9d71d10e0_0 .net "programCounterContentsOutput", 15 0, v0x9d71bb660_0;  alias, 1 drivers
v0x9d71d1180_0 .net "programStateRegisterContentsOutput", 15 0, v0x9d71bb7a0_0;  alias, 1 drivers
v0x9d71d1220_0 .net "push_buttons", 3 0, o0x9d7421300;  alias, 0 drivers
v0x9d71d12c0_0 .net "rst", 0 0, L_0x9d6c582a0;  1 drivers
v0x9d71d1360_0 .net "score_status", 15 0, v0x9d71c6620_0;  1 drivers
v0x9d71d1400_0 .net "switches", 9 0, o0x9d7423fa0;  alias, 0 drivers
v0x9d71d14a0_0 .net "synced_buttons", 3 0, v0x9d71b8780_0;  1 drivers
v0x9d71d1540_0 .net "synced_switches", 9 0, v0x9d71cc280_0;  1 drivers
v0x9d71d15e0_0 .net "systemClock50MHz", 0 0, o0x9d7420880;  alias, 0 drivers
v0x9d71d1680_0 .net "vga_blank_n", 0 0, v0x9d71cdfe0_0;  alias, 1 drivers
v0x9d71d1720_0 .net "vga_blue", 7 0, v0x9d71cd860_0;  alias, 1 drivers
v0x9d71d17c0_0 .net "vga_clock", 0 0, L_0x9d6cd4310;  alias, 1 drivers
v0x9d71d1860_0 .net "vga_green", 7 0, v0x9d71cd9a0_0;  alias, 1 drivers
v0x9d71d1900_0 .net "vga_hs", 0 0, v0x9d71ce300_0;  alias, 1 drivers
v0x9d71d19a0_0 .net "vga_red", 7 0, v0x9d71cdf40_0;  alias, 1 drivers
v0x9d71d1a40_0 .var "vga_sync_n", 0 0;
v0x9d71d1ae0_0 .net "vga_vs", 0 0, v0x9d71ce6c0_0;  alias, 1 drivers
E_0x9d6cc5f80/0 .event anyedge, v0x9d7126b20_0, v0x9d71b80a0_0, v0x9d7127de0_0, v0x9d7127a20_0;
E_0x9d6cc5f80/1 .event anyedge, v0x9d71baf80_0;
E_0x9d6cc5f80 .event/or E_0x9d6cc5f80/0, E_0x9d6cc5f80/1;
L_0x9d70ed360 .part o0x9d7421300, 0, 1;
L_0x9d70ee800 .part v0x9d71cc280_0, 6, 4;
L_0x9d70eeb20 .part v0x9d71c6620_0, 0, 4;
L_0x9d70eebc0 .part v0x9d71c6620_0, 4, 4;
L_0x9d70eec60 .part v0x9d71c6620_0, 8, 4;
L_0x9d70eed00 .part v0x9d71c6620_0, 12, 4;
L_0x9d70eeda0 .part v0x9d71c63a0_0, 0, 4;
L_0x9d70eee40 .part v0x9d71c6440_0, 0, 4;
S_0x101643990 .scope module, "audio_subsystem_instance" "audio_subsystem" 4 144, 5 3 0, S_0x1016404b0;
 .timescale -9 -12;
    .port_info 0 /INPUT 1 "clk_50mhz";
    .port_info 1 /INPUT 1 "rst";
    .port_info 2 /INPUT 1 "configure_request";
    .port_info 3 /INPUT 4 "selected_command";
    .port_info 4 /INPUT 8 "pitch";
    .port_info 5 /INPUT 1 "drum_toggle";
    .port_info 6 /INPUT 1 "enable_output";
    .port_info 7 /OUTPUT 1 "configure_ack";
    .port_info 8 /OUTPUT 1 "busy";
    .port_info 9 /OUTPUT 1 "done";
    .port_info 10 /OUTPUT 1 "error";
    .port_info 11 /INOUT 1 "i2c_clock";
    .port_info 12 /INOUT 1 "i2c_data";
    .port_info 13 /OUTPUT 1 "audio_master_clock";
    .port_info 14 /OUTPUT 1 "audio_left_right_clock";
    .port_info 15 /OUTPUT 1 "audio_bit_clock";
    .port_info 16 /OUTPUT 1 "audio_data";
v0x9d71277a0_0 .net "audio_bit_clock", 0 0, L_0x9d70ee940;  alias, 1 drivers
v0x9d7127840_0 .net "audio_data", 0 0, v0x9d7126da0_0;  alias, 1 drivers
v0x9d71278e0_0 .net "audio_left_right_clock", 0 0, L_0x9d70ee9e0;  alias, 1 drivers
v0x9d7127980_0 .net "audio_master_clock", 0 0, L_0x9d70ee8a0;  alias, 1 drivers
v0x9d7127a20_0 .var "busy", 0 0;
v0x9d7127ac0_0 .net "busy_internal", 0 0, v0x9d7125fe0_0;  1 drivers
v0x9d7127b60_0 .net "clk_50mhz", 0 0, o0x9d7420880;  alias, 0 drivers
v0x9d7127c00_0 .var "configure_ack", 0 0;
v0x9d7127ca0_0 .var "configure_active", 0 0;
v0x9d7127d40_0 .net "configure_request", 0 0, v0x9d71c4a00_0;  alias, 1 drivers
v0x9d7127de0_0 .var "done", 0 0;
v0x9d7127e80_0 .net "done_internal", 0 0, v0x9d7126620_0;  1 drivers
v0x9d7127f20_0 .net "drum_toggle", 0 0, v0x9d71c4be0_0;  alias, 1 drivers
v0x9d71b8000_0 .net "enable_output", 0 0, v0x9d71c4c80_0;  alias, 1 drivers
v0x9d71b80a0_0 .var "error", 0 0;
v0x9d71b8140_0 .net "error_internal", 0 0, v0x9d7124640_0;  1 drivers
v0x9d71b81e0_0 .net "i2c_clock", 0 0, L_0x9d7066760;  alias, 1 drivers
v0x9d71b8280_0 .net "i2c_data", 0 0, L_0x9d7066800;  alias, 1 drivers
v0x9d71b8320_0 .net "pitch", 7 0, v0x9d71c4dc0_0;  alias, 1 drivers
v0x9d71b83c0_0 .net "rst", 0 0, L_0x9d6c582a0;  alias, 1 drivers
v0x9d71b8460_0 .net "selected_command", 3 0, v0x9d71c4fa0_0;  alias, 1 drivers
E_0x9d6cc5fc0 .event anyedge, v0x9d7125fe0_0, v0x9d7126620_0, v0x9d7124640_0;
S_0x101640630 .scope module, "audio_configurator_select_instance" "audio_configurator_select" 5 44, 6 3 0, S_0x101643990;
 .timescale -9 -12;
    .port_info 0 /INPUT 1 "systemClock";
    .port_info 1 /INPUT 1 "reset";
    .port_info 2 /INPUT 1 "configure";
    .port_info 3 /INPUT 4 "selectedCommand";
    .port_info 4 /OUTPUT 1 "busy";
    .port_info 5 /OUTPUT 1 "done";
    .port_info 6 /OUTPUT 1 "encounteredError";
    .port_info 7 /INOUT 1 "i2c_clock";
    .port_info 8 /INOUT 1 "i2c_data";
P_0x101643b10 .param/l "IDLE_STATE" 1 6 98, +C4<00000000000000000000000000000000>;
P_0x101643b50 .param/l "SEND_COMMAND_STATE" 1 6 99, +C4<00000000000000000000000000000001>;
P_0x101643b90 .param/l "commandCount" 1 6 17, +C4<00000000000000000000000000000001>;
L_0x9d6cd4380 .functor BUFZ 1, v0x9d7126800_0, C4<0>, C4<0>, C4<0>;
v0x9d7125f40_0 .var "addressByte", 7 0;
v0x9d7125fe0_0 .var "busy", 0 0;
v0x9d7126080_0 .var "clk_divider_count", 7 0;
v0x9d7126120 .array "commands", 0 16, 23 0;
v0x9d71261c0_0 .net "configure", 0 0, v0x9d7127ca0_0;  1 drivers
v0x9d7126260_0 .net "controllerBusy", 0 0, v0x9d7125900_0;  1 drivers
v0x9d7126300_0 .net "controllerClock", 0 0, L_0x9d6cd4380;  1 drivers
v0x9d71263a0_0 .net "controllerDone", 0 0, v0x9d71245a0_0;  1 drivers
v0x9d7126440_0 .var "currentCommandIndex", 3 0;
v0x9d71264e0_0 .var "currentState", 2 0;
v0x9d7126580_0 .var "currentStep", 2 0;
v0x9d7126620_0 .var "done", 0 0;
v0x9d71266c0_0 .net "encounteredError", 0 0, v0x9d7124640_0;  alias, 1 drivers
v0x9d7126760_0 .var "firstByte", 7 0;
v0x9d7126800_0 .var "i2c_clk_reg", 0 0;
v0x9d71268a0_0 .net "i2c_clock", 0 0, L_0x9d7066760;  alias, 1 drivers
v0x9d7126940_0 .net "i2c_data", 0 0, L_0x9d7066800;  alias, 1 drivers
v0x9d71269e0_0 .net "reset", 0 0, L_0x9d6c582a0;  alias, 1 drivers
v0x9d7126a80_0 .var "secondByte", 7 0;
v0x9d7126b20_0 .net "selectedCommand", 3 0, v0x9d71c4fa0_0;  alias, 1 drivers
v0x9d7126bc0_0 .var "sendMessage", 0 0;
v0x9d7126c60_0 .net "systemClock", 0 0, o0x9d7420880;  alias, 0 drivers
E_0x9d6cc60c0 .event posedge, v0x9d7124d20_0, v0x9d7126c60_0;
S_0x10162b4e0 .scope module, "i2c_controller_instance" "i2c_controller" 6 81, 7 3 0, S_0x101640630;
 .timescale -9 -12;
    .port_info 0 /INPUT 1 "clock";
    .port_info 1 /INPUT 1 "reset";
    .port_info 2 /INPUT 1 "sendMessage";
    .port_info 3 /INPUT 8 "addressByte";
    .port_info 4 /INPUT 8 "firstByte";
    .port_info 5 /INPUT 8 "secondByte";
    .port_info 6 /OUTPUT 1 "busy";
    .port_info 7 /OUTPUT 1 "done";
    .port_info 8 /OUTPUT 1 "encounteredError";
    .port_info 9 /INOUT 1 "i2c_clock";
    .port_info 10 /INOUT 1 "i2c_data";
P_0x10162b660 .param/l "ACK_STATE" 1 7 28, +C4<00000000000000000000000000000011>;
P_0x10162b6a0 .param/l "IDLE_STATE" 1 7 25, +C4<00000000000000000000000000000000>;
P_0x10162b6e0 .param/l "SEND_BIT_STATE" 1 7 27, +C4<00000000000000000000000000000010>;
P_0x10162b720 .param/l "START_STATE" 1 7 26, +C4<00000000000000000000000000000001>;
P_0x10162b760 .param/l "STOP_STATE" 1 7 29, +C4<00000000000000000000000000000100>;
L_0x9d7454130 .functor BUFT 1, C4<0>, C4<0>, C4<0>, C4<0>;
v0x9d7125a40_0 .net/2u *"_ivl_0", 0 0, L_0x9d7454130;  1 drivers
o0x9d7420040 .functor BUFZ 1, c4<z>; HiZ drive
; Elide local net with no drivers, v0x9d7125b80_0 name=_ivl_2
L_0x9d7454178 .functor BUFT 1, C4<0>, C4<0>, C4<0>, C4<0>;
v0x9d7125c20_0 .net/2u *"_ivl_6", 0 0, L_0x9d7454178;  1 drivers
o0x9d74200a0 .functor BUFZ 1, c4<z>; HiZ drive
; Elide local net with no drivers, v0x9d7125cc0_0 name=_ivl_8
v0x9d7125d60_0 .net "addressByte", 7 0, v0x9d7125f40_0;  1 drivers
v0x9d7125900_0 .var "busy", 0 0;
v0x9d71259a0_0 .net "clock", 0 0, L_0x9d6cd4380;  alias, 1 drivers
v0x9d71246e0_0 .var "currentBitIndex", 3 0;
v0x9d7124780_0 .var "currentByte", 7 0;
v0x9d7124320_0 .var "currentByteIndex", 2 0;
v0x9d7124460_0 .var "currentState", 3 0;
v0x9d7124500_0 .var "currentStep", 3 0;
v0x9d71245a0_0 .var "done", 0 0;
v0x9d7124640_0 .var "encounteredError", 0 0;
v0x9d71241e0_0 .net "firstByte", 7 0, v0x9d7126760_0;  1 drivers
v0x9d7124280_0 .net "i2c_clock", 0 0, L_0x9d7066760;  alias, 1 drivers
v0x9d7124000_0 .net "i2c_data", 0 0, L_0x9d7066800;  alias, 1 drivers
v0x9d7125180_0 .var "pullClockLow", 0 0;
v0x9d7125220_0 .var "pullDataLow", 0 0;
v0x9d7124d20_0 .net "reset", 0 0, L_0x9d6c582a0;  alias, 1 drivers
v0x9d7124dc0_0 .var "savedAddressByte", 7 0;
v0x9d7124be0_0 .var "savedFirstByte", 7 0;
v0x9d7124c80_0 .var "savedSecondByte", 7 0;
v0x9d7125e00_0 .net "secondByte", 7 0, v0x9d7126a80_0;  1 drivers
v0x9d7125ea0_0 .net "sendMessage", 0 0, v0x9d7126bc0_0;  1 drivers
E_0x9d6cc6240 .event posedge, v0x9d7124d20_0, v0x9d71259a0_0;
L_0x9d7066760 .functor MUXZ 1, o0x9d7420040, L_0x9d7454130, v0x9d7125180_0, C4<>;
L_0x9d7066800 .functor MUXZ 1, o0x9d74200a0, L_0x9d7454178, v0x9d7125220_0, C4<>;
S_0x10162f420 .scope module, "simple_audio_output_instance" "simple_audio_output" 5 56, 8 3 0, S_0x101643990;
 .timescale -9 -12;
    .port_info 0 /INPUT 1 "clk_50mhz";
    .port_info 1 /INPUT 1 "rst";
    .port_info 2 /INPUT 1 "enable_output";
    .port_info 3 /INPUT 1 "drum_toggle";
    .port_info 4 /INPUT 8 "pitch";
    .port_info 5 /OUTPUT 1 "aud_xck";
    .port_info 6 /OUTPUT 1 "aud_bclk";
    .port_info 7 /OUTPUT 1 "aud_daclrck";
    .port_info 8 /OUTPUT 1 "aud_dacdat";
v0x9d7126d00_0 .net "aud_bclk", 0 0, L_0x9d70ee940;  alias, 1 drivers
v0x9d7126da0_0 .var "aud_dacdat", 0 0;
v0x9d7126e40_0 .net "aud_daclrck", 0 0, L_0x9d70ee9e0;  alias, 1 drivers
v0x9d7126ee0_0 .net "aud_xck", 0 0, L_0x9d70ee8a0;  alias, 1 drivers
v0x9d7126f80_0 .net "bit_index", 4 0, L_0x9d70eea80;  1 drivers
v0x9d7127020_0 .net "clk_50mhz", 0 0, o0x9d7420880;  alias, 0 drivers
v0x9d71270c0_0 .var "current_sample", 15 0;
v0x9d7127160_0 .net "drum_toggle", 0 0, v0x9d71c4be0_0;  alias, 1 drivers
v0x9d7127200_0 .net "enable_output", 0 0, v0x9d71c4c80_0;  alias, 1 drivers
v0x9d71272a0_0 .var "lfsr", 15 0;
v0x9d7127340_0 .var "master_divider", 1 0;
v0x9d71273e0_0 .net "pitch", 7 0, v0x9d71c4dc0_0;  alias, 1 drivers
v0x9d7127480_0 .net "rst", 0 0, L_0x9d6c582a0;  alias, 1 drivers
v0x9d7127520_0 .var "serial_divider", 7 0;
v0x9d71275c0_0 .var "tone_counter", 15 0;
v0x9d7127660_0 .var "tone_level", 0 0;
v0x9d7127700_0 .var "tone_limit", 15 0;
E_0x9d6cc6280/0 .event negedge, v0x9d7126d00_0;
E_0x9d6cc6280/1 .event posedge, v0x9d7124d20_0;
E_0x9d6cc6280 .event/or E_0x9d6cc6280/0, E_0x9d6cc6280/1;
E_0x9d6cc62c0 .event posedge, v0x9d7124d20_0, v0x9d7126e40_0;
E_0x9d6cc6300 .event posedge, v0x9d7124d20_0, v0x9d7126ee0_0;
E_0x9d6cc6340 .event anyedge, v0x9d71273e0_0;
L_0x9d70ee8a0 .part v0x9d7127340_0, 1, 1;
L_0x9d70ee940 .part v0x9d7127520_0, 2, 1;
L_0x9d70ee9e0 .part v0x9d7127520_0, 7, 1;
L_0x9d70eea80 .part v0x9d7127520_0, 2, 5;
S_0x101626a50 .scope module, "button_synchronizer" "input_synchronizer" 4 68, 9 3 0, S_0x1016404b0;
 .timescale -9 -12;
    .port_info 0 /INPUT 1 "clk";
    .port_info 1 /INPUT 1 "rst";
    .port_info 2 /INPUT 4 "async_in";
    .port_info 3 /OUTPUT 4 "sync_out";
P_0x9d6cc6380 .param/l "WIDTH" 0 9 5, +C4<00000000000000000000000000000100>;
v0x9d71b8500_0 .net "async_in", 3 0, o0x9d7421300;  alias, 0 drivers
v0x9d71b85a0_0 .net "clk", 0 0, o0x9d7420880;  alias, 0 drivers
v0x9d71b8640_0 .net "rst", 0 0, L_0x9d6c582a0;  alias, 1 drivers
v0x9d71b86e0_0 .var "stage1", 3 0;
v0x9d71b8780_0 .var "sync_out", 3 0;
S_0x101626bd0 .scope module, "cpu_core_instance" "cpu_core" 4 84, 10 4 0, S_0x1016404b0;
 .timescale -9 -12;
    .port_info 0 /INPUT 1 "clk";
    .port_info 1 /INPUT 1 "rst";
    .port_info 2 /OUTPUT 1 "memory_write_enable";
    .port_info 3 /OUTPUT 16 "memory_address";
    .port_info 4 /OUTPUT 16 "memory_write_data";
    .port_info 5 /INPUT 16 "memory_read_data";
    .port_info 6 /OUTPUT 16 "instruction_register_contents";
    .port_info 7 /OUTPUT 16 "program_counter_contents";
    .port_info 8 /OUTPUT 16 "program_state_contents";
    .port_info 9 /OUTPUT 16 "alu_result_output";
    .port_info 10 /OUTPUT 5 "alu_flags_output";
    .port_info 11 /OUTPUT 3 "control_state_output";
    .port_info 12 /OUTPUT 3 "control_next_state_output";
P_0x101626d50 .param/l "ADDR_WIDTH" 0 10 7, +C4<00000000000000000000000000010000>;
P_0x101626d90 .param/l "DATA_WIDTH" 0 10 6, +C4<00000000000000000000000000010000>;
L_0x9d6c5bbf0 .functor BUFZ 16, L_0x9d6c5bb80, C4<0000000000000000>, C4<0000000000000000>, C4<0000000000000000>;
L_0x9d6c5bc60 .functor BUFZ 16, v0x9d71b8dc0_0, C4<0000000000000000>, C4<0000000000000000>, C4<0000000000000000>;
L_0x9d6c5bcd0 .functor BUFZ 5, v0x9d71b8b40_0, C4<00000>, C4<00000>, C4<00000>;
L_0x9d74540a0 .functor BUFT 1, C4<0>, C4<0>, C4<0>, C4<0>;
v0x9d71ba940_0 .net/2u *"_ivl_12", 0 0, L_0x9d74540a0;  1 drivers
L_0x9d74540e8 .functor BUFT 1, C4<0>, C4<0>, C4<0>, C4<0>;
v0x9d71ba9e0_0 .net/2u *"_ivl_16", 0 0, L_0x9d74540e8;  1 drivers
v0x9d71baa80_0 .net "alu_flags", 4 0, v0x9d71b8b40_0;  1 drivers
v0x9d71bab20_0 .net "alu_flags_output", 4 0, L_0x9d6c5bcd0;  alias, 1 drivers
v0x9d71babc0_0 .net "alu_input_a", 15 0, L_0x9d7066620;  1 drivers
v0x9d71bac60_0 .net "alu_result", 15 0, v0x9d71b8dc0_0;  1 drivers
v0x9d71bad00_0 .net "alu_result_output", 15 0, L_0x9d6c5bc60;  alias, 1 drivers
v0x9d71bada0_0 .net "alu_select_immediate", 0 0, v0x9d71b9180_0;  1 drivers
v0x9d71bae40_0 .net "clk", 0 0, o0x9d7420880;  alias, 0 drivers
v0x9d71baee0_0 .net "control_next_state_output", 2 0, L_0x9d71df020;  alias, 1 drivers
v0x9d71baf80_0 .net "control_state_output", 2 0, L_0x9d71def80;  alias, 1 drivers
v0x9d71bb020_0 .net "immediate", 15 0, v0x9d71b9900_0;  1 drivers
v0x9d71bb0c0_0 .var "instruction_register_contents", 15 0;
v0x9d71bb160_0 .net "instruction_register_write_enable", 0 0, v0x9d71b9220_0;  1 drivers
v0x9d71bb200_0 .net "memory_address", 15 0, L_0x9d70666c0;  alias, 1 drivers
v0x9d71bb2a0_0 .net "memory_read_data", 15 0, v0x9d71c7ac0_0;  alias, 1 drivers
v0x9d71bb340_0 .net "memory_write_data", 15 0, L_0x9d6c5bbf0;  alias, 1 drivers
v0x9d71bb3e0_0 .net "memory_write_enable", 0 0, v0x9d71b92c0_0;  alias, 1 drivers
v0x9d71bb480_0 .net "next_program_counter", 15 0, v0x9d71b9a40_0;  1 drivers
v0x9d71bb520_0 .net "next_state", 1 0, v0x9d71b9360_0;  1 drivers
v0x9d71bb5c0_0 .net "opcode", 7 0, v0x9d71b9ae0_0;  1 drivers
v0x9d71bb660_0 .var "program_counter_contents", 15 0;
v0x9d71bb700_0 .net "program_counter_write_enable", 0 0, v0x9d71b94a0_0;  1 drivers
v0x9d71bb7a0_0 .var "program_state_contents", 15 0;
v0x9d71bb840_0 .net "program_state_write_enable", 0 0, v0x9d71b9540_0;  1 drivers
v0x9d71bb8e0_0 .net "register_address_a", 3 0, v0x9d71b9cc0_0;  1 drivers
v0x9d71bb980_0 .net "register_address_b", 3 0, v0x9d71b9d60_0;  1 drivers
v0x9d71bba20_0 .net "register_data_a", 15 0, L_0x9d6c5bb10;  1 drivers
v0x9d71bbac0_0 .net "register_data_b", 15 0, L_0x9d6c5bb80;  1 drivers
v0x9d71bbb60_0 .var "register_file_write_data", 15 0;
v0x9d71bbc00_0 .net "register_file_write_enable", 0 0, v0x9d71b95e0_0;  1 drivers
v0x9d71bbca0_0 .net "register_file_write_select", 1 0, v0x9d71b9680_0;  1 drivers
v0x9d71bbd40_0 .net "rst", 0 0, L_0x9d6c582a0;  alias, 1 drivers
v0x9d71bbde0_0 .var "state", 1 0;
v0x9d71bbe80_0 .net "use_register_address", 0 0, v0x9d71b97c0_0;  1 drivers
E_0x9d6cc6480/0 .event anyedge, v0x9d71b9680_0, v0x9d71b8dc0_0, v0x9d71b9e00_0, v0x9d71b9900_0;
E_0x9d6cc6480/1 .event anyedge, v0x9d71bb2a0_0;
E_0x9d6cc6480 .event/or E_0x9d6cc6480/0, E_0x9d6cc6480/1;
L_0x9d70ed180 .part v0x9d71bb7a0_0, 4, 1;
L_0x9d7066620 .functor MUXZ 16, L_0x9d6c5bb10, v0x9d71b9900_0, v0x9d71b9180_0, C4<>;
L_0x9d70666c0 .functor MUXZ 16, v0x9d71bb660_0, L_0x9d6c5bb10, v0x9d71b97c0_0, C4<>;
L_0x9d71def80 .concat [ 2 1 0 0], v0x9d71bbde0_0, L_0x9d74540a0;
L_0x9d71df020 .concat [ 2 1 0 0], v0x9d71b9360_0, L_0x9d74540e8;
S_0x10162e750 .scope module, "alu_instance" "alu" 10 72, 11 4 0, S_0x101626bd0;
 .timescale -9 -12;
    .port_info 0 /INPUT 16 "a";
    .port_info 1 /INPUT 16 "b";
    .port_info 2 /INPUT 8 "opcode";
    .port_info 3 /INPUT 1 "carry_in";
    .port_info 4 /OUTPUT 5 "flags";
    .port_info 5 /OUTPUT 16 "result";
P_0x9d6cc64c0 .param/l "DATA_WIDTH" 0 11 6, +C4<00000000000000000000000000010000>;
v0x9d71b8820_0 .net "a", 15 0, L_0x9d7066620;  alias, 1 drivers
v0x9d71b88c0_0 .net "b", 15 0, L_0x9d6c5bb80;  alias, 1 drivers
v0x9d71b8960_0 .var "c_flag", 0 0;
v0x9d71b8a00_0 .net "carry_in", 0 0, L_0x9d70ed180;  1 drivers
v0x9d71b8aa0_0 .var "f_flag", 0 0;
v0x9d71b8b40_0 .var "flags", 4 0;
v0x9d71b8be0_0 .var "l_flag", 0 0;
v0x9d71b8c80_0 .var "n_flag", 0 0;
v0x9d71b8d20_0 .net "opcode", 7 0, v0x9d71b9ae0_0;  alias, 1 drivers
v0x9d71b8dc0_0 .var "result", 15 0;
v0x9d71b8e60_0 .var/i "shift_amount", 31 0;
v0x9d71b8f00_0 .var/s "signed_a", 15 0;
v0x9d71b8fa0_0 .var/s "signed_b", 15 0;
v0x9d71b9040_0 .var "wide_result", 16 0;
v0x9d71b90e0_0 .var "z_flag", 0 0;
E_0x9d6cc6540/0 .event anyedge, v0x9d71b8820_0, v0x9d71b88c0_0, v0x9d71b8f00_0, v0x9d71b8d20_0;
E_0x9d6cc6540/1 .event anyedge, v0x9d71b9040_0, v0x9d71b8dc0_0, v0x9d71b8a00_0, v0x9d71b8fa0_0;
E_0x9d6cc6540/2 .event anyedge, v0x9d71b8e60_0, v0x9d71b8960_0, v0x9d71b8be0_0, v0x9d71b8aa0_0;
E_0x9d6cc6540/3 .event anyedge, v0x9d71b90e0_0, v0x9d71b8c80_0;
E_0x9d6cc6540 .event/or E_0x9d6cc6540/0, E_0x9d6cc6540/1, E_0x9d6cc6540/2, E_0x9d6cc6540/3;
S_0x10162e8d0 .scope module, "control_unit_instance" "control_unit" 10 81, 12 4 0, S_0x101626bd0;
 .timescale -9 -12;
    .port_info 0 /INPUT 2 "state";
    .port_info 1 /INPUT 8 "opcode";
    .port_info 2 /OUTPUT 2 "next_state";
    .port_info 3 /OUTPUT 1 "memory_write_enable";
    .port_info 4 /OUTPUT 1 "use_register_address";
    .port_info 5 /OUTPUT 1 "register_file_write_enable";
    .port_info 6 /OUTPUT 2 "register_file_write_select";
    .port_info 7 /OUTPUT 1 "instruction_register_write_enable";
    .port_info 8 /OUTPUT 1 "program_counter_write_enable";
    .port_info 9 /OUTPUT 1 "program_state_write_enable";
    .port_info 10 /OUTPUT 1 "alu_select_immediate";
v0x9d71b9180_0 .var "alu_select_immediate", 0 0;
v0x9d71b9220_0 .var "instruction_register_write_enable", 0 0;
v0x9d71b92c0_0 .var "memory_write_enable", 0 0;
v0x9d71b9360_0 .var "next_state", 1 0;
v0x9d71b9400_0 .net "opcode", 7 0, v0x9d71b9ae0_0;  alias, 1 drivers
v0x9d71b94a0_0 .var "program_counter_write_enable", 0 0;
v0x9d71b9540_0 .var "program_state_write_enable", 0 0;
v0x9d71b95e0_0 .var "register_file_write_enable", 0 0;
v0x9d71b9680_0 .var "register_file_write_select", 1 0;
v0x9d71b9720_0 .net "state", 1 0, v0x9d71bbde0_0;  1 drivers
v0x9d71b97c0_0 .var "use_register_address", 0 0;
E_0x9d6cc6580 .event anyedge, v0x9d71b9720_0, v0x9d71b8d20_0;
S_0x10162d770 .scope module, "instruction_decoder_instance" "instruction_decoder" 10 60, 13 4 0, S_0x101626bd0;
 .timescale -9 -12;
    .port_info 0 /INPUT 16 "instruction";
    .port_info 1 /INPUT 16 "program_counter";
    .port_info 2 /INPUT 16 "program_state";
    .port_info 3 /INPUT 16 "register_data_a";
    .port_info 4 /OUTPUT 4 "register_address_a";
    .port_info 5 /OUTPUT 4 "register_address_b";
    .port_info 6 /OUTPUT 16 "immediate";
    .port_info 7 /OUTPUT 8 "opcode";
    .port_info 8 /OUTPUT 16 "next_program_counter";
v0x9d71b9860_0 .var "condition_met", 0 0;
v0x9d71b9900_0 .var "immediate", 15 0;
v0x9d71b99a0_0 .net "instruction", 15 0, v0x9d71bb0c0_0;  alias, 1 drivers
v0x9d71b9a40_0 .var "next_program_counter", 15 0;
v0x9d71b9ae0_0 .var "opcode", 7 0;
v0x9d71b9b80_0 .net "program_counter", 15 0, v0x9d71bb660_0;  alias, 1 drivers
v0x9d71b9c20_0 .net "program_state", 15 0, v0x9d71bb7a0_0;  alias, 1 drivers
v0x9d71b9cc0_0 .var "register_address_a", 3 0;
v0x9d71b9d60_0 .var "register_address_b", 3 0;
v0x9d71b9e00_0 .net "register_data_a", 15 0, L_0x9d6c5bb10;  alias, 1 drivers
E_0x9d6cc65c0/0 .event anyedge, v0x9d71b99a0_0, v0x9d71b9c20_0, v0x9d71b8d20_0, v0x9d71b9860_0;
E_0x9d6cc65c0/1 .event anyedge, v0x9d71b9b80_0, v0x9d71b9900_0, v0x9d71b9e00_0;
E_0x9d6cc65c0 .event/or E_0x9d6cc65c0/0, E_0x9d6cc65c0/1;
S_0x9d71c0000 .scope module, "register_file_instance" "register_file" 10 48, 14 4 0, S_0x101626bd0;
 .timescale -9 -12;
    .port_info 0 /INPUT 1 "clk";
    .port_info 1 /INPUT 1 "rst";
    .port_info 2 /INPUT 1 "write_enable";
    .port_info 3 /INPUT 4 "write_address";
    .port_info 4 /INPUT 16 "write_data";
    .port_info 5 /INPUT 4 "read_address_a";
    .port_info 6 /INPUT 4 "read_address_b";
    .port_info 7 /OUTPUT 16 "read_data_a";
    .port_info 8 /OUTPUT 16 "read_data_b";
P_0x10162d8f0 .param/l "ADDR_WIDTH" 0 14 7, +C4<00000000000000000000000000000100>;
P_0x10162d930 .param/l "DATA_WIDTH" 0 14 6, +C4<00000000000000000000000000010000>;
L_0x9d6c5bb10 .functor BUFZ 16, L_0x9d714dc20, C4<0000000000000000>, C4<0000000000000000>, C4<0000000000000000>;
L_0x9d6c5bb80 .functor BUFZ 16, L_0x9d714dcc0, C4<0000000000000000>, C4<0000000000000000>, C4<0000000000000000>;
v0x9d71b9ea0_0 .net *"_ivl_0", 15 0, L_0x9d714dc20;  1 drivers
v0x9d71b9f40_0 .net *"_ivl_10", 5 0, L_0x9d71deee0;  1 drivers
L_0x9d7454058 .functor BUFT 1, C4<00>, C4<0>, C4<0>, C4<0>;
v0x9d71b9fe0_0 .net *"_ivl_13", 1 0, L_0x9d7454058;  1 drivers
v0x9d71ba080_0 .net *"_ivl_2", 5 0, L_0x9d71dee40;  1 drivers
L_0x9d7454010 .functor BUFT 1, C4<00>, C4<0>, C4<0>, C4<0>;
v0x9d71ba120_0 .net *"_ivl_5", 1 0, L_0x9d7454010;  1 drivers
v0x9d71ba1c0_0 .net *"_ivl_8", 15 0, L_0x9d714dcc0;  1 drivers
v0x9d71ba260_0 .net "clk", 0 0, o0x9d7420880;  alias, 0 drivers
v0x9d71ba300_0 .var/i "index", 31 0;
v0x9d71ba3a0_0 .net "read_address_a", 3 0, v0x9d71b9cc0_0;  alias, 1 drivers
v0x9d71ba440_0 .net "read_address_b", 3 0, v0x9d71b9d60_0;  alias, 1 drivers
v0x9d71ba4e0_0 .net "read_data_a", 15 0, L_0x9d6c5bb10;  alias, 1 drivers
v0x9d71ba580_0 .net "read_data_b", 15 0, L_0x9d6c5bb80;  alias, 1 drivers
v0x9d71ba620 .array "registers", 15 0, 15 0;
v0x9d71ba6c0_0 .net "rst", 0 0, L_0x9d6c582a0;  alias, 1 drivers
v0x9d71ba760_0 .net "write_address", 3 0, v0x9d71b9d60_0;  alias, 1 drivers
v0x9d71ba800_0 .net "write_data", 15 0, v0x9d71bbb60_0;  1 drivers
v0x9d71ba8a0_0 .net "write_enable", 0 0, v0x9d71b95e0_0;  alias, 1 drivers
L_0x9d714dc20 .array/port v0x9d71ba620, L_0x9d71dee40;
L_0x9d71dee40 .concat [ 4 2 0 0], v0x9d71b9cc0_0, L_0x9d7454010;
L_0x9d714dcc0 .array/port v0x9d71ba620, L_0x9d71deee0;
L_0x9d71deee0 .concat [ 4 2 0 0], v0x9d71b9d60_0, L_0x9d7454058;
S_0x9d71c0180 .scope module, "hex0_decoder" "hex_decoder" 4 164, 15 3 0, S_0x1016404b0;
 .timescale -9 -12;
    .port_info 0 /INPUT 4 "value";
    .port_info 1 /OUTPUT 7 "segments";
v0x9d71bbf20_0 .var "segments", 6 0;
v0x9d71c4000_0 .net "value", 3 0, L_0x9d70eeb20;  1 drivers
E_0x9d6cc6680 .event anyedge, v0x9d71c4000_0;
S_0x9d71c0300 .scope module, "hex1_decoder" "hex_decoder" 4 169, 15 3 0, S_0x1016404b0;
 .timescale -9 -12;
    .port_info 0 /INPUT 4 "value";
    .port_info 1 /OUTPUT 7 "segments";
v0x9d71c40a0_0 .var "segments", 6 0;
v0x9d71c4140_0 .net "value", 3 0, L_0x9d70eebc0;  1 drivers
E_0x9d6cc66c0 .event anyedge, v0x9d71c4140_0;
S_0x9d71c0480 .scope module, "hex2_decoder" "hex_decoder" 4 174, 15 3 0, S_0x1016404b0;
 .timescale -9 -12;
    .port_info 0 /INPUT 4 "value";
    .port_info 1 /OUTPUT 7 "segments";
v0x9d71c41e0_0 .var "segments", 6 0;
v0x9d71c4280_0 .net "value", 3 0, L_0x9d70eec60;  1 drivers
E_0x9d6cc6700 .event anyedge, v0x9d71c4280_0;
S_0x9d71c0600 .scope module, "hex3_decoder" "hex_decoder" 4 179, 15 3 0, S_0x1016404b0;
 .timescale -9 -12;
    .port_info 0 /INPUT 4 "value";
    .port_info 1 /OUTPUT 7 "segments";
v0x9d71c4320_0 .var "segments", 6 0;
v0x9d71c43c0_0 .net "value", 3 0, L_0x9d70eed00;  1 drivers
E_0x9d6cc6740 .event anyedge, v0x9d71c43c0_0;
S_0x9d71c0780 .scope module, "hex4_decoder" "hex_decoder" 4 184, 15 3 0, S_0x1016404b0;
 .timescale -9 -12;
    .port_info 0 /INPUT 4 "value";
    .port_info 1 /OUTPUT 7 "segments";
v0x9d71c4460_0 .var "segments", 6 0;
v0x9d71c4500_0 .net "value", 3 0, L_0x9d70eeda0;  1 drivers
E_0x9d6cc6780 .event anyedge, v0x9d71c4500_0;
S_0x9d71c0900 .scope module, "hex5_decoder" "hex_decoder" 4 189, 15 3 0, S_0x1016404b0;
 .timescale -9 -12;
    .port_info 0 /INPUT 4 "value";
    .port_info 1 /OUTPUT 7 "segments";
v0x9d71c45a0_0 .var "segments", 6 0;
v0x9d71c4640_0 .net "value", 3 0, L_0x9d70eee40;  1 drivers
E_0x9d6cc67c0 .event anyedge, v0x9d71c4640_0;
S_0x9d71c0a80 .scope module, "mem_router_instance" "mem_router" 4 100, 16 4 0, S_0x1016404b0;
 .timescale -9 -12;
    .port_info 0 /INPUT 1 "clk";
    .port_info 1 /INPUT 1 "rst";
    .port_info 2 /INPUT 16 "address";
    .port_info 3 /INPUT 16 "write_data";
    .port_info 4 /INPUT 1 "write_enable";
    .port_info 5 /INPUT 4 "push_buttons";
    .port_info 6 /INPUT 10 "switches";
    .port_info 7 /INPUT 1 "audio_busy";
    .port_info 8 /INPUT 1 "audio_done";
    .port_info 9 /INPUT 1 "audio_error";
    .port_info 10 /INPUT 1 "audio_configure_ack";
    .port_info 11 /OUTPUT 16 "read_data";
    .port_info 12 /OUTPUT 16 "player_x";
    .port_info 13 /OUTPUT 16 "player_y";
    .port_info 14 /OUTPUT 64 "platform_x_bus";
    .port_info 15 /OUTPUT 64 "platform_y_bus";
    .port_info 16 /OUTPUT 64 "platform_wh_bus";
    .port_info 17 /OUTPUT 16 "score_status";
    .port_info 18 /OUTPUT 1 "audio_configure_request";
    .port_info 19 /OUTPUT 1 "audio_enable_output";
    .port_info 20 /OUTPUT 1 "audio_drum_toggle";
    .port_info 21 /OUTPUT 4 "audio_selected_command";
    .port_info 22 /OUTPUT 8 "audio_pitch";
P_0x9d6cc6800 .param/str "ROM_INIT_FILE" 0 16 6, "mem/game_demo.memh";
L_0x9d6c5bd40 .functor AND 1, v0x9d71c7a20_0, v0x9d71b92c0_0, C4<1>, C4<1>;
v0x9d71c6b20_0 .net "address", 15 0, L_0x9d70666c0;  alias, 1 drivers
v0x9d71c6bc0_0 .net "audio_busy", 0 0, v0x9d7127a20_0;  alias, 1 drivers
v0x9d71c6c60_0 .net "audio_configure_ack", 0 0, v0x9d7127c00_0;  alias, 1 drivers
v0x9d71c6d00_0 .net "audio_configure_request", 0 0, v0x9d71c4a00_0;  alias, 1 drivers
v0x9d71c6da0_0 .net "audio_done", 0 0, v0x9d7127de0_0;  alias, 1 drivers
v0x9d71c6e40_0 .net "audio_drum_toggle", 0 0, v0x9d71c4be0_0;  alias, 1 drivers
v0x9d71c6ee0_0 .net "audio_enable_output", 0 0, v0x9d71c4c80_0;  alias, 1 drivers
v0x9d71c6f80_0 .net "audio_error", 0 0, v0x9d71b80a0_0;  alias, 1 drivers
v0x9d71c7020_0 .net "audio_pitch", 7 0, v0x9d71c4dc0_0;  alias, 1 drivers
v0x9d71c70c0_0 .net "audio_read_data", 15 0, v0x9d71c4e60_0;  1 drivers
v0x9d71c7160_0 .var "audio_selected", 0 0;
v0x9d71c7200_0 .net "audio_selected_command", 3 0, v0x9d71c4fa0_0;  alias, 1 drivers
v0x9d71c72a0_0 .net "clk", 0 0, o0x9d7420880;  alias, 0 drivers
v0x9d71c7340_0 .net "game_read_data", 15 0, v0x9d71c64e0_0;  1 drivers
v0x9d71c73e0_0 .var "game_selected", 0 0;
v0x9d71c7480_0 .var "io_read_data", 15 0;
v0x9d71c7520_0 .var "io_selected", 0 0;
v0x9d71c75c0_0 .net "platform_wh_bus", 63 0, L_0x9d71df200;  alias, 1 drivers
v0x9d71c7660_0 .net "platform_x_bus", 63 0, L_0x9d71df0c0;  alias, 1 drivers
v0x9d71c7700_0 .net "platform_y_bus", 63 0, L_0x9d71df160;  alias, 1 drivers
v0x9d71c77a0_0 .net "player_x", 15 0, v0x9d71c63a0_0;  alias, 1 drivers
v0x9d71c7840_0 .net "player_y", 15 0, v0x9d71c6440_0;  alias, 1 drivers
v0x9d71c78e0_0 .net "push_buttons", 3 0, v0x9d71b8780_0;  alias, 1 drivers
v0x9d71c7980_0 .net "ram_read_data", 15 0, v0x9d71c5400_0;  1 drivers
v0x9d71c7a20_0 .var "ram_selected", 0 0;
v0x9d71c7ac0_0 .var "read_data", 15 0;
v0x9d71c7b60_0 .net "rom_read_data", 15 0, v0x9d71c69e0_0;  1 drivers
v0x9d71c7c00_0 .var "rom_selected", 0 0;
v0x9d71c7ca0_0 .net "rst", 0 0, L_0x9d6c582a0;  alias, 1 drivers
v0x9d71c7d40_0 .net "score_status", 15 0, v0x9d71c6620_0;  alias, 1 drivers
v0x9d71c7de0_0 .net "switches", 9 0, v0x9d71cc280_0;  alias, 1 drivers
v0x9d71c7e80_0 .net "write_data", 15 0, L_0x9d6c5bbf0;  alias, 1 drivers
v0x9d71c7f20_0 .net "write_enable", 0 0, v0x9d71b92c0_0;  alias, 1 drivers
E_0x9d6cc6880/0 .event anyedge, v0x9d71bb200_0, v0x9d71b8780_0, v0x9d71c7de0_0, v0x9d71c69e0_0;
E_0x9d6cc6880/1 .event anyedge, v0x9d71c7c00_0, v0x9d71c5400_0, v0x9d71c7a20_0, v0x9d71c64e0_0;
E_0x9d6cc6880/2 .event anyedge, v0x9d71c5e00_0, v0x9d71c4e60_0, v0x9d71c4820_0, v0x9d71c7480_0;
E_0x9d6cc6880/3 .event anyedge, v0x9d71c7520_0;
E_0x9d6cc6880 .event/or E_0x9d6cc6880/0, E_0x9d6cc6880/1, E_0x9d6cc6880/2, E_0x9d6cc6880/3;
L_0x9d70ee6c0 .part L_0x9d70666c0, 0, 10;
L_0x9d70ee760 .part L_0x9d70666c0, 0, 10;
S_0x9d71c0c00 .scope module, "audio_regs_instance" "audio_regs" 16 78, 17 4 0, S_0x9d71c0a80;
 .timescale -9 -12;
    .port_info 0 /INPUT 1 "clk";
    .port_info 1 /INPUT 1 "rst";
    .port_info 2 /INPUT 1 "chip_select";
    .port_info 3 /INPUT 1 "write_enable";
    .port_info 4 /INPUT 16 "address";
    .port_info 5 /INPUT 16 "write_data";
    .port_info 6 /INPUT 1 "configure_ack";
    .port_info 7 /INPUT 1 "busy";
    .port_info 8 /INPUT 1 "done";
    .port_info 9 /INPUT 1 "error";
    .port_info 10 /OUTPUT 16 "read_data";
    .port_info 11 /OUTPUT 1 "configure_request";
    .port_info 12 /OUTPUT 1 "enable_output";
    .port_info 13 /OUTPUT 1 "drum_toggle";
    .port_info 14 /OUTPUT 4 "selected_command";
    .port_info 15 /OUTPUT 8 "pitch";
v0x9d71c46e0_0 .net "address", 15 0, L_0x9d70666c0;  alias, 1 drivers
v0x9d71c4780_0 .net "busy", 0 0, v0x9d7127a20_0;  alias, 1 drivers
v0x9d71c4820_0 .net "chip_select", 0 0, v0x9d71c7160_0;  1 drivers
v0x9d71c48c0_0 .net "clk", 0 0, o0x9d7420880;  alias, 0 drivers
v0x9d71c4960_0 .net "configure_ack", 0 0, v0x9d7127c00_0;  alias, 1 drivers
v0x9d71c4a00_0 .var "configure_request", 0 0;
v0x9d71c4aa0_0 .var "debug_shadow", 15 0;
v0x9d71c4b40_0 .net "done", 0 0, v0x9d7127de0_0;  alias, 1 drivers
v0x9d71c4be0_0 .var "drum_toggle", 0 0;
v0x9d71c4c80_0 .var "enable_output", 0 0;
v0x9d71c4d20_0 .net "error", 0 0, v0x9d71b80a0_0;  alias, 1 drivers
v0x9d71c4dc0_0 .var "pitch", 7 0;
v0x9d71c4e60_0 .var "read_data", 15 0;
v0x9d71c4f00_0 .net "rst", 0 0, L_0x9d6c582a0;  alias, 1 drivers
v0x9d71c4fa0_0 .var "selected_command", 3 0;
v0x9d71c5040_0 .net "write_data", 15 0, L_0x9d6c5bbf0;  alias, 1 drivers
v0x9d71c50e0_0 .net "write_enable", 0 0, v0x9d71b92c0_0;  alias, 1 drivers
E_0x9d6cc68c0/0 .event anyedge, v0x9d71bb200_0, v0x9d7126b20_0, v0x9d7127d40_0, v0x9d7127160_0;
E_0x9d6cc68c0/1 .event anyedge, v0x9d7127200_0, v0x9d71273e0_0, v0x9d71b80a0_0, v0x9d7127de0_0;
E_0x9d6cc68c0/2 .event anyedge, v0x9d7127a20_0, v0x9d71c4aa0_0;
E_0x9d6cc68c0 .event/or E_0x9d6cc68c0/0, E_0x9d6cc68c0/1, E_0x9d6cc68c0/2;
S_0x9d71c0d80 .scope module, "data_ram_instance" "sync_ram" 16 54, 18 3 0, S_0x9d71c0a80;
 .timescale -9 -12;
    .port_info 0 /INPUT 1 "clk";
    .port_info 1 /INPUT 1 "we";
    .port_info 2 /INPUT 10 "addr";
    .port_info 3 /INPUT 16 "wdata";
    .port_info 4 /OUTPUT 16 "rdata";
P_0x101643bd0 .param/l "ADDR_WIDTH" 0 18 6, +C4<00000000000000000000000000001010>;
P_0x101643c10 .param/l "DATA_WIDTH" 0 18 5, +C4<00000000000000000000000000010000>;
v0x9d71c5180_0 .net "addr", 9 0, L_0x9d70ee760;  1 drivers
v0x9d71c5220_0 .net "clk", 0 0, o0x9d7420880;  alias, 0 drivers
v0x9d71c52c0_0 .var/i "index", 31 0;
v0x9d71c5360 .array "ram", 1023 0, 15 0;
v0x9d71c5400_0 .var "rdata", 15 0;
v0x9d71c54a0_0 .net "wdata", 15 0, L_0x9d6c5bbf0;  alias, 1 drivers
v0x9d71c5540_0 .net "we", 0 0, L_0x9d6c5bd40;  1 drivers
E_0x9d6cc6980 .event posedge, v0x9d7126c60_0;
S_0x9d71c0f00 .scope module, "game_regs_instance" "game_regs" 16 62, 19 4 0, S_0x9d71c0a80;
 .timescale -9 -12;
    .port_info 0 /INPUT 1 "clk";
    .port_info 1 /INPUT 1 "rst";
    .port_info 2 /INPUT 1 "chip_select";
    .port_info 3 /INPUT 1 "write_enable";
    .port_info 4 /INPUT 16 "address";
    .port_info 5 /INPUT 16 "write_data";
    .port_info 6 /OUTPUT 16 "read_data";
    .port_info 7 /OUTPUT 16 "player_x";
    .port_info 8 /OUTPUT 16 "player_y";
    .port_info 9 /OUTPUT 64 "platform_x_bus";
    .port_info 10 /OUTPUT 64 "platform_y_bus";
    .port_info 11 /OUTPUT 64 "platform_wh_bus";
    .port_info 12 /OUTPUT 16 "score_status";
v0x9d71c5d60_0 .net "address", 15 0, L_0x9d70666c0;  alias, 1 drivers
v0x9d71c5e00_0 .net "chip_select", 0 0, v0x9d71c73e0_0;  1 drivers
v0x9d71c5ea0_0 .net "clk", 0 0, o0x9d7420880;  alias, 0 drivers
v0x9d71c5f40_0 .var/i "index", 31 0;
v0x9d71c5fe0_0 .net "platform_wh_bus", 63 0, L_0x9d71df200;  alias, 1 drivers
v0x9d71c6080 .array "platform_wh_mem", 3 0, 15 0;
v0x9d71c6120_0 .net "platform_x_bus", 63 0, L_0x9d71df0c0;  alias, 1 drivers
v0x9d71c61c0 .array "platform_x_mem", 3 0, 15 0;
v0x9d71c6260_0 .net "platform_y_bus", 63 0, L_0x9d71df160;  alias, 1 drivers
v0x9d71c6300 .array "platform_y_mem", 3 0, 15 0;
v0x9d71c63a0_0 .var "player_x", 15 0;
v0x9d71c6440_0 .var "player_y", 15 0;
v0x9d71c64e0_0 .var "read_data", 15 0;
v0x9d71c6580_0 .net "rst", 0 0, L_0x9d6c582a0;  alias, 1 drivers
v0x9d71c6620_0 .var "score_status", 15 0;
v0x9d71c66c0_0 .net "write_data", 15 0, L_0x9d6c5bbf0;  alias, 1 drivers
v0x9d71c6760_0 .net "write_enable", 0 0, v0x9d71b92c0_0;  alias, 1 drivers
v0x9d71c6080_3 .array/port v0x9d71c6080, 3;
v0x9d71c6080_2 .array/port v0x9d71c6080, 2;
v0x9d71c6080_1 .array/port v0x9d71c6080, 1;
v0x9d71c6080_0 .array/port v0x9d71c6080, 0;
E_0x9d6cc69c0/0 .event anyedge, v0x9d71c6080_3, v0x9d71c6080_2, v0x9d71c6080_1, v0x9d71c6080_0;
v0x9d71c6300_3 .array/port v0x9d71c6300, 3;
v0x9d71c6300_2 .array/port v0x9d71c6300, 2;
v0x9d71c6300_1 .array/port v0x9d71c6300, 1;
v0x9d71c6300_0 .array/port v0x9d71c6300, 0;
E_0x9d6cc69c0/1 .event anyedge, v0x9d71c6300_3, v0x9d71c6300_2, v0x9d71c6300_1, v0x9d71c6300_0;
v0x9d71c61c0_3 .array/port v0x9d71c61c0, 3;
v0x9d71c61c0_2 .array/port v0x9d71c61c0, 2;
v0x9d71c61c0_1 .array/port v0x9d71c61c0, 1;
v0x9d71c61c0_0 .array/port v0x9d71c61c0, 0;
E_0x9d6cc69c0/2 .event anyedge, v0x9d71c61c0_3, v0x9d71c61c0_2, v0x9d71c61c0_1, v0x9d71c61c0_0;
E_0x9d6cc69c0/3 .event anyedge, v0x9d71c6620_0, v0x9d71c6440_0, v0x9d71c63a0_0, v0x9d71bb200_0;
E_0x9d6cc69c0 .event/or E_0x9d6cc69c0/0, E_0x9d6cc69c0/1, E_0x9d6cc69c0/2, E_0x9d6cc69c0/3;
L_0x9d71df0c0 .concat8 [ 16 16 16 16], v0x9d71c61c0_0, v0x9d71c61c0_1, v0x9d71c61c0_2, v0x9d71c61c0_3;
L_0x9d71df160 .concat8 [ 16 16 16 16], v0x9d71c6300_0, v0x9d71c6300_1, v0x9d71c6300_2, v0x9d71c6300_3;
L_0x9d71df200 .concat8 [ 16 16 16 16], v0x9d71c6080_0, v0x9d71c6080_1, v0x9d71c6080_2, v0x9d71c6080_3;
S_0x9d71c1080 .scope generate, "flatten_platform_buses[0]" "flatten_platform_buses[0]" 19 27, 19 27 0, S_0x9d71c0f00;
 .timescale -9 -12;
P_0x9d6cc6a00 .param/l "flatten_index" 1 19 27, +C4<00>;
v0x9d71c55e0_0 .net *"_ivl_2", 15 0, v0x9d71c61c0_0;  1 drivers
v0x9d71c5680_0 .net *"_ivl_5", 15 0, v0x9d71c6300_0;  1 drivers
v0x9d71c5720_0 .net *"_ivl_8", 15 0, v0x9d71c6080_0;  1 drivers
S_0x9d71c1200 .scope generate, "flatten_platform_buses[1]" "flatten_platform_buses[1]" 19 27, 19 27 0, S_0x9d71c0f00;
 .timescale -9 -12;
P_0x9d6cc6a80 .param/l "flatten_index" 1 19 27, +C4<01>;
v0x9d71c57c0_0 .net *"_ivl_2", 15 0, v0x9d71c61c0_1;  1 drivers
v0x9d71c5860_0 .net *"_ivl_5", 15 0, v0x9d71c6300_1;  1 drivers
v0x9d71c5900_0 .net *"_ivl_8", 15 0, v0x9d71c6080_1;  1 drivers
S_0x9d71c1380 .scope generate, "flatten_platform_buses[2]" "flatten_platform_buses[2]" 19 27, 19 27 0, S_0x9d71c0f00;
 .timescale -9 -12;
P_0x9d6cc6b00 .param/l "flatten_index" 1 19 27, +C4<010>;
v0x9d71c59a0_0 .net *"_ivl_2", 15 0, v0x9d71c61c0_2;  1 drivers
v0x9d71c5a40_0 .net *"_ivl_5", 15 0, v0x9d71c6300_2;  1 drivers
v0x9d71c5ae0_0 .net *"_ivl_8", 15 0, v0x9d71c6080_2;  1 drivers
S_0x9d71c1500 .scope generate, "flatten_platform_buses[3]" "flatten_platform_buses[3]" 19 27, 19 27 0, S_0x9d71c0f00;
 .timescale -9 -12;
P_0x9d6cc6b80 .param/l "flatten_index" 1 19 27, +C4<011>;
v0x9d71c5b80_0 .net *"_ivl_2", 15 0, v0x9d71c61c0_3;  1 drivers
v0x9d71c5c20_0 .net *"_ivl_5", 15 0, v0x9d71c6300_3;  1 drivers
v0x9d71c5cc0_0 .net *"_ivl_8", 15 0, v0x9d71c6080_3;  1 drivers
S_0x9d71c1680 .scope module, "program_rom_instance" "program_rom" 16 48, 20 3 0, S_0x9d71c0a80;
 .timescale -9 -12;
    .port_info 0 /INPUT 1 "clk";
    .port_info 1 /INPUT 10 "addr";
    .port_info 2 /OUTPUT 16 "rdata";
P_0x101642d10 .param/l "ADDR_WIDTH" 0 20 6, +C4<00000000000000000000000000001010>;
P_0x101642d50 .param/l "DATA_WIDTH" 0 20 5, +C4<00000000000000000000000000010000>;
P_0x101642d90 .param/str "INIT_FILE" 0 20 7, "mem/game_demo.memh";
v0x9d71c6800_0 .net "addr", 9 0, L_0x9d70ee6c0;  1 drivers
v0x9d71c68a0_0 .net "clk", 0 0, o0x9d7420880;  alias, 0 drivers
v0x9d71c6940_0 .var/i "index", 31 0;
v0x9d71c69e0_0 .var "rdata", 15 0;
v0x9d71c6a80 .array "rom", 1023 0, 15 0;
S_0x9d71c1800 .scope module, "switch_synchronizer" "input_synchronizer" 4 77, 9 3 0, S_0x1016404b0;
 .timescale -9 -12;
    .port_info 0 /INPUT 1 "clk";
    .port_info 1 /INPUT 1 "rst";
    .port_info 2 /INPUT 10 "async_in";
    .port_info 3 /OUTPUT 10 "sync_out";
P_0x9d6cc6cc0 .param/l "WIDTH" 0 9 5, +C4<00000000000000000000000000001010>;
v0x9d71cc000_0 .net "async_in", 9 0, o0x9d7423fa0;  alias, 0 drivers
v0x9d71cc0a0_0 .net "clk", 0 0, o0x9d7420880;  alias, 0 drivers
v0x9d71cc140_0 .net "rst", 0 0, L_0x9d6c582a0;  alias, 1 drivers
v0x9d71cc1e0_0 .var "stage1", 9 0;
v0x9d71cc280_0 .var "sync_out", 9 0;
S_0x9d71c1980 .scope module, "vga_subsystem_instance" "vga_subsystem" 4 126, 21 4 0, S_0x1016404b0;
 .timescale -9 -12;
    .port_info 0 /INPUT 1 "clk_50mhz";
    .port_info 1 /INPUT 1 "rst";
    .port_info 2 /INPUT 16 "player_x";
    .port_info 3 /INPUT 16 "player_y";
    .port_info 4 /INPUT 64 "platform_x_bus";
    .port_info 5 /INPUT 64 "platform_y_bus";
    .port_info 6 /INPUT 64 "platform_wh_bus";
    .port_info 7 /INPUT 4 "player_style_index";
    .port_info 8 /OUTPUT 1 "vga_clock";
    .port_info 9 /OUTPUT 1 "vga_blank_n";
    .port_info 10 /OUTPUT 1 "vga_hs";
    .port_info 11 /OUTPUT 1 "vga_vs";
    .port_info 12 /OUTPUT 8 "vga_red";
    .port_info 13 /OUTPUT 8 "vga_green";
    .port_info 14 /OUTPUT 8 "vga_blue";
v0x9d71ce760_0 .net "background_blue", 7 0, v0x9d71cc320_0;  1 drivers
v0x9d71ce800_0 .net "background_green", 7 0, v0x9d71cc3c0_0;  1 drivers
v0x9d71ce8a0_0 .net "background_red", 7 0, v0x9d71cc5a0_0;  1 drivers
v0x9d71ce940_0 .net "clk_50mhz", 0 0, o0x9d7420880;  alias, 0 drivers
v0x9d71ce9e0_0 .net "display_active", 0 0, v0x9d71ce1c0_0;  1 drivers
v0x9d71cea80_0 .net "pixel_x", 9 0, v0x9d71ce440_0;  1 drivers
v0x9d71ceb20_0 .net "pixel_y", 9 0, v0x9d71ce4e0_0;  1 drivers
v0x9d71cebc0_0 .net "platform_active", 0 0, v0x9d71cc640_0;  1 drivers
v0x9d71cec60_0 .net "platform_blue", 7 0, v0x9d71cc6e0_0;  1 drivers
v0x9d71ced00_0 .net "platform_green", 7 0, v0x9d71cc780_0;  1 drivers
v0x9d71ceda0_0 .net "platform_red", 7 0, v0x9d71cce60_0;  1 drivers
v0x9d71cee40_0 .net "platform_wh_bus", 63 0, L_0x9d71df200;  alias, 1 drivers
v0x9d71ceee0_0 .net "platform_x_bus", 63 0, L_0x9d71df0c0;  alias, 1 drivers
v0x9d71cef80_0 .net "platform_y_bus", 63 0, L_0x9d71df160;  alias, 1 drivers
v0x9d71cf020_0 .net "player_active", 0 0, v0x9d71ccfa0_0;  1 drivers
v0x9d71cf0c0_0 .net "player_blue", 7 0, v0x9d71cd040_0;  1 drivers
v0x9d71cf160_0 .net "player_green", 7 0, v0x9d71cd0e0_0;  1 drivers
v0x9d71cf200_0 .net "player_red", 7 0, v0x9d71cd540_0;  1 drivers
v0x9d71cf2a0_0 .net "player_style_index", 3 0, L_0x9d70ee800;  1 drivers
v0x9d71cf340_0 .net "player_x", 15 0, v0x9d71c63a0_0;  alias, 1 drivers
v0x9d71cf3e0_0 .net "player_y", 15 0, v0x9d71c6440_0;  alias, 1 drivers
v0x9d71cf480_0 .net "rst", 0 0, L_0x9d6c582a0;  alias, 1 drivers
v0x9d71cf520_0 .net "vga_blank_n", 0 0, v0x9d71cdfe0_0;  alias, 1 drivers
v0x9d71cf5c0_0 .net "vga_blue", 7 0, v0x9d71cd860_0;  alias, 1 drivers
v0x9d71cf660_0 .net "vga_clock", 0 0, L_0x9d6cd4310;  alias, 1 drivers
v0x9d71cf700_0 .net "vga_green", 7 0, v0x9d71cd9a0_0;  alias, 1 drivers
v0x9d71cf7a0_0 .net "vga_hs", 0 0, v0x9d71ce300_0;  alias, 1 drivers
v0x9d71cf840_0 .net "vga_red", 7 0, v0x9d71cdf40_0;  alias, 1 drivers
v0x9d71cf8e0_0 .net "vga_vs", 0 0, v0x9d71ce6c0_0;  alias, 1 drivers
S_0x9d71c1b00 .scope module, "background_renderer_instance" "background_renderer" 21 52, 22 3 0, S_0x9d71c1980;
 .timescale -9 -12;
    .port_info 0 /INPUT 10 "pixel_x";
    .port_info 1 /INPUT 10 "pixel_y";
    .port_info 2 /OUTPUT 8 "red";
    .port_info 3 /OUTPUT 8 "green";
    .port_info 4 /OUTPUT 8 "blue";
v0x9d71cc320_0 .var "blue", 7 0;
v0x9d71cc3c0_0 .var "green", 7 0;
v0x9d71cc460_0 .net "pixel_x", 9 0, v0x9d71ce440_0;  alias, 1 drivers
v0x9d71cc500_0 .net "pixel_y", 9 0, v0x9d71ce4e0_0;  alias, 1 drivers
v0x9d71cc5a0_0 .var "red", 7 0;
E_0x9d6cc6d40 .event anyedge, v0x9d71cc460_0, v0x9d71cc500_0;
S_0x9d71c1c80 .scope module, "platform_renderer_instance" "platform_renderer" 21 60, 23 4 0, S_0x9d71c1980;
 .timescale -9 -12;
    .port_info 0 /INPUT 10 "pixel_x";
    .port_info 1 /INPUT 10 "pixel_y";
    .port_info 2 /INPUT 64 "platform_x_bus";
    .port_info 3 /INPUT 64 "platform_y_bus";
    .port_info 4 /INPUT 64 "platform_wh_bus";
    .port_info 5 /OUTPUT 8 "red";
    .port_info 6 /OUTPUT 8 "green";
    .port_info 7 /OUTPUT 8 "blue";
    .port_info 8 /OUTPUT 1 "active";
v0x9d71cc640_0 .var "active", 0 0;
v0x9d71cc6e0_0 .var "blue", 7 0;
v0x9d71cc780_0 .var "green", 7 0;
v0x9d71cc820_0 .var "height", 7 0;
v0x9d71cc8c0_0 .var/i "index", 31 0;
v0x9d71cc960_0 .net "pixel_x", 9 0, v0x9d71ce440_0;  alias, 1 drivers
v0x9d71cca00_0 .net "pixel_y", 9 0, v0x9d71ce4e0_0;  alias, 1 drivers
v0x9d71ccaa0_0 .net "platform_wh_bus", 63 0, L_0x9d71df200;  alias, 1 drivers
v0x9d71ccb40_0 .var "platform_wh_word", 15 0;
v0x9d71ccbe0_0 .net "platform_x_bus", 63 0, L_0x9d71df0c0;  alias, 1 drivers
v0x9d71ccc80_0 .var "platform_x_word", 15 0;
v0x9d71ccd20_0 .net "platform_y_bus", 63 0, L_0x9d71df160;  alias, 1 drivers
v0x9d71ccdc0_0 .var "platform_y_word", 15 0;
v0x9d71cce60_0 .var "red", 7 0;
v0x9d71ccf00_0 .var "width", 7 0;
E_0x9d6cc6d80/0 .event anyedge, v0x9d71c6120_0, v0x9d71c6260_0, v0x9d71c5fe0_0, v0x9d71ccb40_0;
E_0x9d6cc6d80/1 .event anyedge, v0x9d71cc460_0, v0x9d71ccc80_0, v0x9d71ccf00_0, v0x9d71cc500_0;
E_0x9d6cc6d80/2 .event anyedge, v0x9d71ccdc0_0, v0x9d71cc820_0;
E_0x9d6cc6d80 .event/or E_0x9d6cc6d80/0, E_0x9d6cc6d80/1, E_0x9d6cc6d80/2;
S_0x9d71c1e00 .scope module, "player_renderer_instance" "player_renderer" 21 72, 24 4 0, S_0x9d71c1980;
 .timescale -9 -12;
    .port_info 0 /INPUT 10 "pixel_x";
    .port_info 1 /INPUT 10 "pixel_y";
    .port_info 2 /INPUT 16 "player_x";
    .port_info 3 /INPUT 16 "player_y";
    .port_info 4 /INPUT 4 "style_index";
    .port_info 5 /OUTPUT 8 "red";
    .port_info 6 /OUTPUT 8 "green";
    .port_info 7 /OUTPUT 8 "blue";
    .port_info 8 /OUTPUT 1 "active";
v0x9d71ccfa0_0 .var "active", 0 0;
v0x9d71cd040_0 .var "blue", 7 0;
v0x9d71cd0e0_0 .var "green", 7 0;
v0x9d71cd180_0 .var "inside_body", 0 0;
v0x9d71cd220_0 .var "inside_eye", 0 0;
v0x9d71cd2c0_0 .net "pixel_x", 9 0, v0x9d71ce440_0;  alias, 1 drivers
v0x9d71cd360_0 .net "pixel_y", 9 0, v0x9d71ce4e0_0;  alias, 1 drivers
v0x9d71cd400_0 .net "player_x", 15 0, v0x9d71c63a0_0;  alias, 1 drivers
v0x9d71cd4a0_0 .net "player_y", 15 0, v0x9d71c6440_0;  alias, 1 drivers
v0x9d71cd540_0 .var "red", 7 0;
v0x9d71cd5e0_0 .net "style_index", 3 0, L_0x9d70ee800;  alias, 1 drivers
E_0x9d6cc6dc0/0 .event anyedge, v0x9d71cc460_0, v0x9d71c63a0_0, v0x9d71cc500_0, v0x9d71c6440_0;
E_0x9d6cc6dc0/1 .event anyedge, v0x9d71cd180_0, v0x9d71cd220_0, v0x9d71cd5e0_0;
E_0x9d6cc6dc0 .event/or E_0x9d6cc6dc0/0, E_0x9d6cc6dc0/1;
S_0x9d71c1f80 .scope module, "video_compositor_instance" "video_compositor" 21 84, 25 3 0, S_0x9d71c1980;
 .timescale -9 -12;
    .port_info 0 /INPUT 1 "display_active";
    .port_info 1 /INPUT 8 "background_red";
    .port_info 2 /INPUT 8 "background_green";
    .port_info 3 /INPUT 8 "background_blue";
    .port_info 4 /INPUT 8 "platform_red";
    .port_info 5 /INPUT 8 "platform_green";
    .port_info 6 /INPUT 8 "platform_blue";
    .port_info 7 /INPUT 1 "platform_active";
    .port_info 8 /INPUT 8 "player_red";
    .port_info 9 /INPUT 8 "player_green";
    .port_info 10 /INPUT 8 "player_blue";
    .port_info 11 /INPUT 1 "player_active";
    .port_info 12 /OUTPUT 8 "red";
    .port_info 13 /OUTPUT 8 "green";
    .port_info 14 /OUTPUT 8 "blue";
v0x9d71cd680_0 .net "background_blue", 7 0, v0x9d71cc320_0;  alias, 1 drivers
v0x9d71cd720_0 .net "background_green", 7 0, v0x9d71cc3c0_0;  alias, 1 drivers
v0x9d71cd7c0_0 .net "background_red", 7 0, v0x9d71cc5a0_0;  alias, 1 drivers
v0x9d71cd860_0 .var "blue", 7 0;
v0x9d71cd900_0 .net "display_active", 0 0, v0x9d71ce1c0_0;  alias, 1 drivers
v0x9d71cd9a0_0 .var "green", 7 0;
v0x9d71cda40_0 .net "platform_active", 0 0, v0x9d71cc640_0;  alias, 1 drivers
v0x9d71cdae0_0 .net "platform_blue", 7 0, v0x9d71cc6e0_0;  alias, 1 drivers
v0x9d71cdb80_0 .net "platform_green", 7 0, v0x9d71cc780_0;  alias, 1 drivers
v0x9d71cdc20_0 .net "platform_red", 7 0, v0x9d71cce60_0;  alias, 1 drivers
v0x9d71cdcc0_0 .net "player_active", 0 0, v0x9d71ccfa0_0;  alias, 1 drivers
v0x9d71cdd60_0 .net "player_blue", 7 0, v0x9d71cd040_0;  alias, 1 drivers
v0x9d71cde00_0 .net "player_green", 7 0, v0x9d71cd0e0_0;  alias, 1 drivers
v0x9d71cdea0_0 .net "player_red", 7 0, v0x9d71cd540_0;  alias, 1 drivers
v0x9d71cdf40_0 .var "red", 7 0;
E_0x9d6cc6e00/0 .event anyedge, v0x9d71cd900_0, v0x9d71ccfa0_0, v0x9d71cd540_0, v0x9d71cd0e0_0;
E_0x9d6cc6e00/1 .event anyedge, v0x9d71cd040_0, v0x9d71cc640_0, v0x9d71cce60_0, v0x9d71cc780_0;
E_0x9d6cc6e00/2 .event anyedge, v0x9d71cc6e0_0, v0x9d71cc5a0_0, v0x9d71cc3c0_0, v0x9d71cc320_0;
E_0x9d6cc6e00 .event/or E_0x9d6cc6e00/0, E_0x9d6cc6e00/1, E_0x9d6cc6e00/2;
S_0x9d71c2100 .scope module, "video_timing_instance" "video_timing" 21 40, 26 3 0, S_0x9d71c1980;
 .timescale -9 -12;
    .port_info 0 /INPUT 1 "clk_50mhz";
    .port_info 1 /INPUT 1 "rst";
    .port_info 2 /OUTPUT 1 "pixel_clk";
    .port_info 3 /OUTPUT 1 "hsync";
    .port_info 4 /OUTPUT 1 "vsync";
    .port_info 5 /OUTPUT 1 "blank_n";
    .port_info 6 /OUTPUT 1 "display_active";
    .port_info 7 /OUTPUT 10 "pixel_x";
    .port_info 8 /OUTPUT 10 "pixel_y";
P_0x101644590 .param/l "H_BACK_PORCH" 1 26 16, C4<0000110000>;
P_0x1016445d0 .param/l "H_DISPLAY" 1 26 17, C4<1010000000>;
P_0x101644610 .param/l "H_FRONT_PORCH" 1 26 18, C4<0000010000>;
P_0x101644650 .param/l "H_SYNC" 1 26 15, C4<0001100000>;
P_0x101644690 .param/l "H_TOTAL" 1 26 19, C4<1100100000>;
P_0x1016446d0 .param/l "V_BACK_PORCH" 1 26 22, C4<0000100001>;
P_0x101644710 .param/l "V_DISPLAY" 1 26 23, C4<0111100000>;
P_0x101644750 .param/l "V_FRONT_PORCH" 1 26 24, C4<0000001010>;
P_0x101644790 .param/l "V_SYNC" 1 26 21, C4<0000000010>;
P_0x1016447d0 .param/l "V_TOTAL" 1 26 25, C4<1000001101>;
L_0x9d6cd4310 .functor BUFZ 1, v0x9d71ce120_0, C4<0>, C4<0>, C4<0>;
v0x9d71cdfe0_0 .var "blank_n", 0 0;
v0x9d71ce080_0 .net "clk_50mhz", 0 0, o0x9d7420880;  alias, 0 drivers
v0x9d71ce120_0 .var "clk_div2", 0 0;
v0x9d71ce1c0_0 .var "display_active", 0 0;
v0x9d71ce260_0 .var "hcount", 9 0;
v0x9d71ce300_0 .var "hsync", 0 0;
v0x9d71ce3a0_0 .net "pixel_clk", 0 0, L_0x9d6cd4310;  alias, 1 drivers
v0x9d71ce440_0 .var "pixel_x", 9 0;
v0x9d71ce4e0_0 .var "pixel_y", 9 0;
v0x9d71ce580_0 .net "rst", 0 0, L_0x9d6c582a0;  alias, 1 drivers
v0x9d71ce620_0 .var "vcount", 9 0;
v0x9d71ce6c0_0 .var "vsync", 0 0;
E_0x9d6cc70c0 .event anyedge, v0x9d71ce260_0, v0x9d71ce620_0, v0x9d71cd900_0;
E_0x9d6cc7100 .event posedge, v0x9d7124d20_0, v0x9d71ce3a0_0;
S_0x10163d460 .scope module, "tb_cpu_smoke" "tb_cpu_smoke" 27 4;
 .timescale -9 -12;
v0x9d71ddf40_0 .net "alu_flags_output", 4 0, L_0x9d6cd45b0;  1 drivers
v0x9d71ddfe0_0 .net "alu_result_output", 15 0, L_0x9d6cd4540;  1 drivers
v0x9d71de080_0 .net "audio_configure_request", 0 0, v0x9d71da940_0;  1 drivers
v0x9d71de120_0 .net "audio_drum_toggle", 0 0, v0x9d71dab20_0;  1 drivers
v0x9d71de1c0_0 .net "audio_enable_output", 0 0, v0x9d71dabc0_0;  1 drivers
v0x9d71de260_0 .net "audio_pitch", 7 0, v0x9d71dad00_0;  1 drivers
v0x9d71de300_0 .net "audio_selected_command", 3 0, v0x9d71daee0_0;  1 drivers
v0x9d71de3a0_0 .var "clk", 0 0;
v0x9d71de440_0 .net "control_next_state_output", 2 0, L_0x9d71df480;  1 drivers
v0x9d71de4e0_0 .net "control_state_output", 2 0, L_0x9d71df3e0;  1 drivers
v0x9d71de580_0 .net "instruction_register_contents", 15 0, v0x9d71d97c0_0;  1 drivers
v0x9d71de620_0 .net "memory_address", 15 0, L_0x9d7066940;  1 drivers
v0x9d71de6c0_0 .net "memory_read_data", 15 0, v0x9d71dda40_0;  1 drivers
v0x9d71de760_0 .net "memory_write_data", 15 0, L_0x9d6cd44d0;  1 drivers
v0x9d71de800_0 .net "memory_write_enable", 0 0, v0x9d71d3980_0;  1 drivers
v0x9d71de8a0_0 .net "platform_wh_bus", 63 0, L_0x9d71df660;  1 drivers
v0x9d71de940_0 .net "platform_x_bus", 63 0, L_0x9d71df520;  1 drivers
v0x9d71de9e0_0 .net "platform_y_bus", 63 0, L_0x9d71df5c0;  1 drivers
v0x9d71dea80_0 .net "player_x", 15 0, v0x9d71dc320_0;  1 drivers
v0x9d71deb20_0 .net "player_y", 15 0, v0x9d71dc3c0_0;  1 drivers
v0x9d71debc0_0 .net "program_counter_contents", 15 0, v0x9d71d9d60_0;  1 drivers
v0x9d71dec60_0 .net "program_state_contents", 15 0, v0x9d71d9ea0_0;  1 drivers
v0x9d71ded00_0 .var "rst", 0 0;
v0x9d71deda0_0 .net "score_status", 15 0, v0x9d71dc5a0_0;  1 drivers
E_0x9d6cc7140 .event negedge, v0x9d71d8960_0;
S_0x9d71c2280 .scope module, "cpu_core_instance" "cpu_core" 27 32, 10 4 0, S_0x10163d460;
 .timescale -9 -12;
    .port_info 0 /INPUT 1 "clk";
    .port_info 1 /INPUT 1 "rst";
    .port_info 2 /OUTPUT 1 "memory_write_enable";
    .port_info 3 /OUTPUT 16 "memory_address";
    .port_info 4 /OUTPUT 16 "memory_write_data";
    .port_info 5 /INPUT 16 "memory_read_data";
    .port_info 6 /OUTPUT 16 "instruction_register_contents";
    .port_info 7 /OUTPUT 16 "program_counter_contents";
    .port_info 8 /OUTPUT 16 "program_state_contents";
    .port_info 9 /OUTPUT 16 "alu_result_output";
    .port_info 10 /OUTPUT 5 "alu_flags_output";
    .port_info 11 /OUTPUT 3 "control_state_output";
    .port_info 12 /OUTPUT 3 "control_next_state_output";
P_0x1016305f0 .param/l "ADDR_WIDTH" 0 10 7, +C4<00000000000000000000000000010000>;
P_0x101630630 .param/l "DATA_WIDTH" 0 10 6, +C4<00000000000000000000000000010000>;
L_0x9d6cd44d0 .functor BUFZ 16, L_0x9d6cd4460, C4<0000000000000000>, C4<0000000000000000>, C4<0000000000000000>;
L_0x9d6cd4540 .functor BUFZ 16, v0x9d71d3480_0, C4<0000000000000000>, C4<0000000000000000>, C4<0000000000000000>;
L_0x9d6cd45b0 .functor BUFZ 5, v0x9d71d3200_0, C4<00000>, C4<00000>, C4<00000>;
L_0x9d7454250 .functor BUFT 1, C4<0>, C4<0>, C4<0>, C4<0>;
v0x9d71d9040_0 .net/2u *"_ivl_12", 0 0, L_0x9d7454250;  1 drivers
L_0x9d7454298 .functor BUFT 1, C4<0>, C4<0>, C4<0>, C4<0>;
v0x9d71d90e0_0 .net/2u *"_ivl_16", 0 0, L_0x9d7454298;  1 drivers
v0x9d71d9180_0 .net "alu_flags", 4 0, v0x9d71d3200_0;  1 drivers
v0x9d71d9220_0 .net "alu_flags_output", 4 0, L_0x9d6cd45b0;  alias, 1 drivers
v0x9d71d92c0_0 .net "alu_input_a", 15 0, L_0x9d70668a0;  1 drivers
v0x9d71d9360_0 .net "alu_result", 15 0, v0x9d71d3480_0;  1 drivers
v0x9d71d9400_0 .net "alu_result_output", 15 0, L_0x9d6cd4540;  alias, 1 drivers
v0x9d71d94a0_0 .net "alu_select_immediate", 0 0, v0x9d71d3840_0;  1 drivers
v0x9d71d9540_0 .net "clk", 0 0, v0x9d71de3a0_0;  1 drivers
v0x9d71d95e0_0 .net "control_next_state_output", 2 0, L_0x9d71df480;  alias, 1 drivers
v0x9d71d9680_0 .net "control_state_output", 2 0, L_0x9d71df3e0;  alias, 1 drivers
v0x9d71d9720_0 .net "immediate", 15 0, v0x9d71d8000_0;  1 drivers
v0x9d71d97c0_0 .var "instruction_register_contents", 15 0;
v0x9d71d9860_0 .net "instruction_register_write_enable", 0 0, v0x9d71d38e0_0;  1 drivers
v0x9d71d9900_0 .net "memory_address", 15 0, L_0x9d7066940;  alias, 1 drivers
v0x9d71d99a0_0 .net "memory_read_data", 15 0, v0x9d71dda40_0;  alias, 1 drivers
v0x9d71d9a40_0 .net "memory_write_data", 15 0, L_0x9d6cd44d0;  alias, 1 drivers
v0x9d71d9ae0_0 .net "memory_write_enable", 0 0, v0x9d71d3980_0;  alias, 1 drivers
v0x9d71d9b80_0 .net "next_program_counter", 15 0, v0x9d71d8140_0;  1 drivers
v0x9d71d9c20_0 .net "next_state", 1 0, v0x9d71d3a20_0;  1 drivers
v0x9d71d9cc0_0 .net "opcode", 7 0, v0x9d71d81e0_0;  1 drivers
v0x9d71d9d60_0 .var "program_counter_contents", 15 0;
v0x9d71d9e00_0 .net "program_counter_write_enable", 0 0, v0x9d71d3b60_0;  1 drivers
v0x9d71d9ea0_0 .var "program_state_contents", 15 0;
v0x9d71d9f40_0 .net "program_state_write_enable", 0 0, v0x9d71d3c00_0;  1 drivers
v0x9d71d9fe0_0 .net "register_address_a", 3 0, v0x9d71d83c0_0;  1 drivers
v0x9d71da080_0 .net "register_address_b", 3 0, v0x9d71d8460_0;  1 drivers
v0x9d71da120_0 .net "register_data_a", 15 0, L_0x9d6cd43f0;  1 drivers
v0x9d71da1c0_0 .net "register_data_b", 15 0, L_0x9d6cd4460;  1 drivers
v0x9d71da260_0 .var "register_file_write_data", 15 0;
v0x9d71da300_0 .net "register_file_write_enable", 0 0, v0x9d71d3ca0_0;  1 drivers
v0x9d71da3a0_0 .net "register_file_write_select", 1 0, v0x9d71d3d40_0;  1 drivers
v0x9d71da440_0 .net "rst", 0 0, v0x9d71ded00_0;  1 drivers
v0x9d71da4e0_0 .var "state", 1 0;
v0x9d71da580_0 .net "use_register_address", 0 0, v0x9d71d3e80_0;  1 drivers
E_0x9d6cc7200/0 .event anyedge, v0x9d71d3d40_0, v0x9d71d3480_0, v0x9d71d8500_0, v0x9d71d8000_0;
E_0x9d6cc7200/1 .event anyedge, v0x9d71d99a0_0;
E_0x9d6cc7200 .event/or E_0x9d6cc7200/0, E_0x9d6cc7200/1;
L_0x9d70eeee0 .part v0x9d71d9ea0_0, 4, 1;
L_0x9d70668a0 .functor MUXZ 16, L_0x9d6cd43f0, v0x9d71d8000_0, v0x9d71d3840_0, C4<>;
L_0x9d7066940 .functor MUXZ 16, v0x9d71d9d60_0, L_0x9d6cd43f0, v0x9d71d3e80_0, C4<>;
L_0x9d71df3e0 .concat [ 2 1 0 0], v0x9d71da4e0_0, L_0x9d7454250;
L_0x9d71df480 .concat [ 2 1 0 0], v0x9d71d3a20_0, L_0x9d7454298;
S_0x9d71c2400 .scope module, "alu_instance" "alu" 10 72, 11 4 0, S_0x9d71c2280;
 .timescale -9 -12;
    .port_info 0 /INPUT 16 "a";
    .port_info 1 /INPUT 16 "b";
    .port_info 2 /INPUT 8 "opcode";
    .port_info 3 /INPUT 1 "carry_in";
    .port_info 4 /OUTPUT 5 "flags";
    .port_info 5 /OUTPUT 16 "result";
P_0x9d6cc7240 .param/l "DATA_WIDTH" 0 11 6, +C4<00000000000000000000000000010000>;
v0x9d71d2ee0_0 .net "a", 15 0, L_0x9d70668a0;  alias, 1 drivers
v0x9d71d2f80_0 .net "b", 15 0, L_0x9d6cd4460;  alias, 1 drivers
v0x9d71d3020_0 .var "c_flag", 0 0;
v0x9d71d30c0_0 .net "carry_in", 0 0, L_0x9d70eeee0;  1 drivers
v0x9d71d3160_0 .var "f_flag", 0 0;
v0x9d71d3200_0 .var "flags", 4 0;
v0x9d71d32a0_0 .var "l_flag", 0 0;
v0x9d71d3340_0 .var "n_flag", 0 0;
v0x9d71d33e0_0 .net "opcode", 7 0, v0x9d71d81e0_0;  alias, 1 drivers
v0x9d71d3480_0 .var "result", 15 0;
v0x9d71d3520_0 .var/i "shift_amount", 31 0;
v0x9d71d35c0_0 .var/s "signed_a", 15 0;
v0x9d71d3660_0 .var/s "signed_b", 15 0;
v0x9d71d3700_0 .var "wide_result", 16 0;
v0x9d71d37a0_0 .var "z_flag", 0 0;
E_0x9d6cc72c0/0 .event anyedge, v0x9d71d2ee0_0, v0x9d71d2f80_0, v0x9d71d35c0_0, v0x9d71d33e0_0;
E_0x9d6cc72c0/1 .event anyedge, v0x9d71d3700_0, v0x9d71d3480_0, v0x9d71d30c0_0, v0x9d71d3660_0;
E_0x9d6cc72c0/2 .event anyedge, v0x9d71d3520_0, v0x9d71d3020_0, v0x9d71d32a0_0, v0x9d71d3160_0;
E_0x9d6cc72c0/3 .event anyedge, v0x9d71d37a0_0, v0x9d71d3340_0;
E_0x9d6cc72c0 .event/or E_0x9d6cc72c0/0, E_0x9d6cc72c0/1, E_0x9d6cc72c0/2, E_0x9d6cc72c0/3;
S_0x9d71c2580 .scope module, "control_unit_instance" "control_unit" 10 81, 12 4 0, S_0x9d71c2280;
 .timescale -9 -12;
    .port_info 0 /INPUT 2 "state";
    .port_info 1 /INPUT 8 "opcode";
    .port_info 2 /OUTPUT 2 "next_state";
    .port_info 3 /OUTPUT 1 "memory_write_enable";
    .port_info 4 /OUTPUT 1 "use_register_address";
    .port_info 5 /OUTPUT 1 "register_file_write_enable";
    .port_info 6 /OUTPUT 2 "register_file_write_select";
    .port_info 7 /OUTPUT 1 "instruction_register_write_enable";
    .port_info 8 /OUTPUT 1 "program_counter_write_enable";
    .port_info 9 /OUTPUT 1 "program_state_write_enable";
    .port_info 10 /OUTPUT 1 "alu_select_immediate";
v0x9d71d3840_0 .var "alu_select_immediate", 0 0;
v0x9d71d38e0_0 .var "instruction_register_write_enable", 0 0;
v0x9d71d3980_0 .var "memory_write_enable", 0 0;
v0x9d71d3a20_0 .var "next_state", 1 0;
v0x9d71d3ac0_0 .net "opcode", 7 0, v0x9d71d81e0_0;  alias, 1 drivers
v0x9d71d3b60_0 .var "program_counter_write_enable", 0 0;
v0x9d71d3c00_0 .var "program_state_write_enable", 0 0;
v0x9d71d3ca0_0 .var "register_file_write_enable", 0 0;
v0x9d71d3d40_0 .var "register_file_write_select", 1 0;
v0x9d71d3de0_0 .net "state", 1 0, v0x9d71da4e0_0;  1 drivers
v0x9d71d3e80_0 .var "use_register_address", 0 0;
E_0x9d6cc7300 .event anyedge, v0x9d71d3de0_0, v0x9d71d33e0_0;
S_0x9d71c2700 .scope module, "instruction_decoder_instance" "instruction_decoder" 10 60, 13 4 0, S_0x9d71c2280;
 .timescale -9 -12;
    .port_info 0 /INPUT 16 "instruction";
    .port_info 1 /INPUT 16 "program_counter";
    .port_info 2 /INPUT 16 "program_state";
    .port_info 3 /INPUT 16 "register_data_a";
    .port_info 4 /OUTPUT 4 "register_address_a";
    .port_info 5 /OUTPUT 4 "register_address_b";
    .port_info 6 /OUTPUT 16 "immediate";
    .port_info 7 /OUTPUT 8 "opcode";
    .port_info 8 /OUTPUT 16 "next_program_counter";
v0x9d71d3f20_0 .var "condition_met", 0 0;
v0x9d71d8000_0 .var "immediate", 15 0;
v0x9d71d80a0_0 .net "instruction", 15 0, v0x9d71d97c0_0;  alias, 1 drivers
v0x9d71d8140_0 .var "next_program_counter", 15 0;
v0x9d71d81e0_0 .var "opcode", 7 0;
v0x9d71d8280_0 .net "program_counter", 15 0, v0x9d71d9d60_0;  alias, 1 drivers
v0x9d71d8320_0 .net "program_state", 15 0, v0x9d71d9ea0_0;  alias, 1 drivers
v0x9d71d83c0_0 .var "register_address_a", 3 0;
v0x9d71d8460_0 .var "register_address_b", 3 0;
v0x9d71d8500_0 .net "register_data_a", 15 0, L_0x9d6cd43f0;  alias, 1 drivers
E_0x9d6cc7340/0 .event anyedge, v0x9d71d80a0_0, v0x9d71d8320_0, v0x9d71d33e0_0, v0x9d71d3f20_0;
E_0x9d6cc7340/1 .event anyedge, v0x9d71d8280_0, v0x9d71d8000_0, v0x9d71d8500_0;
E_0x9d6cc7340 .event/or E_0x9d6cc7340/0, E_0x9d6cc7340/1;
S_0x9d71c2880 .scope module, "register_file_instance" "register_file" 10 48, 14 4 0, S_0x9d71c2280;
 .timescale -9 -12;
    .port_info 0 /INPUT 1 "clk";
    .port_info 1 /INPUT 1 "rst";
    .port_info 2 /INPUT 1 "write_enable";
    .port_info 3 /INPUT 4 "write_address";
    .port_info 4 /INPUT 16 "write_data";
    .port_info 5 /INPUT 4 "read_address_a";
    .port_info 6 /INPUT 4 "read_address_b";
    .port_info 7 /OUTPUT 16 "read_data_a";
    .port_info 8 /OUTPUT 16 "read_data_b";
P_0x101632620 .param/l "ADDR_WIDTH" 0 14 7, +C4<00000000000000000000000000000100>;
P_0x101632660 .param/l "DATA_WIDTH" 0 14 6, +C4<00000000000000000000000000010000>;
L_0x9d6cd43f0 .functor BUFZ 16, L_0x9d714dd60, C4<0000000000000000>, C4<0000000000000000>, C4<0000000000000000>;
L_0x9d6cd4460 .functor BUFZ 16, L_0x9d714de00, C4<0000000000000000>, C4<0000000000000000>, C4<0000000000000000>;
v0x9d71d85a0_0 .net *"_ivl_0", 15 0, L_0x9d714dd60;  1 drivers
v0x9d71d8640_0 .net *"_ivl_10", 5 0, L_0x9d71df340;  1 drivers
L_0x9d7454208 .functor BUFT 1, C4<00>, C4<0>, C4<0>, C4<0>;
v0x9d71d86e0_0 .net *"_ivl_13", 1 0, L_0x9d7454208;  1 drivers
v0x9d71d8780_0 .net *"_ivl_2", 5 0, L_0x9d71df2a0;  1 drivers
L_0x9d74541c0 .functor BUFT 1, C4<00>, C4<0>, C4<0>, C4<0>;
v0x9d71d8820_0 .net *"_ivl_5", 1 0, L_0x9d74541c0;  1 drivers
v0x9d71d88c0_0 .net *"_ivl_8", 15 0, L_0x9d714de00;  1 drivers
v0x9d71d8960_0 .net "clk", 0 0, v0x9d71de3a0_0;  alias, 1 drivers
v0x9d71d8a00_0 .var/i "index", 31 0;
v0x9d71d8aa0_0 .net "read_address_a", 3 0, v0x9d71d83c0_0;  alias, 1 drivers
v0x9d71d8b40_0 .net "read_address_b", 3 0, v0x9d71d8460_0;  alias, 1 drivers
v0x9d71d8be0_0 .net "read_data_a", 15 0, L_0x9d6cd43f0;  alias, 1 drivers
v0x9d71d8c80_0 .net "read_data_b", 15 0, L_0x9d6cd4460;  alias, 1 drivers
v0x9d71d8d20 .array "registers", 15 0, 15 0;
v0x9d71d8dc0_0 .net "rst", 0 0, v0x9d71ded00_0;  alias, 1 drivers
v0x9d71d8e60_0 .net "write_address", 3 0, v0x9d71d8460_0;  alias, 1 drivers
v0x9d71d8f00_0 .net "write_data", 15 0, v0x9d71da260_0;  1 drivers
v0x9d71d8fa0_0 .net "write_enable", 0 0, v0x9d71d3ca0_0;  alias, 1 drivers
E_0x9d6cc7400 .event posedge, v0x9d71d8dc0_0, v0x9d71d8960_0;
L_0x9d714dd60 .array/port v0x9d71d8d20, L_0x9d71df2a0;
L_0x9d71df2a0 .concat [ 4 2 0 0], v0x9d71d83c0_0, L_0x9d74541c0;
L_0x9d714de00 .array/port v0x9d71d8d20, L_0x9d71df340;
L_0x9d71df340 .concat [ 4 2 0 0], v0x9d71d8460_0, L_0x9d7454208;
S_0x9d71c2a00 .scope module, "mem_router_instance" "mem_router" 27 50, 16 4 0, S_0x10163d460;
 .timescale -9 -12;
    .port_info 0 /INPUT 1 "clk";
    .port_info 1 /INPUT 1 "rst";
    .port_info 2 /INPUT 16 "address";
    .port_info 3 /INPUT 16 "write_data";
    .port_info 4 /INPUT 1 "write_enable";
    .port_info 5 /INPUT 4 "push_buttons";
    .port_info 6 /INPUT 10 "switches";
    .port_info 7 /INPUT 1 "audio_busy";
    .port_info 8 /INPUT 1 "audio_done";
    .port_info 9 /INPUT 1 "audio_error";
    .port_info 10 /INPUT 1 "audio_configure_ack";
    .port_info 11 /OUTPUT 16 "read_data";
    .port_info 12 /OUTPUT 16 "player_x";
    .port_info 13 /OUTPUT 16 "player_y";
    .port_info 14 /OUTPUT 64 "platform_x_bus";
    .port_info 15 /OUTPUT 64 "platform_y_bus";
    .port_info 16 /OUTPUT 64 "platform_wh_bus";
    .port_info 17 /OUTPUT 16 "score_status";
    .port_info 18 /OUTPUT 1 "audio_configure_request";
    .port_info 19 /OUTPUT 1 "audio_enable_output";
    .port_info 20 /OUTPUT 1 "audio_drum_toggle";
    .port_info 21 /OUTPUT 4 "audio_selected_command";
    .port_info 22 /OUTPUT 8 "audio_pitch";
P_0x9d6cc7440 .param/str "ROM_INIT_FILE" 0 16 6, "mem/cpu_smoke.memh";
L_0x9d6cd4620 .functor AND 1, v0x9d71dd9a0_0, v0x9d71d3980_0, C4<1>, C4<1>;
v0x9d71dcaa0_0 .net "address", 15 0, L_0x9d7066940;  alias, 1 drivers
L_0x9d7454370 .functor BUFT 1, C4<0>, C4<0>, C4<0>, C4<0>;
v0x9d71dcb40_0 .net "audio_busy", 0 0, L_0x9d7454370;  1 drivers
L_0x9d7454448 .functor BUFT 1, C4<0>, C4<0>, C4<0>, C4<0>;
v0x9d71dcbe0_0 .net "audio_configure_ack", 0 0, L_0x9d7454448;  1 drivers
v0x9d71dcc80_0 .net "audio_configure_request", 0 0, v0x9d71da940_0;  alias, 1 drivers
L_0x9d74543b8 .functor BUFT 1, C4<0>, C4<0>, C4<0>, C4<0>;
v0x9d71dcd20_0 .net "audio_done", 0 0, L_0x9d74543b8;  1 drivers
v0x9d71dcdc0_0 .net "audio_drum_toggle", 0 0, v0x9d71dab20_0;  alias, 1 drivers
v0x9d71dce60_0 .net "audio_enable_output", 0 0, v0x9d71dabc0_0;  alias, 1 drivers
L_0x9d7454400 .functor BUFT 1, C4<0>, C4<0>, C4<0>, C4<0>;
v0x9d71dcf00_0 .net "audio_error", 0 0, L_0x9d7454400;  1 drivers
v0x9d71dcfa0_0 .net "audio_pitch", 7 0, v0x9d71dad00_0;  alias, 1 drivers
v0x9d71dd040_0 .net "audio_read_data", 15 0, v0x9d71dada0_0;  1 drivers
v0x9d71dd0e0_0 .var "audio_selected", 0 0;
v0x9d71dd180_0 .net "audio_selected_command", 3 0, v0x9d71daee0_0;  alias, 1 drivers
v0x9d71dd220_0 .net "clk", 0 0, v0x9d71de3a0_0;  alias, 1 drivers
v0x9d71dd2c0_0 .net "game_read_data", 15 0, v0x9d71dc460_0;  1 drivers
v0x9d71dd360_0 .var "game_selected", 0 0;
v0x9d71dd400_0 .var "io_read_data", 15 0;
v0x9d71dd4a0_0 .var "io_selected", 0 0;
v0x9d71dd540_0 .net "platform_wh_bus", 63 0, L_0x9d71df660;  alias, 1 drivers
v0x9d71dd5e0_0 .net "platform_x_bus", 63 0, L_0x9d71df520;  alias, 1 drivers
v0x9d71dd680_0 .net "platform_y_bus", 63 0, L_0x9d71df5c0;  alias, 1 drivers
v0x9d71dd720_0 .net "player_x", 15 0, v0x9d71dc320_0;  alias, 1 drivers
v0x9d71dd7c0_0 .net "player_y", 15 0, v0x9d71dc3c0_0;  alias, 1 drivers
L_0x9d74542e0 .functor BUFT 1, C4<0000>, C4<0>, C4<0>, C4<0>;
v0x9d71dd860_0 .net "push_buttons", 3 0, L_0x9d74542e0;  1 drivers
v0x9d71dd900_0 .net "ram_read_data", 15 0, v0x9d71db340_0;  1 drivers
v0x9d71dd9a0_0 .var "ram_selected", 0 0;
v0x9d71dda40_0 .var "read_data", 15 0;
v0x9d71ddae0_0 .net "rom_read_data", 15 0, v0x9d71dc960_0;  1 drivers
v0x9d71ddb80_0 .var "rom_selected", 0 0;
v0x9d71ddc20_0 .net "rst", 0 0, v0x9d71ded00_0;  alias, 1 drivers
v0x9d71ddcc0_0 .net "score_status", 15 0, v0x9d71dc5a0_0;  alias, 1 drivers
L_0x9d7454328 .functor BUFT 1, C4<0000000000>, C4<0>, C4<0>, C4<0>;
v0x9d71ddd60_0 .net "switches", 9 0, L_0x9d7454328;  1 drivers
v0x9d71dde00_0 .net "write_data", 15 0, L_0x9d6cd44d0;  alias, 1 drivers
v0x9d71ddea0_0 .net "write_enable", 0 0, v0x9d71d3980_0;  alias, 1 drivers
E_0x9d6cc74c0/0 .event anyedge, v0x9d71d9900_0, v0x9d71dd860_0, v0x9d71ddd60_0, v0x9d71dc960_0;
E_0x9d6cc74c0/1 .event anyedge, v0x9d71ddb80_0, v0x9d71db340_0, v0x9d71dd9a0_0, v0x9d71dc460_0;
E_0x9d6cc74c0/2 .event anyedge, v0x9d71dbd40_0, v0x9d71dada0_0, v0x9d71da760_0, v0x9d71dd400_0;
E_0x9d6cc74c0/3 .event anyedge, v0x9d71dd4a0_0;
E_0x9d6cc74c0 .event/or E_0x9d6cc74c0/0, E_0x9d6cc74c0/1, E_0x9d6cc74c0/2, E_0x9d6cc74c0/3;
L_0x9d70eef80 .part L_0x9d7066940, 0, 10;
L_0x9d70ef020 .part L_0x9d7066940, 0, 10;
S_0x9d71c2b80 .scope module, "audio_regs_instance" "audio_regs" 16 78, 17 4 0, S_0x9d71c2a00;
 .timescale -9 -12;
    .port_info 0 /INPUT 1 "clk";
    .port_info 1 /INPUT 1 "rst";
    .port_info 2 /INPUT 1 "chip_select";
    .port_info 3 /INPUT 1 "write_enable";
    .port_info 4 /INPUT 16 "address";
    .port_info 5 /INPUT 16 "write_data";
    .port_info 6 /INPUT 1 "configure_ack";
    .port_info 7 /INPUT 1 "busy";
    .port_info 8 /INPUT 1 "done";
    .port_info 9 /INPUT 1 "error";
    .port_info 10 /OUTPUT 16 "read_data";
    .port_info 11 /OUTPUT 1 "configure_request";
    .port_info 12 /OUTPUT 1 "enable_output";
    .port_info 13 /OUTPUT 1 "drum_toggle";
    .port_info 14 /OUTPUT 4 "selected_command";
    .port_info 15 /OUTPUT 8 "pitch";
v0x9d71da620_0 .net "address", 15 0, L_0x9d7066940;  alias, 1 drivers
v0x9d71da6c0_0 .net "busy", 0 0, L_0x9d7454370;  alias, 1 drivers
v0x9d71da760_0 .net "chip_select", 0 0, v0x9d71dd0e0_0;  1 drivers
v0x9d71da800_0 .net "clk", 0 0, v0x9d71de3a0_0;  alias, 1 drivers
v0x9d71da8a0_0 .net "configure_ack", 0 0, L_0x9d7454448;  alias, 1 drivers
v0x9d71da940_0 .var "configure_request", 0 0;
v0x9d71da9e0_0 .var "debug_shadow", 15 0;
v0x9d71daa80_0 .net "done", 0 0, L_0x9d74543b8;  alias, 1 drivers
v0x9d71dab20_0 .var "drum_toggle", 0 0;
v0x9d71dabc0_0 .var "enable_output", 0 0;
v0x9d71dac60_0 .net "error", 0 0, L_0x9d7454400;  alias, 1 drivers
v0x9d71dad00_0 .var "pitch", 7 0;
v0x9d71dada0_0 .var "read_data", 15 0;
v0x9d71dae40_0 .net "rst", 0 0, v0x9d71ded00_0;  alias, 1 drivers
v0x9d71daee0_0 .var "selected_command", 3 0;
v0x9d71daf80_0 .net "write_data", 15 0, L_0x9d6cd44d0;  alias, 1 drivers
v0x9d71db020_0 .net "write_enable", 0 0, v0x9d71d3980_0;  alias, 1 drivers
E_0x9d6cc7500/0 .event anyedge, v0x9d71d9900_0, v0x9d71daee0_0, v0x9d71da940_0, v0x9d71dab20_0;
E_0x9d6cc7500/1 .event anyedge, v0x9d71dabc0_0, v0x9d71dad00_0, v0x9d71dac60_0, v0x9d71daa80_0;
E_0x9d6cc7500/2 .event anyedge, v0x9d71da6c0_0, v0x9d71da9e0_0;
E_0x9d6cc7500 .event/or E_0x9d6cc7500/0, E_0x9d6cc7500/1, E_0x9d6cc7500/2;
S_0x9d71c2d00 .scope module, "data_ram_instance" "sync_ram" 16 54, 18 3 0, S_0x9d71c2a00;
 .timescale -9 -12;
    .port_info 0 /INPUT 1 "clk";
    .port_info 1 /INPUT 1 "we";
    .port_info 2 /INPUT 10 "addr";
    .port_info 3 /INPUT 16 "wdata";
    .port_info 4 /OUTPUT 16 "rdata";
P_0x10163af60 .param/l "ADDR_WIDTH" 0 18 6, +C4<00000000000000000000000000001010>;
P_0x10163afa0 .param/l "DATA_WIDTH" 0 18 5, +C4<00000000000000000000000000010000>;
v0x9d71db0c0_0 .net "addr", 9 0, L_0x9d70ef020;  1 drivers
v0x9d71db160_0 .net "clk", 0 0, v0x9d71de3a0_0;  alias, 1 drivers
v0x9d71db200_0 .var/i "index", 31 0;
v0x9d71db2a0 .array "ram", 1023 0, 15 0;
v0x9d71db340_0 .var "rdata", 15 0;
v0x9d71db3e0_0 .net "wdata", 15 0, L_0x9d6cd44d0;  alias, 1 drivers
v0x9d71db480_0 .net "we", 0 0, L_0x9d6cd4620;  1 drivers
E_0x9d6cc75c0 .event posedge, v0x9d71d8960_0;
S_0x9d71c2e80 .scope module, "game_regs_instance" "game_regs" 16 62, 19 4 0, S_0x9d71c2a00;
 .timescale -9 -12;
    .port_info 0 /INPUT 1 "clk";
    .port_info 1 /INPUT 1 "rst";
    .port_info 2 /INPUT 1 "chip_select";
    .port_info 3 /INPUT 1 "write_enable";
    .port_info 4 /INPUT 16 "address";
    .port_info 5 /INPUT 16 "write_data";
    .port_info 6 /OUTPUT 16 "read_data";
    .port_info 7 /OUTPUT 16 "player_x";
    .port_info 8 /OUTPUT 16 "player_y";
    .port_info 9 /OUTPUT 64 "platform_x_bus";
    .port_info 10 /OUTPUT 64 "platform_y_bus";
    .port_info 11 /OUTPUT 64 "platform_wh_bus";
    .port_info 12 /OUTPUT 16 "score_status";
v0x9d71dbca0_0 .net "address", 15 0, L_0x9d7066940;  alias, 1 drivers
v0x9d71dbd40_0 .net "chip_select", 0 0, v0x9d71dd360_0;  1 drivers
v0x9d71dbde0_0 .net "clk", 0 0, v0x9d71de3a0_0;  alias, 1 drivers
v0x9d71dbe80_0 .var/i "index", 31 0;
v0x9d71dbf20_0 .net "platform_wh_bus", 63 0, L_0x9d71df660;  alias, 1 drivers
v0x9d71dc000 .array "platform_wh_mem", 3 0, 15 0;
v0x9d71dc0a0_0 .net "platform_x_bus", 63 0, L_0x9d71df520;  alias, 1 drivers
v0x9d71dc140 .array "platform_x_mem", 3 0, 15 0;
v0x9d71dc1e0_0 .net "platform_y_bus", 63 0, L_0x9d71df5c0;  alias, 1 drivers
v0x9d71dc280 .array "platform_y_mem", 3 0, 15 0;
v0x9d71dc320_0 .var "player_x", 15 0;
v0x9d71dc3c0_0 .var "player_y", 15 0;
v0x9d71dc460_0 .var "read_data", 15 0;
v0x9d71dc500_0 .net "rst", 0 0, v0x9d71ded00_0;  alias, 1 drivers
v0x9d71dc5a0_0 .var "score_status", 15 0;
v0x9d71dc640_0 .net "write_data", 15 0, L_0x9d6cd44d0;  alias, 1 drivers
v0x9d71dc6e0_0 .net "write_enable", 0 0, v0x9d71d3980_0;  alias, 1 drivers
v0x9d71dc000_3 .array/port v0x9d71dc000, 3;
v0x9d71dc000_2 .array/port v0x9d71dc000, 2;
v0x9d71dc000_1 .array/port v0x9d71dc000, 1;
v0x9d71dc000_0 .array/port v0x9d71dc000, 0;
E_0x9d6cc7600/0 .event anyedge, v0x9d71dc000_3, v0x9d71dc000_2, v0x9d71dc000_1, v0x9d71dc000_0;
v0x9d71dc280_3 .array/port v0x9d71dc280, 3;
v0x9d71dc280_2 .array/port v0x9d71dc280, 2;
v0x9d71dc280_1 .array/port v0x9d71dc280, 1;
v0x9d71dc280_0 .array/port v0x9d71dc280, 0;
E_0x9d6cc7600/1 .event anyedge, v0x9d71dc280_3, v0x9d71dc280_2, v0x9d71dc280_1, v0x9d71dc280_0;
v0x9d71dc140_3 .array/port v0x9d71dc140, 3;
v0x9d71dc140_2 .array/port v0x9d71dc140, 2;
v0x9d71dc140_1 .array/port v0x9d71dc140, 1;
v0x9d71dc140_0 .array/port v0x9d71dc140, 0;
E_0x9d6cc7600/2 .event anyedge, v0x9d71dc140_3, v0x9d71dc140_2, v0x9d71dc140_1, v0x9d71dc140_0;
E_0x9d6cc7600/3 .event anyedge, v0x9d71dc5a0_0, v0x9d71dc3c0_0, v0x9d71dc320_0, v0x9d71d9900_0;
E_0x9d6cc7600 .event/or E_0x9d6cc7600/0, E_0x9d6cc7600/1, E_0x9d6cc7600/2, E_0x9d6cc7600/3;
L_0x9d71df520 .concat8 [ 16 16 16 16], v0x9d71dc140_0, v0x9d71dc140_1, v0x9d71dc140_2, v0x9d71dc140_3;
L_0x9d71df5c0 .concat8 [ 16 16 16 16], v0x9d71dc280_0, v0x9d71dc280_1, v0x9d71dc280_2, v0x9d71dc280_3;
L_0x9d71df660 .concat8 [ 16 16 16 16], v0x9d71dc000_0, v0x9d71dc000_1, v0x9d71dc000_2, v0x9d71dc000_3;
S_0x9d71c3000 .scope generate, "flatten_platform_buses[0]" "flatten_platform_buses[0]" 19 27, 19 27 0, S_0x9d71c2e80;
 .timescale -9 -12;
P_0x9d6cc7640 .param/l "flatten_index" 1 19 27, +C4<00>;
v0x9d71db520_0 .net *"_ivl_2", 15 0, v0x9d71dc140_0;  1 drivers
v0x9d71db5c0_0 .net *"_ivl_5", 15 0, v0x9d71dc280_0;  1 drivers
v0x9d71db660_0 .net *"_ivl_8", 15 0, v0x9d71dc000_0;  1 drivers
S_0x9d71c3180 .scope generate, "flatten_platform_buses[1]" "flatten_platform_buses[1]" 19 27, 19 27 0, S_0x9d71c2e80;
 .timescale -9 -12;
P_0x9d6cc76c0 .param/l "flatten_index" 1 19 27, +C4<01>;
v0x9d71db700_0 .net *"_ivl_2", 15 0, v0x9d71dc140_1;  1 drivers
v0x9d71db7a0_0 .net *"_ivl_5", 15 0, v0x9d71dc280_1;  1 drivers
v0x9d71db840_0 .net *"_ivl_8", 15 0, v0x9d71dc000_1;  1 drivers
S_0x9d71c3300 .scope generate, "flatten_platform_buses[2]" "flatten_platform_buses[2]" 19 27, 19 27 0, S_0x9d71c2e80;
 .timescale -9 -12;
P_0x9d6cc7740 .param/l "flatten_index" 1 19 27, +C4<010>;
v0x9d71db8e0_0 .net *"_ivl_2", 15 0, v0x9d71dc140_2;  1 drivers
v0x9d71db980_0 .net *"_ivl_5", 15 0, v0x9d71dc280_2;  1 drivers
v0x9d71dba20_0 .net *"_ivl_8", 15 0, v0x9d71dc000_2;  1 drivers
S_0x9d71c3480 .scope generate, "flatten_platform_buses[3]" "flatten_platform_buses[3]" 19 27, 19 27 0, S_0x9d71c2e80;
 .timescale -9 -12;
P_0x9d6cc77c0 .param/l "flatten_index" 1 19 27, +C4<011>;
v0x9d71dbac0_0 .net *"_ivl_2", 15 0, v0x9d71dc140_3;  1 drivers
v0x9d71dbb60_0 .net *"_ivl_5", 15 0, v0x9d71dc280_3;  1 drivers
v0x9d71dbc00_0 .net *"_ivl_8", 15 0, v0x9d71dc000_3;  1 drivers
S_0x9d71c3600 .scope module, "program_rom_instance" "program_rom" 16 48, 20 3 0, S_0x9d71c2a00;
 .timescale -9 -12;
    .port_info 0 /INPUT 1 "clk";
    .port_info 1 /INPUT 10 "addr";
    .port_info 2 /OUTPUT 16 "rdata";
P_0x101641b30 .param/l "ADDR_WIDTH" 0 20 6, +C4<00000000000000000000000000001010>;
P_0x101641b70 .param/l "DATA_WIDTH" 0 20 5, +C4<00000000000000000000000000010000>;
P_0x101641bb0 .param/str "INIT_FILE" 0 20 7, "mem/cpu_smoke.memh";
v0x9d71dc780_0 .net "addr", 9 0, L_0x9d70eef80;  1 drivers
v0x9d71dc820_0 .net "clk", 0 0, v0x9d71de3a0_0;  alias, 1 drivers
v0x9d71dc8c0_0 .var/i "index", 31 0;
v0x9d71dc960_0 .var "rdata", 15 0;
v0x9d71dca00 .array "rom", 1023 0, 15 0;
    .scope S_0x101626a50;
T_0 ;
    %wait E_0x9d6cc60c0;
    %load/vec4 v0x9d71b8640_0;
    %flag_set/vec4 8;
    %jmp/0xz  T_0.0, 8;
    %pushi/vec4 0, 0, 4;
    %assign/vec4 v0x9d71b86e0_0, 0;
    %pushi/vec4 0, 0, 4;
    %assign/vec4 v0x9d71b8780_0, 0;
    %jmp T_0.1;
T_0.0 ;
    %load/vec4 v0x9d71b8500_0;
    %assign/vec4 v0x9d71b86e0_0, 0;
    %load/vec4 v0x9d71b86e0_0;
    %assign/vec4 v0x9d71b8780_0, 0;
T_0.1 ;
    %jmp T_0;
    .thread T_0;
    .scope S_0x9d71c1800;
T_1 ;
    %wait E_0x9d6cc60c0;
    %load/vec4 v0x9d71cc140_0;
    %flag_set/vec4 8;
    %jmp/0xz  T_1.0, 8;
    %pushi/vec4 0, 0, 10;
    %assign/vec4 v0x9d71cc1e0_0, 0;
    %pushi/vec4 0, 0, 10;
    %assign/vec4 v0x9d71cc280_0, 0;
    %jmp T_1.1;
T_1.0 ;
    %load/vec4 v0x9d71cc000_0;
    %assign/vec4 v0x9d71cc1e0_0, 0;
    %load/vec4 v0x9d71cc1e0_0;
    %assign/vec4 v0x9d71cc280_0, 0;
T_1.1 ;
    %jmp T_1;
    .thread T_1;
    .scope S_0x9d71c0000;
T_2 ;
    %wait E_0x9d6cc60c0;
    %load/vec4 v0x9d71ba6c0_0;
    %flag_set/vec4 8;
    %jmp/0xz  T_2.0, 8;
    %pushi/vec4 0, 0, 32;
    %store/vec4 v0x9d71ba300_0, 0, 32;
T_2.2 ; Top of for-loop
    %load/vec4 v0x9d71ba300_0;
    %cmpi/s 16, 0, 32;
	  %jmp/0xz T_2.3, 5;
    %pushi/vec4 0, 0, 16;
    %ix/getv/s 3, v0x9d71ba300_0;
    %ix/load 4, 0, 0; Constant delay
    %assign/vec4/a/d v0x9d71ba620, 0, 4;
T_2.4 ; for-loop step statement
    %load/vec4 v0x9d71ba300_0;
    %addi 1, 0, 32;
    %store/vec4 v0x9d71ba300_0, 0, 32;
    %jmp T_2.2;
T_2.3 ; for-loop exit label
    %jmp T_2.1;
T_2.0 ;
    %load/vec4 v0x9d71ba8a0_0;
    %flag_set/vec4 8;
    %jmp/0xz  T_2.5, 8;
    %load/vec4 v0x9d71ba800_0;
    %load/vec4 v0x9d71ba760_0;
    %pad/u 6;
    %ix/vec4 3;
    %ix/load 4, 0, 0; Constant delay
    %assign/vec4/a/d v0x9d71ba620, 0, 4;
T_2.5 ;
T_2.1 ;
    %jmp T_2;
    .thread T_2;
    .scope S_0x10162d770;
T_3 ;
    %wait E_0x9d6cc65c0;
    %load/vec4 v0x9d71b99a0_0;
    %parti/s 4, 0, 2;
    %store/vec4 v0x9d71b9cc0_0, 0, 4;
    %load/vec4 v0x9d71b99a0_0;
    %parti/s 4, 8, 5;
    %store/vec4 v0x9d71b9d60_0, 0, 4;
    %load/vec4 v0x9d71b99a0_0;
    %parti/s 1, 7, 4;
    %replicate 8;
    %load/vec4 v0x9d71b99a0_0;
    %parti/s 8, 0, 2;
    %concat/vec4; draw_concat_vec4
    %store/vec4 v0x9d71b9900_0, 0, 16;
    %load/vec4 v0x9d71b99a0_0;
    %parti/s 4, 12, 5;
    %load/vec4 v0x9d71b99a0_0;
    %parti/s 4, 4, 4;
    %concat/vec4; draw_concat_vec4
    %store/vec4 v0x9d71b9ae0_0, 0, 8;
    %load/vec4 v0x9d71b99a0_0;
    %parti/s 4, 8, 5;
    %dup/vec4;
    %pushi/vec4 0, 0, 4;
    %cmp/u;
    %jmp/1 T_3.0, 6;
    %dup/vec4;
    %pushi/vec4 1, 0, 4;
    %cmp/u;
    %jmp/1 T_3.1, 6;
    %dup/vec4;
    %pushi/vec4 13, 0, 4;
    %cmp/u;
    %jmp/1 T_3.2, 6;
    %dup/vec4;
    %pushi/vec4 2, 0, 4;
    %cmp/u;
    %jmp/1 T_3.3, 6;
    %dup/vec4;
    %pushi/vec4 3, 0, 4;
    %cmp/u;
    %jmp/1 T_3.4, 6;
    %dup/vec4;
    %pushi/vec4 4, 0, 4;
    %cmp/u;
    %jmp/1 T_3.5, 6;
    %dup/vec4;
    %pushi/vec4 5, 0, 4;
    %cmp/u;
    %jmp/1 T_3.6, 6;
    %dup/vec4;
    %pushi/vec4 10, 0, 4;
    %cmp/u;
    %jmp/1 T_3.7, 6;
    %dup/vec4;
    %pushi/vec4 11, 0, 4;
    %cmp/u;
    %jmp/1 T_3.8, 6;
    %dup/vec4;
    %pushi/vec4 6, 0, 4;
    %cmp/u;
    %jmp/1 T_3.9, 6;
    %dup/vec4;
    %pushi/vec4 7, 0, 4;
    %cmp/u;
    %jmp/1 T_3.10, 6;
    %dup/vec4;
    %pushi/vec4 8, 0, 4;
    %cmp/u;
    %jmp/1 T_3.11, 6;
    %dup/vec4;
    %pushi/vec4 9, 0, 4;
    %cmp/u;
    %jmp/1 T_3.12, 6;
    %dup/vec4;
    %pushi/vec4 12, 0, 4;
    %cmp/u;
    %jmp/1 T_3.13, 6;
    %dup/vec4;
    %pushi/vec4 14, 0, 4;
    %cmp/u;
    %jmp/1 T_3.14, 6;
    %pushi/vec4 0, 0, 1;
    %store/vec4 v0x9d71b9860_0, 0, 1;
    %jmp T_3.16;
T_3.0 ;
    %load/vec4 v0x9d71b9c20_0;
    %parti/s 1, 1, 2;
    %store/vec4 v0x9d71b9860_0, 0, 1;
    %jmp T_3.16;
T_3.1 ;
    %load/vec4 v0x9d71b9c20_0;
    %parti/s 1, 1, 2;
    %inv;
    %store/vec4 v0x9d71b9860_0, 0, 1;
    %jmp T_3.16;
T_3.2 ;
    %load/vec4 v0x9d71b9c20_0;
    %parti/s 1, 0, 2;
    %load/vec4 v0x9d71b9c20_0;
    %parti/s 1, 1, 2;
    %or;
    %store/vec4 v0x9d71b9860_0, 0, 1;
    %jmp T_3.16;
T_3.3 ;
    %load/vec4 v0x9d71b9c20_0;
    %parti/s 1, 4, 4;
    %store/vec4 v0x9d71b9860_0, 0, 1;
    %jmp T_3.16;
T_3.4 ;
    %load/vec4 v0x9d71b9c20_0;
    %parti/s 1, 4, 4;
    %inv;
    %store/vec4 v0x9d71b9860_0, 0, 1;
    %jmp T_3.16;
T_3.5 ;
    %load/vec4 v0x9d71b9c20_0;
    %parti/s 1, 3, 3;
    %store/vec4 v0x9d71b9860_0, 0, 1;
    %jmp T_3.16;
T_3.6 ;
    %load/vec4 v0x9d71b9c20_0;
    %parti/s 1, 3, 3;
    %inv;
    %store/vec4 v0x9d71b9860_0, 0, 1;
    %jmp T_3.16;
T_3.7 ;
    %load/vec4 v0x9d71b9c20_0;
    %parti/s 1, 3, 3;
    %inv;
    %load/vec4 v0x9d71b9c20_0;
    %parti/s 1, 1, 2;
    %inv;
    %and;
    %store/vec4 v0x9d71b9860_0, 0, 1;
    %jmp T_3.16;
T_3.8 ;
    %load/vec4 v0x9d71b9c20_0;
    %parti/s 1, 3, 3;
    %load/vec4 v0x9d71b9c20_0;
    %parti/s 1, 1, 2;
    %or;
    %store/vec4 v0x9d71b9860_0, 0, 1;
    %jmp T_3.16;
T_3.9 ;
    %load/vec4 v0x9d71b9c20_0;
    %parti/s 1, 0, 2;
    %store/vec4 v0x9d71b9860_0, 0, 1;
    %jmp T_3.16;
T_3.10 ;
    %load/vec4 v0x9d71b9c20_0;
    %parti/s 1, 0, 2;
    %inv;
    %store/vec4 v0x9d71b9860_0, 0, 1;
    %jmp T_3.16;
T_3.11 ;
    %load/vec4 v0x9d71b9c20_0;
    %parti/s 1, 2, 3;
    %store/vec4 v0x9d71b9860_0, 0, 1;
    %jmp T_3.16;
T_3.12 ;
    %load/vec4 v0x9d71b9c20_0;
    %parti/s 1, 2, 3;
    %inv;
    %store/vec4 v0x9d71b9860_0, 0, 1;
    %jmp T_3.16;
T_3.13 ;
    %load/vec4 v0x9d71b9c20_0;
    %parti/s 1, 0, 2;
    %inv;
    %load/vec4 v0x9d71b9c20_0;
    %parti/s 1, 1, 2;
    %inv;
    %and;
    %store/vec4 v0x9d71b9860_0, 0, 1;
    %jmp T_3.16;
T_3.14 ;
    %pushi/vec4 1, 0, 1;
    %store/vec4 v0x9d71b9860_0, 0, 1;
    %jmp T_3.16;
T_3.16 ;
    %pop/vec4 1;
    %load/vec4 v0x9d71b9ae0_0;
    %dup/vec4;
    %pushi/vec4 192, 15, 8;
    %cmp/z;
    %jmp/1 T_3.17, 4;
    %dup/vec4;
    %pushi/vec4 76, 0, 8;
    %cmp/z;
    %jmp/1 T_3.18, 4;
    %load/vec4 v0x9d71b9b80_0;
    %addi 1, 0, 16;
    %store/vec4 v0x9d71b9a40_0, 0, 16;
    %jmp T_3.20;
T_3.17 ;
    %load/vec4 v0x9d71b9860_0;
    %flag_set/vec4 8;
    %jmp/0xz  T_3.21, 8;
    %load/vec4 v0x9d71b9b80_0;
    %load/vec4 v0x9d71b9900_0;
    %add;
    %store/vec4 v0x9d71b9a40_0, 0, 16;
    %jmp T_3.22;
T_3.21 ;
    %load/vec4 v0x9d71b9b80_0;
    %addi 1, 0, 16;
    %store/vec4 v0x9d71b9a40_0, 0, 16;
T_3.22 ;
    %jmp T_3.20;
T_3.18 ;
    %load/vec4 v0x9d71b9860_0;
    %flag_set/vec4 8;
    %jmp/0xz  T_3.23, 8;
    %load/vec4 v0x9d71b9e00_0;
    %store/vec4 v0x9d71b9a40_0, 0, 16;
    %jmp T_3.24;
T_3.23 ;
    %load/vec4 v0x9d71b9b80_0;
    %addi 1, 0, 16;
    %store/vec4 v0x9d71b9a40_0, 0, 16;
T_3.24 ;
    %jmp T_3.20;
T_3.20 ;
    %pop/vec4 1;
    %jmp T_3;
    .thread T_3, $push;
    .scope S_0x10162e750;
T_4 ;
    %wait E_0x9d6cc6540;
    %load/vec4 v0x9d71b8820_0;
    %store/vec4 v0x9d71b8f00_0, 0, 16;
    %load/vec4 v0x9d71b88c0_0;
    %store/vec4 v0x9d71b8fa0_0, 0, 16;
    %pushi/vec4 0, 0, 17;
    %store/vec4 v0x9d71b9040_0, 0, 17;
    %load/vec4 v0x9d71b8f00_0;
    %pad/s 32;
    %store/vec4 v0x9d71b8e60_0, 0, 32;
    %pushi/vec4 0, 0, 16;
    %store/vec4 v0x9d71b8dc0_0, 0, 16;
    %pushi/vec4 0, 0, 1;
    %store/vec4 v0x9d71b8960_0, 0, 1;
    %pushi/vec4 0, 0, 1;
    %store/vec4 v0x9d71b8be0_0, 0, 1;
    %pushi/vec4 0, 0, 1;
    %store/vec4 v0x9d71b8aa0_0, 0, 1;
    %pushi/vec4 0, 0, 1;
    %store/vec4 v0x9d71b90e0_0, 0, 1;
    %pushi/vec4 0, 0, 1;
    %store/vec4 v0x9d71b8c80_0, 0, 1;
    %load/vec4 v0x9d71b8d20_0;
    %dup/vec4;
    %pushi/vec4 5, 0, 8;
    %cmp/z;
    %jmp/1 T_4.0, 4;
    %dup/vec4;
    %pushi/vec4 80, 15, 8;
    %cmp/z;
    %jmp/1 T_4.1, 4;
    %dup/vec4;
    %pushi/vec4 6, 0, 8;
    %cmp/z;
    %jmp/1 T_4.2, 4;
    %dup/vec4;
    %pushi/vec4 96, 15, 8;
    %cmp/z;
    %jmp/1 T_4.3, 4;
    %dup/vec4;
    %pushi/vec4 7, 0, 8;
    %cmp/z;
    %jmp/1 T_4.4, 4;
    %dup/vec4;
    %pushi/vec4 112, 15, 8;
    %cmp/z;
    %jmp/1 T_4.5, 4;
    %dup/vec4;
    %pushi/vec4 9, 0, 8;
    %cmp/z;
    %jmp/1 T_4.6, 4;
    %dup/vec4;
    %pushi/vec4 144, 15, 8;
    %cmp/z;
    %jmp/1 T_4.7, 4;
    %dup/vec4;
    %pushi/vec4 11, 0, 8;
    %cmp/z;
    %jmp/1 T_4.8, 4;
    %dup/vec4;
    %pushi/vec4 176, 15, 8;
    %cmp/z;
    %jmp/1 T_4.9, 4;
    %dup/vec4;
    %pushi/vec4 1, 0, 8;
    %cmp/z;
    %jmp/1 T_4.10, 4;
    %dup/vec4;
    %pushi/vec4 2, 0, 8;
    %cmp/z;
    %jmp/1 T_4.11, 4;
    %dup/vec4;
    %pushi/vec4 3, 0, 8;
    %cmp/z;
    %jmp/1 T_4.12, 4;
    %dup/vec4;
    %pushi/vec4 4, 0, 8;
    %cmp/z;
    %jmp/1 T_4.13, 4;
    %dup/vec4;
    %pushi/vec4 132, 0, 8;
    %cmp/z;
    %jmp/1 T_4.14, 4;
    %dup/vec4;
    %pushi/vec4 128, 1, 8;
    %cmp/z;
    %jmp/1 T_4.15, 4;
    %dup/vec4;
    %pushi/vec4 136, 1, 8;
    %cmp/z;
    %jmp/1 T_4.16, 4;
    %dup/vec4;
    %pushi/vec4 138, 1, 8;
    %cmp/z;
    %jmp/1 T_4.17, 4;
    %dup/vec4;
    %pushi/vec4 134, 0, 8;
    %cmp/z;
    %jmp/1 T_4.18, 4;
    %dup/vec4;
    %pushi/vec4 130, 1, 8;
    %cmp/z;
    %jmp/1 T_4.19, 4;
    %load/vec4 v0x9d71b88c0_0;
    %store/vec4 v0x9d71b8dc0_0, 0, 16;
    %load/vec4 v0x9d71b8dc0_0;
    %pushi/vec4 0, 0, 16;
    %cmp/e;
    %flag_get/vec4 4;
    %store/vec4 v0x9d71b90e0_0, 0, 1;
    %load/vec4 v0x9d71b8dc0_0;
    %parti/s 1, 15, 5;
    %store/vec4 v0x9d71b8c80_0, 0, 1;
    %jmp T_4.21;
T_4.0 ;
    %pushi/vec4 0, 0, 1;
    %load/vec4 v0x9d71b88c0_0;
    %concat/vec4; draw_concat_vec4
    %pushi/vec4 0, 0, 1;
    %load/vec4 v0x9d71b8820_0;
    %concat/vec4; draw_concat_vec4
    %add;
    %store/vec4 v0x9d71b9040_0, 0, 17;
    %load/vec4 v0x9d71b9040_0;
    %parti/s 16, 0, 2;
    %store/vec4 v0x9d71b8dc0_0, 0, 16;
    %load/vec4 v0x9d71b9040_0;
    %parti/s 1, 16, 6;
    %store/vec4 v0x9d71b8960_0, 0, 1;
    %load/vec4 v0x9d71b88c0_0;
    %load/vec4 v0x9d71b8820_0;
    %cmp/u;
    %flag_get/vec4 5;
    %store/vec4 v0x9d71b8be0_0, 0, 1;
    %load/vec4 v0x9d71b88c0_0;
    %parti/s 1, 15, 5;
    %load/vec4 v0x9d71b8820_0;
    %parti/s 1, 15, 5;
    %xor;
    %inv;
    %load/vec4 v0x9d71b8dc0_0;
    %parti/s 1, 15, 5;
    %load/vec4 v0x9d71b88c0_0;
    %parti/s 1, 15, 5;
    %xor;
    %and;
    %store/vec4 v0x9d71b8aa0_0, 0, 1;
    %load/vec4 v0x9d71b8dc0_0;
    %pushi/vec4 0, 0, 16;
    %cmp/e;
    %flag_get/vec4 4;
    %store/vec4 v0x9d71b90e0_0, 0, 1;
    %load/vec4 v0x9d71b8dc0_0;
    %parti/s 1, 15, 5;
    %store/vec4 v0x9d71b8c80_0, 0, 1;
    %jmp T_4.21;
T_4.1 ;
    %pushi/vec4 0, 0, 1;
    %load/vec4 v0x9d71b88c0_0;
    %concat/vec4; draw_concat_vec4
    %pushi/vec4 0, 0, 1;
    %load/vec4 v0x9d71b8820_0;
    %concat/vec4; draw_concat_vec4
    %add;
    %store/vec4 v0x9d71b9040_0, 0, 17;
    %load/vec4 v0x9d71b9040_0;
    %parti/s 16, 0, 2;
    %store/vec4 v0x9d71b8dc0_0, 0, 16;
    %load/vec4 v0x9d71b9040_0;
    %parti/s 1, 16, 6;
    %store/vec4 v0x9d71b8960_0, 0, 1;
    %load/vec4 v0x9d71b88c0_0;
    %load/vec4 v0x9d71b8820_0;
    %cmp/u;
    %flag_get/vec4 5;
    %store/vec4 v0x9d71b8be0_0, 0, 1;
    %load/vec4 v0x9d71b88c0_0;
    %parti/s 1, 15, 5;
    %load/vec4 v0x9d71b8820_0;
    %parti/s 1, 15, 5;
    %xor;
    %inv;
    %load/vec4 v0x9d71b8dc0_0;
    %parti/s 1, 15, 5;
    %load/vec4 v0x9d71b88c0_0;
    %parti/s 1, 15, 5;
    %xor;
    %and;
    %store/vec4 v0x9d71b8aa0_0, 0, 1;
    %load/vec4 v0x9d71b8dc0_0;
    %pushi/vec4 0, 0, 16;
    %cmp/e;
    %flag_get/vec4 4;
    %store/vec4 v0x9d71b90e0_0, 0, 1;
    %load/vec4 v0x9d71b8dc0_0;
    %parti/s 1, 15, 5;
    %store/vec4 v0x9d71b8c80_0, 0, 1;
    %jmp T_4.21;
T_4.2 ;
    %pushi/vec4 0, 0, 1;
    %load/vec4 v0x9d71b88c0_0;
    %concat/vec4; draw_concat_vec4
    %pushi/vec4 0, 0, 1;
    %load/vec4 v0x9d71b8820_0;
    %concat/vec4; draw_concat_vec4
    %add;
    %store/vec4 v0x9d71b9040_0, 0, 17;
    %load/vec4 v0x9d71b9040_0;
    %parti/s 16, 0, 2;
    %store/vec4 v0x9d71b8dc0_0, 0, 16;
    %load/vec4 v0x9d71b9040_0;
    %parti/s 1, 16, 6;
    %store/vec4 v0x9d71b8960_0, 0, 1;
    %load/vec4 v0x9d71b88c0_0;
    %load/vec4 v0x9d71b8820_0;
    %cmp/u;
    %flag_get/vec4 5;
    %store/vec4 v0x9d71b8be0_0, 0, 1;
    %load/vec4 v0x9d71b8dc0_0;
    %pushi/vec4 0, 0, 16;
    %cmp/e;
    %flag_get/vec4 4;
    %store/vec4 v0x9d71b90e0_0, 0, 1;
    %load/vec4 v0x9d71b8dc0_0;
    %parti/s 1, 15, 5;
    %store/vec4 v0x9d71b8c80_0, 0, 1;
    %jmp T_4.21;
T_4.3 ;
    %pushi/vec4 0, 0, 1;
    %load/vec4 v0x9d71b88c0_0;
    %concat/vec4; draw_concat_vec4
    %pushi/vec4 0, 0, 1;
    %load/vec4 v0x9d71b8820_0;
    %concat/vec4; draw_concat_vec4
    %add;
    %store/vec4 v0x9d71b9040_0, 0, 17;
    %load/vec4 v0x9d71b9040_0;
    %parti/s 16, 0, 2;
    %store/vec4 v0x9d71b8dc0_0, 0, 16;
    %load/vec4 v0x9d71b9040_0;
    %parti/s 1, 16, 6;
    %store/vec4 v0x9d71b8960_0, 0, 1;
    %load/vec4 v0x9d71b88c0_0;
    %load/vec4 v0x9d71b8820_0;
    %cmp/u;
    %flag_get/vec4 5;
    %store/vec4 v0x9d71b8be0_0, 0, 1;
    %load/vec4 v0x9d71b8dc0_0;
    %pushi/vec4 0, 0, 16;
    %cmp/e;
    %flag_get/vec4 4;
    %store/vec4 v0x9d71b90e0_0, 0, 1;
    %load/vec4 v0x9d71b8dc0_0;
    %parti/s 1, 15, 5;
    %store/vec4 v0x9d71b8c80_0, 0, 1;
    %jmp T_4.21;
T_4.4 ;
    %pushi/vec4 0, 0, 1;
    %load/vec4 v0x9d71b88c0_0;
    %concat/vec4; draw_concat_vec4
    %pushi/vec4 0, 0, 1;
    %load/vec4 v0x9d71b8820_0;
    %concat/vec4; draw_concat_vec4
    %add;
    %load/vec4 v0x9d71b8a00_0;
    %pad/u 17;
    %add;
    %store/vec4 v0x9d71b9040_0, 0, 17;
    %load/vec4 v0x9d71b9040_0;
    %parti/s 16, 0, 2;
    %store/vec4 v0x9d71b8dc0_0, 0, 16;
    %load/vec4 v0x9d71b9040_0;
    %parti/s 1, 16, 6;
    %store/vec4 v0x9d71b8960_0, 0, 1;
    %load/vec4 v0x9d71b88c0_0;
    %load/vec4 v0x9d71b8820_0;
    %load/vec4 v0x9d71b8a00_0;
    %pad/u 16;
    %add;
    %cmp/u;
    %flag_get/vec4 5;
    %store/vec4 v0x9d71b8be0_0, 0, 1;
    %load/vec4 v0x9d71b88c0_0;
    %parti/s 1, 15, 5;
    %load/vec4 v0x9d71b8820_0;
    %parti/s 1, 15, 5;
    %xor;
    %inv;
    %load/vec4 v0x9d71b8dc0_0;
    %parti/s 1, 15, 5;
    %load/vec4 v0x9d71b88c0_0;
    %parti/s 1, 15, 5;
    %xor;
    %and;
    %store/vec4 v0x9d71b8aa0_0, 0, 1;
    %load/vec4 v0x9d71b8dc0_0;
    %pushi/vec4 0, 0, 16;
    %cmp/e;
    %flag_get/vec4 4;
    %store/vec4 v0x9d71b90e0_0, 0, 1;
    %load/vec4 v0x9d71b8dc0_0;
    %parti/s 1, 15, 5;
    %store/vec4 v0x9d71b8c80_0, 0, 1;
    %jmp T_4.21;
T_4.5 ;
    %pushi/vec4 0, 0, 1;
    %load/vec4 v0x9d71b88c0_0;
    %concat/vec4; draw_concat_vec4
    %pushi/vec4 0, 0, 1;
    %load/vec4 v0x9d71b8820_0;
    %concat/vec4; draw_concat_vec4
    %add;
    %load/vec4 v0x9d71b8a00_0;
    %pad/u 17;
    %add;
    %store/vec4 v0x9d71b9040_0, 0, 17;
    %load/vec4 v0x9d71b9040_0;
    %parti/s 16, 0, 2;
    %store/vec4 v0x9d71b8dc0_0, 0, 16;
    %load/vec4 v0x9d71b9040_0;
    %parti/s 1, 16, 6;
    %store/vec4 v0x9d71b8960_0, 0, 1;
    %load/vec4 v0x9d71b88c0_0;
    %load/vec4 v0x9d71b8820_0;
    %load/vec4 v0x9d71b8a00_0;
    %pad/u 16;
    %add;
    %cmp/u;
    %flag_get/vec4 5;
    %store/vec4 v0x9d71b8be0_0, 0, 1;
    %load/vec4 v0x9d71b88c0_0;
    %parti/s 1, 15, 5;
    %load/vec4 v0x9d71b8820_0;
    %parti/s 1, 15, 5;
    %xor;
    %inv;
    %load/vec4 v0x9d71b8dc0_0;
    %parti/s 1, 15, 5;
    %load/vec4 v0x9d71b88c0_0;
    %parti/s 1, 15, 5;
    %xor;
    %and;
    %store/vec4 v0x9d71b8aa0_0, 0, 1;
    %load/vec4 v0x9d71b8dc0_0;
    %pushi/vec4 0, 0, 16;
    %cmp/e;
    %flag_get/vec4 4;
    %store/vec4 v0x9d71b90e0_0, 0, 1;
    %load/vec4 v0x9d71b8dc0_0;
    %parti/s 1, 15, 5;
    %store/vec4 v0x9d71b8c80_0, 0, 1;
    %jmp T_4.21;
T_4.6 ;
    %pushi/vec4 0, 0, 1;
    %load/vec4 v0x9d71b88c0_0;
    %concat/vec4; draw_concat_vec4
    %pushi/vec4 0, 0, 1;
    %load/vec4 v0x9d71b8820_0;
    %inv;
    %concat/vec4; draw_concat_vec4
    %add;
    %addi 1, 0, 17;
    %store/vec4 v0x9d71b9040_0, 0, 17;
    %load/vec4 v0x9d71b9040_0;
    %parti/s 16, 0, 2;
    %store/vec4 v0x9d71b8dc0_0, 0, 16;
    %load/vec4 v0x9d71b9040_0;
    %parti/s 1, 16, 6;
    %store/vec4 v0x9d71b8960_0, 0, 1;
    %load/vec4 v0x9d71b88c0_0;
    %load/vec4 v0x9d71b8820_0;
    %cmp/u;
    %flag_get/vec4 5;
    %store/vec4 v0x9d71b8be0_0, 0, 1;
    %load/vec4 v0x9d71b88c0_0;
    %parti/s 1, 15, 5;
    %load/vec4 v0x9d71b8820_0;
    %parti/s 1, 15, 5;
    %xor;
    %load/vec4 v0x9d71b8dc0_0;
    %parti/s 1, 15, 5;
    %load/vec4 v0x9d71b88c0_0;
    %parti/s 1, 15, 5;
    %xor;
    %and;
    %store/vec4 v0x9d71b8aa0_0, 0, 1;
    %load/vec4 v0x9d71b8dc0_0;
    %pushi/vec4 0, 0, 16;
    %cmp/e;
    %flag_get/vec4 4;
    %store/vec4 v0x9d71b90e0_0, 0, 1;
    %load/vec4 v0x9d71b8fa0_0;
    %load/vec4 v0x9d71b8f00_0;
    %cmp/s;
    %flag_get/vec4 5;
    %store/vec4 v0x9d71b8c80_0, 0, 1;
    %jmp T_4.21;
T_4.7 ;
    %pushi/vec4 0, 0, 1;
    %load/vec4 v0x9d71b88c0_0;
    %concat/vec4; draw_concat_vec4
    %pushi/vec4 0, 0, 1;
    %load/vec4 v0x9d71b8820_0;
    %inv;
    %concat/vec4; draw_concat_vec4
    %add;
    %addi 1, 0, 17;
    %store/vec4 v0x9d71b9040_0, 0, 17;
    %load/vec4 v0x9d71b9040_0;
    %parti/s 16, 0, 2;
    %store/vec4 v0x9d71b8dc0_0, 0, 16;
    %load/vec4 v0x9d71b9040_0;
    %parti/s 1, 16, 6;
    %store/vec4 v0x9d71b8960_0, 0, 1;
    %load/vec4 v0x9d71b88c0_0;
    %load/vec4 v0x9d71b8820_0;
    %cmp/u;
    %flag_get/vec4 5;
    %store/vec4 v0x9d71b8be0_0, 0, 1;
    %load/vec4 v0x9d71b88c0_0;
    %parti/s 1, 15, 5;
    %load/vec4 v0x9d71b8820_0;
    %parti/s 1, 15, 5;
    %xor;
    %load/vec4 v0x9d71b8dc0_0;
    %parti/s 1, 15, 5;
    %load/vec4 v0x9d71b88c0_0;
    %parti/s 1, 15, 5;
    %xor;
    %and;
    %store/vec4 v0x9d71b8aa0_0, 0, 1;
    %load/vec4 v0x9d71b8dc0_0;
    %pushi/vec4 0, 0, 16;
    %cmp/e;
    %flag_get/vec4 4;
    %store/vec4 v0x9d71b90e0_0, 0, 1;
    %load/vec4 v0x9d71b8fa0_0;
    %load/vec4 v0x9d71b8f00_0;
    %cmp/s;
    %flag_get/vec4 5;
    %store/vec4 v0x9d71b8c80_0, 0, 1;
    %jmp T_4.21;
T_4.8 ;
    %pushi/vec4 0, 0, 16;
    %store/vec4 v0x9d71b8dc0_0, 0, 16;
    %load/vec4 v0x9d71b8820_0;
    %load/vec4 v0x9d71b88c0_0;
    %cmp/u;
    %flag_get/vec4 4;
    %flag_get/vec4 5;
    %or;
    %store/vec4 v0x9d71b8960_0, 0, 1;
    %load/vec4 v0x9d71b88c0_0;
    %load/vec4 v0x9d71b8820_0;
    %cmp/u;
    %flag_get/vec4 5;
    %store/vec4 v0x9d71b8be0_0, 0, 1;
    %load/vec4 v0x9d71b8fa0_0;
    %load/vec4 v0x9d71b8f00_0;
    %cmp/e;
    %flag_get/vec4 4;
    %store/vec4 v0x9d71b90e0_0, 0, 1;
    %load/vec4 v0x9d71b8fa0_0;
    %load/vec4 v0x9d71b8f00_0;
    %cmp/s;
    %flag_get/vec4 5;
    %store/vec4 v0x9d71b8c80_0, 0, 1;
    %jmp T_4.21;
T_4.9 ;
    %pushi/vec4 0, 0, 16;
    %store/vec4 v0x9d71b8dc0_0, 0, 16;
    %load/vec4 v0x9d71b8820_0;
    %load/vec4 v0x9d71b88c0_0;
    %cmp/u;
    %flag_get/vec4 4;
    %flag_get/vec4 5;
    %or;
    %store/vec4 v0x9d71b8960_0, 0, 1;
    %load/vec4 v0x9d71b88c0_0;
    %load/vec4 v0x9d71b8820_0;
    %cmp/u;
    %flag_get/vec4 5;
    %store/vec4 v0x9d71b8be0_0, 0, 1;
    %load/vec4 v0x9d71b8fa0_0;
    %load/vec4 v0x9d71b8f00_0;
    %cmp/e;
    %flag_get/vec4 4;
    %store/vec4 v0x9d71b90e0_0, 0, 1;
    %load/vec4 v0x9d71b8fa0_0;
    %load/vec4 v0x9d71b8f00_0;
    %cmp/s;
    %flag_get/vec4 5;
    %store/vec4 v0x9d71b8c80_0, 0, 1;
    %jmp T_4.21;
T_4.10 ;
    %load/vec4 v0x9d71b88c0_0;
    %load/vec4 v0x9d71b8820_0;
    %and;
    %store/vec4 v0x9d71b8dc0_0, 0, 16;
    %load/vec4 v0x9d71b8dc0_0;
    %pushi/vec4 0, 0, 16;
    %cmp/e;
    %flag_get/vec4 4;
    %store/vec4 v0x9d71b90e0_0, 0, 1;
    %load/vec4 v0x9d71b8dc0_0;
    %parti/s 1, 15, 5;
    %store/vec4 v0x9d71b8c80_0, 0, 1;
    %jmp T_4.21;
T_4.11 ;
    %load/vec4 v0x9d71b88c0_0;
    %load/vec4 v0x9d71b8820_0;
    %or;
    %store/vec4 v0x9d71b8dc0_0, 0, 16;
    %load/vec4 v0x9d71b8dc0_0;
    %pushi/vec4 0, 0, 16;
    %cmp/e;
    %flag_get/vec4 4;
    %store/vec4 v0x9d71b90e0_0, 0, 1;
    %load/vec4 v0x9d71b8dc0_0;
    %parti/s 1, 15, 5;
    %store/vec4 v0x9d71b8c80_0, 0, 1;
    %jmp T_4.21;
T_4.12 ;
    %load/vec4 v0x9d71b88c0_0;
    %load/vec4 v0x9d71b8820_0;
    %xor;
    %store/vec4 v0x9d71b8dc0_0, 0, 16;
    %load/vec4 v0x9d71b8dc0_0;
    %pushi/vec4 0, 0, 16;
    %cmp/e;
    %flag_get/vec4 4;
    %store/vec4 v0x9d71b90e0_0, 0, 1;
    %load/vec4 v0x9d71b8dc0_0;
    %parti/s 1, 15, 5;
    %store/vec4 v0x9d71b8c80_0, 0, 1;
    %jmp T_4.21;
T_4.13 ;
    %load/vec4 v0x9d71b8820_0;
    %inv;
    %store/vec4 v0x9d71b8dc0_0, 0, 16;
    %load/vec4 v0x9d71b8dc0_0;
    %pushi/vec4 0, 0, 16;
    %cmp/e;
    %flag_get/vec4 4;
    %store/vec4 v0x9d71b90e0_0, 0, 1;
    %load/vec4 v0x9d71b8dc0_0;
    %parti/s 1, 15, 5;
    %store/vec4 v0x9d71b8c80_0, 0, 1;
    %jmp T_4.21;
T_4.14 ;
    %load/vec4 v0x9d71b8e60_0;
    %cmpi/s 0, 0, 32;
    %flag_inv 5; GE is !LT
    %jmp/0xz  T_4.22, 5;
    %load/vec4 v0x9d71b88c0_0;
    %load/vec4 v0x9d71b8e60_0;
    %ix/vec4 4;
    %shiftl 4;
    %store/vec4 v0x9d71b8dc0_0, 0, 16;
    %jmp T_4.23;
T_4.22 ;
    %load/vec4 v0x9d71b88c0_0;
    %load/vec4 v0x9d71b8e60_0;
    %inv;
    %addi 1, 0, 32;
    %ix/vec4 4;
    %shiftr 4;
    %store/vec4 v0x9d71b8dc0_0, 0, 16;
T_4.23 ;
    %load/vec4 v0x9d71b8dc0_0;
    %pushi/vec4 0, 0, 16;
    %cmp/e;
    %flag_get/vec4 4;
    %store/vec4 v0x9d71b90e0_0, 0, 1;
    %load/vec4 v0x9d71b8dc0_0;
    %parti/s 1, 15, 5;
    %store/vec4 v0x9d71b8c80_0, 0, 1;
    %jmp T_4.21;
T_4.15 ;
    %load/vec4 v0x9d71b8e60_0;
    %cmpi/s 0, 0, 32;
    %flag_inv 5; GE is !LT
    %jmp/0xz  T_4.24, 5;
    %load/vec4 v0x9d71b88c0_0;
    %load/vec4 v0x9d71b8e60_0;
    %ix/vec4 4;
    %shiftl 4;
    %store/vec4 v0x9d71b8dc0_0, 0, 16;
    %jmp T_4.25;
T_4.24 ;
    %load/vec4 v0x9d71b88c0_0;
    %load/vec4 v0x9d71b8e60_0;
    %inv;
    %addi 1, 0, 32;
    %ix/vec4 4;
    %shiftr 4;
    %store/vec4 v0x9d71b8dc0_0, 0, 16;
T_4.25 ;
    %load/vec4 v0x9d71b8dc0_0;
    %pushi/vec4 0, 0, 16;
    %cmp/e;
    %flag_get/vec4 4;
    %store/vec4 v0x9d71b90e0_0, 0, 1;
    %load/vec4 v0x9d71b8dc0_0;
    %parti/s 1, 15, 5;
    %store/vec4 v0x9d71b8c80_0, 0, 1;
    %jmp T_4.21;
T_4.16 ;
    %load/vec4 v0x9d71b8e60_0;
    %cmpi/s 0, 0, 32;
    %flag_inv 5; GE is !LT
    %jmp/0xz  T_4.26, 5;
    %load/vec4 v0x9d71b88c0_0;
    %load/vec4 v0x9d71b8e60_0;
    %ix/vec4 4;
    %shiftr 4;
    %store/vec4 v0x9d71b8dc0_0, 0, 16;
    %jmp T_4.27;
T_4.26 ;
    %load/vec4 v0x9d71b88c0_0;
    %load/vec4 v0x9d71b8e60_0;
    %inv;
    %addi 1, 0, 32;
    %ix/vec4 4;
    %shiftl 4;
    %store/vec4 v0x9d71b8dc0_0, 0, 16;
T_4.27 ;
    %load/vec4 v0x9d71b8dc0_0;
    %pushi/vec4 0, 0, 16;
    %cmp/e;
    %flag_get/vec4 4;
    %store/vec4 v0x9d71b90e0_0, 0, 1;
    %load/vec4 v0x9d71b8dc0_0;
    %parti/s 1, 15, 5;
    %store/vec4 v0x9d71b8c80_0, 0, 1;
    %jmp T_4.21;
T_4.17 ;
    %load/vec4 v0x9d71b8e60_0;
    %cmpi/s 0, 0, 32;
    %flag_inv 5; GE is !LT
    %jmp/0xz  T_4.28, 5;
    %load/vec4 v0x9d71b88c0_0;
    %load/vec4 v0x9d71b8e60_0;
    %ix/vec4 4;
    %shiftr 4;
    %store/vec4 v0x9d71b8dc0_0, 0, 16;
    %jmp T_4.29;
T_4.28 ;
    %load/vec4 v0x9d71b88c0_0;
    %load/vec4 v0x9d71b8e60_0;
    %inv;
    %addi 1, 0, 32;
    %ix/vec4 4;
    %shiftl 4;
    %store/vec4 v0x9d71b8dc0_0, 0, 16;
T_4.29 ;
    %load/vec4 v0x9d71b8dc0_0;
    %pushi/vec4 0, 0, 16;
    %cmp/e;
    %flag_get/vec4 4;
    %store/vec4 v0x9d71b90e0_0, 0, 1;
    %load/vec4 v0x9d71b8dc0_0;
    %parti/s 1, 15, 5;
    %store/vec4 v0x9d71b8c80_0, 0, 1;
    %jmp T_4.21;
T_4.18 ;
    %load/vec4 v0x9d71b8e60_0;
    %cmpi/s 0, 0, 32;
    %flag_inv 5; GE is !LT
    %jmp/0xz  T_4.30, 5;
    %load/vec4 v0x9d71b88c0_0;
    %load/vec4 v0x9d71b8e60_0;
    %ix/vec4 4;
    %shiftr/s 4;
    %store/vec4 v0x9d71b8dc0_0, 0, 16;
    %jmp T_4.31;
T_4.30 ;
    %load/vec4 v0x9d71b88c0_0;
    %load/vec4 v0x9d71b8e60_0;
    %inv;
    %addi 1, 0, 32;
    %ix/vec4 4;
    %shiftl 4;
    %store/vec4 v0x9d71b8dc0_0, 0, 16;
T_4.31 ;
    %load/vec4 v0x9d71b8dc0_0;
    %pushi/vec4 0, 0, 16;
    %cmp/e;
    %flag_get/vec4 4;
    %store/vec4 v0x9d71b90e0_0, 0, 1;
    %load/vec4 v0x9d71b8dc0_0;
    %parti/s 1, 15, 5;
    %store/vec4 v0x9d71b8c80_0, 0, 1;
    %jmp T_4.21;
T_4.19 ;
    %load/vec4 v0x9d71b8e60_0;
    %cmpi/s 0, 0, 32;
    %flag_inv 5; GE is !LT
    %jmp/0xz  T_4.32, 5;
    %load/vec4 v0x9d71b88c0_0;
    %load/vec4 v0x9d71b8e60_0;
    %ix/vec4 4;
    %shiftr/s 4;
    %store/vec4 v0x9d71b8dc0_0, 0, 16;
    %jmp T_4.33;
T_4.32 ;
    %load/vec4 v0x9d71b88c0_0;
    %load/vec4 v0x9d71b8e60_0;
    %inv;
    %addi 1, 0, 32;
    %ix/vec4 4;
    %shiftl 4;
    %store/vec4 v0x9d71b8dc0_0, 0, 16;
T_4.33 ;
    %load/vec4 v0x9d71b8dc0_0;
    %pushi/vec4 0, 0, 16;
    %cmp/e;
    %flag_get/vec4 4;
    %store/vec4 v0x9d71b90e0_0, 0, 1;
    %load/vec4 v0x9d71b8dc0_0;
    %parti/s 1, 15, 5;
    %store/vec4 v0x9d71b8c80_0, 0, 1;
    %jmp T_4.21;
T_4.21 ;
    %pop/vec4 1;
    %load/vec4 v0x9d71b8960_0;
    %load/vec4 v0x9d71b8be0_0;
    %concat/vec4; draw_concat_vec4
    %load/vec4 v0x9d71b8aa0_0;
    %concat/vec4; draw_concat_vec4
    %load/vec4 v0x9d71b90e0_0;
    %concat/vec4; draw_concat_vec4
    %load/vec4 v0x9d71b8c80_0;
    %concat/vec4; draw_concat_vec4
    %store/vec4 v0x9d71b8b40_0, 0, 5;
    %jmp T_4;
    .thread T_4, $push;
    .scope S_0x10162e8d0;
T_5 ;
    %wait E_0x9d6cc6580;
    %pushi/vec4 0, 0, 2;
    %store/vec4 v0x9d71b9360_0, 0, 2;
    %pushi/vec4 0, 0, 1;
    %store/vec4 v0x9d71b92c0_0, 0, 1;
    %pushi/vec4 0, 0, 1;
    %store/vec4 v0x9d71b97c0_0, 0, 1;
    %pushi/vec4 0, 0, 1;
    %store/vec4 v0x9d71b95e0_0, 0, 1;
    %pushi/vec4 0, 0, 2;
    %store/vec4 v0x9d71b9680_0, 0, 2;
    %pushi/vec4 0, 0, 1;
    %store/vec4 v0x9d71b9220_0, 0, 1;
    %pushi/vec4 0, 0, 1;
    %store/vec4 v0x9d71b94a0_0, 0, 1;
    %pushi/vec4 0, 0, 1;
    %store/vec4 v0x9d71b9540_0, 0, 1;
    %pushi/vec4 0, 0, 1;
    %store/vec4 v0x9d71b9180_0, 0, 1;
    %load/vec4 v0x9d71b9720_0;
    %dup/vec4;
    %pushi/vec4 0, 0, 2;
    %cmp/u;
    %jmp/1 T_5.0, 6;
    %dup/vec4;
    %pushi/vec4 1, 0, 2;
    %cmp/u;
    %jmp/1 T_5.1, 6;
    %dup/vec4;
    %pushi/vec4 2, 0, 2;
    %cmp/u;
    %jmp/1 T_5.2, 6;
    %dup/vec4;
    %pushi/vec4 3, 0, 2;
    %cmp/u;
    %jmp/1 T_5.3, 6;
    %pushi/vec4 0, 0, 2;
    %store/vec4 v0x9d71b9360_0, 0, 2;
    %jmp T_5.5;
T_5.0 ;
    %pushi/vec4 1, 0, 2;
    %store/vec4 v0x9d71b9360_0, 0, 2;
    %jmp T_5.5;
T_5.1 ;
    %pushi/vec4 1, 0, 1;
    %store/vec4 v0x9d71b9220_0, 0, 1;
    %pushi/vec4 2, 0, 2;
    %store/vec4 v0x9d71b9360_0, 0, 2;
    %jmp T_5.5;
T_5.2 ;
    %pushi/vec4 1, 0, 1;
    %store/vec4 v0x9d71b94a0_0, 0, 1;
    %pushi/vec4 0, 0, 2;
    %store/vec4 v0x9d71b9360_0, 0, 2;
    %load/vec4 v0x9d71b9400_0;
    %dup/vec4;
    %pushi/vec4 5, 0, 8;
    %cmp/z;
    %jmp/1 T_5.6, 4;
    %dup/vec4;
    %pushi/vec4 80, 15, 8;
    %cmp/z;
    %jmp/1 T_5.7, 4;
    %dup/vec4;
    %pushi/vec4 6, 0, 8;
    %cmp/z;
    %jmp/1 T_5.8, 4;
    %dup/vec4;
    %pushi/vec4 96, 15, 8;
    %cmp/z;
    %jmp/1 T_5.9, 4;
    %dup/vec4;
    %pushi/vec4 7, 0, 8;
    %cmp/z;
    %jmp/1 T_5.10, 4;
    %dup/vec4;
    %pushi/vec4 112, 15, 8;
    %cmp/z;
    %jmp/1 T_5.11, 4;
    %dup/vec4;
    %pushi/vec4 9, 0, 8;
    %cmp/z;
    %jmp/1 T_5.12, 4;
    %dup/vec4;
    %pushi/vec4 144, 15, 8;
    %cmp/z;
    %jmp/1 T_5.13, 4;
    %dup/vec4;
    %pushi/vec4 1, 0, 8;
    %cmp/z;
    %jmp/1 T_5.14, 4;
    %dup/vec4;
    %pushi/vec4 2, 0, 8;
    %cmp/z;
    %jmp/1 T_5.15, 4;
    %dup/vec4;
    %pushi/vec4 3, 0, 8;
    %cmp/z;
    %jmp/1 T_5.16, 4;
    %dup/vec4;
    %pushi/vec4 4, 0, 8;
    %cmp/z;
    %jmp/1 T_5.17, 4;
    %dup/vec4;
    %pushi/vec4 132, 0, 8;
    %cmp/z;
    %jmp/1 T_5.18, 4;
    %dup/vec4;
    %pushi/vec4 128, 1, 8;
    %cmp/z;
    %jmp/1 T_5.19, 4;
    %dup/vec4;
    %pushi/vec4 136, 1, 8;
    %cmp/z;
    %jmp/1 T_5.20, 4;
    %dup/vec4;
    %pushi/vec4 138, 1, 8;
    %cmp/z;
    %jmp/1 T_5.21, 4;
    %dup/vec4;
    %pushi/vec4 134, 0, 8;
    %cmp/z;
    %jmp/1 T_5.22, 4;
    %dup/vec4;
    %pushi/vec4 130, 1, 8;
    %cmp/z;
    %jmp/1 T_5.23, 4;
    %dup/vec4;
    %pushi/vec4 11, 0, 8;
    %cmp/z;
    %jmp/1 T_5.24, 4;
    %dup/vec4;
    %pushi/vec4 176, 15, 8;
    %cmp/z;
    %jmp/1 T_5.25, 4;
    %dup/vec4;
    %pushi/vec4 64, 0, 8;
    %cmp/z;
    %jmp/1 T_5.26, 4;
    %dup/vec4;
    %pushi/vec4 68, 0, 8;
    %cmp/z;
    %jmp/1 T_5.27, 4;
    %dup/vec4;
    %pushi/vec4 13, 0, 8;
    %cmp/z;
    %jmp/1 T_5.28, 4;
    %dup/vec4;
    %pushi/vec4 208, 15, 8;
    %cmp/z;
    %jmp/1 T_5.29, 4;
    %jmp T_5.31;
T_5.6 ;
    %pushi/vec4 1, 0, 1;
    %store/vec4 v0x9d71b95e0_0, 0, 1;
    %pushi/vec4 1, 0, 1;
    %store/vec4 v0x9d71b9540_0, 0, 1;
    %jmp T_5.31;
T_5.7 ;
    %pushi/vec4 1, 0, 1;
    %store/vec4 v0x9d71b95e0_0, 0, 1;
    %pushi/vec4 1, 0, 1;
    %store/vec4 v0x9d71b9540_0, 0, 1;
    %jmp T_5.31;
T_5.8 ;
    %pushi/vec4 1, 0, 1;
    %store/vec4 v0x9d71b95e0_0, 0, 1;
    %pushi/vec4 1, 0, 1;
    %store/vec4 v0x9d71b9540_0, 0, 1;
    %jmp T_5.31;
T_5.9 ;
    %pushi/vec4 1, 0, 1;
    %store/vec4 v0x9d71b95e0_0, 0, 1;
    %pushi/vec4 1, 0, 1;
    %store/vec4 v0x9d71b9540_0, 0, 1;
    %jmp T_5.31;
T_5.10 ;
    %pushi/vec4 1, 0, 1;
    %store/vec4 v0x9d71b95e0_0, 0, 1;
    %pushi/vec4 1, 0, 1;
    %store/vec4 v0x9d71b9540_0, 0, 1;
    %jmp T_5.31;
T_5.11 ;
    %pushi/vec4 1, 0, 1;
    %store/vec4 v0x9d71b95e0_0, 0, 1;
    %pushi/vec4 1, 0, 1;
    %store/vec4 v0x9d71b9540_0, 0, 1;
    %jmp T_5.31;
T_5.12 ;
    %pushi/vec4 1, 0, 1;
    %store/vec4 v0x9d71b95e0_0, 0, 1;
    %pushi/vec4 1, 0, 1;
    %store/vec4 v0x9d71b9540_0, 0, 1;
    %jmp T_5.31;
T_5.13 ;
    %pushi/vec4 1, 0, 1;
    %store/vec4 v0x9d71b95e0_0, 0, 1;
    %pushi/vec4 1, 0, 1;
    %store/vec4 v0x9d71b9540_0, 0, 1;
    %jmp T_5.31;
T_5.14 ;
    %pushi/vec4 1, 0, 1;
    %store/vec4 v0x9d71b95e0_0, 0, 1;
    %pushi/vec4 1, 0, 1;
    %store/vec4 v0x9d71b9540_0, 0, 1;
    %jmp T_5.31;
T_5.15 ;
    %pushi/vec4 1, 0, 1;
    %store/vec4 v0x9d71b95e0_0, 0, 1;
    %pushi/vec4 1, 0, 1;
    %store/vec4 v0x9d71b9540_0, 0, 1;
    %jmp T_5.31;
T_5.16 ;
    %pushi/vec4 1, 0, 1;
    %store/vec4 v0x9d71b95e0_0, 0, 1;
    %pushi/vec4 1, 0, 1;
    %store/vec4 v0x9d71b9540_0, 0, 1;
    %jmp T_5.31;
T_5.17 ;
    %pushi/vec4 1, 0, 1;
    %store/vec4 v0x9d71b95e0_0, 0, 1;
    %pushi/vec4 1, 0, 1;
    %store/vec4 v0x9d71b9540_0, 0, 1;
    %jmp T_5.31;
T_5.18 ;
    %pushi/vec4 1, 0, 1;
    %store/vec4 v0x9d71b95e0_0, 0, 1;
    %pushi/vec4 1, 0, 1;
    %store/vec4 v0x9d71b9540_0, 0, 1;
    %jmp T_5.31;
T_5.19 ;
    %pushi/vec4 1, 0, 1;
    %store/vec4 v0x9d71b95e0_0, 0, 1;
    %pushi/vec4 1, 0, 1;
    %store/vec4 v0x9d71b9540_0, 0, 1;
    %jmp T_5.31;
T_5.20 ;
    %pushi/vec4 1, 0, 1;
    %store/vec4 v0x9d71b95e0_0, 0, 1;
    %pushi/vec4 1, 0, 1;
    %store/vec4 v0x9d71b9540_0, 0, 1;
    %jmp T_5.31;
T_5.21 ;
    %pushi/vec4 1, 0, 1;
    %store/vec4 v0x9d71b95e0_0, 0, 1;
    %pushi/vec4 1, 0, 1;
    %store/vec4 v0x9d71b9540_0, 0, 1;
    %jmp T_5.31;
T_5.22 ;
    %pushi/vec4 1, 0, 1;
    %store/vec4 v0x9d71b95e0_0, 0, 1;
    %pushi/vec4 1, 0, 1;
    %store/vec4 v0x9d71b9540_0, 0, 1;
    %jmp T_5.31;
T_5.23 ;
    %pushi/vec4 1, 0, 1;
    %store/vec4 v0x9d71b95e0_0, 0, 1;
    %pushi/vec4 1, 0, 1;
    %store/vec4 v0x9d71b9540_0, 0, 1;
    %jmp T_5.31;
T_5.24 ;
    %pushi/vec4 1, 0, 1;
    %store/vec4 v0x9d71b9540_0, 0, 1;
    %jmp T_5.31;
T_5.25 ;
    %pushi/vec4 1, 0, 1;
    %store/vec4 v0x9d71b9540_0, 0, 1;
    %jmp T_5.31;
T_5.26 ;
    %pushi/vec4 1, 0, 1;
    %store/vec4 v0x9d71b97c0_0, 0, 1;
    %pushi/vec4 3, 0, 2;
    %store/vec4 v0x9d71b9360_0, 0, 2;
    %jmp T_5.31;
T_5.27 ;
    %pushi/vec4 1, 0, 1;
    %store/vec4 v0x9d71b97c0_0, 0, 1;
    %pushi/vec4 1, 0, 1;
    %store/vec4 v0x9d71b92c0_0, 0, 1;
    %jmp T_5.31;
T_5.28 ;
    %pushi/vec4 1, 0, 1;
    %store/vec4 v0x9d71b95e0_0, 0, 1;
    %pushi/vec4 1, 0, 2;
    %store/vec4 v0x9d71b9680_0, 0, 2;
    %jmp T_5.31;
T_5.29 ;
    %pushi/vec4 1, 0, 1;
    %store/vec4 v0x9d71b95e0_0, 0, 1;
    %pushi/vec4 2, 0, 2;
    %store/vec4 v0x9d71b9680_0, 0, 2;
    %jmp T_5.31;
T_5.31 ;
    %pop/vec4 1;
    %load/vec4 v0x9d71b9400_0;
    %dup/vec4;
    %pushi/vec4 80, 15, 8;
    %cmp/z;
    %jmp/1 T_5.32, 4;
    %dup/vec4;
    %pushi/vec4 96, 15, 8;
    %cmp/z;
    %jmp/1 T_5.33, 4;
    %dup/vec4;
    %pushi/vec4 112, 15, 8;
    %cmp/z;
    %jmp/1 T_5.34, 4;
    %dup/vec4;
    %pushi/vec4 144, 15, 8;
    %cmp/z;
    %jmp/1 T_5.35, 4;
    %dup/vec4;
    %pushi/vec4 176, 15, 8;
    %cmp/z;
    %jmp/1 T_5.36, 4;
    %dup/vec4;
    %pushi/vec4 128, 1, 8;
    %cmp/z;
    %jmp/1 T_5.37, 4;
    %dup/vec4;
    %pushi/vec4 138, 1, 8;
    %cmp/z;
    %jmp/1 T_5.38, 4;
    %dup/vec4;
    %pushi/vec4 130, 1, 8;
    %cmp/z;
    %jmp/1 T_5.39, 4;
    %jmp T_5.41;
T_5.32 ;
    %pushi/vec4 1, 0, 1;
    %store/vec4 v0x9d71b9180_0, 0, 1;
    %jmp T_5.41;
T_5.33 ;
    %pushi/vec4 1, 0, 1;
    %store/vec4 v0x9d71b9180_0, 0, 1;
    %jmp T_5.41;
T_5.34 ;
    %pushi/vec4 1, 0, 1;
    %store/vec4 v0x9d71b9180_0, 0, 1;
    %jmp T_5.41;
T_5.35 ;
    %pushi/vec4 1, 0, 1;
    %store/vec4 v0x9d71b9180_0, 0, 1;
    %jmp T_5.41;
T_5.36 ;
    %pushi/vec4 1, 0, 1;
    %store/vec4 v0x9d71b9180_0, 0, 1;
    %jmp T_5.41;
T_5.37 ;
    %pushi/vec4 1, 0, 1;
    %store/vec4 v0x9d71b9180_0, 0, 1;
    %jmp T_5.41;
T_5.38 ;
    %pushi/vec4 1, 0, 1;
    %store/vec4 v0x9d71b9180_0, 0, 1;
    %jmp T_5.41;
T_5.39 ;
    %pushi/vec4 1, 0, 1;
    %store/vec4 v0x9d71b9180_0, 0, 1;
    %jmp T_5.41;
T_5.41 ;
    %pop/vec4 1;
    %jmp T_5.5;
T_5.3 ;
    %pushi/vec4 1, 0, 1;
    %store/vec4 v0x9d71b95e0_0, 0, 1;
    %pushi/vec4 3, 0, 2;
    %store/vec4 v0x9d71b9680_0, 0, 2;
    %pushi/vec4 0, 0, 2;
    %store/vec4 v0x9d71b9360_0, 0, 2;
    %jmp T_5.5;
T_5.5 ;
    %pop/vec4 1;
    %jmp T_5;
    .thread T_5, $push;
    .scope S_0x101626bd0;
T_6 ;
    %wait E_0x9d6cc6480;
    %load/vec4 v0x9d71bbca0_0;
    %dup/vec4;
    %pushi/vec4 0, 0, 2;
    %cmp/u;
    %jmp/1 T_6.0, 6;
    %dup/vec4;
    %pushi/vec4 1, 0, 2;
    %cmp/u;
    %jmp/1 T_6.1, 6;
    %dup/vec4;
    %pushi/vec4 2, 0, 2;
    %cmp/u;
    %jmp/1 T_6.2, 6;
    %dup/vec4;
    %pushi/vec4 3, 0, 2;
    %cmp/u;
    %jmp/1 T_6.3, 6;
    %pushi/vec4 0, 0, 16;
    %store/vec4 v0x9d71bbb60_0, 0, 16;
    %jmp T_6.5;
T_6.0 ;
    %load/vec4 v0x9d71bac60_0;
    %store/vec4 v0x9d71bbb60_0, 0, 16;
    %jmp T_6.5;
T_6.1 ;
    %load/vec4 v0x9d71bba20_0;
    %store/vec4 v0x9d71bbb60_0, 0, 16;
    %jmp T_6.5;
T_6.2 ;
    %load/vec4 v0x9d71bb020_0;
    %store/vec4 v0x9d71bbb60_0, 0, 16;
    %jmp T_6.5;
T_6.3 ;
    %load/vec4 v0x9d71bb2a0_0;
    %store/vec4 v0x9d71bbb60_0, 0, 16;
    %jmp T_6.5;
T_6.5 ;
    %pop/vec4 1;
    %jmp T_6;
    .thread T_6, $push;
    .scope S_0x101626bd0;
T_7 ;
    %wait E_0x9d6cc60c0;
    %load/vec4 v0x9d71bbd40_0;
    %flag_set/vec4 8;
    %jmp/0xz  T_7.0, 8;
    %pushi/vec4 0, 0, 2;
    %assign/vec4 v0x9d71bbde0_0, 0;
    %pushi/vec4 0, 0, 16;
    %assign/vec4 v0x9d71bb0c0_0, 0;
    %pushi/vec4 0, 0, 16;
    %assign/vec4 v0x9d71bb660_0, 0;
    %pushi/vec4 0, 0, 16;
    %assign/vec4 v0x9d71bb7a0_0, 0;
    %jmp T_7.1;
T_7.0 ;
    %load/vec4 v0x9d71bb520_0;
    %assign/vec4 v0x9d71bbde0_0, 0;
    %load/vec4 v0x9d71bb160_0;
    %flag_set/vec4 8;
    %jmp/0xz  T_7.2, 8;
    %load/vec4 v0x9d71bb2a0_0;
    %assign/vec4 v0x9d71bb0c0_0, 0;
T_7.2 ;
    %load/vec4 v0x9d71bb700_0;
    %flag_set/vec4 8;
    %jmp/0xz  T_7.4, 8;
    %load/vec4 v0x9d71bb480_0;
    %assign/vec4 v0x9d71bb660_0, 0;
T_7.4 ;
    %load/vec4 v0x9d71bb840_0;
    %flag_set/vec4 8;
    %jmp/0xz  T_7.6, 8;
    %pushi/vec4 0, 0, 11;
    %load/vec4 v0x9d71baa80_0;
    %concat/vec4; draw_concat_vec4
    %assign/vec4 v0x9d71bb7a0_0, 0;
T_7.6 ;
T_7.1 ;
    %jmp T_7;
    .thread T_7;
    .scope S_0x9d71c1680;
T_8 ;
    %pushi/vec4 0, 0, 32;
    %store/vec4 v0x9d71c6940_0, 0, 32;
T_8.0 ; Top of for-loop
    %load/vec4 v0x9d71c6940_0;
    %cmpi/s 1024, 0, 32;
	  %jmp/0xz T_8.1, 5;
    %pushi/vec4 0, 0, 16;
    %ix/getv/s 4, v0x9d71c6940_0;
    %store/vec4a v0x9d71c6a80, 4, 0;
T_8.2 ; for-loop step statement
    %load/vec4 v0x9d71c6940_0;
    %addi 1, 0, 32;
    %store/vec4 v0x9d71c6940_0, 0, 32;
    %jmp T_8.0;
T_8.1 ; for-loop exit label
    %vpi_call/w 20 23 "$readmemh", P_0x101642d90, v0x9d71c6a80 {0 0 0};
    %end;
    .thread T_8;
    .scope S_0x9d71c1680;
T_9 ;
    %wait E_0x9d6cc6980;
    %load/vec4 v0x9d71c6800_0;
    %pad/u 12;
    %ix/vec4 4;
    %load/vec4a v0x9d71c6a80, 4;
    %assign/vec4 v0x9d71c69e0_0, 0;
    %jmp T_9;
    .thread T_9;
    .scope S_0x9d71c0d80;
T_10 ;
    %pushi/vec4 0, 0, 32;
    %store/vec4 v0x9d71c52c0_0, 0, 32;
T_10.0 ; Top of for-loop
    %load/vec4 v0x9d71c52c0_0;
    %cmpi/s 1024, 0, 32;
	  %jmp/0xz T_10.1, 5;
    %pushi/vec4 0, 0, 16;
    %ix/getv/s 4, v0x9d71c52c0_0;
    %store/vec4a v0x9d71c5360, 4, 0;
T_10.2 ; for-loop step statement
    %load/vec4 v0x9d71c52c0_0;
    %addi 1, 0, 32;
    %store/vec4 v0x9d71c52c0_0, 0, 32;
    %jmp T_10.0;
T_10.1 ; for-loop exit label
    %end;
    .thread T_10;
    .scope S_0x9d71c0d80;
T_11 ;
    %wait E_0x9d6cc6980;
    %load/vec4 v0x9d71c5540_0;
    %flag_set/vec4 8;
    %jmp/0xz  T_11.0, 8;
    %load/vec4 v0x9d71c54a0_0;
    %load/vec4 v0x9d71c5180_0;
    %pad/u 12;
    %ix/vec4 3;
    %ix/load 4, 0, 0; Constant delay
    %assign/vec4/a/d v0x9d71c5360, 0, 4;
    %load/vec4 v0x9d71c54a0_0;
    %assign/vec4 v0x9d71c5400_0, 0;
    %jmp T_11.1;
T_11.0 ;
    %load/vec4 v0x9d71c5180_0;
    %pad/u 12;
    %ix/vec4 4;
    %load/vec4a v0x9d71c5360, 4;
    %assign/vec4 v0x9d71c5400_0, 0;
T_11.1 ;
    %jmp T_11;
    .thread T_11;
    .scope S_0x9d71c0f00;
T_12 ;
    %wait E_0x9d6cc60c0;
    %load/vec4 v0x9d71c6580_0;
    %flag_set/vec4 8;
    %jmp/0xz  T_12.0, 8;
    %pushi/vec4 256, 0, 16;
    %assign/vec4 v0x9d71c63a0_0, 0;
    %pushi/vec4 360, 0, 16;
    %assign/vec4 v0x9d71c6440_0, 0;
    %pushi/vec4 0, 0, 16;
    %assign/vec4 v0x9d71c6620_0, 0;
    %pushi/vec4 0, 0, 32;
    %store/vec4 v0x9d71c5f40_0, 0, 32;
T_12.2 ; Top of for-loop
    %load/vec4 v0x9d71c5f40_0;
    %cmpi/s 4, 0, 32;
	  %jmp/0xz T_12.3, 5;
    %pushi/vec4 48, 0, 32;
    %load/vec4 v0x9d71c5f40_0;
    %muli 144, 0, 32;
    %add;
    %pad/u 16;
    %ix/getv/s 3, v0x9d71c5f40_0;
    %ix/load 4, 0, 0; Constant delay
    %assign/vec4/a/d v0x9d71c61c0, 0, 4;
    %pushi/vec4 400, 0, 32;
    %load/vec4 v0x9d71c5f40_0;
    %muli 88, 0, 32;
    %sub;
    %pad/u 16;
    %ix/getv/s 3, v0x9d71c5f40_0;
    %ix/load 4, 0, 0; Constant delay
    %assign/vec4/a/d v0x9d71c6300, 0, 4;
    %pushi/vec4 24592, 0, 16;
    %ix/getv/s 3, v0x9d71c5f40_0;
    %ix/load 4, 0, 0; Constant delay
    %assign/vec4/a/d v0x9d71c6080, 0, 4;
T_12.4 ; for-loop step statement
    %load/vec4 v0x9d71c5f40_0;
    %addi 1, 0, 32;
    %store/vec4 v0x9d71c5f40_0, 0, 32;
    %jmp T_12.2;
T_12.3 ; for-loop exit label
    %jmp T_12.1;
T_12.0 ;
    %load/vec4 v0x9d71c5e00_0;
    %flag_set/vec4 9;
    %flag_get/vec4 9;
    %jmp/0 T_12.7, 9;
    %load/vec4 v0x9d71c6760_0;
    %and;
T_12.7;
    %flag_set/vec4 8;
    %jmp/0xz  T_12.5, 8;
    %load/vec4 v0x9d71c5d60_0;
    %dup/vec4;
    %pushi/vec4 32768, 0, 16;
    %cmp/u;
    %jmp/1 T_12.8, 6;
    %dup/vec4;
    %pushi/vec4 32769, 0, 16;
    %cmp/u;
    %jmp/1 T_12.9, 6;
    %dup/vec4;
    %pushi/vec4 33536, 0, 16;
    %cmp/u;
    %jmp/1 T_12.10, 6;
    %pushi/vec4 0, 0, 32;
    %store/vec4 v0x9d71c5f40_0, 0, 32;
T_12.13 ; Top of for-loop
    %load/vec4 v0x9d71c5f40_0;
    %cmpi/s 4, 0, 32;
	  %jmp/0xz T_12.14, 5;
    %load/vec4 v0x9d71c5d60_0;
    %pad/u 32;
    %pushi/vec4 32784, 0, 32;
    %load/vec4 v0x9d71c5f40_0;
    %muli 3, 0, 32;
    %add;
    %addi 0, 0, 32;
    %cmp/e;
    %jmp/0xz  T_12.16, 4;
    %load/vec4 v0x9d71c66c0_0;
    %ix/getv/s 3, v0x9d71c5f40_0;
    %ix/load 4, 0, 0; Constant delay
    %assign/vec4/a/d v0x9d71c61c0, 0, 4;
T_12.16 ;
    %load/vec4 v0x9d71c5d60_0;
    %pad/u 32;
    %pushi/vec4 32784, 0, 32;
    %load/vec4 v0x9d71c5f40_0;
    %muli 3, 0, 32;
    %add;
    %addi 1, 0, 32;
    %cmp/e;
    %jmp/0xz  T_12.18, 4;
    %load/vec4 v0x9d71c66c0_0;
    %ix/getv/s 3, v0x9d71c5f40_0;
    %ix/load 4, 0, 0; Constant delay
    %assign/vec4/a/d v0x9d71c6300, 0, 4;
T_12.18 ;
    %load/vec4 v0x9d71c5d60_0;
    %pad/u 32;
    %pushi/vec4 32784, 0, 32;
    %load/vec4 v0x9d71c5f40_0;
    %muli 3, 0, 32;
    %add;
    %addi 2, 0, 32;
    %cmp/e;
    %jmp/0xz  T_12.20, 4;
    %load/vec4 v0x9d71c66c0_0;
    %ix/getv/s 3, v0x9d71c5f40_0;
    %ix/load 4, 0, 0; Constant delay
    %assign/vec4/a/d v0x9d71c6080, 0, 4;
T_12.20 ;
T_12.15 ; for-loop step statement
    %load/vec4 v0x9d71c5f40_0;
    %addi 1, 0, 32;
    %store/vec4 v0x9d71c5f40_0, 0, 32;
    %jmp T_12.13;
T_12.14 ; for-loop exit label
    %jmp T_12.12;
T_12.8 ;
    %load/vec4 v0x9d71c66c0_0;
    %assign/vec4 v0x9d71c63a0_0, 0;
    %jmp T_12.12;
T_12.9 ;
    %load/vec4 v0x9d71c66c0_0;
    %assign/vec4 v0x9d71c6440_0, 0;
    %jmp T_12.12;
T_12.10 ;
    %load/vec4 v0x9d71c66c0_0;
    %assign/vec4 v0x9d71c6620_0, 0;
    %jmp T_12.12;
T_12.12 ;
    %pop/vec4 1;
T_12.5 ;
T_12.1 ;
    %jmp T_12;
    .thread T_12;
    .scope S_0x9d71c0f00;
T_13 ;
    %wait E_0x9d6cc69c0;
    %pushi/vec4 0, 0, 16;
    %store/vec4 v0x9d71c64e0_0, 0, 16;
    %load/vec4 v0x9d71c5d60_0;
    %dup/vec4;
    %pushi/vec4 32768, 0, 16;
    %cmp/u;
    %jmp/1 T_13.0, 6;
    %dup/vec4;
    %pushi/vec4 32769, 0, 16;
    %cmp/u;
    %jmp/1 T_13.1, 6;
    %dup/vec4;
    %pushi/vec4 33536, 0, 16;
    %cmp/u;
    %jmp/1 T_13.2, 6;
    %pushi/vec4 0, 0, 32;
    %store/vec4 v0x9d71c5f40_0, 0, 32;
T_13.5 ; Top of for-loop
    %load/vec4 v0x9d71c5f40_0;
    %cmpi/s 4, 0, 32;
	  %jmp/0xz T_13.6, 5;
    %load/vec4 v0x9d71c5d60_0;
    %pad/u 32;
    %pushi/vec4 32784, 0, 32;
    %load/vec4 v0x9d71c5f40_0;
    %muli 3, 0, 32;
    %add;
    %addi 0, 0, 32;
    %cmp/e;
    %jmp/0xz  T_13.8, 4;
    %ix/getv/s 4, v0x9d71c5f40_0;
    %load/vec4a v0x9d71c61c0, 4;
    %store/vec4 v0x9d71c64e0_0, 0, 16;
T_13.8 ;
    %load/vec4 v0x9d71c5d60_0;
    %pad/u 32;
    %pushi/vec4 32784, 0, 32;
    %load/vec4 v0x9d71c5f40_0;
    %muli 3, 0, 32;
    %add;
    %addi 1, 0, 32;
    %cmp/e;
    %jmp/0xz  T_13.10, 4;
    %ix/getv/s 4, v0x9d71c5f40_0;
    %load/vec4a v0x9d71c6300, 4;
    %store/vec4 v0x9d71c64e0_0, 0, 16;
T_13.10 ;
    %load/vec4 v0x9d71c5d60_0;
    %pad/u 32;
    %pushi/vec4 32784, 0, 32;
    %load/vec4 v0x9d71c5f40_0;
    %muli 3, 0, 32;
    %add;
    %addi 2, 0, 32;
    %cmp/e;
    %jmp/0xz  T_13.12, 4;
    %ix/getv/s 4, v0x9d71c5f40_0;
    %load/vec4a v0x9d71c6080, 4;
    %store/vec4 v0x9d71c64e0_0, 0, 16;
T_13.12 ;
T_13.7 ; for-loop step statement
    %load/vec4 v0x9d71c5f40_0;
    %addi 1, 0, 32;
    %store/vec4 v0x9d71c5f40_0, 0, 32;
    %jmp T_13.5;
T_13.6 ; for-loop exit label
    %jmp T_13.4;
T_13.0 ;
    %load/vec4 v0x9d71c63a0_0;
    %store/vec4 v0x9d71c64e0_0, 0, 16;
    %jmp T_13.4;
T_13.1 ;
    %load/vec4 v0x9d71c6440_0;
    %store/vec4 v0x9d71c64e0_0, 0, 16;
    %jmp T_13.4;
T_13.2 ;
    %load/vec4 v0x9d71c6620_0;
    %store/vec4 v0x9d71c64e0_0, 0, 16;
    %jmp T_13.4;
T_13.4 ;
    %pop/vec4 1;
    %jmp T_13;
    .thread T_13, $push;
    .scope S_0x9d71c0c00;
T_14 ;
    %wait E_0x9d6cc60c0;
    %load/vec4 v0x9d71c4f00_0;
    %flag_set/vec4 8;
    %jmp/0xz  T_14.0, 8;
    %pushi/vec4 0, 0, 1;
    %assign/vec4 v0x9d71c4a00_0, 0;
    %pushi/vec4 0, 0, 1;
    %assign/vec4 v0x9d71c4c80_0, 0;
    %pushi/vec4 0, 0, 1;
    %assign/vec4 v0x9d71c4be0_0, 0;
    %pushi/vec4 0, 0, 4;
    %assign/vec4 v0x9d71c4fa0_0, 0;
    %pushi/vec4 32, 0, 8;
    %assign/vec4 v0x9d71c4dc0_0, 0;
    %pushi/vec4 0, 0, 16;
    %assign/vec4 v0x9d71c4aa0_0, 0;
    %jmp T_14.1;
T_14.0 ;
    %load/vec4 v0x9d71c4960_0;
    %flag_set/vec4 8;
    %jmp/0xz  T_14.2, 8;
    %pushi/vec4 0, 0, 1;
    %assign/vec4 v0x9d71c4a00_0, 0;
T_14.2 ;
    %load/vec4 v0x9d71c4820_0;
    %flag_set/vec4 9;
    %flag_get/vec4 9;
    %jmp/0 T_14.6, 9;
    %load/vec4 v0x9d71c50e0_0;
    %and;
T_14.6;
    %flag_set/vec4 8;
    %jmp/0xz  T_14.4, 8;
    %load/vec4 v0x9d71c46e0_0;
    %dup/vec4;
    %pushi/vec4 33024, 0, 16;
    %cmp/u;
    %jmp/1 T_14.7, 6;
    %dup/vec4;
    %pushi/vec4 33025, 0, 16;
    %cmp/u;
    %jmp/1 T_14.8, 6;
    %dup/vec4;
    %pushi/vec4 33027, 0, 16;
    %cmp/u;
    %jmp/1 T_14.9, 6;
    %jmp T_14.10;
T_14.7 ;
    %load/vec4 v0x9d71c5040_0;
    %parti/s 1, 0, 2;
    %assign/vec4 v0x9d71c4c80_0, 0;
    %load/vec4 v0x9d71c5040_0;
    %parti/s 1, 1, 2;
    %assign/vec4 v0x9d71c4be0_0, 0;
    %load/vec4 v0x9d71c5040_0;
    %parti/s 4, 4, 4;
    %assign/vec4 v0x9d71c4fa0_0, 0;
    %load/vec4 v0x9d71c5040_0;
    %assign/vec4 v0x9d71c4aa0_0, 0;
    %load/vec4 v0x9d71c5040_0;
    %parti/s 1, 2, 3;
    %flag_set/vec4 8;
    %jmp/0xz  T_14.11, 8;
    %pushi/vec4 1, 0, 1;
    %assign/vec4 v0x9d71c4a00_0, 0;
T_14.11 ;
    %jmp T_14.10;
T_14.8 ;
    %load/vec4 v0x9d71c5040_0;
    %parti/s 8, 0, 2;
    %assign/vec4 v0x9d71c4dc0_0, 0;
    %load/vec4 v0x9d71c5040_0;
    %assign/vec4 v0x9d71c4aa0_0, 0;
    %jmp T_14.10;
T_14.9 ;
    %load/vec4 v0x9d71c5040_0;
    %assign/vec4 v0x9d71c4aa0_0, 0;
    %jmp T_14.10;
T_14.10 ;
    %pop/vec4 1;
T_14.4 ;
T_14.1 ;
    %jmp T_14;
    .thread T_14;
    .scope S_0x9d71c0c00;
T_15 ;
    %wait E_0x9d6cc68c0;
    %load/vec4 v0x9d71c46e0_0;
    %dup/vec4;
    %pushi/vec4 33024, 0, 16;
    %cmp/u;
    %jmp/1 T_15.0, 6;
    %dup/vec4;
    %pushi/vec4 33025, 0, 16;
    %cmp/u;
    %jmp/1 T_15.1, 6;
    %dup/vec4;
    %pushi/vec4 33026, 0, 16;
    %cmp/u;
    %jmp/1 T_15.2, 6;
    %dup/vec4;
    %pushi/vec4 33027, 0, 16;
    %cmp/u;
    %jmp/1 T_15.3, 6;
    %pushi/vec4 0, 0, 16;
    %store/vec4 v0x9d71c4e60_0, 0, 16;
    %jmp T_15.5;
T_15.0 ;
    %pushi/vec4 0, 0, 8;
    %load/vec4 v0x9d71c4fa0_0;
    %concat/vec4; draw_concat_vec4
    %load/vec4 v0x9d71c4a00_0;
    %concat/vec4; draw_concat_vec4
    %load/vec4 v0x9d71c4be0_0;
    %concat/vec4; draw_concat_vec4
    %load/vec4 v0x9d71c4c80_0;
    %concat/vec4; draw_concat_vec4
    %pad/u 16;
    %store/vec4 v0x9d71c4e60_0, 0, 16;
    %jmp T_15.5;
T_15.1 ;
    %pushi/vec4 0, 0, 8;
    %load/vec4 v0x9d71c4dc0_0;
    %concat/vec4; draw_concat_vec4
    %store/vec4 v0x9d71c4e60_0, 0, 16;
    %jmp T_15.5;
T_15.2 ;
    %pushi/vec4 0, 0, 12;
    %load/vec4 v0x9d71c4a00_0;
    %concat/vec4; draw_concat_vec4
    %load/vec4 v0x9d71c4d20_0;
    %concat/vec4; draw_concat_vec4
    %load/vec4 v0x9d71c4b40_0;
    %concat/vec4; draw_concat_vec4
    %load/vec4 v0x9d71c4780_0;
    %concat/vec4; draw_concat_vec4
    %store/vec4 v0x9d71c4e60_0, 0, 16;
    %jmp T_15.5;
T_15.3 ;
    %load/vec4 v0x9d71c4aa0_0;
    %store/vec4 v0x9d71c4e60_0, 0, 16;
    %jmp T_15.5;
T_15.5 ;
    %pop/vec4 1;
    %jmp T_15;
    .thread T_15, $push;
    .scope S_0x9d71c0a80;
T_16 ;
    %wait E_0x9d6cc6880;
    %load/vec4 v0x9d71c6b20_0;
    %cmpi/u 0, 0, 16;
    %flag_inv 5; GE is !LT
    %flag_get/vec4 5;
    %jmp/0 T_16.0, 5;
    %load/vec4 v0x9d71c6b20_0;
    %cmpi/u 1023, 0, 16;
    %flag_get/vec4 4;
    %flag_get/vec4 5;
    %or;
    %and;
T_16.0;
    %store/vec4 v0x9d71c7c00_0, 0, 1;
    %load/vec4 v0x9d71c6b20_0;
    %cmpi/u 1024, 0, 16;
    %flag_inv 5; GE is !LT
    %flag_get/vec4 5;
    %jmp/0 T_16.1, 5;
    %load/vec4 v0x9d71c6b20_0;
    %cmpi/u 2047, 0, 16;
    %flag_get/vec4 4;
    %flag_get/vec4 5;
    %or;
    %and;
T_16.1;
    %store/vec4 v0x9d71c7a20_0, 0, 1;
    %load/vec4 v0x9d71c6b20_0;
    %cmpi/e 32768, 0, 16;
    %jmp/1 T_16.4, 4;
    %flag_mov 8, 4;
    %load/vec4 v0x9d71c6b20_0;
    %cmpi/e 32769, 0, 16;
    %flag_or 4, 8;
T_16.4;
    %jmp/1 T_16.3, 4;
    %flag_mov 8, 4;
    %load/vec4 v0x9d71c6b20_0;
    %cmpi/e 33536, 0, 16;
    %flag_or 4, 8;
T_16.3;
    %flag_get/vec4 4;
    %jmp/1 T_16.2, 4;
    %load/vec4 v0x9d71c6b20_0;
    %cmpi/u 32784, 0, 16;
    %flag_inv 5; GE is !LT
    %flag_get/vec4 5;
    %jmp/0 T_16.5, 5;
    %load/vec4 v0x9d71c6b20_0;
    %pad/u 32;
    %cmpi/u 32796, 0, 32;
    %flag_get/vec4 5;
    %and;
T_16.5;
    %or;
T_16.2;
    %store/vec4 v0x9d71c73e0_0, 0, 1;
    %load/vec4 v0x9d71c6b20_0;
    %cmpi/u 33024, 0, 16;
    %flag_inv 5; GE is !LT
    %flag_get/vec4 5;
    %jmp/0 T_16.6, 5;
    %load/vec4 v0x9d71c6b20_0;
    %cmpi/u 33027, 0, 16;
    %flag_get/vec4 4;
    %flag_get/vec4 5;
    %or;
    %and;
T_16.6;
    %store/vec4 v0x9d71c7160_0, 0, 1;
    %load/vec4 v0x9d71c6b20_0;
    %cmpi/e 33280, 0, 16;
    %flag_get/vec4 4;
    %jmp/1 T_16.7, 4;
    %load/vec4 v0x9d71c6b20_0;
    %pushi/vec4 33281, 0, 16;
    %cmp/e;
    %flag_get/vec4 4;
    %or;
T_16.7;
    %store/vec4 v0x9d71c7520_0, 0, 1;
    %load/vec4 v0x9d71c6b20_0;
    %cmpi/e 33280, 0, 16;
    %jmp/0xz  T_16.8, 4;
    %pushi/vec4 0, 0, 12;
    %load/vec4 v0x9d71c78e0_0;
    %concat/vec4; draw_concat_vec4
    %store/vec4 v0x9d71c7480_0, 0, 16;
    %jmp T_16.9;
T_16.8 ;
    %load/vec4 v0x9d71c6b20_0;
    %cmpi/e 33281, 0, 16;
    %jmp/0xz  T_16.10, 4;
    %pushi/vec4 0, 0, 6;
    %load/vec4 v0x9d71c7de0_0;
    %concat/vec4; draw_concat_vec4
    %store/vec4 v0x9d71c7480_0, 0, 16;
    %jmp T_16.11;
T_16.10 ;
    %pushi/vec4 0, 0, 16;
    %store/vec4 v0x9d71c7480_0, 0, 16;
T_16.11 ;
T_16.9 ;
    %pushi/vec4 1, 0, 1;
    %dup/vec4;
    %load/vec4 v0x9d71c7c00_0;
    %cmp/u;
    %jmp/1 T_16.12, 6;
    %dup/vec4;
    %load/vec4 v0x9d71c7a20_0;
    %cmp/u;
    %jmp/1 T_16.13, 6;
    %dup/vec4;
    %load/vec4 v0x9d71c73e0_0;
    %cmp/u;
    %jmp/1 T_16.14, 6;
    %dup/vec4;
    %load/vec4 v0x9d71c7160_0;
    %cmp/u;
    %jmp/1 T_16.15, 6;
    %dup/vec4;
    %load/vec4 v0x9d71c7520_0;
    %cmp/u;
    %jmp/1 T_16.16, 6;
    %pushi/vec4 0, 0, 16;
    %store/vec4 v0x9d71c7ac0_0, 0, 16;
    %jmp T_16.18;
T_16.12 ;
    %load/vec4 v0x9d71c7b60_0;
    %store/vec4 v0x9d71c7ac0_0, 0, 16;
    %jmp T_16.18;
T_16.13 ;
    %load/vec4 v0x9d71c7980_0;
    %store/vec4 v0x9d71c7ac0_0, 0, 16;
    %jmp T_16.18;
T_16.14 ;
    %load/vec4 v0x9d71c7340_0;
    %store/vec4 v0x9d71c7ac0_0, 0, 16;
    %jmp T_16.18;
T_16.15 ;
    %load/vec4 v0x9d71c70c0_0;
    %store/vec4 v0x9d71c7ac0_0, 0, 16;
    %jmp T_16.18;
T_16.16 ;
    %load/vec4 v0x9d71c7480_0;
    %store/vec4 v0x9d71c7ac0_0, 0, 16;
    %jmp T_16.18;
T_16.18 ;
    %pop/vec4 1;
    %jmp T_16;
    .thread T_16, $push;
    .scope S_0x9d71c2100;
T_17 ;
    %wait E_0x9d6cc60c0;
    %load/vec4 v0x9d71ce580_0;
    %flag_set/vec4 8;
    %jmp/0xz  T_17.0, 8;
    %pushi/vec4 0, 0, 1;
    %assign/vec4 v0x9d71ce120_0, 0;
    %jmp T_17.1;
T_17.0 ;
    %load/vec4 v0x9d71ce120_0;
    %inv;
    %assign/vec4 v0x9d71ce120_0, 0;
T_17.1 ;
    %jmp T_17;
    .thread T_17;
    .scope S_0x9d71c2100;
T_18 ;
    %wait E_0x9d6cc7100;
    %load/vec4 v0x9d71ce580_0;
    %flag_set/vec4 8;
    %jmp/0xz  T_18.0, 8;
    %pushi/vec4 0, 0, 10;
    %assign/vec4 v0x9d71ce260_0, 0;
    %pushi/vec4 0, 0, 10;
    %assign/vec4 v0x9d71ce620_0, 0;
    %jmp T_18.1;
T_18.0 ;
    %load/vec4 v0x9d71ce260_0;
    %pad/u 32;
    %cmpi/e 799, 0, 32;
    %jmp/0xz  T_18.2, 4;
    %pushi/vec4 0, 0, 10;
    %assign/vec4 v0x9d71ce260_0, 0;
    %load/vec4 v0x9d71ce620_0;
    %pad/u 32;
    %cmpi/e 524, 0, 32;
    %jmp/0xz  T_18.4, 4;
    %pushi/vec4 0, 0, 10;
    %assign/vec4 v0x9d71ce620_0, 0;
    %jmp T_18.5;
T_18.4 ;
    %load/vec4 v0x9d71ce620_0;
    %addi 1, 0, 10;
    %assign/vec4 v0x9d71ce620_0, 0;
T_18.5 ;
    %jmp T_18.3;
T_18.2 ;
    %load/vec4 v0x9d71ce260_0;
    %addi 1, 0, 10;
    %assign/vec4 v0x9d71ce260_0, 0;
T_18.3 ;
T_18.1 ;
    %jmp T_18;
    .thread T_18;
    .scope S_0x9d71c2100;
T_19 ;
    %wait E_0x9d6cc70c0;
    %load/vec4 v0x9d71ce260_0;
    %cmpi/u 96, 0, 10;
    %flag_get/vec4 5;
    %inv;
    %store/vec4 v0x9d71ce300_0, 0, 1;
    %load/vec4 v0x9d71ce620_0;
    %cmpi/u 2, 0, 10;
    %flag_get/vec4 5;
    %inv;
    %store/vec4 v0x9d71ce6c0_0, 0, 1;
    %load/vec4 v0x9d71ce260_0;
    %cmpi/u 144, 0, 10;
    %flag_inv 5; GE is !LT
    %flag_get/vec4 5;
    %jmp/0 T_19.2, 5;
    %load/vec4 v0x9d71ce260_0;
    %cmpi/u 784, 0, 10;
    %flag_get/vec4 5;
    %and;
T_19.2;
    %flag_set/vec4 9;
    %flag_get/vec4 9;
    %jmp/0 T_19.1, 9;
    %pushi/vec4 35, 0, 10;
    %load/vec4 v0x9d71ce620_0;
    %cmp/u;
    %flag_get/vec4 4;
    %flag_get/vec4 5;
    %or;
    %and;
T_19.1;
    %flag_set/vec4 8;
    %flag_get/vec4 8;
    %jmp/0 T_19.0, 8;
    %load/vec4 v0x9d71ce620_0;
    %cmpi/u 515, 0, 10;
    %flag_get/vec4 5;
    %and;
T_19.0;
    %store/vec4 v0x9d71ce1c0_0, 0, 1;
    %load/vec4 v0x9d71ce1c0_0;
    %store/vec4 v0x9d71cdfe0_0, 0, 1;
    %load/vec4 v0x9d71ce1c0_0;
    %flag_set/vec4 8;
    %jmp/0xz  T_19.3, 8;
    %load/vec4 v0x9d71ce260_0;
    %subi 144, 0, 10;
    %store/vec4 v0x9d71ce440_0, 0, 10;
    %load/vec4 v0x9d71ce620_0;
    %subi 35, 0, 10;
    %store/vec4 v0x9d71ce4e0_0, 0, 10;
    %jmp T_19.4;
T_19.3 ;
    %pushi/vec4 0, 0, 10;
    %store/vec4 v0x9d71ce440_0, 0, 10;
    %pushi/vec4 0, 0, 10;
    %store/vec4 v0x9d71ce4e0_0, 0, 10;
T_19.4 ;
    %jmp T_19;
    .thread T_19, $push;
    .scope S_0x9d71c1b00;
T_20 ;
    %wait E_0x9d6cc6d40;
    %load/vec4 v0x9d71cc460_0;
    %pad/u 32;
    %pushi/vec4 32, 0, 32;
    %div;
    %load/vec4 v0x9d71cc500_0;
    %pad/u 32;
    %pushi/vec4 32, 0, 32;
    %div;
    %add;
    %pushi/vec4 2, 0, 32;
    %mod;
    %cmpi/e 0, 0, 32;
    %jmp/0xz  T_20.0, 4;
    %pushi/vec4 24, 0, 8;
    %store/vec4 v0x9d71cc5a0_0, 0, 8;
    %pushi/vec4 78, 0, 8;
    %store/vec4 v0x9d71cc3c0_0, 0, 8;
    %pushi/vec4 158, 0, 8;
    %store/vec4 v0x9d71cc320_0, 0, 8;
    %jmp T_20.1;
T_20.0 ;
    %pushi/vec4 14, 0, 8;
    %store/vec4 v0x9d71cc5a0_0, 0, 8;
    %pushi/vec4 116, 0, 8;
    %store/vec4 v0x9d71cc3c0_0, 0, 8;
    %pushi/vec4 78, 0, 8;
    %store/vec4 v0x9d71cc320_0, 0, 8;
T_20.1 ;
    %jmp T_20;
    .thread T_20, $push;
    .scope S_0x9d71c1c80;
T_21 ;
    %wait E_0x9d6cc6d80;
    %pushi/vec4 0, 0, 1;
    %store/vec4 v0x9d71cc640_0, 0, 1;
    %pushi/vec4 0, 0, 8;
    %store/vec4 v0x9d71cce60_0, 0, 8;
    %pushi/vec4 0, 0, 8;
    %store/vec4 v0x9d71cc780_0, 0, 8;
    %pushi/vec4 0, 0, 8;
    %store/vec4 v0x9d71cc6e0_0, 0, 8;
    %pushi/vec4 0, 0, 32;
    %store/vec4 v0x9d71cc8c0_0, 0, 32;
T_21.0 ; Top of for-loop
    %load/vec4 v0x9d71cc8c0_0;
    %cmpi/s 4, 0, 32;
	  %jmp/0xz T_21.1, 5;
    %load/vec4 v0x9d71ccbe0_0;
    %load/vec4 v0x9d71cc8c0_0;
    %muli 16, 0, 32;
    %part/s 16;
    %store/vec4 v0x9d71ccc80_0, 0, 16;
    %load/vec4 v0x9d71ccd20_0;
    %load/vec4 v0x9d71cc8c0_0;
    %muli 16, 0, 32;
    %part/s 16;
    %store/vec4 v0x9d71ccdc0_0, 0, 16;
    %load/vec4 v0x9d71ccaa0_0;
    %load/vec4 v0x9d71cc8c0_0;
    %muli 16, 0, 32;
    %part/s 16;
    %store/vec4 v0x9d71ccb40_0, 0, 16;
    %load/vec4 v0x9d71ccb40_0;
    %parti/s 8, 8, 5;
    %store/vec4 v0x9d71ccf00_0, 0, 8;
    %load/vec4 v0x9d71ccb40_0;
    %parti/s 8, 0, 2;
    %store/vec4 v0x9d71cc820_0, 0, 8;
    %load/vec4 v0x9d71ccc80_0;
    %parti/s 10, 0, 2;
    %load/vec4 v0x9d71cc960_0;
    %cmp/u;
    %flag_or 5, 4;
    %flag_get/vec4 5;
    %jmp/0 T_21.7, 5;
    %load/vec4 v0x9d71cc960_0;
    %load/vec4 v0x9d71ccc80_0;
    %parti/s 10, 0, 2;
    %load/vec4 v0x9d71ccf00_0;
    %pad/u 10;
    %add;
    %cmp/u;
    %flag_get/vec4 5;
    %and;
T_21.7;
    %flag_set/vec4 10;
    %flag_get/vec4 10;
    %jmp/0 T_21.6, 10;
    %load/vec4 v0x9d71ccdc0_0;
    %parti/s 10, 0, 2;
    %load/vec4 v0x9d71cca00_0;
    %cmp/u;
    %flag_get/vec4 4;
    %flag_get/vec4 5;
    %or;
    %and;
T_21.6;
    %flag_set/vec4 9;
    %flag_get/vec4 9;
    %jmp/0 T_21.5, 9;
    %load/vec4 v0x9d71cca00_0;
    %load/vec4 v0x9d71ccdc0_0;
    %parti/s 10, 0, 2;
    %load/vec4 v0x9d71cc820_0;
    %pad/u 10;
    %add;
    %cmp/u;
    %flag_get/vec4 5;
    %and;
T_21.5;
    %flag_set/vec4 8;
    %jmp/0xz  T_21.3, 8;
    %pushi/vec4 1, 0, 1;
    %store/vec4 v0x9d71cc640_0, 0, 1;
    %pushi/vec4 255, 0, 8;
    %store/vec4 v0x9d71cce60_0, 0, 8;
    %pushi/vec4 255, 0, 8;
    %store/vec4 v0x9d71cc780_0, 0, 8;
    %pushi/vec4 255, 0, 8;
    %store/vec4 v0x9d71cc6e0_0, 0, 8;
T_21.3 ;
T_21.2 ; for-loop step statement
    %load/vec4 v0x9d71cc8c0_0;
    %addi 1, 0, 32;
    %store/vec4 v0x9d71cc8c0_0, 0, 32;
    %jmp T_21.0;
T_21.1 ; for-loop exit label
    %jmp T_21;
    .thread T_21, $push;
    .scope S_0x9d71c1e00;
T_22 ;
    %wait E_0x9d6cc6dc0;
    %load/vec4 v0x9d71cd400_0;
    %parti/s 10, 0, 2;
    %load/vec4 v0x9d71cd2c0_0;
    %cmp/u;
    %flag_or 5, 4;
    %flag_get/vec4 5;
    %jmp/0 T_22.2, 5;
    %load/vec4 v0x9d71cd2c0_0;
    %load/vec4 v0x9d71cd400_0;
    %parti/s 10, 0, 2;
    %addi 64, 0, 10;
    %cmp/u;
    %flag_get/vec4 5;
    %and;
T_22.2;
    %flag_set/vec4 9;
    %flag_get/vec4 9;
    %jmp/0 T_22.1, 9;
    %load/vec4 v0x9d71cd4a0_0;
    %parti/s 10, 0, 2;
    %load/vec4 v0x9d71cd360_0;
    %cmp/u;
    %flag_get/vec4 4;
    %flag_get/vec4 5;
    %or;
    %and;
T_22.1;
    %flag_set/vec4 8;
    %flag_get/vec4 8;
    %jmp/0 T_22.0, 8;
    %load/vec4 v0x9d71cd360_0;
    %load/vec4 v0x9d71cd4a0_0;
    %parti/s 10, 0, 2;
    %addi 64, 0, 10;
    %cmp/u;
    %flag_get/vec4 5;
    %and;
T_22.0;
    %store/vec4 v0x9d71cd180_0, 0, 1;
    %load/vec4 v0x9d71cd180_0;
    %flag_set/vec4 9;
    %flag_get/vec4 9;
    %jmp/0 T_22.4, 9;
    %load/vec4 v0x9d71cd360_0;
    %load/vec4 v0x9d71cd4a0_0;
    %parti/s 10, 0, 2;
    %addi 18, 0, 10;
    %cmp/u;
    %flag_get/vec4 5;
    %and;
T_22.4;
    %flag_set/vec4 8;
    %flag_get/vec4 8;
    %jmp/0 T_22.3, 8;
    %load/vec4 v0x9d71cd2c0_0;
    %load/vec4 v0x9d71cd400_0;
    %parti/s 10, 0, 2;
    %addi 20, 0, 10;
    %cmp/u;
    %flag_get/vec4 5;
    %jmp/1 T_22.5, 5;
    %load/vec4 v0x9d71cd400_0;
    %parti/s 10, 0, 2;
    %addi 43, 0, 10;
    %load/vec4 v0x9d71cd2c0_0;
    %cmp/u;
    %flag_get/vec4 5;
    %or;
T_22.5;
    %and;
T_22.3;
    %store/vec4 v0x9d71cd220_0, 0, 1;
    %load/vec4 v0x9d71cd180_0;
    %store/vec4 v0x9d71ccfa0_0, 0, 1;
    %load/vec4 v0x9d71cd220_0;
    %flag_set/vec4 8;
    %jmp/0xz  T_22.6, 8;
    %pushi/vec4 0, 0, 8;
    %store/vec4 v0x9d71cd540_0, 0, 8;
    %pushi/vec4 0, 0, 8;
    %store/vec4 v0x9d71cd0e0_0, 0, 8;
    %pushi/vec4 0, 0, 8;
    %store/vec4 v0x9d71cd040_0, 0, 8;
    %jmp T_22.7;
T_22.6 ;
    %load/vec4 v0x9d71cd180_0;
    %flag_set/vec4 8;
    %jmp/0xz  T_22.8, 8;
    %pushi/vec4 40, 0, 9;
    %pushi/vec4 0, 0, 4;
    %load/vec4 v0x9d71cd5e0_0;
    %concat/vec4; draw_concat_vec4
    %concati/vec4 0, 0, 1;
    %add;
    %pad/u 8;
    %store/vec4 v0x9d71cd540_0, 0, 8;
    %pushi/vec4 240, 0, 8;
    %store/vec4 v0x9d71cd0e0_0, 0, 8;
    %pushi/vec4 32, 0, 9;
    %pushi/vec4 0, 0, 4;
    %load/vec4 v0x9d71cd5e0_0;
    %concat/vec4; draw_concat_vec4
    %concati/vec4 0, 0, 1;
    %add;
    %pad/u 8;
    %store/vec4 v0x9d71cd040_0, 0, 8;
    %jmp T_22.9;
T_22.8 ;
    %pushi/vec4 0, 0, 8;
    %store/vec4 v0x9d71cd540_0, 0, 8;
    %pushi/vec4 0, 0, 8;
    %store/vec4 v0x9d71cd0e0_0, 0, 8;
    %pushi/vec4 0, 0, 8;
    %store/vec4 v0x9d71cd040_0, 0, 8;
T_22.9 ;
T_22.7 ;
    %jmp T_22;
    .thread T_22, $push;
    .scope S_0x9d71c1f80;
T_23 ;
    %wait E_0x9d6cc6e00;
    %load/vec4 v0x9d71cd900_0;
    %nor/r;
    %flag_set/vec4 8;
    %jmp/0xz  T_23.0, 8;
    %pushi/vec4 0, 0, 8;
    %store/vec4 v0x9d71cdf40_0, 0, 8;
    %pushi/vec4 0, 0, 8;
    %store/vec4 v0x9d71cd9a0_0, 0, 8;
    %pushi/vec4 0, 0, 8;
    %store/vec4 v0x9d71cd860_0, 0, 8;
    %jmp T_23.1;
T_23.0 ;
    %load/vec4 v0x9d71cdcc0_0;
    %flag_set/vec4 8;
    %jmp/0xz  T_23.2, 8;
    %load/vec4 v0x9d71cdea0_0;
    %store/vec4 v0x9d71cdf40_0, 0, 8;
    %load/vec4 v0x9d71cde00_0;
    %store/vec4 v0x9d71cd9a0_0, 0, 8;
    %load/vec4 v0x9d71cdd60_0;
    %store/vec4 v0x9d71cd860_0, 0, 8;
    %jmp T_23.3;
T_23.2 ;
    %load/vec4 v0x9d71cda40_0;
    %flag_set/vec4 8;
    %jmp/0xz  T_23.4, 8;
    %load/vec4 v0x9d71cdc20_0;
    %store/vec4 v0x9d71cdf40_0, 0, 8;
    %load/vec4 v0x9d71cdb80_0;
    %store/vec4 v0x9d71cd9a0_0, 0, 8;
    %load/vec4 v0x9d71cdae0_0;
    %store/vec4 v0x9d71cd860_0, 0, 8;
    %jmp T_23.5;
T_23.4 ;
    %load/vec4 v0x9d71cd7c0_0;
    %store/vec4 v0x9d71cdf40_0, 0, 8;
    %load/vec4 v0x9d71cd720_0;
    %store/vec4 v0x9d71cd9a0_0, 0, 8;
    %load/vec4 v0x9d71cd680_0;
    %store/vec4 v0x9d71cd860_0, 0, 8;
T_23.5 ;
T_23.3 ;
T_23.1 ;
    %jmp T_23;
    .thread T_23, $push;
    .scope S_0x10162b4e0;
T_24 ;
    %wait E_0x9d6cc6240;
    %load/vec4 v0x9d7124d20_0;
    %flag_set/vec4 8;
    %jmp/0xz  T_24.0, 8;
    %pushi/vec4 0, 0, 4;
    %assign/vec4 v0x9d7124460_0, 0;
    %pushi/vec4 0, 0, 1;
    %assign/vec4 v0x9d7124640_0, 0;
    %pushi/vec4 0, 0, 1;
    %assign/vec4 v0x9d7125900_0, 0;
    %pushi/vec4 0, 0, 1;
    %assign/vec4 v0x9d71245a0_0, 0;
    %jmp T_24.1;
T_24.0 ;
    %load/vec4 v0x9d7124460_0;
    %dup/vec4;
    %pushi/vec4 0, 0, 4;
    %cmp/u;
    %jmp/1 T_24.2, 6;
    %dup/vec4;
    %pushi/vec4 1, 0, 4;
    %cmp/u;
    %jmp/1 T_24.3, 6;
    %dup/vec4;
    %pushi/vec4 2, 0, 4;
    %cmp/u;
    %jmp/1 T_24.4, 6;
    %dup/vec4;
    %pushi/vec4 3, 0, 4;
    %cmp/u;
    %jmp/1 T_24.5, 6;
    %dup/vec4;
    %pushi/vec4 4, 0, 4;
    %cmp/u;
    %jmp/1 T_24.6, 6;
    %jmp T_24.7;
T_24.2 ;
    %load/vec4 v0x9d7125ea0_0;
    %flag_set/vec4 8;
    %jmp/0xz  T_24.8, 8;
    %pushi/vec4 1, 0, 4;
    %assign/vec4 v0x9d7124460_0, 0;
    %pushi/vec4 0, 0, 4;
    %assign/vec4 v0x9d7124500_0, 0;
    %load/vec4 v0x9d7125d60_0;
    %assign/vec4 v0x9d7124dc0_0, 0;
    %load/vec4 v0x9d71241e0_0;
    %assign/vec4 v0x9d7124be0_0, 0;
    %load/vec4 v0x9d7125e00_0;
    %assign/vec4 v0x9d7124c80_0, 0;
    %pushi/vec4 1, 0, 1;
    %assign/vec4 v0x9d7125900_0, 0;
    %pushi/vec4 0, 0, 3;
    %assign/vec4 v0x9d7124320_0, 0;
    %jmp T_24.9;
T_24.8 ;
    %pushi/vec4 0, 0, 1;
    %assign/vec4 v0x9d7125900_0, 0;
    %pushi/vec4 0, 0, 1;
    %assign/vec4 v0x9d71245a0_0, 0;
    %pushi/vec4 0, 0, 1;
    %assign/vec4 v0x9d7125180_0, 0;
    %pushi/vec4 0, 0, 1;
    %assign/vec4 v0x9d7125220_0, 0;
T_24.9 ;
    %jmp T_24.7;
T_24.3 ;
    %load/vec4 v0x9d7124500_0;
    %dup/vec4;
    %pushi/vec4 0, 0, 4;
    %cmp/u;
    %jmp/1 T_24.10, 6;
    %dup/vec4;
    %pushi/vec4 1, 0, 4;
    %cmp/u;
    %jmp/1 T_24.11, 6;
    %jmp T_24.12;
T_24.10 ;
    %load/vec4 v0x9d7124280_0;
    %flag_set/vec4 8;
    %jmp/0xz  T_24.13, 8;
    %pushi/vec4 1, 0, 1;
    %assign/vec4 v0x9d7125220_0, 0;
    %pushi/vec4 1, 0, 4;
    %assign/vec4 v0x9d7124500_0, 0;
    %jmp T_24.14;
T_24.13 ;
    %pushi/vec4 0, 0, 1;
    %assign/vec4 v0x9d7125180_0, 0;
T_24.14 ;
    %jmp T_24.12;
T_24.11 ;
    %pushi/vec4 1, 0, 1;
    %assign/vec4 v0x9d7125180_0, 0;
    %pushi/vec4 7, 0, 4;
    %assign/vec4 v0x9d71246e0_0, 0;
    %pushi/vec4 2, 0, 4;
    %assign/vec4 v0x9d7124460_0, 0;
    %pushi/vec4 0, 0, 4;
    %assign/vec4 v0x9d7124500_0, 0;
    %load/vec4 v0x9d7124dc0_0;
    %assign/vec4 v0x9d7124780_0, 0;
    %jmp T_24.12;
T_24.12 ;
    %pop/vec4 1;
    %jmp T_24.7;
T_24.4 ;
    %load/vec4 v0x9d7124500_0;
    %dup/vec4;
    %pushi/vec4 0, 0, 4;
    %cmp/u;
    %jmp/1 T_24.15, 6;
    %dup/vec4;
    %pushi/vec4 1, 0, 4;
    %cmp/u;
    %jmp/1 T_24.16, 6;
    %dup/vec4;
    %pushi/vec4 2, 0, 4;
    %cmp/u;
    %jmp/1 T_24.17, 6;
    %jmp T_24.18;
T_24.15 ;
    %load/vec4 v0x9d7124780_0;
    %load/vec4 v0x9d71246e0_0;
    %part/u 1;
    %inv;
    %assign/vec4 v0x9d7125220_0, 0;
    %pushi/vec4 1, 0, 4;
    %assign/vec4 v0x9d7124500_0, 0;
    %jmp T_24.18;
T_24.16 ;
    %pushi/vec4 0, 0, 1;
    %assign/vec4 v0x9d7125180_0, 0;
    %pushi/vec4 2, 0, 4;
    %assign/vec4 v0x9d7124500_0, 0;
    %jmp T_24.18;
T_24.17 ;
    %load/vec4 v0x9d7124280_0;
    %flag_set/vec4 8;
    %jmp/0xz  T_24.19, 8;
    %pushi/vec4 1, 0, 1;
    %assign/vec4 v0x9d7125180_0, 0;
    %load/vec4 v0x9d71246e0_0;
    %pad/u 32;
    %cmpi/e 0, 0, 32;
    %jmp/0xz  T_24.21, 4;
    %pushi/vec4 0, 0, 4;
    %assign/vec4 v0x9d7124500_0, 0;
    %pushi/vec4 3, 0, 4;
    %assign/vec4 v0x9d7124460_0, 0;
    %load/vec4 v0x9d7124320_0;
    %addi 1, 0, 3;
    %assign/vec4 v0x9d7124320_0, 0;
    %jmp T_24.22;
T_24.21 ;
    %load/vec4 v0x9d71246e0_0;
    %subi 1, 0, 4;
    %assign/vec4 v0x9d71246e0_0, 0;
    %pushi/vec4 0, 0, 4;
    %assign/vec4 v0x9d7124500_0, 0;
T_24.22 ;
    %jmp T_24.20;
T_24.19 ;
    %pushi/vec4 0, 0, 1;
    %assign/vec4 v0x9d7125180_0, 0;
T_24.20 ;
    %jmp T_24.18;
T_24.18 ;
    %pop/vec4 1;
    %jmp T_24.7;
T_24.5 ;
    %load/vec4 v0x9d7124500_0;
    %dup/vec4;
    %pushi/vec4 0, 0, 4;
    %cmp/u;
    %jmp/1 T_24.23, 6;
    %dup/vec4;
    %pushi/vec4 1, 0, 4;
    %cmp/u;
    %jmp/1 T_24.24, 6;
    %dup/vec4;
    %pushi/vec4 2, 0, 4;
    %cmp/u;
    %jmp/1 T_24.25, 6;
    %jmp T_24.26;
T_24.23 ;
    %pushi/vec4 0, 0, 1;
    %assign/vec4 v0x9d7125220_0, 0;
    %pushi/vec4 1, 0, 4;
    %assign/vec4 v0x9d7124500_0, 0;
    %jmp T_24.26;
T_24.24 ;
    %pushi/vec4 1, 0, 1;
    %assign/vec4 v0x9d7125180_0, 0;
    %pushi/vec4 2, 0, 4;
    %assign/vec4 v0x9d7124500_0, 0;
    %jmp T_24.26;
T_24.25 ;
    %load/vec4 v0x9d7124280_0;
    %flag_set/vec4 8;
    %jmp/0xz  T_24.27, 8;
    %load/vec4 v0x9d7124000_0;
    %flag_set/vec4 8;
    %jmp/0xz  T_24.29, 8;
    %pushi/vec4 1, 0, 1;
    %assign/vec4 v0x9d7124640_0, 0;
T_24.29 ;
    %pushi/vec4 7, 0, 4;
    %assign/vec4 v0x9d71246e0_0, 0;
    %pushi/vec4 0, 0, 4;
    %assign/vec4 v0x9d7124500_0, 0;
    %pushi/vec4 1, 0, 1;
    %assign/vec4 v0x9d7125180_0, 0;
    %load/vec4 v0x9d7124320_0;
    %dup/vec4;
    %pushi/vec4 1, 0, 3;
    %cmp/u;
    %jmp/1 T_24.31, 6;
    %dup/vec4;
    %pushi/vec4 2, 0, 3;
    %cmp/u;
    %jmp/1 T_24.32, 6;
    %dup/vec4;
    %pushi/vec4 3, 0, 3;
    %cmp/u;
    %jmp/1 T_24.33, 6;
    %jmp T_24.34;
T_24.31 ;
    %load/vec4 v0x9d7124be0_0;
    %assign/vec4 v0x9d7124780_0, 0;
    %pushi/vec4 2, 0, 4;
    %assign/vec4 v0x9d7124460_0, 0;
    %jmp T_24.34;
T_24.32 ;
    %load/vec4 v0x9d7124c80_0;
    %assign/vec4 v0x9d7124780_0, 0;
    %pushi/vec4 2, 0, 4;
    %assign/vec4 v0x9d7124460_0, 0;
    %jmp T_24.34;
T_24.33 ;
    %pushi/vec4 4, 0, 4;
    %assign/vec4 v0x9d7124460_0, 0;
    %jmp T_24.34;
T_24.34 ;
    %pop/vec4 1;
    %jmp T_24.28;
T_24.27 ;
    %pushi/vec4 0, 0, 1;
    %assign/vec4 v0x9d7125180_0, 0;
T_24.28 ;
    %jmp T_24.26;
T_24.26 ;
    %pop/vec4 1;
    %jmp T_24.7;
T_24.6 ;
    %load/vec4 v0x9d7124500_0;
    %dup/vec4;
    %pushi/vec4 0, 0, 4;
    %cmp/u;
    %jmp/1 T_24.35, 6;
    %dup/vec4;
    %pushi/vec4 1, 0, 4;
    %cmp/u;
    %jmp/1 T_24.36, 6;
    %jmp T_24.37;
T_24.35 ;
    %pushi/vec4 1, 0, 1;
    %assign/vec4 v0x9d7125220_0, 0;
    %pushi/vec4 1, 0, 4;
    %assign/vec4 v0x9d7124500_0, 0;
    %jmp T_24.37;
T_24.36 ;
    %load/vec4 v0x9d7124280_0;
    %flag_set/vec4 8;
    %jmp/0xz  T_24.38, 8;
    %pushi/vec4 0, 0, 1;
    %assign/vec4 v0x9d7125220_0, 0;
    %pushi/vec4 1, 0, 1;
    %assign/vec4 v0x9d71245a0_0, 0;
    %pushi/vec4 0, 0, 1;
    %assign/vec4 v0x9d7125900_0, 0;
    %pushi/vec4 0, 0, 4;
    %assign/vec4 v0x9d7124460_0, 0;
    %jmp T_24.39;
T_24.38 ;
    %pushi/vec4 0, 0, 1;
    %assign/vec4 v0x9d7125180_0, 0;
T_24.39 ;
    %jmp T_24.37;
T_24.37 ;
    %pop/vec4 1;
    %jmp T_24.7;
T_24.7 ;
    %pop/vec4 1;
T_24.1 ;
    %jmp T_24;
    .thread T_24;
    .scope S_0x101640630;
T_25 ;
    %pushi/vec4 3423744, 0, 24;
    %ix/load 4, 0, 0;
    %flag_set/imm 4, 0;
    %store/vec4a v0x9d7126120, 4, 0;
    %pushi/vec4 3408287, 0, 24;
    %ix/load 4, 1, 0;
    %flag_set/imm 4, 0;
    %store/vec4a v0x9d7126120, 4, 0;
    %pushi/vec4 3408640, 0, 24;
    %ix/load 4, 2, 0;
    %flag_set/imm 4, 0;
    %store/vec4a v0x9d7126120, 4, 0;
    %pushi/vec4 3409938, 0, 24;
    %ix/load 4, 3, 0;
    %flag_set/imm 4, 0;
    %store/vec4a v0x9d7126120, 4, 0;
    %pushi/vec4 3410432, 0, 24;
    %ix/load 4, 4, 0;
    %flag_set/imm 4, 0;
    %store/vec4a v0x9d7126120, 4, 0;
    %pushi/vec4 3410951, 0, 24;
    %ix/load 4, 5, 0;
    %flag_set/imm 4, 0;
    %store/vec4a v0x9d7126120, 4, 0;
    %pushi/vec4 3411458, 0, 24;
    %ix/load 4, 6, 0;
    %flag_set/imm 4, 0;
    %store/vec4a v0x9d7126120, 4, 0;
    %pushi/vec4 3411968, 0, 24;
    %ix/load 4, 7, 0;
    %flag_set/imm 4, 0;
    %store/vec4a v0x9d7126120, 4, 0;
    %pushi/vec4 3412481, 0, 24;
    %ix/load 4, 8, 0;
    %flag_set/imm 4, 0;
    %store/vec4a v0x9d7126120, 4, 0;
    %pushi/vec4 3411103, 0, 24;
    %ix/load 4, 9, 0;
    %flag_set/imm 4, 0;
    %store/vec4a v0x9d7126120, 4, 0;
    %pushi/vec4 3408959, 0, 24;
    %ix/load 4, 10, 0;
    %flag_set/imm 4, 0;
    %store/vec4a v0x9d7126120, 4, 0;
    %pushi/vec4 3408896, 0, 24;
    %ix/load 4, 11, 0;
    %flag_set/imm 4, 0;
    %store/vec4a v0x9d7126120, 4, 0;
    %pushi/vec4 3409471, 0, 24;
    %ix/load 4, 12, 0;
    %flag_set/imm 4, 0;
    %store/vec4a v0x9d7126120, 4, 0;
    %pushi/vec4 3409408, 0, 24;
    %ix/load 4, 13, 0;
    %flag_set/imm 4, 0;
    %store/vec4a v0x9d7126120, 4, 0;
    %pushi/vec4 3411972, 0, 24;
    %ix/load 4, 14, 0;
    %flag_set/imm 4, 0;
    %store/vec4a v0x9d7126120, 4, 0;
    %pushi/vec4 3411976, 0, 24;
    %ix/load 4, 15, 0;
    %flag_set/imm 4, 0;
    %store/vec4a v0x9d7126120, 4, 0;
    %pushi/vec4 3411980, 0, 24;
    %ix/load 4, 16, 0;
    %flag_set/imm 4, 0;
    %store/vec4a v0x9d7126120, 4, 0;
    %end;
    .thread T_25;
    .scope S_0x101640630;
T_26 ;
    %wait E_0x9d6cc60c0;
    %load/vec4 v0x9d71269e0_0;
    %flag_set/vec4 8;
    %jmp/0xz  T_26.0, 8;
    %pushi/vec4 0, 0, 8;
    %assign/vec4 v0x9d7126080_0, 0;
    %pushi/vec4 0, 0, 1;
    %assign/vec4 v0x9d7126800_0, 0;
    %jmp T_26.1;
T_26.0 ;
    %load/vec4 v0x9d7126080_0;
    %cmpi/u 124, 0, 8;
    %flag_inv 5; GE is !LT
    %jmp/0xz  T_26.2, 5;
    %pushi/vec4 0, 0, 8;
    %assign/vec4 v0x9d7126080_0, 0;
    %load/vec4 v0x9d7126800_0;
    %inv;
    %assign/vec4 v0x9d7126800_0, 0;
    %jmp T_26.3;
T_26.2 ;
    %load/vec4 v0x9d7126080_0;
    %addi 1, 0, 8;
    %assign/vec4 v0x9d7126080_0, 0;
T_26.3 ;
T_26.1 ;
    %jmp T_26;
    .thread T_26;
    .scope S_0x101640630;
T_27 ;
    %wait E_0x9d6cc6240;
    %load/vec4 v0x9d71269e0_0;
    %flag_set/vec4 8;
    %jmp/0xz  T_27.0, 8;
    %pushi/vec4 0, 0, 4;
    %assign/vec4 v0x9d7126440_0, 0;
    %pushi/vec4 0, 0, 3;
    %assign/vec4 v0x9d71264e0_0, 0;
    %pushi/vec4 0, 0, 1;
    %assign/vec4 v0x9d7125fe0_0, 0;
    %pushi/vec4 0, 0, 1;
    %assign/vec4 v0x9d7126620_0, 0;
    %jmp T_27.1;
T_27.0 ;
    %load/vec4 v0x9d71264e0_0;
    %dup/vec4;
    %pushi/vec4 0, 0, 3;
    %cmp/u;
    %jmp/1 T_27.2, 6;
    %dup/vec4;
    %pushi/vec4 1, 0, 3;
    %cmp/u;
    %jmp/1 T_27.3, 6;
    %jmp T_27.4;
T_27.2 ;
    %load/vec4 v0x9d71261c0_0;
    %flag_set/vec4 8;
    %jmp/0xz  T_27.5, 8;
    %pushi/vec4 1, 0, 1;
    %assign/vec4 v0x9d7125fe0_0, 0;
    %pushi/vec4 1, 0, 3;
    %assign/vec4 v0x9d71264e0_0, 0;
    %load/vec4 v0x9d7126b20_0;
    %assign/vec4 v0x9d7126440_0, 0;
    %pushi/vec4 0, 0, 3;
    %assign/vec4 v0x9d7126580_0, 0;
    %jmp T_27.6;
T_27.5 ;
    %pushi/vec4 0, 0, 1;
    %assign/vec4 v0x9d7125fe0_0, 0;
    %pushi/vec4 0, 0, 1;
    %assign/vec4 v0x9d7126620_0, 0;
T_27.6 ;
    %jmp T_27.4;
T_27.3 ;
    %load/vec4 v0x9d7126580_0;
    %dup/vec4;
    %pushi/vec4 0, 0, 3;
    %cmp/u;
    %jmp/1 T_27.7, 6;
    %dup/vec4;
    %pushi/vec4 1, 0, 3;
    %cmp/u;
    %jmp/1 T_27.8, 6;
    %dup/vec4;
    %pushi/vec4 2, 0, 3;
    %cmp/u;
    %jmp/1 T_27.9, 6;
    %dup/vec4;
    %pushi/vec4 3, 0, 3;
    %cmp/u;
    %jmp/1 T_27.10, 6;
    %jmp T_27.11;
T_27.7 ;
    %load/vec4 v0x9d7126440_0;
    %pad/u 6;
    %ix/vec4 4;
    %load/vec4a v0x9d7126120, 4;
    %parti/s 8, 16, 6;
    %assign/vec4 v0x9d7125f40_0, 0;
    %load/vec4 v0x9d7126440_0;
    %pad/u 6;
    %ix/vec4 4;
    %load/vec4a v0x9d7126120, 4;
    %parti/s 8, 8, 5;
    %assign/vec4 v0x9d7126760_0, 0;
    %load/vec4 v0x9d7126440_0;
    %pad/u 6;
    %ix/vec4 4;
    %load/vec4a v0x9d7126120, 4;
    %parti/s 8, 0, 2;
    %assign/vec4 v0x9d7126a80_0, 0;
    %pushi/vec4 1, 0, 3;
    %assign/vec4 v0x9d7126580_0, 0;
    %load/vec4 v0x9d7126440_0;
    %addi 1, 0, 4;
    %assign/vec4 v0x9d7126440_0, 0;
    %jmp T_27.11;
T_27.8 ;
    %pushi/vec4 1, 0, 1;
    %assign/vec4 v0x9d7126bc0_0, 0;
    %pushi/vec4 2, 0, 3;
    %assign/vec4 v0x9d7126580_0, 0;
    %jmp T_27.11;
T_27.9 ;
    %pushi/vec4 0, 0, 1;
    %assign/vec4 v0x9d7126bc0_0, 0;
    %load/vec4 v0x9d7126260_0;
    %flag_set/vec4 8;
    %jmp/0xz  T_27.12, 8;
    %pushi/vec4 3, 0, 3;
    %assign/vec4 v0x9d7126580_0, 0;
T_27.12 ;
    %jmp T_27.11;
T_27.10 ;
    %load/vec4 v0x9d7126260_0;
    %flag_set/vec4 8;
    %jmp/0xz  T_27.14, 8;
    %pushi/vec4 3, 0, 3;
    %assign/vec4 v0x9d7126580_0, 0;
    %jmp T_27.15;
T_27.14 ;
    %pushi/vec4 0, 0, 1;
    %assign/vec4 v0x9d7125fe0_0, 0;
    %pushi/vec4 1, 0, 1;
    %assign/vec4 v0x9d7126620_0, 0;
    %pushi/vec4 0, 0, 3;
    %assign/vec4 v0x9d71264e0_0, 0;
T_27.15 ;
    %jmp T_27.11;
T_27.11 ;
    %pop/vec4 1;
    %jmp T_27.4;
T_27.4 ;
    %pop/vec4 1;
T_27.1 ;
    %jmp T_27;
    .thread T_27;
    .scope S_0x10162f420;
T_28 ;
    %wait E_0x9d6cc6340;
    %pushi/vec4 0, 0, 8;
    %load/vec4 v0x9d71273e0_0;
    %concat/vec4; draw_concat_vec4
    %cmpi/u 252, 0, 16;
    %flag_inv 5; GE is !LT
    %jmp/0xz  T_28.0, 5;
    %pushi/vec4 16, 0, 16;
    %store/vec4 v0x9d7127700_0, 0, 16;
    %jmp T_28.1;
T_28.0 ;
    %pushi/vec4 1024, 0, 16;
    %pushi/vec4 0, 0, 8;
    %load/vec4 v0x9d71273e0_0;
    %concat/vec4; draw_concat_vec4
    %ix/load 4, 2, 0;
    %flag_set/imm 4, 0;
    %shiftl 4;
    %sub;
    %store/vec4 v0x9d7127700_0, 0, 16;
T_28.1 ;
    %jmp T_28;
    .thread T_28, $push;
    .scope S_0x10162f420;
T_29 ;
    %wait E_0x9d6cc60c0;
    %load/vec4 v0x9d7127480_0;
    %flag_set/vec4 8;
    %jmp/0xz  T_29.0, 8;
    %pushi/vec4 0, 0, 2;
    %assign/vec4 v0x9d7127340_0, 0;
    %jmp T_29.1;
T_29.0 ;
    %load/vec4 v0x9d7127340_0;
    %addi 1, 0, 2;
    %assign/vec4 v0x9d7127340_0, 0;
T_29.1 ;
    %jmp T_29;
    .thread T_29;
    .scope S_0x10162f420;
T_30 ;
    %wait E_0x9d6cc6300;
    %load/vec4 v0x9d7127480_0;
    %flag_set/vec4 8;
    %jmp/0xz  T_30.0, 8;
    %pushi/vec4 0, 0, 8;
    %assign/vec4 v0x9d7127520_0, 0;
    %jmp T_30.1;
T_30.0 ;
    %load/vec4 v0x9d7127520_0;
    %addi 1, 0, 8;
    %assign/vec4 v0x9d7127520_0, 0;
T_30.1 ;
    %jmp T_30;
    .thread T_30;
    .scope S_0x10162f420;
T_31 ;
    %wait E_0x9d6cc62c0;
    %load/vec4 v0x9d7127480_0;
    %flag_set/vec4 8;
    %jmp/0xz  T_31.0, 8;
    %pushi/vec4 0, 0, 16;
    %assign/vec4 v0x9d71270c0_0, 0;
    %pushi/vec4 0, 0, 16;
    %assign/vec4 v0x9d71275c0_0, 0;
    %pushi/vec4 0, 0, 1;
    %assign/vec4 v0x9d7127660_0, 0;
    %pushi/vec4 44257, 0, 16;
    %assign/vec4 v0x9d71272a0_0, 0;
    %jmp T_31.1;
T_31.0 ;
    %load/vec4 v0x9d7127200_0;
    %nor/r;
    %flag_set/vec4 8;
    %jmp/0xz  T_31.2, 8;
    %pushi/vec4 0, 0, 16;
    %assign/vec4 v0x9d71270c0_0, 0;
    %load/vec4 v0x9d7127700_0;
    %assign/vec4 v0x9d71275c0_0, 0;
    %pushi/vec4 0, 0, 1;
    %assign/vec4 v0x9d7127660_0, 0;
    %jmp T_31.3;
T_31.2 ;
    %load/vec4 v0x9d7127160_0;
    %flag_set/vec4 8;
    %jmp/0xz  T_31.4, 8;
    %load/vec4 v0x9d71272a0_0;
    %parti/s 15, 0, 2;
    %load/vec4 v0x9d71272a0_0;
    %parti/s 1, 15, 5;
    %load/vec4 v0x9d71272a0_0;
    %parti/s 1, 13, 5;
    %xor;
    %load/vec4 v0x9d71272a0_0;
    %parti/s 1, 12, 5;
    %xor;
    %load/vec4 v0x9d71272a0_0;
    %parti/s 1, 10, 5;
    %xor;
    %concat/vec4; draw_concat_vec4
    %assign/vec4 v0x9d71272a0_0, 0;
    %load/vec4 v0x9d71272a0_0;
    %parti/s 8, 0, 2;
    %load/vec4 v0x9d71272a0_0;
    %parti/s 8, 8, 5;
    %concat/vec4; draw_concat_vec4
    %assign/vec4 v0x9d71270c0_0, 0;
    %jmp T_31.5;
T_31.4 ;
    %load/vec4 v0x9d71275c0_0;
    %cmpi/e 0, 0, 16;
    %jmp/0xz  T_31.6, 4;
    %load/vec4 v0x9d7127700_0;
    %assign/vec4 v0x9d71275c0_0, 0;
    %load/vec4 v0x9d7127660_0;
    %inv;
    %assign/vec4 v0x9d7127660_0, 0;
    %jmp T_31.7;
T_31.6 ;
    %load/vec4 v0x9d71275c0_0;
    %subi 1, 0, 16;
    %assign/vec4 v0x9d71275c0_0, 0;
T_31.7 ;
    %load/vec4 v0x9d7127660_0;
    %flag_set/vec4 8;
    %jmp/0xz  T_31.8, 8;
    %pushi/vec4 24576, 0, 16;
    %assign/vec4 v0x9d71270c0_0, 0;
    %jmp T_31.9;
T_31.8 ;
    %pushi/vec4 40960, 0, 16;
    %assign/vec4 v0x9d71270c0_0, 0;
T_31.9 ;
T_31.5 ;
T_31.3 ;
T_31.1 ;
    %jmp T_31;
    .thread T_31;
    .scope S_0x10162f420;
T_32 ;
    %wait E_0x9d6cc6280;
    %load/vec4 v0x9d7127480_0;
    %flag_set/vec4 8;
    %jmp/0xz  T_32.0, 8;
    %pushi/vec4 0, 0, 1;
    %assign/vec4 v0x9d7126da0_0, 0;
    %jmp T_32.1;
T_32.0 ;
    %load/vec4 v0x9d7126f80_0;
    %cmpi/u 1, 0, 5;
    %flag_inv 5; GE is !LT
    %flag_get/vec4 5;
    %jmp/0 T_32.4, 5;
    %load/vec4 v0x9d7126f80_0;
    %cmpi/u 16, 0, 5;
    %flag_get/vec4 4;
    %flag_get/vec4 5;
    %or;
    %and;
T_32.4;
    %flag_set/vec4 8;
    %jmp/0xz  T_32.2, 8;
    %load/vec4 v0x9d71270c0_0;
    %pushi/vec4 16, 0, 32;
    %load/vec4 v0x9d7126f80_0;
    %pad/u 32;
    %sub;
    %part/u 1;
    %assign/vec4 v0x9d7126da0_0, 0;
    %jmp T_32.3;
T_32.2 ;
    %pushi/vec4 0, 0, 1;
    %assign/vec4 v0x9d7126da0_0, 0;
T_32.3 ;
T_32.1 ;
    %jmp T_32;
    .thread T_32;
    .scope S_0x101643990;
T_33 ;
    %wait E_0x9d6cc60c0;
    %load/vec4 v0x9d71b83c0_0;
    %flag_set/vec4 8;
    %jmp/0xz  T_33.0, 8;
    %pushi/vec4 0, 0, 1;
    %assign/vec4 v0x9d7127ca0_0, 0;
    %pushi/vec4 0, 0, 1;
    %assign/vec4 v0x9d7127c00_0, 0;
    %jmp T_33.1;
T_33.0 ;
    %pushi/vec4 0, 0, 1;
    %assign/vec4 v0x9d7127c00_0, 0;
    %load/vec4 v0x9d7127d40_0;
    %flag_set/vec4 10;
    %flag_get/vec4 10;
    %jmp/0 T_33.5, 10;
    %load/vec4 v0x9d7127ca0_0;
    %nor/r;
    %and;
T_33.5;
    %flag_set/vec4 9;
    %flag_get/vec4 9;
    %jmp/0 T_33.4, 9;
    %load/vec4 v0x9d7127ac0_0;
    %nor/r;
    %and;
T_33.4;
    %flag_set/vec4 8;
    %jmp/0xz  T_33.2, 8;
    %pushi/vec4 1, 0, 1;
    %assign/vec4 v0x9d7127ca0_0, 0;
    %pushi/vec4 1, 0, 1;
    %assign/vec4 v0x9d7127c00_0, 0;
    %jmp T_33.3;
T_33.2 ;
    %load/vec4 v0x9d7127ac0_0;
    %flag_set/vec4 8;
    %jmp/0xz  T_33.6, 8;
    %pushi/vec4 0, 0, 1;
    %assign/vec4 v0x9d7127ca0_0, 0;
T_33.6 ;
T_33.3 ;
T_33.1 ;
    %jmp T_33;
    .thread T_33;
    .scope S_0x101643990;
T_34 ;
    %wait E_0x9d6cc5fc0;
    %load/vec4 v0x9d7127ac0_0;
    %store/vec4 v0x9d7127a20_0, 0, 1;
    %load/vec4 v0x9d7127e80_0;
    %store/vec4 v0x9d7127de0_0, 0, 1;
    %load/vec4 v0x9d71b8140_0;
    %store/vec4 v0x9d71b80a0_0, 0, 1;
    %jmp T_34;
    .thread T_34, $push;
    .scope S_0x9d71c0180;
T_35 ;
    %wait E_0x9d6cc6680;
    %load/vec4 v0x9d71c4000_0;
    %dup/vec4;
    %pushi/vec4 0, 0, 4;
    %cmp/u;
    %jmp/1 T_35.0, 6;
    %dup/vec4;
    %pushi/vec4 1, 0, 4;
    %cmp/u;
    %jmp/1 T_35.1, 6;
    %dup/vec4;
    %pushi/vec4 2, 0, 4;
    %cmp/u;
    %jmp/1 T_35.2, 6;
    %dup/vec4;
    %pushi/vec4 3, 0, 4;
    %cmp/u;
    %jmp/1 T_35.3, 6;
    %dup/vec4;
    %pushi/vec4 4, 0, 4;
    %cmp/u;
    %jmp/1 T_35.4, 6;
    %dup/vec4;
    %pushi/vec4 5, 0, 4;
    %cmp/u;
    %jmp/1 T_35.5, 6;
    %dup/vec4;
    %pushi/vec4 6, 0, 4;
    %cmp/u;
    %jmp/1 T_35.6, 6;
    %dup/vec4;
    %pushi/vec4 7, 0, 4;
    %cmp/u;
    %jmp/1 T_35.7, 6;
    %dup/vec4;
    %pushi/vec4 8, 0, 4;
    %cmp/u;
    %jmp/1 T_35.8, 6;
    %dup/vec4;
    %pushi/vec4 9, 0, 4;
    %cmp/u;
    %jmp/1 T_35.9, 6;
    %dup/vec4;
    %pushi/vec4 10, 0, 4;
    %cmp/u;
    %jmp/1 T_35.10, 6;
    %dup/vec4;
    %pushi/vec4 11, 0, 4;
    %cmp/u;
    %jmp/1 T_35.11, 6;
    %dup/vec4;
    %pushi/vec4 12, 0, 4;
    %cmp/u;
    %jmp/1 T_35.12, 6;
    %dup/vec4;
    %pushi/vec4 13, 0, 4;
    %cmp/u;
    %jmp/1 T_35.13, 6;
    %dup/vec4;
    %pushi/vec4 14, 0, 4;
    %cmp/u;
    %jmp/1 T_35.14, 6;
    %dup/vec4;
    %pushi/vec4 15, 0, 4;
    %cmp/u;
    %jmp/1 T_35.15, 6;
    %pushi/vec4 127, 0, 7;
    %store/vec4 v0x9d71bbf20_0, 0, 7;
    %jmp T_35.17;
T_35.0 ;
    %pushi/vec4 64, 0, 7;
    %store/vec4 v0x9d71bbf20_0, 0, 7;
    %jmp T_35.17;
T_35.1 ;
    %pushi/vec4 121, 0, 7;
    %store/vec4 v0x9d71bbf20_0, 0, 7;
    %jmp T_35.17;
T_35.2 ;
    %pushi/vec4 36, 0, 7;
    %store/vec4 v0x9d71bbf20_0, 0, 7;
    %jmp T_35.17;
T_35.3 ;
    %pushi/vec4 48, 0, 7;
    %store/vec4 v0x9d71bbf20_0, 0, 7;
    %jmp T_35.17;
T_35.4 ;
    %pushi/vec4 25, 0, 7;
    %store/vec4 v0x9d71bbf20_0, 0, 7;
    %jmp T_35.17;
T_35.5 ;
    %pushi/vec4 18, 0, 7;
    %store/vec4 v0x9d71bbf20_0, 0, 7;
    %jmp T_35.17;
T_35.6 ;
    %pushi/vec4 2, 0, 7;
    %store/vec4 v0x9d71bbf20_0, 0, 7;
    %jmp T_35.17;
T_35.7 ;
    %pushi/vec4 120, 0, 7;
    %store/vec4 v0x9d71bbf20_0, 0, 7;
    %jmp T_35.17;
T_35.8 ;
    %pushi/vec4 0, 0, 7;
    %store/vec4 v0x9d71bbf20_0, 0, 7;
    %jmp T_35.17;
T_35.9 ;
    %pushi/vec4 16, 0, 7;
    %store/vec4 v0x9d71bbf20_0, 0, 7;
    %jmp T_35.17;
T_35.10 ;
    %pushi/vec4 8, 0, 7;
    %store/vec4 v0x9d71bbf20_0, 0, 7;
    %jmp T_35.17;
T_35.11 ;
    %pushi/vec4 3, 0, 7;
    %store/vec4 v0x9d71bbf20_0, 0, 7;
    %jmp T_35.17;
T_35.12 ;
    %pushi/vec4 70, 0, 7;
    %store/vec4 v0x9d71bbf20_0, 0, 7;
    %jmp T_35.17;
T_35.13 ;
    %pushi/vec4 33, 0, 7;
    %store/vec4 v0x9d71bbf20_0, 0, 7;
    %jmp T_35.17;
T_35.14 ;
    %pushi/vec4 6, 0, 7;
    %store/vec4 v0x9d71bbf20_0, 0, 7;
    %jmp T_35.17;
T_35.15 ;
    %pushi/vec4 14, 0, 7;
    %store/vec4 v0x9d71bbf20_0, 0, 7;
    %jmp T_35.17;
T_35.17 ;
    %pop/vec4 1;
    %jmp T_35;
    .thread T_35, $push;
    .scope S_0x9d71c0300;
T_36 ;
    %wait E_0x9d6cc66c0;
    %load/vec4 v0x9d71c4140_0;
    %dup/vec4;
    %pushi/vec4 0, 0, 4;
    %cmp/u;
    %jmp/1 T_36.0, 6;
    %dup/vec4;
    %pushi/vec4 1, 0, 4;
    %cmp/u;
    %jmp/1 T_36.1, 6;
    %dup/vec4;
    %pushi/vec4 2, 0, 4;
    %cmp/u;
    %jmp/1 T_36.2, 6;
    %dup/vec4;
    %pushi/vec4 3, 0, 4;
    %cmp/u;
    %jmp/1 T_36.3, 6;
    %dup/vec4;
    %pushi/vec4 4, 0, 4;
    %cmp/u;
    %jmp/1 T_36.4, 6;
    %dup/vec4;
    %pushi/vec4 5, 0, 4;
    %cmp/u;
    %jmp/1 T_36.5, 6;
    %dup/vec4;
    %pushi/vec4 6, 0, 4;
    %cmp/u;
    %jmp/1 T_36.6, 6;
    %dup/vec4;
    %pushi/vec4 7, 0, 4;
    %cmp/u;
    %jmp/1 T_36.7, 6;
    %dup/vec4;
    %pushi/vec4 8, 0, 4;
    %cmp/u;
    %jmp/1 T_36.8, 6;
    %dup/vec4;
    %pushi/vec4 9, 0, 4;
    %cmp/u;
    %jmp/1 T_36.9, 6;
    %dup/vec4;
    %pushi/vec4 10, 0, 4;
    %cmp/u;
    %jmp/1 T_36.10, 6;
    %dup/vec4;
    %pushi/vec4 11, 0, 4;
    %cmp/u;
    %jmp/1 T_36.11, 6;
    %dup/vec4;
    %pushi/vec4 12, 0, 4;
    %cmp/u;
    %jmp/1 T_36.12, 6;
    %dup/vec4;
    %pushi/vec4 13, 0, 4;
    %cmp/u;
    %jmp/1 T_36.13, 6;
    %dup/vec4;
    %pushi/vec4 14, 0, 4;
    %cmp/u;
    %jmp/1 T_36.14, 6;
    %dup/vec4;
    %pushi/vec4 15, 0, 4;
    %cmp/u;
    %jmp/1 T_36.15, 6;
    %pushi/vec4 127, 0, 7;
    %store/vec4 v0x9d71c40a0_0, 0, 7;
    %jmp T_36.17;
T_36.0 ;
    %pushi/vec4 64, 0, 7;
    %store/vec4 v0x9d71c40a0_0, 0, 7;
    %jmp T_36.17;
T_36.1 ;
    %pushi/vec4 121, 0, 7;
    %store/vec4 v0x9d71c40a0_0, 0, 7;
    %jmp T_36.17;
T_36.2 ;
    %pushi/vec4 36, 0, 7;
    %store/vec4 v0x9d71c40a0_0, 0, 7;
    %jmp T_36.17;
T_36.3 ;
    %pushi/vec4 48, 0, 7;
    %store/vec4 v0x9d71c40a0_0, 0, 7;
    %jmp T_36.17;
T_36.4 ;
    %pushi/vec4 25, 0, 7;
    %store/vec4 v0x9d71c40a0_0, 0, 7;
    %jmp T_36.17;
T_36.5 ;
    %pushi/vec4 18, 0, 7;
    %store/vec4 v0x9d71c40a0_0, 0, 7;
    %jmp T_36.17;
T_36.6 ;
    %pushi/vec4 2, 0, 7;
    %store/vec4 v0x9d71c40a0_0, 0, 7;
    %jmp T_36.17;
T_36.7 ;
    %pushi/vec4 120, 0, 7;
    %store/vec4 v0x9d71c40a0_0, 0, 7;
    %jmp T_36.17;
T_36.8 ;
    %pushi/vec4 0, 0, 7;
    %store/vec4 v0x9d71c40a0_0, 0, 7;
    %jmp T_36.17;
T_36.9 ;
    %pushi/vec4 16, 0, 7;
    %store/vec4 v0x9d71c40a0_0, 0, 7;
    %jmp T_36.17;
T_36.10 ;
    %pushi/vec4 8, 0, 7;
    %store/vec4 v0x9d71c40a0_0, 0, 7;
    %jmp T_36.17;
T_36.11 ;
    %pushi/vec4 3, 0, 7;
    %store/vec4 v0x9d71c40a0_0, 0, 7;
    %jmp T_36.17;
T_36.12 ;
    %pushi/vec4 70, 0, 7;
    %store/vec4 v0x9d71c40a0_0, 0, 7;
    %jmp T_36.17;
T_36.13 ;
    %pushi/vec4 33, 0, 7;
    %store/vec4 v0x9d71c40a0_0, 0, 7;
    %jmp T_36.17;
T_36.14 ;
    %pushi/vec4 6, 0, 7;
    %store/vec4 v0x9d71c40a0_0, 0, 7;
    %jmp T_36.17;
T_36.15 ;
    %pushi/vec4 14, 0, 7;
    %store/vec4 v0x9d71c40a0_0, 0, 7;
    %jmp T_36.17;
T_36.17 ;
    %pop/vec4 1;
    %jmp T_36;
    .thread T_36, $push;
    .scope S_0x9d71c0480;
T_37 ;
    %wait E_0x9d6cc6700;
    %load/vec4 v0x9d71c4280_0;
    %dup/vec4;
    %pushi/vec4 0, 0, 4;
    %cmp/u;
    %jmp/1 T_37.0, 6;
    %dup/vec4;
    %pushi/vec4 1, 0, 4;
    %cmp/u;
    %jmp/1 T_37.1, 6;
    %dup/vec4;
    %pushi/vec4 2, 0, 4;
    %cmp/u;
    %jmp/1 T_37.2, 6;
    %dup/vec4;
    %pushi/vec4 3, 0, 4;
    %cmp/u;
    %jmp/1 T_37.3, 6;
    %dup/vec4;
    %pushi/vec4 4, 0, 4;
    %cmp/u;
    %jmp/1 T_37.4, 6;
    %dup/vec4;
    %pushi/vec4 5, 0, 4;
    %cmp/u;
    %jmp/1 T_37.5, 6;
    %dup/vec4;
    %pushi/vec4 6, 0, 4;
    %cmp/u;
    %jmp/1 T_37.6, 6;
    %dup/vec4;
    %pushi/vec4 7, 0, 4;
    %cmp/u;
    %jmp/1 T_37.7, 6;
    %dup/vec4;
    %pushi/vec4 8, 0, 4;
    %cmp/u;
    %jmp/1 T_37.8, 6;
    %dup/vec4;
    %pushi/vec4 9, 0, 4;
    %cmp/u;
    %jmp/1 T_37.9, 6;
    %dup/vec4;
    %pushi/vec4 10, 0, 4;
    %cmp/u;
    %jmp/1 T_37.10, 6;
    %dup/vec4;
    %pushi/vec4 11, 0, 4;
    %cmp/u;
    %jmp/1 T_37.11, 6;
    %dup/vec4;
    %pushi/vec4 12, 0, 4;
    %cmp/u;
    %jmp/1 T_37.12, 6;
    %dup/vec4;
    %pushi/vec4 13, 0, 4;
    %cmp/u;
    %jmp/1 T_37.13, 6;
    %dup/vec4;
    %pushi/vec4 14, 0, 4;
    %cmp/u;
    %jmp/1 T_37.14, 6;
    %dup/vec4;
    %pushi/vec4 15, 0, 4;
    %cmp/u;
    %jmp/1 T_37.15, 6;
    %pushi/vec4 127, 0, 7;
    %store/vec4 v0x9d71c41e0_0, 0, 7;
    %jmp T_37.17;
T_37.0 ;
    %pushi/vec4 64, 0, 7;
    %store/vec4 v0x9d71c41e0_0, 0, 7;
    %jmp T_37.17;
T_37.1 ;
    %pushi/vec4 121, 0, 7;
    %store/vec4 v0x9d71c41e0_0, 0, 7;
    %jmp T_37.17;
T_37.2 ;
    %pushi/vec4 36, 0, 7;
    %store/vec4 v0x9d71c41e0_0, 0, 7;
    %jmp T_37.17;
T_37.3 ;
    %pushi/vec4 48, 0, 7;
    %store/vec4 v0x9d71c41e0_0, 0, 7;
    %jmp T_37.17;
T_37.4 ;
    %pushi/vec4 25, 0, 7;
    %store/vec4 v0x9d71c41e0_0, 0, 7;
    %jmp T_37.17;
T_37.5 ;
    %pushi/vec4 18, 0, 7;
    %store/vec4 v0x9d71c41e0_0, 0, 7;
    %jmp T_37.17;
T_37.6 ;
    %pushi/vec4 2, 0, 7;
    %store/vec4 v0x9d71c41e0_0, 0, 7;
    %jmp T_37.17;
T_37.7 ;
    %pushi/vec4 120, 0, 7;
    %store/vec4 v0x9d71c41e0_0, 0, 7;
    %jmp T_37.17;
T_37.8 ;
    %pushi/vec4 0, 0, 7;
    %store/vec4 v0x9d71c41e0_0, 0, 7;
    %jmp T_37.17;
T_37.9 ;
    %pushi/vec4 16, 0, 7;
    %store/vec4 v0x9d71c41e0_0, 0, 7;
    %jmp T_37.17;
T_37.10 ;
    %pushi/vec4 8, 0, 7;
    %store/vec4 v0x9d71c41e0_0, 0, 7;
    %jmp T_37.17;
T_37.11 ;
    %pushi/vec4 3, 0, 7;
    %store/vec4 v0x9d71c41e0_0, 0, 7;
    %jmp T_37.17;
T_37.12 ;
    %pushi/vec4 70, 0, 7;
    %store/vec4 v0x9d71c41e0_0, 0, 7;
    %jmp T_37.17;
T_37.13 ;
    %pushi/vec4 33, 0, 7;
    %store/vec4 v0x9d71c41e0_0, 0, 7;
    %jmp T_37.17;
T_37.14 ;
    %pushi/vec4 6, 0, 7;
    %store/vec4 v0x9d71c41e0_0, 0, 7;
    %jmp T_37.17;
T_37.15 ;
    %pushi/vec4 14, 0, 7;
    %store/vec4 v0x9d71c41e0_0, 0, 7;
    %jmp T_37.17;
T_37.17 ;
    %pop/vec4 1;
    %jmp T_37;
    .thread T_37, $push;
    .scope S_0x9d71c0600;
T_38 ;
    %wait E_0x9d6cc6740;
    %load/vec4 v0x9d71c43c0_0;
    %dup/vec4;
    %pushi/vec4 0, 0, 4;
    %cmp/u;
    %jmp/1 T_38.0, 6;
    %dup/vec4;
    %pushi/vec4 1, 0, 4;
    %cmp/u;
    %jmp/1 T_38.1, 6;
    %dup/vec4;
    %pushi/vec4 2, 0, 4;
    %cmp/u;
    %jmp/1 T_38.2, 6;
    %dup/vec4;
    %pushi/vec4 3, 0, 4;
    %cmp/u;
    %jmp/1 T_38.3, 6;
    %dup/vec4;
    %pushi/vec4 4, 0, 4;
    %cmp/u;
    %jmp/1 T_38.4, 6;
    %dup/vec4;
    %pushi/vec4 5, 0, 4;
    %cmp/u;
    %jmp/1 T_38.5, 6;
    %dup/vec4;
    %pushi/vec4 6, 0, 4;
    %cmp/u;
    %jmp/1 T_38.6, 6;
    %dup/vec4;
    %pushi/vec4 7, 0, 4;
    %cmp/u;
    %jmp/1 T_38.7, 6;
    %dup/vec4;
    %pushi/vec4 8, 0, 4;
    %cmp/u;
    %jmp/1 T_38.8, 6;
    %dup/vec4;
    %pushi/vec4 9, 0, 4;
    %cmp/u;
    %jmp/1 T_38.9, 6;
    %dup/vec4;
    %pushi/vec4 10, 0, 4;
    %cmp/u;
    %jmp/1 T_38.10, 6;
    %dup/vec4;
    %pushi/vec4 11, 0, 4;
    %cmp/u;
    %jmp/1 T_38.11, 6;
    %dup/vec4;
    %pushi/vec4 12, 0, 4;
    %cmp/u;
    %jmp/1 T_38.12, 6;
    %dup/vec4;
    %pushi/vec4 13, 0, 4;
    %cmp/u;
    %jmp/1 T_38.13, 6;
    %dup/vec4;
    %pushi/vec4 14, 0, 4;
    %cmp/u;
    %jmp/1 T_38.14, 6;
    %dup/vec4;
    %pushi/vec4 15, 0, 4;
    %cmp/u;
    %jmp/1 T_38.15, 6;
    %pushi/vec4 127, 0, 7;
    %store/vec4 v0x9d71c4320_0, 0, 7;
    %jmp T_38.17;
T_38.0 ;
    %pushi/vec4 64, 0, 7;
    %store/vec4 v0x9d71c4320_0, 0, 7;
    %jmp T_38.17;
T_38.1 ;
    %pushi/vec4 121, 0, 7;
    %store/vec4 v0x9d71c4320_0, 0, 7;
    %jmp T_38.17;
T_38.2 ;
    %pushi/vec4 36, 0, 7;
    %store/vec4 v0x9d71c4320_0, 0, 7;
    %jmp T_38.17;
T_38.3 ;
    %pushi/vec4 48, 0, 7;
    %store/vec4 v0x9d71c4320_0, 0, 7;
    %jmp T_38.17;
T_38.4 ;
    %pushi/vec4 25, 0, 7;
    %store/vec4 v0x9d71c4320_0, 0, 7;
    %jmp T_38.17;
T_38.5 ;
    %pushi/vec4 18, 0, 7;
    %store/vec4 v0x9d71c4320_0, 0, 7;
    %jmp T_38.17;
T_38.6 ;
    %pushi/vec4 2, 0, 7;
    %store/vec4 v0x9d71c4320_0, 0, 7;
    %jmp T_38.17;
T_38.7 ;
    %pushi/vec4 120, 0, 7;
    %store/vec4 v0x9d71c4320_0, 0, 7;
    %jmp T_38.17;
T_38.8 ;
    %pushi/vec4 0, 0, 7;
    %store/vec4 v0x9d71c4320_0, 0, 7;
    %jmp T_38.17;
T_38.9 ;
    %pushi/vec4 16, 0, 7;
    %store/vec4 v0x9d71c4320_0, 0, 7;
    %jmp T_38.17;
T_38.10 ;
    %pushi/vec4 8, 0, 7;
    %store/vec4 v0x9d71c4320_0, 0, 7;
    %jmp T_38.17;
T_38.11 ;
    %pushi/vec4 3, 0, 7;
    %store/vec4 v0x9d71c4320_0, 0, 7;
    %jmp T_38.17;
T_38.12 ;
    %pushi/vec4 70, 0, 7;
    %store/vec4 v0x9d71c4320_0, 0, 7;
    %jmp T_38.17;
T_38.13 ;
    %pushi/vec4 33, 0, 7;
    %store/vec4 v0x9d71c4320_0, 0, 7;
    %jmp T_38.17;
T_38.14 ;
    %pushi/vec4 6, 0, 7;
    %store/vec4 v0x9d71c4320_0, 0, 7;
    %jmp T_38.17;
T_38.15 ;
    %pushi/vec4 14, 0, 7;
    %store/vec4 v0x9d71c4320_0, 0, 7;
    %jmp T_38.17;
T_38.17 ;
    %pop/vec4 1;
    %jmp T_38;
    .thread T_38, $push;
    .scope S_0x9d71c0780;
T_39 ;
    %wait E_0x9d6cc6780;
    %load/vec4 v0x9d71c4500_0;
    %dup/vec4;
    %pushi/vec4 0, 0, 4;
    %cmp/u;
    %jmp/1 T_39.0, 6;
    %dup/vec4;
    %pushi/vec4 1, 0, 4;
    %cmp/u;
    %jmp/1 T_39.1, 6;
    %dup/vec4;
    %pushi/vec4 2, 0, 4;
    %cmp/u;
    %jmp/1 T_39.2, 6;
    %dup/vec4;
    %pushi/vec4 3, 0, 4;
    %cmp/u;
    %jmp/1 T_39.3, 6;
    %dup/vec4;
    %pushi/vec4 4, 0, 4;
    %cmp/u;
    %jmp/1 T_39.4, 6;
    %dup/vec4;
    %pushi/vec4 5, 0, 4;
    %cmp/u;
    %jmp/1 T_39.5, 6;
    %dup/vec4;
    %pushi/vec4 6, 0, 4;
    %cmp/u;
    %jmp/1 T_39.6, 6;
    %dup/vec4;
    %pushi/vec4 7, 0, 4;
    %cmp/u;
    %jmp/1 T_39.7, 6;
    %dup/vec4;
    %pushi/vec4 8, 0, 4;
    %cmp/u;
    %jmp/1 T_39.8, 6;
    %dup/vec4;
    %pushi/vec4 9, 0, 4;
    %cmp/u;
    %jmp/1 T_39.9, 6;
    %dup/vec4;
    %pushi/vec4 10, 0, 4;
    %cmp/u;
    %jmp/1 T_39.10, 6;
    %dup/vec4;
    %pushi/vec4 11, 0, 4;
    %cmp/u;
    %jmp/1 T_39.11, 6;
    %dup/vec4;
    %pushi/vec4 12, 0, 4;
    %cmp/u;
    %jmp/1 T_39.12, 6;
    %dup/vec4;
    %pushi/vec4 13, 0, 4;
    %cmp/u;
    %jmp/1 T_39.13, 6;
    %dup/vec4;
    %pushi/vec4 14, 0, 4;
    %cmp/u;
    %jmp/1 T_39.14, 6;
    %dup/vec4;
    %pushi/vec4 15, 0, 4;
    %cmp/u;
    %jmp/1 T_39.15, 6;
    %pushi/vec4 127, 0, 7;
    %store/vec4 v0x9d71c4460_0, 0, 7;
    %jmp T_39.17;
T_39.0 ;
    %pushi/vec4 64, 0, 7;
    %store/vec4 v0x9d71c4460_0, 0, 7;
    %jmp T_39.17;
T_39.1 ;
    %pushi/vec4 121, 0, 7;
    %store/vec4 v0x9d71c4460_0, 0, 7;
    %jmp T_39.17;
T_39.2 ;
    %pushi/vec4 36, 0, 7;
    %store/vec4 v0x9d71c4460_0, 0, 7;
    %jmp T_39.17;
T_39.3 ;
    %pushi/vec4 48, 0, 7;
    %store/vec4 v0x9d71c4460_0, 0, 7;
    %jmp T_39.17;
T_39.4 ;
    %pushi/vec4 25, 0, 7;
    %store/vec4 v0x9d71c4460_0, 0, 7;
    %jmp T_39.17;
T_39.5 ;
    %pushi/vec4 18, 0, 7;
    %store/vec4 v0x9d71c4460_0, 0, 7;
    %jmp T_39.17;
T_39.6 ;
    %pushi/vec4 2, 0, 7;
    %store/vec4 v0x9d71c4460_0, 0, 7;
    %jmp T_39.17;
T_39.7 ;
    %pushi/vec4 120, 0, 7;
    %store/vec4 v0x9d71c4460_0, 0, 7;
    %jmp T_39.17;
T_39.8 ;
    %pushi/vec4 0, 0, 7;
    %store/vec4 v0x9d71c4460_0, 0, 7;
    %jmp T_39.17;
T_39.9 ;
    %pushi/vec4 16, 0, 7;
    %store/vec4 v0x9d71c4460_0, 0, 7;
    %jmp T_39.17;
T_39.10 ;
    %pushi/vec4 8, 0, 7;
    %store/vec4 v0x9d71c4460_0, 0, 7;
    %jmp T_39.17;
T_39.11 ;
    %pushi/vec4 3, 0, 7;
    %store/vec4 v0x9d71c4460_0, 0, 7;
    %jmp T_39.17;
T_39.12 ;
    %pushi/vec4 70, 0, 7;
    %store/vec4 v0x9d71c4460_0, 0, 7;
    %jmp T_39.17;
T_39.13 ;
    %pushi/vec4 33, 0, 7;
    %store/vec4 v0x9d71c4460_0, 0, 7;
    %jmp T_39.17;
T_39.14 ;
    %pushi/vec4 6, 0, 7;
    %store/vec4 v0x9d71c4460_0, 0, 7;
    %jmp T_39.17;
T_39.15 ;
    %pushi/vec4 14, 0, 7;
    %store/vec4 v0x9d71c4460_0, 0, 7;
    %jmp T_39.17;
T_39.17 ;
    %pop/vec4 1;
    %jmp T_39;
    .thread T_39, $push;
    .scope S_0x9d71c0900;
T_40 ;
    %wait E_0x9d6cc67c0;
    %load/vec4 v0x9d71c4640_0;
    %dup/vec4;
    %pushi/vec4 0, 0, 4;
    %cmp/u;
    %jmp/1 T_40.0, 6;
    %dup/vec4;
    %pushi/vec4 1, 0, 4;
    %cmp/u;
    %jmp/1 T_40.1, 6;
    %dup/vec4;
    %pushi/vec4 2, 0, 4;
    %cmp/u;
    %jmp/1 T_40.2, 6;
    %dup/vec4;
    %pushi/vec4 3, 0, 4;
    %cmp/u;
    %jmp/1 T_40.3, 6;
    %dup/vec4;
    %pushi/vec4 4, 0, 4;
    %cmp/u;
    %jmp/1 T_40.4, 6;
    %dup/vec4;
    %pushi/vec4 5, 0, 4;
    %cmp/u;
    %jmp/1 T_40.5, 6;
    %dup/vec4;
    %pushi/vec4 6, 0, 4;
    %cmp/u;
    %jmp/1 T_40.6, 6;
    %dup/vec4;
    %pushi/vec4 7, 0, 4;
    %cmp/u;
    %jmp/1 T_40.7, 6;
    %dup/vec4;
    %pushi/vec4 8, 0, 4;
    %cmp/u;
    %jmp/1 T_40.8, 6;
    %dup/vec4;
    %pushi/vec4 9, 0, 4;
    %cmp/u;
    %jmp/1 T_40.9, 6;
    %dup/vec4;
    %pushi/vec4 10, 0, 4;
    %cmp/u;
    %jmp/1 T_40.10, 6;
    %dup/vec4;
    %pushi/vec4 11, 0, 4;
    %cmp/u;
    %jmp/1 T_40.11, 6;
    %dup/vec4;
    %pushi/vec4 12, 0, 4;
    %cmp/u;
    %jmp/1 T_40.12, 6;
    %dup/vec4;
    %pushi/vec4 13, 0, 4;
    %cmp/u;
    %jmp/1 T_40.13, 6;
    %dup/vec4;
    %pushi/vec4 14, 0, 4;
    %cmp/u;
    %jmp/1 T_40.14, 6;
    %dup/vec4;
    %pushi/vec4 15, 0, 4;
    %cmp/u;
    %jmp/1 T_40.15, 6;
    %pushi/vec4 127, 0, 7;
    %store/vec4 v0x9d71c45a0_0, 0, 7;
    %jmp T_40.17;
T_40.0 ;
    %pushi/vec4 64, 0, 7;
    %store/vec4 v0x9d71c45a0_0, 0, 7;
    %jmp T_40.17;
T_40.1 ;
    %pushi/vec4 121, 0, 7;
    %store/vec4 v0x9d71c45a0_0, 0, 7;
    %jmp T_40.17;
T_40.2 ;
    %pushi/vec4 36, 0, 7;
    %store/vec4 v0x9d71c45a0_0, 0, 7;
    %jmp T_40.17;
T_40.3 ;
    %pushi/vec4 48, 0, 7;
    %store/vec4 v0x9d71c45a0_0, 0, 7;
    %jmp T_40.17;
T_40.4 ;
    %pushi/vec4 25, 0, 7;
    %store/vec4 v0x9d71c45a0_0, 0, 7;
    %jmp T_40.17;
T_40.5 ;
    %pushi/vec4 18, 0, 7;
    %store/vec4 v0x9d71c45a0_0, 0, 7;
    %jmp T_40.17;
T_40.6 ;
    %pushi/vec4 2, 0, 7;
    %store/vec4 v0x9d71c45a0_0, 0, 7;
    %jmp T_40.17;
T_40.7 ;
    %pushi/vec4 120, 0, 7;
    %store/vec4 v0x9d71c45a0_0, 0, 7;
    %jmp T_40.17;
T_40.8 ;
    %pushi/vec4 0, 0, 7;
    %store/vec4 v0x9d71c45a0_0, 0, 7;
    %jmp T_40.17;
T_40.9 ;
    %pushi/vec4 16, 0, 7;
    %store/vec4 v0x9d71c45a0_0, 0, 7;
    %jmp T_40.17;
T_40.10 ;
    %pushi/vec4 8, 0, 7;
    %store/vec4 v0x9d71c45a0_0, 0, 7;
    %jmp T_40.17;
T_40.11 ;
    %pushi/vec4 3, 0, 7;
    %store/vec4 v0x9d71c45a0_0, 0, 7;
    %jmp T_40.17;
T_40.12 ;
    %pushi/vec4 70, 0, 7;
    %store/vec4 v0x9d71c45a0_0, 0, 7;
    %jmp T_40.17;
T_40.13 ;
    %pushi/vec4 33, 0, 7;
    %store/vec4 v0x9d71c45a0_0, 0, 7;
    %jmp T_40.17;
T_40.14 ;
    %pushi/vec4 6, 0, 7;
    %store/vec4 v0x9d71c45a0_0, 0, 7;
    %jmp T_40.17;
T_40.15 ;
    %pushi/vec4 14, 0, 7;
    %store/vec4 v0x9d71c45a0_0, 0, 7;
    %jmp T_40.17;
T_40.17 ;
    %pop/vec4 1;
    %jmp T_40;
    .thread T_40, $push;
    .scope S_0x1016404b0;
T_41 ;
    %wait E_0x9d6cc5f80;
    %load/vec4 v0x9d71d0320_0;
    %load/vec4 v0x9d71d00a0_0;
    %concat/vec4; draw_concat_vec4
    %load/vec4 v0x9d71cfe80_0;
    %concat/vec4; draw_concat_vec4
    %load/vec4 v0x9d71cfc00_0;
    %concat/vec4; draw_concat_vec4
    %load/vec4 v0x9d71d0460_0;
    %concat/vec4; draw_concat_vec4
    %store/vec4 v0x9d71d0d20_0, 0, 10;
    %pushi/vec4 0, 0, 1;
    %store/vec4 v0x9d71d1a40_0, 0, 1;
    %jmp T_41;
    .thread T_41, $push;
    .scope S_0x9d71c2880;
T_42 ;
    %wait E_0x9d6cc7400;
    %load/vec4 v0x9d71d8dc0_0;
    %flag_set/vec4 8;
    %jmp/0xz  T_42.0, 8;
    %pushi/vec4 0, 0, 32;
    %store/vec4 v0x9d71d8a00_0, 0, 32;
T_42.2 ; Top of for-loop
    %load/vec4 v0x9d71d8a00_0;
    %cmpi/s 16, 0, 32;
	  %jmp/0xz T_42.3, 5;
    %pushi/vec4 0, 0, 16;
    %ix/getv/s 3, v0x9d71d8a00_0;
    %ix/load 4, 0, 0; Constant delay
    %assign/vec4/a/d v0x9d71d8d20, 0, 4;
T_42.4 ; for-loop step statement
    %load/vec4 v0x9d71d8a00_0;
    %addi 1, 0, 32;
    %store/vec4 v0x9d71d8a00_0, 0, 32;
    %jmp T_42.2;
T_42.3 ; for-loop exit label
    %jmp T_42.1;
T_42.0 ;
    %load/vec4 v0x9d71d8fa0_0;
    %flag_set/vec4 8;
    %jmp/0xz  T_42.5, 8;
    %load/vec4 v0x9d71d8f00_0;
    %load/vec4 v0x9d71d8e60_0;
    %pad/u 6;
    %ix/vec4 3;
    %ix/load 4, 0, 0; Constant delay
    %assign/vec4/a/d v0x9d71d8d20, 0, 4;
T_42.5 ;
T_42.1 ;
    %jmp T_42;
    .thread T_42;
    .scope S_0x9d71c2700;
T_43 ;
    %wait E_0x9d6cc7340;
    %load/vec4 v0x9d71d80a0_0;
    %parti/s 4, 0, 2;
    %store/vec4 v0x9d71d83c0_0, 0, 4;
    %load/vec4 v0x9d71d80a0_0;
    %parti/s 4, 8, 5;
    %store/vec4 v0x9d71d8460_0, 0, 4;
    %load/vec4 v0x9d71d80a0_0;
    %parti/s 1, 7, 4;
    %replicate 8;
    %load/vec4 v0x9d71d80a0_0;
    %parti/s 8, 0, 2;
    %concat/vec4; draw_concat_vec4
    %store/vec4 v0x9d71d8000_0, 0, 16;
    %load/vec4 v0x9d71d80a0_0;
    %parti/s 4, 12, 5;
    %load/vec4 v0x9d71d80a0_0;
    %parti/s 4, 4, 4;
    %concat/vec4; draw_concat_vec4
    %store/vec4 v0x9d71d81e0_0, 0, 8;
    %load/vec4 v0x9d71d80a0_0;
    %parti/s 4, 8, 5;
    %dup/vec4;
    %pushi/vec4 0, 0, 4;
    %cmp/u;
    %jmp/1 T_43.0, 6;
    %dup/vec4;
    %pushi/vec4 1, 0, 4;
    %cmp/u;
    %jmp/1 T_43.1, 6;
    %dup/vec4;
    %pushi/vec4 13, 0, 4;
    %cmp/u;
    %jmp/1 T_43.2, 6;
    %dup/vec4;
    %pushi/vec4 2, 0, 4;
    %cmp/u;
    %jmp/1 T_43.3, 6;
    %dup/vec4;
    %pushi/vec4 3, 0, 4;
    %cmp/u;
    %jmp/1 T_43.4, 6;
    %dup/vec4;
    %pushi/vec4 4, 0, 4;
    %cmp/u;
    %jmp/1 T_43.5, 6;
    %dup/vec4;
    %pushi/vec4 5, 0, 4;
    %cmp/u;
    %jmp/1 T_43.6, 6;
    %dup/vec4;
    %pushi/vec4 10, 0, 4;
    %cmp/u;
    %jmp/1 T_43.7, 6;
    %dup/vec4;
    %pushi/vec4 11, 0, 4;
    %cmp/u;
    %jmp/1 T_43.8, 6;
    %dup/vec4;
    %pushi/vec4 6, 0, 4;
    %cmp/u;
    %jmp/1 T_43.9, 6;
    %dup/vec4;
    %pushi/vec4 7, 0, 4;
    %cmp/u;
    %jmp/1 T_43.10, 6;
    %dup/vec4;
    %pushi/vec4 8, 0, 4;
    %cmp/u;
    %jmp/1 T_43.11, 6;
    %dup/vec4;
    %pushi/vec4 9, 0, 4;
    %cmp/u;
    %jmp/1 T_43.12, 6;
    %dup/vec4;
    %pushi/vec4 12, 0, 4;
    %cmp/u;
    %jmp/1 T_43.13, 6;
    %dup/vec4;
    %pushi/vec4 14, 0, 4;
    %cmp/u;
    %jmp/1 T_43.14, 6;
    %pushi/vec4 0, 0, 1;
    %store/vec4 v0x9d71d3f20_0, 0, 1;
    %jmp T_43.16;
T_43.0 ;
    %load/vec4 v0x9d71d8320_0;
    %parti/s 1, 1, 2;
    %store/vec4 v0x9d71d3f20_0, 0, 1;
    %jmp T_43.16;
T_43.1 ;
    %load/vec4 v0x9d71d8320_0;
    %parti/s 1, 1, 2;
    %inv;
    %store/vec4 v0x9d71d3f20_0, 0, 1;
    %jmp T_43.16;
T_43.2 ;
    %load/vec4 v0x9d71d8320_0;
    %parti/s 1, 0, 2;
    %load/vec4 v0x9d71d8320_0;
    %parti/s 1, 1, 2;
    %or;
    %store/vec4 v0x9d71d3f20_0, 0, 1;
    %jmp T_43.16;
T_43.3 ;
    %load/vec4 v0x9d71d8320_0;
    %parti/s 1, 4, 4;
    %store/vec4 v0x9d71d3f20_0, 0, 1;
    %jmp T_43.16;
T_43.4 ;
    %load/vec4 v0x9d71d8320_0;
    %parti/s 1, 4, 4;
    %inv;
    %store/vec4 v0x9d71d3f20_0, 0, 1;
    %jmp T_43.16;
T_43.5 ;
    %load/vec4 v0x9d71d8320_0;
    %parti/s 1, 3, 3;
    %store/vec4 v0x9d71d3f20_0, 0, 1;
    %jmp T_43.16;
T_43.6 ;
    %load/vec4 v0x9d71d8320_0;
    %parti/s 1, 3, 3;
    %inv;
    %store/vec4 v0x9d71d3f20_0, 0, 1;
    %jmp T_43.16;
T_43.7 ;
    %load/vec4 v0x9d71d8320_0;
    %parti/s 1, 3, 3;
    %inv;
    %load/vec4 v0x9d71d8320_0;
    %parti/s 1, 1, 2;
    %inv;
    %and;
    %store/vec4 v0x9d71d3f20_0, 0, 1;
    %jmp T_43.16;
T_43.8 ;
    %load/vec4 v0x9d71d8320_0;
    %parti/s 1, 3, 3;
    %load/vec4 v0x9d71d8320_0;
    %parti/s 1, 1, 2;
    %or;
    %store/vec4 v0x9d71d3f20_0, 0, 1;
    %jmp T_43.16;
T_43.9 ;
    %load/vec4 v0x9d71d8320_0;
    %parti/s 1, 0, 2;
    %store/vec4 v0x9d71d3f20_0, 0, 1;
    %jmp T_43.16;
T_43.10 ;
    %load/vec4 v0x9d71d8320_0;
    %parti/s 1, 0, 2;
    %inv;
    %store/vec4 v0x9d71d3f20_0, 0, 1;
    %jmp T_43.16;
T_43.11 ;
    %load/vec4 v0x9d71d8320_0;
    %parti/s 1, 2, 3;
    %store/vec4 v0x9d71d3f20_0, 0, 1;
    %jmp T_43.16;
T_43.12 ;
    %load/vec4 v0x9d71d8320_0;
    %parti/s 1, 2, 3;
    %inv;
    %store/vec4 v0x9d71d3f20_0, 0, 1;
    %jmp T_43.16;
T_43.13 ;
    %load/vec4 v0x9d71d8320_0;
    %parti/s 1, 0, 2;
    %inv;
    %load/vec4 v0x9d71d8320_0;
    %parti/s 1, 1, 2;
    %inv;
    %and;
    %store/vec4 v0x9d71d3f20_0, 0, 1;
    %jmp T_43.16;
T_43.14 ;
    %pushi/vec4 1, 0, 1;
    %store/vec4 v0x9d71d3f20_0, 0, 1;
    %jmp T_43.16;
T_43.16 ;
    %pop/vec4 1;
    %load/vec4 v0x9d71d81e0_0;
    %dup/vec4;
    %pushi/vec4 192, 15, 8;
    %cmp/z;
    %jmp/1 T_43.17, 4;
    %dup/vec4;
    %pushi/vec4 76, 0, 8;
    %cmp/z;
    %jmp/1 T_43.18, 4;
    %load/vec4 v0x9d71d8280_0;
    %addi 1, 0, 16;
    %store/vec4 v0x9d71d8140_0, 0, 16;
    %jmp T_43.20;
T_43.17 ;
    %load/vec4 v0x9d71d3f20_0;
    %flag_set/vec4 8;
    %jmp/0xz  T_43.21, 8;
    %load/vec4 v0x9d71d8280_0;
    %load/vec4 v0x9d71d8000_0;
    %add;
    %store/vec4 v0x9d71d8140_0, 0, 16;
    %jmp T_43.22;
T_43.21 ;
    %load/vec4 v0x9d71d8280_0;
    %addi 1, 0, 16;
    %store/vec4 v0x9d71d8140_0, 0, 16;
T_43.22 ;
    %jmp T_43.20;
T_43.18 ;
    %load/vec4 v0x9d71d3f20_0;
    %flag_set/vec4 8;
    %jmp/0xz  T_43.23, 8;
    %load/vec4 v0x9d71d8500_0;
    %store/vec4 v0x9d71d8140_0, 0, 16;
    %jmp T_43.24;
T_43.23 ;
    %load/vec4 v0x9d71d8280_0;
    %addi 1, 0, 16;
    %store/vec4 v0x9d71d8140_0, 0, 16;
T_43.24 ;
    %jmp T_43.20;
T_43.20 ;
    %pop/vec4 1;
    %jmp T_43;
    .thread T_43, $push;
    .scope S_0x9d71c2400;
T_44 ;
    %wait E_0x9d6cc72c0;
    %load/vec4 v0x9d71d2ee0_0;
    %store/vec4 v0x9d71d35c0_0, 0, 16;
    %load/vec4 v0x9d71d2f80_0;
    %store/vec4 v0x9d71d3660_0, 0, 16;
    %pushi/vec4 0, 0, 17;
    %store/vec4 v0x9d71d3700_0, 0, 17;
    %load/vec4 v0x9d71d35c0_0;
    %pad/s 32;
    %store/vec4 v0x9d71d3520_0, 0, 32;
    %pushi/vec4 0, 0, 16;
    %store/vec4 v0x9d71d3480_0, 0, 16;
    %pushi/vec4 0, 0, 1;
    %store/vec4 v0x9d71d3020_0, 0, 1;
    %pushi/vec4 0, 0, 1;
    %store/vec4 v0x9d71d32a0_0, 0, 1;
    %pushi/vec4 0, 0, 1;
    %store/vec4 v0x9d71d3160_0, 0, 1;
    %pushi/vec4 0, 0, 1;
    %store/vec4 v0x9d71d37a0_0, 0, 1;
    %pushi/vec4 0, 0, 1;
    %store/vec4 v0x9d71d3340_0, 0, 1;
    %load/vec4 v0x9d71d33e0_0;
    %dup/vec4;
    %pushi/vec4 5, 0, 8;
    %cmp/z;
    %jmp/1 T_44.0, 4;
    %dup/vec4;
    %pushi/vec4 80, 15, 8;
    %cmp/z;
    %jmp/1 T_44.1, 4;
    %dup/vec4;
    %pushi/vec4 6, 0, 8;
    %cmp/z;
    %jmp/1 T_44.2, 4;
    %dup/vec4;
    %pushi/vec4 96, 15, 8;
    %cmp/z;
    %jmp/1 T_44.3, 4;
    %dup/vec4;
    %pushi/vec4 7, 0, 8;
    %cmp/z;
    %jmp/1 T_44.4, 4;
    %dup/vec4;
    %pushi/vec4 112, 15, 8;
    %cmp/z;
    %jmp/1 T_44.5, 4;
    %dup/vec4;
    %pushi/vec4 9, 0, 8;
    %cmp/z;
    %jmp/1 T_44.6, 4;
    %dup/vec4;
    %pushi/vec4 144, 15, 8;
    %cmp/z;
    %jmp/1 T_44.7, 4;
    %dup/vec4;
    %pushi/vec4 11, 0, 8;
    %cmp/z;
    %jmp/1 T_44.8, 4;
    %dup/vec4;
    %pushi/vec4 176, 15, 8;
    %cmp/z;
    %jmp/1 T_44.9, 4;
    %dup/vec4;
    %pushi/vec4 1, 0, 8;
    %cmp/z;
    %jmp/1 T_44.10, 4;
    %dup/vec4;
    %pushi/vec4 2, 0, 8;
    %cmp/z;
    %jmp/1 T_44.11, 4;
    %dup/vec4;
    %pushi/vec4 3, 0, 8;
    %cmp/z;
    %jmp/1 T_44.12, 4;
    %dup/vec4;
    %pushi/vec4 4, 0, 8;
    %cmp/z;
    %jmp/1 T_44.13, 4;
    %dup/vec4;
    %pushi/vec4 132, 0, 8;
    %cmp/z;
    %jmp/1 T_44.14, 4;
    %dup/vec4;
    %pushi/vec4 128, 1, 8;
    %cmp/z;
    %jmp/1 T_44.15, 4;
    %dup/vec4;
    %pushi/vec4 136, 1, 8;
    %cmp/z;
    %jmp/1 T_44.16, 4;
    %dup/vec4;
    %pushi/vec4 138, 1, 8;
    %cmp/z;
    %jmp/1 T_44.17, 4;
    %dup/vec4;
    %pushi/vec4 134, 0, 8;
    %cmp/z;
    %jmp/1 T_44.18, 4;
    %dup/vec4;
    %pushi/vec4 130, 1, 8;
    %cmp/z;
    %jmp/1 T_44.19, 4;
    %load/vec4 v0x9d71d2f80_0;
    %store/vec4 v0x9d71d3480_0, 0, 16;
    %load/vec4 v0x9d71d3480_0;
    %pushi/vec4 0, 0, 16;
    %cmp/e;
    %flag_get/vec4 4;
    %store/vec4 v0x9d71d37a0_0, 0, 1;
    %load/vec4 v0x9d71d3480_0;
    %parti/s 1, 15, 5;
    %store/vec4 v0x9d71d3340_0, 0, 1;
    %jmp T_44.21;
T_44.0 ;
    %pushi/vec4 0, 0, 1;
    %load/vec4 v0x9d71d2f80_0;
    %concat/vec4; draw_concat_vec4
    %pushi/vec4 0, 0, 1;
    %load/vec4 v0x9d71d2ee0_0;
    %concat/vec4; draw_concat_vec4
    %add;
    %store/vec4 v0x9d71d3700_0, 0, 17;
    %load/vec4 v0x9d71d3700_0;
    %parti/s 16, 0, 2;
    %store/vec4 v0x9d71d3480_0, 0, 16;
    %load/vec4 v0x9d71d3700_0;
    %parti/s 1, 16, 6;
    %store/vec4 v0x9d71d3020_0, 0, 1;
    %load/vec4 v0x9d71d2f80_0;
    %load/vec4 v0x9d71d2ee0_0;
    %cmp/u;
    %flag_get/vec4 5;
    %store/vec4 v0x9d71d32a0_0, 0, 1;
    %load/vec4 v0x9d71d2f80_0;
    %parti/s 1, 15, 5;
    %load/vec4 v0x9d71d2ee0_0;
    %parti/s 1, 15, 5;
    %xor;
    %inv;
    %load/vec4 v0x9d71d3480_0;
    %parti/s 1, 15, 5;
    %load/vec4 v0x9d71d2f80_0;
    %parti/s 1, 15, 5;
    %xor;
    %and;
    %store/vec4 v0x9d71d3160_0, 0, 1;
    %load/vec4 v0x9d71d3480_0;
    %pushi/vec4 0, 0, 16;
    %cmp/e;
    %flag_get/vec4 4;
    %store/vec4 v0x9d71d37a0_0, 0, 1;
    %load/vec4 v0x9d71d3480_0;
    %parti/s 1, 15, 5;
    %store/vec4 v0x9d71d3340_0, 0, 1;
    %jmp T_44.21;
T_44.1 ;
    %pushi/vec4 0, 0, 1;
    %load/vec4 v0x9d71d2f80_0;
    %concat/vec4; draw_concat_vec4
    %pushi/vec4 0, 0, 1;
    %load/vec4 v0x9d71d2ee0_0;
    %concat/vec4; draw_concat_vec4
    %add;
    %store/vec4 v0x9d71d3700_0, 0, 17;
    %load/vec4 v0x9d71d3700_0;
    %parti/s 16, 0, 2;
    %store/vec4 v0x9d71d3480_0, 0, 16;
    %load/vec4 v0x9d71d3700_0;
    %parti/s 1, 16, 6;
    %store/vec4 v0x9d71d3020_0, 0, 1;
    %load/vec4 v0x9d71d2f80_0;
    %load/vec4 v0x9d71d2ee0_0;
    %cmp/u;
    %flag_get/vec4 5;
    %store/vec4 v0x9d71d32a0_0, 0, 1;
    %load/vec4 v0x9d71d2f80_0;
    %parti/s 1, 15, 5;
    %load/vec4 v0x9d71d2ee0_0;
    %parti/s 1, 15, 5;
    %xor;
    %inv;
    %load/vec4 v0x9d71d3480_0;
    %parti/s 1, 15, 5;
    %load/vec4 v0x9d71d2f80_0;
    %parti/s 1, 15, 5;
    %xor;
    %and;
    %store/vec4 v0x9d71d3160_0, 0, 1;
    %load/vec4 v0x9d71d3480_0;
    %pushi/vec4 0, 0, 16;
    %cmp/e;
    %flag_get/vec4 4;
    %store/vec4 v0x9d71d37a0_0, 0, 1;
    %load/vec4 v0x9d71d3480_0;
    %parti/s 1, 15, 5;
    %store/vec4 v0x9d71d3340_0, 0, 1;
    %jmp T_44.21;
T_44.2 ;
    %pushi/vec4 0, 0, 1;
    %load/vec4 v0x9d71d2f80_0;
    %concat/vec4; draw_concat_vec4
    %pushi/vec4 0, 0, 1;
    %load/vec4 v0x9d71d2ee0_0;
    %concat/vec4; draw_concat_vec4
    %add;
    %store/vec4 v0x9d71d3700_0, 0, 17;
    %load/vec4 v0x9d71d3700_0;
    %parti/s 16, 0, 2;
    %store/vec4 v0x9d71d3480_0, 0, 16;
    %load/vec4 v0x9d71d3700_0;
    %parti/s 1, 16, 6;
    %store/vec4 v0x9d71d3020_0, 0, 1;
    %load/vec4 v0x9d71d2f80_0;
    %load/vec4 v0x9d71d2ee0_0;
    %cmp/u;
    %flag_get/vec4 5;
    %store/vec4 v0x9d71d32a0_0, 0, 1;
    %load/vec4 v0x9d71d3480_0;
    %pushi/vec4 0, 0, 16;
    %cmp/e;
    %flag_get/vec4 4;
    %store/vec4 v0x9d71d37a0_0, 0, 1;
    %load/vec4 v0x9d71d3480_0;
    %parti/s 1, 15, 5;
    %store/vec4 v0x9d71d3340_0, 0, 1;
    %jmp T_44.21;
T_44.3 ;
    %pushi/vec4 0, 0, 1;
    %load/vec4 v0x9d71d2f80_0;
    %concat/vec4; draw_concat_vec4
    %pushi/vec4 0, 0, 1;
    %load/vec4 v0x9d71d2ee0_0;
    %concat/vec4; draw_concat_vec4
    %add;
    %store/vec4 v0x9d71d3700_0, 0, 17;
    %load/vec4 v0x9d71d3700_0;
    %parti/s 16, 0, 2;
    %store/vec4 v0x9d71d3480_0, 0, 16;
    %load/vec4 v0x9d71d3700_0;
    %parti/s 1, 16, 6;
    %store/vec4 v0x9d71d3020_0, 0, 1;
    %load/vec4 v0x9d71d2f80_0;
    %load/vec4 v0x9d71d2ee0_0;
    %cmp/u;
    %flag_get/vec4 5;
    %store/vec4 v0x9d71d32a0_0, 0, 1;
    %load/vec4 v0x9d71d3480_0;
    %pushi/vec4 0, 0, 16;
    %cmp/e;
    %flag_get/vec4 4;
    %store/vec4 v0x9d71d37a0_0, 0, 1;
    %load/vec4 v0x9d71d3480_0;
    %parti/s 1, 15, 5;
    %store/vec4 v0x9d71d3340_0, 0, 1;
    %jmp T_44.21;
T_44.4 ;
    %pushi/vec4 0, 0, 1;
    %load/vec4 v0x9d71d2f80_0;
    %concat/vec4; draw_concat_vec4
    %pushi/vec4 0, 0, 1;
    %load/vec4 v0x9d71d2ee0_0;
    %concat/vec4; draw_concat_vec4
    %add;
    %load/vec4 v0x9d71d30c0_0;
    %pad/u 17;
    %add;
    %store/vec4 v0x9d71d3700_0, 0, 17;
    %load/vec4 v0x9d71d3700_0;
    %parti/s 16, 0, 2;
    %store/vec4 v0x9d71d3480_0, 0, 16;
    %load/vec4 v0x9d71d3700_0;
    %parti/s 1, 16, 6;
    %store/vec4 v0x9d71d3020_0, 0, 1;
    %load/vec4 v0x9d71d2f80_0;
    %load/vec4 v0x9d71d2ee0_0;
    %load/vec4 v0x9d71d30c0_0;
    %pad/u 16;
    %add;
    %cmp/u;
    %flag_get/vec4 5;
    %store/vec4 v0x9d71d32a0_0, 0, 1;
    %load/vec4 v0x9d71d2f80_0;
    %parti/s 1, 15, 5;
    %load/vec4 v0x9d71d2ee0_0;
    %parti/s 1, 15, 5;
    %xor;
    %inv;
    %load/vec4 v0x9d71d3480_0;
    %parti/s 1, 15, 5;
    %load/vec4 v0x9d71d2f80_0;
    %parti/s 1, 15, 5;
    %xor;
    %and;
    %store/vec4 v0x9d71d3160_0, 0, 1;
    %load/vec4 v0x9d71d3480_0;
    %pushi/vec4 0, 0, 16;
    %cmp/e;
    %flag_get/vec4 4;
    %store/vec4 v0x9d71d37a0_0, 0, 1;
    %load/vec4 v0x9d71d3480_0;
    %parti/s 1, 15, 5;
    %store/vec4 v0x9d71d3340_0, 0, 1;
    %jmp T_44.21;
T_44.5 ;
    %pushi/vec4 0, 0, 1;
    %load/vec4 v0x9d71d2f80_0;
    %concat/vec4; draw_concat_vec4
    %pushi/vec4 0, 0, 1;
    %load/vec4 v0x9d71d2ee0_0;
    %concat/vec4; draw_concat_vec4
    %add;
    %load/vec4 v0x9d71d30c0_0;
    %pad/u 17;
    %add;
    %store/vec4 v0x9d71d3700_0, 0, 17;
    %load/vec4 v0x9d71d3700_0;
    %parti/s 16, 0, 2;
    %store/vec4 v0x9d71d3480_0, 0, 16;
    %load/vec4 v0x9d71d3700_0;
    %parti/s 1, 16, 6;
    %store/vec4 v0x9d71d3020_0, 0, 1;
    %load/vec4 v0x9d71d2f80_0;
    %load/vec4 v0x9d71d2ee0_0;
    %load/vec4 v0x9d71d30c0_0;
    %pad/u 16;
    %add;
    %cmp/u;
    %flag_get/vec4 5;
    %store/vec4 v0x9d71d32a0_0, 0, 1;
    %load/vec4 v0x9d71d2f80_0;
    %parti/s 1, 15, 5;
    %load/vec4 v0x9d71d2ee0_0;
    %parti/s 1, 15, 5;
    %xor;
    %inv;
    %load/vec4 v0x9d71d3480_0;
    %parti/s 1, 15, 5;
    %load/vec4 v0x9d71d2f80_0;
    %parti/s 1, 15, 5;
    %xor;
    %and;
    %store/vec4 v0x9d71d3160_0, 0, 1;
    %load/vec4 v0x9d71d3480_0;
    %pushi/vec4 0, 0, 16;
    %cmp/e;
    %flag_get/vec4 4;
    %store/vec4 v0x9d71d37a0_0, 0, 1;
    %load/vec4 v0x9d71d3480_0;
    %parti/s 1, 15, 5;
    %store/vec4 v0x9d71d3340_0, 0, 1;
    %jmp T_44.21;
T_44.6 ;
    %pushi/vec4 0, 0, 1;
    %load/vec4 v0x9d71d2f80_0;
    %concat/vec4; draw_concat_vec4
    %pushi/vec4 0, 0, 1;
    %load/vec4 v0x9d71d2ee0_0;
    %inv;
    %concat/vec4; draw_concat_vec4
    %add;
    %addi 1, 0, 17;
    %store/vec4 v0x9d71d3700_0, 0, 17;
    %load/vec4 v0x9d71d3700_0;
    %parti/s 16, 0, 2;
    %store/vec4 v0x9d71d3480_0, 0, 16;
    %load/vec4 v0x9d71d3700_0;
    %parti/s 1, 16, 6;
    %store/vec4 v0x9d71d3020_0, 0, 1;
    %load/vec4 v0x9d71d2f80_0;
    %load/vec4 v0x9d71d2ee0_0;
    %cmp/u;
    %flag_get/vec4 5;
    %store/vec4 v0x9d71d32a0_0, 0, 1;
    %load/vec4 v0x9d71d2f80_0;
    %parti/s 1, 15, 5;
    %load/vec4 v0x9d71d2ee0_0;
    %parti/s 1, 15, 5;
    %xor;
    %load/vec4 v0x9d71d3480_0;
    %parti/s 1, 15, 5;
    %load/vec4 v0x9d71d2f80_0;
    %parti/s 1, 15, 5;
    %xor;
    %and;
    %store/vec4 v0x9d71d3160_0, 0, 1;
    %load/vec4 v0x9d71d3480_0;
    %pushi/vec4 0, 0, 16;
    %cmp/e;
    %flag_get/vec4 4;
    %store/vec4 v0x9d71d37a0_0, 0, 1;
    %load/vec4 v0x9d71d3660_0;
    %load/vec4 v0x9d71d35c0_0;
    %cmp/s;
    %flag_get/vec4 5;
    %store/vec4 v0x9d71d3340_0, 0, 1;
    %jmp T_44.21;
T_44.7 ;
    %pushi/vec4 0, 0, 1;
    %load/vec4 v0x9d71d2f80_0;
    %concat/vec4; draw_concat_vec4
    %pushi/vec4 0, 0, 1;
    %load/vec4 v0x9d71d2ee0_0;
    %inv;
    %concat/vec4; draw_concat_vec4
    %add;
    %addi 1, 0, 17;
    %store/vec4 v0x9d71d3700_0, 0, 17;
    %load/vec4 v0x9d71d3700_0;
    %parti/s 16, 0, 2;
    %store/vec4 v0x9d71d3480_0, 0, 16;
    %load/vec4 v0x9d71d3700_0;
    %parti/s 1, 16, 6;
    %store/vec4 v0x9d71d3020_0, 0, 1;
    %load/vec4 v0x9d71d2f80_0;
    %load/vec4 v0x9d71d2ee0_0;
    %cmp/u;
    %flag_get/vec4 5;
    %store/vec4 v0x9d71d32a0_0, 0, 1;
    %load/vec4 v0x9d71d2f80_0;
    %parti/s 1, 15, 5;
    %load/vec4 v0x9d71d2ee0_0;
    %parti/s 1, 15, 5;
    %xor;
    %load/vec4 v0x9d71d3480_0;
    %parti/s 1, 15, 5;
    %load/vec4 v0x9d71d2f80_0;
    %parti/s 1, 15, 5;
    %xor;
    %and;
    %store/vec4 v0x9d71d3160_0, 0, 1;
    %load/vec4 v0x9d71d3480_0;
    %pushi/vec4 0, 0, 16;
    %cmp/e;
    %flag_get/vec4 4;
    %store/vec4 v0x9d71d37a0_0, 0, 1;
    %load/vec4 v0x9d71d3660_0;
    %load/vec4 v0x9d71d35c0_0;
    %cmp/s;
    %flag_get/vec4 5;
    %store/vec4 v0x9d71d3340_0, 0, 1;
    %jmp T_44.21;
T_44.8 ;
    %pushi/vec4 0, 0, 16;
    %store/vec4 v0x9d71d3480_0, 0, 16;
    %load/vec4 v0x9d71d2ee0_0;
    %load/vec4 v0x9d71d2f80_0;
    %cmp/u;
    %flag_get/vec4 4;
    %flag_get/vec4 5;
    %or;
    %store/vec4 v0x9d71d3020_0, 0, 1;
    %load/vec4 v0x9d71d2f80_0;
    %load/vec4 v0x9d71d2ee0_0;
    %cmp/u;
    %flag_get/vec4 5;
    %store/vec4 v0x9d71d32a0_0, 0, 1;
    %load/vec4 v0x9d71d3660_0;
    %load/vec4 v0x9d71d35c0_0;
    %cmp/e;
    %flag_get/vec4 4;
    %store/vec4 v0x9d71d37a0_0, 0, 1;
    %load/vec4 v0x9d71d3660_0;
    %load/vec4 v0x9d71d35c0_0;
    %cmp/s;
    %flag_get/vec4 5;
    %store/vec4 v0x9d71d3340_0, 0, 1;
    %jmp T_44.21;
T_44.9 ;
    %pushi/vec4 0, 0, 16;
    %store/vec4 v0x9d71d3480_0, 0, 16;
    %load/vec4 v0x9d71d2ee0_0;
    %load/vec4 v0x9d71d2f80_0;
    %cmp/u;
    %flag_get/vec4 4;
    %flag_get/vec4 5;
    %or;
    %store/vec4 v0x9d71d3020_0, 0, 1;
    %load/vec4 v0x9d71d2f80_0;
    %load/vec4 v0x9d71d2ee0_0;
    %cmp/u;
    %flag_get/vec4 5;
    %store/vec4 v0x9d71d32a0_0, 0, 1;
    %load/vec4 v0x9d71d3660_0;
    %load/vec4 v0x9d71d35c0_0;
    %cmp/e;
    %flag_get/vec4 4;
    %store/vec4 v0x9d71d37a0_0, 0, 1;
    %load/vec4 v0x9d71d3660_0;
    %load/vec4 v0x9d71d35c0_0;
    %cmp/s;
    %flag_get/vec4 5;
    %store/vec4 v0x9d71d3340_0, 0, 1;
    %jmp T_44.21;
T_44.10 ;
    %load/vec4 v0x9d71d2f80_0;
    %load/vec4 v0x9d71d2ee0_0;
    %and;
    %store/vec4 v0x9d71d3480_0, 0, 16;
    %load/vec4 v0x9d71d3480_0;
    %pushi/vec4 0, 0, 16;
    %cmp/e;
    %flag_get/vec4 4;
    %store/vec4 v0x9d71d37a0_0, 0, 1;
    %load/vec4 v0x9d71d3480_0;
    %parti/s 1, 15, 5;
    %store/vec4 v0x9d71d3340_0, 0, 1;
    %jmp T_44.21;
T_44.11 ;
    %load/vec4 v0x9d71d2f80_0;
    %load/vec4 v0x9d71d2ee0_0;
    %or;
    %store/vec4 v0x9d71d3480_0, 0, 16;
    %load/vec4 v0x9d71d3480_0;
    %pushi/vec4 0, 0, 16;
    %cmp/e;
    %flag_get/vec4 4;
    %store/vec4 v0x9d71d37a0_0, 0, 1;
    %load/vec4 v0x9d71d3480_0;
    %parti/s 1, 15, 5;
    %store/vec4 v0x9d71d3340_0, 0, 1;
    %jmp T_44.21;
T_44.12 ;
    %load/vec4 v0x9d71d2f80_0;
    %load/vec4 v0x9d71d2ee0_0;
    %xor;
    %store/vec4 v0x9d71d3480_0, 0, 16;
    %load/vec4 v0x9d71d3480_0;
    %pushi/vec4 0, 0, 16;
    %cmp/e;
    %flag_get/vec4 4;
    %store/vec4 v0x9d71d37a0_0, 0, 1;
    %load/vec4 v0x9d71d3480_0;
    %parti/s 1, 15, 5;
    %store/vec4 v0x9d71d3340_0, 0, 1;
    %jmp T_44.21;
T_44.13 ;
    %load/vec4 v0x9d71d2ee0_0;
    %inv;
    %store/vec4 v0x9d71d3480_0, 0, 16;
    %load/vec4 v0x9d71d3480_0;
    %pushi/vec4 0, 0, 16;
    %cmp/e;
    %flag_get/vec4 4;
    %store/vec4 v0x9d71d37a0_0, 0, 1;
    %load/vec4 v0x9d71d3480_0;
    %parti/s 1, 15, 5;
    %store/vec4 v0x9d71d3340_0, 0, 1;
    %jmp T_44.21;
T_44.14 ;
    %load/vec4 v0x9d71d3520_0;
    %cmpi/s 0, 0, 32;
    %flag_inv 5; GE is !LT
    %jmp/0xz  T_44.22, 5;
    %load/vec4 v0x9d71d2f80_0;
    %load/vec4 v0x9d71d3520_0;
    %ix/vec4 4;
    %shiftl 4;
    %store/vec4 v0x9d71d3480_0, 0, 16;
    %jmp T_44.23;
T_44.22 ;
    %load/vec4 v0x9d71d2f80_0;
    %load/vec4 v0x9d71d3520_0;
    %inv;
    %addi 1, 0, 32;
    %ix/vec4 4;
    %shiftr 4;
    %store/vec4 v0x9d71d3480_0, 0, 16;
T_44.23 ;
    %load/vec4 v0x9d71d3480_0;
    %pushi/vec4 0, 0, 16;
    %cmp/e;
    %flag_get/vec4 4;
    %store/vec4 v0x9d71d37a0_0, 0, 1;
    %load/vec4 v0x9d71d3480_0;
    %parti/s 1, 15, 5;
    %store/vec4 v0x9d71d3340_0, 0, 1;
    %jmp T_44.21;
T_44.15 ;
    %load/vec4 v0x9d71d3520_0;
    %cmpi/s 0, 0, 32;
    %flag_inv 5; GE is !LT
    %jmp/0xz  T_44.24, 5;
    %load/vec4 v0x9d71d2f80_0;
    %load/vec4 v0x9d71d3520_0;
    %ix/vec4 4;
    %shiftl 4;
    %store/vec4 v0x9d71d3480_0, 0, 16;
    %jmp T_44.25;
T_44.24 ;
    %load/vec4 v0x9d71d2f80_0;
    %load/vec4 v0x9d71d3520_0;
    %inv;
    %addi 1, 0, 32;
    %ix/vec4 4;
    %shiftr 4;
    %store/vec4 v0x9d71d3480_0, 0, 16;
T_44.25 ;
    %load/vec4 v0x9d71d3480_0;
    %pushi/vec4 0, 0, 16;
    %cmp/e;
    %flag_get/vec4 4;
    %store/vec4 v0x9d71d37a0_0, 0, 1;
    %load/vec4 v0x9d71d3480_0;
    %parti/s 1, 15, 5;
    %store/vec4 v0x9d71d3340_0, 0, 1;
    %jmp T_44.21;
T_44.16 ;
    %load/vec4 v0x9d71d3520_0;
    %cmpi/s 0, 0, 32;
    %flag_inv 5; GE is !LT
    %jmp/0xz  T_44.26, 5;
    %load/vec4 v0x9d71d2f80_0;
    %load/vec4 v0x9d71d3520_0;
    %ix/vec4 4;
    %shiftr 4;
    %store/vec4 v0x9d71d3480_0, 0, 16;
    %jmp T_44.27;
T_44.26 ;
    %load/vec4 v0x9d71d2f80_0;
    %load/vec4 v0x9d71d3520_0;
    %inv;
    %addi 1, 0, 32;
    %ix/vec4 4;
    %shiftl 4;
    %store/vec4 v0x9d71d3480_0, 0, 16;
T_44.27 ;
    %load/vec4 v0x9d71d3480_0;
    %pushi/vec4 0, 0, 16;
    %cmp/e;
    %flag_get/vec4 4;
    %store/vec4 v0x9d71d37a0_0, 0, 1;
    %load/vec4 v0x9d71d3480_0;
    %parti/s 1, 15, 5;
    %store/vec4 v0x9d71d3340_0, 0, 1;
    %jmp T_44.21;
T_44.17 ;
    %load/vec4 v0x9d71d3520_0;
    %cmpi/s 0, 0, 32;
    %flag_inv 5; GE is !LT
    %jmp/0xz  T_44.28, 5;
    %load/vec4 v0x9d71d2f80_0;
    %load/vec4 v0x9d71d3520_0;
    %ix/vec4 4;
    %shiftr 4;
    %store/vec4 v0x9d71d3480_0, 0, 16;
    %jmp T_44.29;
T_44.28 ;
    %load/vec4 v0x9d71d2f80_0;
    %load/vec4 v0x9d71d3520_0;
    %inv;
    %addi 1, 0, 32;
    %ix/vec4 4;
    %shiftl 4;
    %store/vec4 v0x9d71d3480_0, 0, 16;
T_44.29 ;
    %load/vec4 v0x9d71d3480_0;
    %pushi/vec4 0, 0, 16;
    %cmp/e;
    %flag_get/vec4 4;
    %store/vec4 v0x9d71d37a0_0, 0, 1;
    %load/vec4 v0x9d71d3480_0;
    %parti/s 1, 15, 5;
    %store/vec4 v0x9d71d3340_0, 0, 1;
    %jmp T_44.21;
T_44.18 ;
    %load/vec4 v0x9d71d3520_0;
    %cmpi/s 0, 0, 32;
    %flag_inv 5; GE is !LT
    %jmp/0xz  T_44.30, 5;
    %load/vec4 v0x9d71d2f80_0;
    %load/vec4 v0x9d71d3520_0;
    %ix/vec4 4;
    %shiftr/s 4;
    %store/vec4 v0x9d71d3480_0, 0, 16;
    %jmp T_44.31;
T_44.30 ;
    %load/vec4 v0x9d71d2f80_0;
    %load/vec4 v0x9d71d3520_0;
    %inv;
    %addi 1, 0, 32;
    %ix/vec4 4;
    %shiftl 4;
    %store/vec4 v0x9d71d3480_0, 0, 16;
T_44.31 ;
    %load/vec4 v0x9d71d3480_0;
    %pushi/vec4 0, 0, 16;
    %cmp/e;
    %flag_get/vec4 4;
    %store/vec4 v0x9d71d37a0_0, 0, 1;
    %load/vec4 v0x9d71d3480_0;
    %parti/s 1, 15, 5;
    %store/vec4 v0x9d71d3340_0, 0, 1;
    %jmp T_44.21;
T_44.19 ;
    %load/vec4 v0x9d71d3520_0;
    %cmpi/s 0, 0, 32;
    %flag_inv 5; GE is !LT
    %jmp/0xz  T_44.32, 5;
    %load/vec4 v0x9d71d2f80_0;
    %load/vec4 v0x9d71d3520_0;
    %ix/vec4 4;
    %shiftr/s 4;
    %store/vec4 v0x9d71d3480_0, 0, 16;
    %jmp T_44.33;
T_44.32 ;
    %load/vec4 v0x9d71d2f80_0;
    %load/vec4 v0x9d71d3520_0;
    %inv;
    %addi 1, 0, 32;
    %ix/vec4 4;
    %shiftl 4;
    %store/vec4 v0x9d71d3480_0, 0, 16;
T_44.33 ;
    %load/vec4 v0x9d71d3480_0;
    %pushi/vec4 0, 0, 16;
    %cmp/e;
    %flag_get/vec4 4;
    %store/vec4 v0x9d71d37a0_0, 0, 1;
    %load/vec4 v0x9d71d3480_0;
    %parti/s 1, 15, 5;
    %store/vec4 v0x9d71d3340_0, 0, 1;
    %jmp T_44.21;
T_44.21 ;
    %pop/vec4 1;
    %load/vec4 v0x9d71d3020_0;
    %load/vec4 v0x9d71d32a0_0;
    %concat/vec4; draw_concat_vec4
    %load/vec4 v0x9d71d3160_0;
    %concat/vec4; draw_concat_vec4
    %load/vec4 v0x9d71d37a0_0;
    %concat/vec4; draw_concat_vec4
    %load/vec4 v0x9d71d3340_0;
    %concat/vec4; draw_concat_vec4
    %store/vec4 v0x9d71d3200_0, 0, 5;
    %jmp T_44;
    .thread T_44, $push;
    .scope S_0x9d71c2580;
T_45 ;
    %wait E_0x9d6cc7300;
    %pushi/vec4 0, 0, 2;
    %store/vec4 v0x9d71d3a20_0, 0, 2;
    %pushi/vec4 0, 0, 1;
    %store/vec4 v0x9d71d3980_0, 0, 1;
    %pushi/vec4 0, 0, 1;
    %store/vec4 v0x9d71d3e80_0, 0, 1;
    %pushi/vec4 0, 0, 1;
    %store/vec4 v0x9d71d3ca0_0, 0, 1;
    %pushi/vec4 0, 0, 2;
    %store/vec4 v0x9d71d3d40_0, 0, 2;
    %pushi/vec4 0, 0, 1;
    %store/vec4 v0x9d71d38e0_0, 0, 1;
    %pushi/vec4 0, 0, 1;
    %store/vec4 v0x9d71d3b60_0, 0, 1;
    %pushi/vec4 0, 0, 1;
    %store/vec4 v0x9d71d3c00_0, 0, 1;
    %pushi/vec4 0, 0, 1;
    %store/vec4 v0x9d71d3840_0, 0, 1;
    %load/vec4 v0x9d71d3de0_0;
    %dup/vec4;
    %pushi/vec4 0, 0, 2;
    %cmp/u;
    %jmp/1 T_45.0, 6;
    %dup/vec4;
    %pushi/vec4 1, 0, 2;
    %cmp/u;
    %jmp/1 T_45.1, 6;
    %dup/vec4;
    %pushi/vec4 2, 0, 2;
    %cmp/u;
    %jmp/1 T_45.2, 6;
    %dup/vec4;
    %pushi/vec4 3, 0, 2;
    %cmp/u;
    %jmp/1 T_45.3, 6;
    %pushi/vec4 0, 0, 2;
    %store/vec4 v0x9d71d3a20_0, 0, 2;
    %jmp T_45.5;
T_45.0 ;
    %pushi/vec4 1, 0, 2;
    %store/vec4 v0x9d71d3a20_0, 0, 2;
    %jmp T_45.5;
T_45.1 ;
    %pushi/vec4 1, 0, 1;
    %store/vec4 v0x9d71d38e0_0, 0, 1;
    %pushi/vec4 2, 0, 2;
    %store/vec4 v0x9d71d3a20_0, 0, 2;
    %jmp T_45.5;
T_45.2 ;
    %pushi/vec4 1, 0, 1;
    %store/vec4 v0x9d71d3b60_0, 0, 1;
    %pushi/vec4 0, 0, 2;
    %store/vec4 v0x9d71d3a20_0, 0, 2;
    %load/vec4 v0x9d71d3ac0_0;
    %dup/vec4;
    %pushi/vec4 5, 0, 8;
    %cmp/z;
    %jmp/1 T_45.6, 4;
    %dup/vec4;
    %pushi/vec4 80, 15, 8;
    %cmp/z;
    %jmp/1 T_45.7, 4;
    %dup/vec4;
    %pushi/vec4 6, 0, 8;
    %cmp/z;
    %jmp/1 T_45.8, 4;
    %dup/vec4;
    %pushi/vec4 96, 15, 8;
    %cmp/z;
    %jmp/1 T_45.9, 4;
    %dup/vec4;
    %pushi/vec4 7, 0, 8;
    %cmp/z;
    %jmp/1 T_45.10, 4;
    %dup/vec4;
    %pushi/vec4 112, 15, 8;
    %cmp/z;
    %jmp/1 T_45.11, 4;
    %dup/vec4;
    %pushi/vec4 9, 0, 8;
    %cmp/z;
    %jmp/1 T_45.12, 4;
    %dup/vec4;
    %pushi/vec4 144, 15, 8;
    %cmp/z;
    %jmp/1 T_45.13, 4;
    %dup/vec4;
    %pushi/vec4 1, 0, 8;
    %cmp/z;
    %jmp/1 T_45.14, 4;
    %dup/vec4;
    %pushi/vec4 2, 0, 8;
    %cmp/z;
    %jmp/1 T_45.15, 4;
    %dup/vec4;
    %pushi/vec4 3, 0, 8;
    %cmp/z;
    %jmp/1 T_45.16, 4;
    %dup/vec4;
    %pushi/vec4 4, 0, 8;
    %cmp/z;
    %jmp/1 T_45.17, 4;
    %dup/vec4;
    %pushi/vec4 132, 0, 8;
    %cmp/z;
    %jmp/1 T_45.18, 4;
    %dup/vec4;
    %pushi/vec4 128, 1, 8;
    %cmp/z;
    %jmp/1 T_45.19, 4;
    %dup/vec4;
    %pushi/vec4 136, 1, 8;
    %cmp/z;
    %jmp/1 T_45.20, 4;
    %dup/vec4;
    %pushi/vec4 138, 1, 8;
    %cmp/z;
    %jmp/1 T_45.21, 4;
    %dup/vec4;
    %pushi/vec4 134, 0, 8;
    %cmp/z;
    %jmp/1 T_45.22, 4;
    %dup/vec4;
    %pushi/vec4 130, 1, 8;
    %cmp/z;
    %jmp/1 T_45.23, 4;
    %dup/vec4;
    %pushi/vec4 11, 0, 8;
    %cmp/z;
    %jmp/1 T_45.24, 4;
    %dup/vec4;
    %pushi/vec4 176, 15, 8;
    %cmp/z;
    %jmp/1 T_45.25, 4;
    %dup/vec4;
    %pushi/vec4 64, 0, 8;
    %cmp/z;
    %jmp/1 T_45.26, 4;
    %dup/vec4;
    %pushi/vec4 68, 0, 8;
    %cmp/z;
    %jmp/1 T_45.27, 4;
    %dup/vec4;
    %pushi/vec4 13, 0, 8;
    %cmp/z;
    %jmp/1 T_45.28, 4;
    %dup/vec4;
    %pushi/vec4 208, 15, 8;
    %cmp/z;
    %jmp/1 T_45.29, 4;
    %jmp T_45.31;
T_45.6 ;
    %pushi/vec4 1, 0, 1;
    %store/vec4 v0x9d71d3ca0_0, 0, 1;
    %pushi/vec4 1, 0, 1;
    %store/vec4 v0x9d71d3c00_0, 0, 1;
    %jmp T_45.31;
T_45.7 ;
    %pushi/vec4 1, 0, 1;
    %store/vec4 v0x9d71d3ca0_0, 0, 1;
    %pushi/vec4 1, 0, 1;
    %store/vec4 v0x9d71d3c00_0, 0, 1;
    %jmp T_45.31;
T_45.8 ;
    %pushi/vec4 1, 0, 1;
    %store/vec4 v0x9d71d3ca0_0, 0, 1;
    %pushi/vec4 1, 0, 1;
    %store/vec4 v0x9d71d3c00_0, 0, 1;
    %jmp T_45.31;
T_45.9 ;
    %pushi/vec4 1, 0, 1;
    %store/vec4 v0x9d71d3ca0_0, 0, 1;
    %pushi/vec4 1, 0, 1;
    %store/vec4 v0x9d71d3c00_0, 0, 1;
    %jmp T_45.31;
T_45.10 ;
    %pushi/vec4 1, 0, 1;
    %store/vec4 v0x9d71d3ca0_0, 0, 1;
    %pushi/vec4 1, 0, 1;
    %store/vec4 v0x9d71d3c00_0, 0, 1;
    %jmp T_45.31;
T_45.11 ;
    %pushi/vec4 1, 0, 1;
    %store/vec4 v0x9d71d3ca0_0, 0, 1;
    %pushi/vec4 1, 0, 1;
    %store/vec4 v0x9d71d3c00_0, 0, 1;
    %jmp T_45.31;
T_45.12 ;
    %pushi/vec4 1, 0, 1;
    %store/vec4 v0x9d71d3ca0_0, 0, 1;
    %pushi/vec4 1, 0, 1;
    %store/vec4 v0x9d71d3c00_0, 0, 1;
    %jmp T_45.31;
T_45.13 ;
    %pushi/vec4 1, 0, 1;
    %store/vec4 v0x9d71d3ca0_0, 0, 1;
    %pushi/vec4 1, 0, 1;
    %store/vec4 v0x9d71d3c00_0, 0, 1;
    %jmp T_45.31;
T_45.14 ;
    %pushi/vec4 1, 0, 1;
    %store/vec4 v0x9d71d3ca0_0, 0, 1;
    %pushi/vec4 1, 0, 1;
    %store/vec4 v0x9d71d3c00_0, 0, 1;
    %jmp T_45.31;
T_45.15 ;
    %pushi/vec4 1, 0, 1;
    %store/vec4 v0x9d71d3ca0_0, 0, 1;
    %pushi/vec4 1, 0, 1;
    %store/vec4 v0x9d71d3c00_0, 0, 1;
    %jmp T_45.31;
T_45.16 ;
    %pushi/vec4 1, 0, 1;
    %store/vec4 v0x9d71d3ca0_0, 0, 1;
    %pushi/vec4 1, 0, 1;
    %store/vec4 v0x9d71d3c00_0, 0, 1;
    %jmp T_45.31;
T_45.17 ;
    %pushi/vec4 1, 0, 1;
    %store/vec4 v0x9d71d3ca0_0, 0, 1;
    %pushi/vec4 1, 0, 1;
    %store/vec4 v0x9d71d3c00_0, 0, 1;
    %jmp T_45.31;
T_45.18 ;
    %pushi/vec4 1, 0, 1;
    %store/vec4 v0x9d71d3ca0_0, 0, 1;
    %pushi/vec4 1, 0, 1;
    %store/vec4 v0x9d71d3c00_0, 0, 1;
    %jmp T_45.31;
T_45.19 ;
    %pushi/vec4 1, 0, 1;
    %store/vec4 v0x9d71d3ca0_0, 0, 1;
    %pushi/vec4 1, 0, 1;
    %store/vec4 v0x9d71d3c00_0, 0, 1;
    %jmp T_45.31;
T_45.20 ;
    %pushi/vec4 1, 0, 1;
    %store/vec4 v0x9d71d3ca0_0, 0, 1;
    %pushi/vec4 1, 0, 1;
    %store/vec4 v0x9d71d3c00_0, 0, 1;
    %jmp T_45.31;
T_45.21 ;
    %pushi/vec4 1, 0, 1;
    %store/vec4 v0x9d71d3ca0_0, 0, 1;
    %pushi/vec4 1, 0, 1;
    %store/vec4 v0x9d71d3c00_0, 0, 1;
    %jmp T_45.31;
T_45.22 ;
    %pushi/vec4 1, 0, 1;
    %store/vec4 v0x9d71d3ca0_0, 0, 1;
    %pushi/vec4 1, 0, 1;
    %store/vec4 v0x9d71d3c00_0, 0, 1;
    %jmp T_45.31;
T_45.23 ;
    %pushi/vec4 1, 0, 1;
    %store/vec4 v0x9d71d3ca0_0, 0, 1;
    %pushi/vec4 1, 0, 1;
    %store/vec4 v0x9d71d3c00_0, 0, 1;
    %jmp T_45.31;
T_45.24 ;
    %pushi/vec4 1, 0, 1;
    %store/vec4 v0x9d71d3c00_0, 0, 1;
    %jmp T_45.31;
T_45.25 ;
    %pushi/vec4 1, 0, 1;
    %store/vec4 v0x9d71d3c00_0, 0, 1;
    %jmp T_45.31;
T_45.26 ;
    %pushi/vec4 1, 0, 1;
    %store/vec4 v0x9d71d3e80_0, 0, 1;
    %pushi/vec4 3, 0, 2;
    %store/vec4 v0x9d71d3a20_0, 0, 2;
    %jmp T_45.31;
T_45.27 ;
    %pushi/vec4 1, 0, 1;
    %store/vec4 v0x9d71d3e80_0, 0, 1;
    %pushi/vec4 1, 0, 1;
    %store/vec4 v0x9d71d3980_0, 0, 1;
    %jmp T_45.31;
T_45.28 ;
    %pushi/vec4 1, 0, 1;
    %store/vec4 v0x9d71d3ca0_0, 0, 1;
    %pushi/vec4 1, 0, 2;
    %store/vec4 v0x9d71d3d40_0, 0, 2;
    %jmp T_45.31;
T_45.29 ;
    %pushi/vec4 1, 0, 1;
    %store/vec4 v0x9d71d3ca0_0, 0, 1;
    %pushi/vec4 2, 0, 2;
    %store/vec4 v0x9d71d3d40_0, 0, 2;
    %jmp T_45.31;
T_45.31 ;
    %pop/vec4 1;
    %load/vec4 v0x9d71d3ac0_0;
    %dup/vec4;
    %pushi/vec4 80, 15, 8;
    %cmp/z;
    %jmp/1 T_45.32, 4;
    %dup/vec4;
    %pushi/vec4 96, 15, 8;
    %cmp/z;
    %jmp/1 T_45.33, 4;
    %dup/vec4;
    %pushi/vec4 112, 15, 8;
    %cmp/z;
    %jmp/1 T_45.34, 4;
    %dup/vec4;
    %pushi/vec4 144, 15, 8;
    %cmp/z;
    %jmp/1 T_45.35, 4;
    %dup/vec4;
    %pushi/vec4 176, 15, 8;
    %cmp/z;
    %jmp/1 T_45.36, 4;
    %dup/vec4;
    %pushi/vec4 128, 1, 8;
    %cmp/z;
    %jmp/1 T_45.37, 4;
    %dup/vec4;
    %pushi/vec4 138, 1, 8;
    %cmp/z;
    %jmp/1 T_45.38, 4;
    %dup/vec4;
    %pushi/vec4 130, 1, 8;
    %cmp/z;
    %jmp/1 T_45.39, 4;
    %jmp T_45.41;
T_45.32 ;
    %pushi/vec4 1, 0, 1;
    %store/vec4 v0x9d71d3840_0, 0, 1;
    %jmp T_45.41;
T_45.33 ;
    %pushi/vec4 1, 0, 1;
    %store/vec4 v0x9d71d3840_0, 0, 1;
    %jmp T_45.41;
T_45.34 ;
    %pushi/vec4 1, 0, 1;
    %store/vec4 v0x9d71d3840_0, 0, 1;
    %jmp T_45.41;
T_45.35 ;
    %pushi/vec4 1, 0, 1;
    %store/vec4 v0x9d71d3840_0, 0, 1;
    %jmp T_45.41;
T_45.36 ;
    %pushi/vec4 1, 0, 1;
    %store/vec4 v0x9d71d3840_0, 0, 1;
    %jmp T_45.41;
T_45.37 ;
    %pushi/vec4 1, 0, 1;
    %store/vec4 v0x9d71d3840_0, 0, 1;
    %jmp T_45.41;
T_45.38 ;
    %pushi/vec4 1, 0, 1;
    %store/vec4 v0x9d71d3840_0, 0, 1;
    %jmp T_45.41;
T_45.39 ;
    %pushi/vec4 1, 0, 1;
    %store/vec4 v0x9d71d3840_0, 0, 1;
    %jmp T_45.41;
T_45.41 ;
    %pop/vec4 1;
    %jmp T_45.5;
T_45.3 ;
    %pushi/vec4 1, 0, 1;
    %store/vec4 v0x9d71d3ca0_0, 0, 1;
    %pushi/vec4 3, 0, 2;
    %store/vec4 v0x9d71d3d40_0, 0, 2;
    %pushi/vec4 0, 0, 2;
    %store/vec4 v0x9d71d3a20_0, 0, 2;
    %jmp T_45.5;
T_45.5 ;
    %pop/vec4 1;
    %jmp T_45;
    .thread T_45, $push;
    .scope S_0x9d71c2280;
T_46 ;
    %wait E_0x9d6cc7200;
    %load/vec4 v0x9d71da3a0_0;
    %dup/vec4;
    %pushi/vec4 0, 0, 2;
    %cmp/u;
    %jmp/1 T_46.0, 6;
    %dup/vec4;
    %pushi/vec4 1, 0, 2;
    %cmp/u;
    %jmp/1 T_46.1, 6;
    %dup/vec4;
    %pushi/vec4 2, 0, 2;
    %cmp/u;
    %jmp/1 T_46.2, 6;
    %dup/vec4;
    %pushi/vec4 3, 0, 2;
    %cmp/u;
    %jmp/1 T_46.3, 6;
    %pushi/vec4 0, 0, 16;
    %store/vec4 v0x9d71da260_0, 0, 16;
    %jmp T_46.5;
T_46.0 ;
    %load/vec4 v0x9d71d9360_0;
    %store/vec4 v0x9d71da260_0, 0, 16;
    %jmp T_46.5;
T_46.1 ;
    %load/vec4 v0x9d71da120_0;
    %store/vec4 v0x9d71da260_0, 0, 16;
    %jmp T_46.5;
T_46.2 ;
    %load/vec4 v0x9d71d9720_0;
    %store/vec4 v0x9d71da260_0, 0, 16;
    %jmp T_46.5;
T_46.3 ;
    %load/vec4 v0x9d71d99a0_0;
    %store/vec4 v0x9d71da260_0, 0, 16;
    %jmp T_46.5;
T_46.5 ;
    %pop/vec4 1;
    %jmp T_46;
    .thread T_46, $push;
    .scope S_0x9d71c2280;
T_47 ;
    %wait E_0x9d6cc7400;
    %load/vec4 v0x9d71da440_0;
    %flag_set/vec4 8;
    %jmp/0xz  T_47.0, 8;
    %pushi/vec4 0, 0, 2;
    %assign/vec4 v0x9d71da4e0_0, 0;
    %pushi/vec4 0, 0, 16;
    %assign/vec4 v0x9d71d97c0_0, 0;
    %pushi/vec4 0, 0, 16;
    %assign/vec4 v0x9d71d9d60_0, 0;
    %pushi/vec4 0, 0, 16;
    %assign/vec4 v0x9d71d9ea0_0, 0;
    %jmp T_47.1;
T_47.0 ;
    %load/vec4 v0x9d71d9c20_0;
    %assign/vec4 v0x9d71da4e0_0, 0;
    %load/vec4 v0x9d71d9860_0;
    %flag_set/vec4 8;
    %jmp/0xz  T_47.2, 8;
    %load/vec4 v0x9d71d99a0_0;
    %assign/vec4 v0x9d71d97c0_0, 0;
T_47.2 ;
    %load/vec4 v0x9d71d9e00_0;
    %flag_set/vec4 8;
    %jmp/0xz  T_47.4, 8;
    %load/vec4 v0x9d71d9b80_0;
    %assign/vec4 v0x9d71d9d60_0, 0;
T_47.4 ;
    %load/vec4 v0x9d71d9f40_0;
    %flag_set/vec4 8;
    %jmp/0xz  T_47.6, 8;
    %pushi/vec4 0, 0, 11;
    %load/vec4 v0x9d71d9180_0;
    %concat/vec4; draw_concat_vec4
    %assign/vec4 v0x9d71d9ea0_0, 0;
T_47.6 ;
T_47.1 ;
    %jmp T_47;
    .thread T_47;
    .scope S_0x9d71c3600;
T_48 ;
    %pushi/vec4 0, 0, 32;
    %store/vec4 v0x9d71dc8c0_0, 0, 32;
T_48.0 ; Top of for-loop
    %load/vec4 v0x9d71dc8c0_0;
    %cmpi/s 1024, 0, 32;
	  %jmp/0xz T_48.1, 5;
    %pushi/vec4 0, 0, 16;
    %ix/getv/s 4, v0x9d71dc8c0_0;
    %store/vec4a v0x9d71dca00, 4, 0;
T_48.2 ; for-loop step statement
    %load/vec4 v0x9d71dc8c0_0;
    %addi 1, 0, 32;
    %store/vec4 v0x9d71dc8c0_0, 0, 32;
    %jmp T_48.0;
T_48.1 ; for-loop exit label
    %vpi_call/w 20 23 "$readmemh", P_0x101641bb0, v0x9d71dca00 {0 0 0};
    %end;
    .thread T_48;
    .scope S_0x9d71c3600;
T_49 ;
    %wait E_0x9d6cc75c0;
    %load/vec4 v0x9d71dc780_0;
    %pad/u 12;
    %ix/vec4 4;
    %load/vec4a v0x9d71dca00, 4;
    %assign/vec4 v0x9d71dc960_0, 0;
    %jmp T_49;
    .thread T_49;
    .scope S_0x9d71c2d00;
T_50 ;
    %pushi/vec4 0, 0, 32;
    %store/vec4 v0x9d71db200_0, 0, 32;
T_50.0 ; Top of for-loop
    %load/vec4 v0x9d71db200_0;
    %cmpi/s 1024, 0, 32;
	  %jmp/0xz T_50.1, 5;
    %pushi/vec4 0, 0, 16;
    %ix/getv/s 4, v0x9d71db200_0;
    %store/vec4a v0x9d71db2a0, 4, 0;
T_50.2 ; for-loop step statement
    %load/vec4 v0x9d71db200_0;
    %addi 1, 0, 32;
    %store/vec4 v0x9d71db200_0, 0, 32;
    %jmp T_50.0;
T_50.1 ; for-loop exit label
    %end;
    .thread T_50;
    .scope S_0x9d71c2d00;
T_51 ;
    %wait E_0x9d6cc75c0;
    %load/vec4 v0x9d71db480_0;
    %flag_set/vec4 8;
    %jmp/0xz  T_51.0, 8;
    %load/vec4 v0x9d71db3e0_0;
    %load/vec4 v0x9d71db0c0_0;
    %pad/u 12;
    %ix/vec4 3;
    %ix/load 4, 0, 0; Constant delay
    %assign/vec4/a/d v0x9d71db2a0, 0, 4;
    %load/vec4 v0x9d71db3e0_0;
    %assign/vec4 v0x9d71db340_0, 0;
    %jmp T_51.1;
T_51.0 ;
    %load/vec4 v0x9d71db0c0_0;
    %pad/u 12;
    %ix/vec4 4;
    %load/vec4a v0x9d71db2a0, 4;
    %assign/vec4 v0x9d71db340_0, 0;
T_51.1 ;
    %jmp T_51;
    .thread T_51;
    .scope S_0x9d71c2e80;
T_52 ;
    %wait E_0x9d6cc7400;
    %load/vec4 v0x9d71dc500_0;
    %flag_set/vec4 8;
    %jmp/0xz  T_52.0, 8;
    %pushi/vec4 256, 0, 16;
    %assign/vec4 v0x9d71dc320_0, 0;
    %pushi/vec4 360, 0, 16;
    %assign/vec4 v0x9d71dc3c0_0, 0;
    %pushi/vec4 0, 0, 16;
    %assign/vec4 v0x9d71dc5a0_0, 0;
    %pushi/vec4 0, 0, 32;
    %store/vec4 v0x9d71dbe80_0, 0, 32;
T_52.2 ; Top of for-loop
    %load/vec4 v0x9d71dbe80_0;
    %cmpi/s 4, 0, 32;
	  %jmp/0xz T_52.3, 5;
    %pushi/vec4 48, 0, 32;
    %load/vec4 v0x9d71dbe80_0;
    %muli 144, 0, 32;
    %add;
    %pad/u 16;
    %ix/getv/s 3, v0x9d71dbe80_0;
    %ix/load 4, 0, 0; Constant delay
    %assign/vec4/a/d v0x9d71dc140, 0, 4;
    %pushi/vec4 400, 0, 32;
    %load/vec4 v0x9d71dbe80_0;
    %muli 88, 0, 32;
    %sub;
    %pad/u 16;
    %ix/getv/s 3, v0x9d71dbe80_0;
    %ix/load 4, 0, 0; Constant delay
    %assign/vec4/a/d v0x9d71dc280, 0, 4;
    %pushi/vec4 24592, 0, 16;
    %ix/getv/s 3, v0x9d71dbe80_0;
    %ix/load 4, 0, 0; Constant delay
    %assign/vec4/a/d v0x9d71dc000, 0, 4;
T_52.4 ; for-loop step statement
    %load/vec4 v0x9d71dbe80_0;
    %addi 1, 0, 32;
    %store/vec4 v0x9d71dbe80_0, 0, 32;
    %jmp T_52.2;
T_52.3 ; for-loop exit label
    %jmp T_52.1;
T_52.0 ;
    %load/vec4 v0x9d71dbd40_0;
    %flag_set/vec4 9;
    %flag_get/vec4 9;
    %jmp/0 T_52.7, 9;
    %load/vec4 v0x9d71dc6e0_0;
    %and;
T_52.7;
    %flag_set/vec4 8;
    %jmp/0xz  T_52.5, 8;
    %load/vec4 v0x9d71dbca0_0;
    %dup/vec4;
    %pushi/vec4 32768, 0, 16;
    %cmp/u;
    %jmp/1 T_52.8, 6;
    %dup/vec4;
    %pushi/vec4 32769, 0, 16;
    %cmp/u;
    %jmp/1 T_52.9, 6;
    %dup/vec4;
    %pushi/vec4 33536, 0, 16;
    %cmp/u;
    %jmp/1 T_52.10, 6;
    %pushi/vec4 0, 0, 32;
    %store/vec4 v0x9d71dbe80_0, 0, 32;
T_52.13 ; Top of for-loop
    %load/vec4 v0x9d71dbe80_0;
    %cmpi/s 4, 0, 32;
	  %jmp/0xz T_52.14, 5;
    %load/vec4 v0x9d71dbca0_0;
    %pad/u 32;
    %pushi/vec4 32784, 0, 32;
    %load/vec4 v0x9d71dbe80_0;
    %muli 3, 0, 32;
    %add;
    %addi 0, 0, 32;
    %cmp/e;
    %jmp/0xz  T_52.16, 4;
    %load/vec4 v0x9d71dc640_0;
    %ix/getv/s 3, v0x9d71dbe80_0;
    %ix/load 4, 0, 0; Constant delay
    %assign/vec4/a/d v0x9d71dc140, 0, 4;
T_52.16 ;
    %load/vec4 v0x9d71dbca0_0;
    %pad/u 32;
    %pushi/vec4 32784, 0, 32;
    %load/vec4 v0x9d71dbe80_0;
    %muli 3, 0, 32;
    %add;
    %addi 1, 0, 32;
    %cmp/e;
    %jmp/0xz  T_52.18, 4;
    %load/vec4 v0x9d71dc640_0;
    %ix/getv/s 3, v0x9d71dbe80_0;
    %ix/load 4, 0, 0; Constant delay
    %assign/vec4/a/d v0x9d71dc280, 0, 4;
T_52.18 ;
    %load/vec4 v0x9d71dbca0_0;
    %pad/u 32;
    %pushi/vec4 32784, 0, 32;
    %load/vec4 v0x9d71dbe80_0;
    %muli 3, 0, 32;
    %add;
    %addi 2, 0, 32;
    %cmp/e;
    %jmp/0xz  T_52.20, 4;
    %load/vec4 v0x9d71dc640_0;
    %ix/getv/s 3, v0x9d71dbe80_0;
    %ix/load 4, 0, 0; Constant delay
    %assign/vec4/a/d v0x9d71dc000, 0, 4;
T_52.20 ;
T_52.15 ; for-loop step statement
    %load/vec4 v0x9d71dbe80_0;
    %addi 1, 0, 32;
    %store/vec4 v0x9d71dbe80_0, 0, 32;
    %jmp T_52.13;
T_52.14 ; for-loop exit label
    %jmp T_52.12;
T_52.8 ;
    %load/vec4 v0x9d71dc640_0;
    %assign/vec4 v0x9d71dc320_0, 0;
    %jmp T_52.12;
T_52.9 ;
    %load/vec4 v0x9d71dc640_0;
    %assign/vec4 v0x9d71dc3c0_0, 0;
    %jmp T_52.12;
T_52.10 ;
    %load/vec4 v0x9d71dc640_0;
    %assign/vec4 v0x9d71dc5a0_0, 0;
    %jmp T_52.12;
T_52.12 ;
    %pop/vec4 1;
T_52.5 ;
T_52.1 ;
    %jmp T_52;
    .thread T_52;
    .scope S_0x9d71c2e80;
T_53 ;
    %wait E_0x9d6cc7600;
    %pushi/vec4 0, 0, 16;
    %store/vec4 v0x9d71dc460_0, 0, 16;
    %load/vec4 v0x9d71dbca0_0;
    %dup/vec4;
    %pushi/vec4 32768, 0, 16;
    %cmp/u;
    %jmp/1 T_53.0, 6;
    %dup/vec4;
    %pushi/vec4 32769, 0, 16;
    %cmp/u;
    %jmp/1 T_53.1, 6;
    %dup/vec4;
    %pushi/vec4 33536, 0, 16;
    %cmp/u;
    %jmp/1 T_53.2, 6;
    %pushi/vec4 0, 0, 32;
    %store/vec4 v0x9d71dbe80_0, 0, 32;
T_53.5 ; Top of for-loop
    %load/vec4 v0x9d71dbe80_0;
    %cmpi/s 4, 0, 32;
	  %jmp/0xz T_53.6, 5;
    %load/vec4 v0x9d71dbca0_0;
    %pad/u 32;
    %pushi/vec4 32784, 0, 32;
    %load/vec4 v0x9d71dbe80_0;
    %muli 3, 0, 32;
    %add;
    %addi 0, 0, 32;
    %cmp/e;
    %jmp/0xz  T_53.8, 4;
    %ix/getv/s 4, v0x9d71dbe80_0;
    %load/vec4a v0x9d71dc140, 4;
    %store/vec4 v0x9d71dc460_0, 0, 16;
T_53.8 ;
    %load/vec4 v0x9d71dbca0_0;
    %pad/u 32;
    %pushi/vec4 32784, 0, 32;
    %load/vec4 v0x9d71dbe80_0;
    %muli 3, 0, 32;
    %add;
    %addi 1, 0, 32;
    %cmp/e;
    %jmp/0xz  T_53.10, 4;
    %ix/getv/s 4, v0x9d71dbe80_0;
    %load/vec4a v0x9d71dc280, 4;
    %store/vec4 v0x9d71dc460_0, 0, 16;
T_53.10 ;
    %load/vec4 v0x9d71dbca0_0;
    %pad/u 32;
    %pushi/vec4 32784, 0, 32;
    %load/vec4 v0x9d71dbe80_0;
    %muli 3, 0, 32;
    %add;
    %addi 2, 0, 32;
    %cmp/e;
    %jmp/0xz  T_53.12, 4;
    %ix/getv/s 4, v0x9d71dbe80_0;
    %load/vec4a v0x9d71dc000, 4;
    %store/vec4 v0x9d71dc460_0, 0, 16;
T_53.12 ;
T_53.7 ; for-loop step statement
    %load/vec4 v0x9d71dbe80_0;
    %addi 1, 0, 32;
    %store/vec4 v0x9d71dbe80_0, 0, 32;
    %jmp T_53.5;
T_53.6 ; for-loop exit label
    %jmp T_53.4;
T_53.0 ;
    %load/vec4 v0x9d71dc320_0;
    %store/vec4 v0x9d71dc460_0, 0, 16;
    %jmp T_53.4;
T_53.1 ;
    %load/vec4 v0x9d71dc3c0_0;
    %store/vec4 v0x9d71dc460_0, 0, 16;
    %jmp T_53.4;
T_53.2 ;
    %load/vec4 v0x9d71dc5a0_0;
    %store/vec4 v0x9d71dc460_0, 0, 16;
    %jmp T_53.4;
T_53.4 ;
    %pop/vec4 1;
    %jmp T_53;
    .thread T_53, $push;
    .scope S_0x9d71c2b80;
T_54 ;
    %wait E_0x9d6cc7400;
    %load/vec4 v0x9d71dae40_0;
    %flag_set/vec4 8;
    %jmp/0xz  T_54.0, 8;
    %pushi/vec4 0, 0, 1;
    %assign/vec4 v0x9d71da940_0, 0;
    %pushi/vec4 0, 0, 1;
    %assign/vec4 v0x9d71dabc0_0, 0;
    %pushi/vec4 0, 0, 1;
    %assign/vec4 v0x9d71dab20_0, 0;
    %pushi/vec4 0, 0, 4;
    %assign/vec4 v0x9d71daee0_0, 0;
    %pushi/vec4 32, 0, 8;
    %assign/vec4 v0x9d71dad00_0, 0;
    %pushi/vec4 0, 0, 16;
    %assign/vec4 v0x9d71da9e0_0, 0;
    %jmp T_54.1;
T_54.0 ;
    %load/vec4 v0x9d71da8a0_0;
    %flag_set/vec4 8;
    %jmp/0xz  T_54.2, 8;
    %pushi/vec4 0, 0, 1;
    %assign/vec4 v0x9d71da940_0, 0;
T_54.2 ;
    %load/vec4 v0x9d71da760_0;
    %flag_set/vec4 9;
    %flag_get/vec4 9;
    %jmp/0 T_54.6, 9;
    %load/vec4 v0x9d71db020_0;
    %and;
T_54.6;
    %flag_set/vec4 8;
    %jmp/0xz  T_54.4, 8;
    %load/vec4 v0x9d71da620_0;
    %dup/vec4;
    %pushi/vec4 33024, 0, 16;
    %cmp/u;
    %jmp/1 T_54.7, 6;
    %dup/vec4;
    %pushi/vec4 33025, 0, 16;
    %cmp/u;
    %jmp/1 T_54.8, 6;
    %dup/vec4;
    %pushi/vec4 33027, 0, 16;
    %cmp/u;
    %jmp/1 T_54.9, 6;
    %jmp T_54.10;
T_54.7 ;
    %load/vec4 v0x9d71daf80_0;
    %parti/s 1, 0, 2;
    %assign/vec4 v0x9d71dabc0_0, 0;
    %load/vec4 v0x9d71daf80_0;
    %parti/s 1, 1, 2;
    %assign/vec4 v0x9d71dab20_0, 0;
    %load/vec4 v0x9d71daf80_0;
    %parti/s 4, 4, 4;
    %assign/vec4 v0x9d71daee0_0, 0;
    %load/vec4 v0x9d71daf80_0;
    %assign/vec4 v0x9d71da9e0_0, 0;
    %load/vec4 v0x9d71daf80_0;
    %parti/s 1, 2, 3;
    %flag_set/vec4 8;
    %jmp/0xz  T_54.11, 8;
    %pushi/vec4 1, 0, 1;
    %assign/vec4 v0x9d71da940_0, 0;
T_54.11 ;
    %jmp T_54.10;
T_54.8 ;
    %load/vec4 v0x9d71daf80_0;
    %parti/s 8, 0, 2;
    %assign/vec4 v0x9d71dad00_0, 0;
    %load/vec4 v0x9d71daf80_0;
    %assign/vec4 v0x9d71da9e0_0, 0;
    %jmp T_54.10;
T_54.9 ;
    %load/vec4 v0x9d71daf80_0;
    %assign/vec4 v0x9d71da9e0_0, 0;
    %jmp T_54.10;
T_54.10 ;
    %pop/vec4 1;
T_54.4 ;
T_54.1 ;
    %jmp T_54;
    .thread T_54;
    .scope S_0x9d71c2b80;
T_55 ;
    %wait E_0x9d6cc7500;
    %load/vec4 v0x9d71da620_0;
    %dup/vec4;
    %pushi/vec4 33024, 0, 16;
    %cmp/u;
    %jmp/1 T_55.0, 6;
    %dup/vec4;
    %pushi/vec4 33025, 0, 16;
    %cmp/u;
    %jmp/1 T_55.1, 6;
    %dup/vec4;
    %pushi/vec4 33026, 0, 16;
    %cmp/u;
    %jmp/1 T_55.2, 6;
    %dup/vec4;
    %pushi/vec4 33027, 0, 16;
    %cmp/u;
    %jmp/1 T_55.3, 6;
    %pushi/vec4 0, 0, 16;
    %store/vec4 v0x9d71dada0_0, 0, 16;
    %jmp T_55.5;
T_55.0 ;
    %pushi/vec4 0, 0, 8;
    %load/vec4 v0x9d71daee0_0;
    %concat/vec4; draw_concat_vec4
    %load/vec4 v0x9d71da940_0;
    %concat/vec4; draw_concat_vec4
    %load/vec4 v0x9d71dab20_0;
    %concat/vec4; draw_concat_vec4
    %load/vec4 v0x9d71dabc0_0;
    %concat/vec4; draw_concat_vec4
    %pad/u 16;
    %store/vec4 v0x9d71dada0_0, 0, 16;
    %jmp T_55.5;
T_55.1 ;
    %pushi/vec4 0, 0, 8;
    %load/vec4 v0x9d71dad00_0;
    %concat/vec4; draw_concat_vec4
    %store/vec4 v0x9d71dada0_0, 0, 16;
    %jmp T_55.5;
T_55.2 ;
    %pushi/vec4 0, 0, 12;
    %load/vec4 v0x9d71da940_0;
    %concat/vec4; draw_concat_vec4
    %load/vec4 v0x9d71dac60_0;
    %concat/vec4; draw_concat_vec4
    %load/vec4 v0x9d71daa80_0;
    %concat/vec4; draw_concat_vec4
    %load/vec4 v0x9d71da6c0_0;
    %concat/vec4; draw_concat_vec4
    %store/vec4 v0x9d71dada0_0, 0, 16;
    %jmp T_55.5;
T_55.3 ;
    %load/vec4 v0x9d71da9e0_0;
    %store/vec4 v0x9d71dada0_0, 0, 16;
    %jmp T_55.5;
T_55.5 ;
    %pop/vec4 1;
    %jmp T_55;
    .thread T_55, $push;
    .scope S_0x9d71c2a00;
T_56 ;
    %wait E_0x9d6cc74c0;
    %load/vec4 v0x9d71dcaa0_0;
    %cmpi/u 0, 0, 16;
    %flag_inv 5; GE is !LT
    %flag_get/vec4 5;
    %jmp/0 T_56.0, 5;
    %load/vec4 v0x9d71dcaa0_0;
    %cmpi/u 1023, 0, 16;
    %flag_get/vec4 4;
    %flag_get/vec4 5;
    %or;
    %and;
T_56.0;
    %store/vec4 v0x9d71ddb80_0, 0, 1;
    %load/vec4 v0x9d71dcaa0_0;
    %cmpi/u 1024, 0, 16;
    %flag_inv 5; GE is !LT
    %flag_get/vec4 5;
    %jmp/0 T_56.1, 5;
    %load/vec4 v0x9d71dcaa0_0;
    %cmpi/u 2047, 0, 16;
    %flag_get/vec4 4;
    %flag_get/vec4 5;
    %or;
    %and;
T_56.1;
    %store/vec4 v0x9d71dd9a0_0, 0, 1;
    %load/vec4 v0x9d71dcaa0_0;
    %cmpi/e 32768, 0, 16;
    %jmp/1 T_56.4, 4;
    %flag_mov 8, 4;
    %load/vec4 v0x9d71dcaa0_0;
    %cmpi/e 32769, 0, 16;
    %flag_or 4, 8;
T_56.4;
    %jmp/1 T_56.3, 4;
    %flag_mov 8, 4;
    %load/vec4 v0x9d71dcaa0_0;
    %cmpi/e 33536, 0, 16;
    %flag_or 4, 8;
T_56.3;
    %flag_get/vec4 4;
    %jmp/1 T_56.2, 4;
    %load/vec4 v0x9d71dcaa0_0;
    %cmpi/u 32784, 0, 16;
    %flag_inv 5; GE is !LT
    %flag_get/vec4 5;
    %jmp/0 T_56.5, 5;
    %load/vec4 v0x9d71dcaa0_0;
    %pad/u 32;
    %cmpi/u 32796, 0, 32;
    %flag_get/vec4 5;
    %and;
T_56.5;
    %or;
T_56.2;
    %store/vec4 v0x9d71dd360_0, 0, 1;
    %load/vec4 v0x9d71dcaa0_0;
    %cmpi/u 33024, 0, 16;
    %flag_inv 5; GE is !LT
    %flag_get/vec4 5;
    %jmp/0 T_56.6, 5;
    %load/vec4 v0x9d71dcaa0_0;
    %cmpi/u 33027, 0, 16;
    %flag_get/vec4 4;
    %flag_get/vec4 5;
    %or;
    %and;
T_56.6;
    %store/vec4 v0x9d71dd0e0_0, 0, 1;
    %load/vec4 v0x9d71dcaa0_0;
    %cmpi/e 33280, 0, 16;
    %flag_get/vec4 4;
    %jmp/1 T_56.7, 4;
    %load/vec4 v0x9d71dcaa0_0;
    %pushi/vec4 33281, 0, 16;
    %cmp/e;
    %flag_get/vec4 4;
    %or;
T_56.7;
    %store/vec4 v0x9d71dd4a0_0, 0, 1;
    %load/vec4 v0x9d71dcaa0_0;
    %cmpi/e 33280, 0, 16;
    %jmp/0xz  T_56.8, 4;
    %pushi/vec4 0, 0, 12;
    %load/vec4 v0x9d71dd860_0;
    %concat/vec4; draw_concat_vec4
    %store/vec4 v0x9d71dd400_0, 0, 16;
    %jmp T_56.9;
T_56.8 ;
    %load/vec4 v0x9d71dcaa0_0;
    %cmpi/e 33281, 0, 16;
    %jmp/0xz  T_56.10, 4;
    %pushi/vec4 0, 0, 6;
    %load/vec4 v0x9d71ddd60_0;
    %concat/vec4; draw_concat_vec4
    %store/vec4 v0x9d71dd400_0, 0, 16;
    %jmp T_56.11;
T_56.10 ;
    %pushi/vec4 0, 0, 16;
    %store/vec4 v0x9d71dd400_0, 0, 16;
T_56.11 ;
T_56.9 ;
    %pushi/vec4 1, 0, 1;
    %dup/vec4;
    %load/vec4 v0x9d71ddb80_0;
    %cmp/u;
    %jmp/1 T_56.12, 6;
    %dup/vec4;
    %load/vec4 v0x9d71dd9a0_0;
    %cmp/u;
    %jmp/1 T_56.13, 6;
    %dup/vec4;
    %load/vec4 v0x9d71dd360_0;
    %cmp/u;
    %jmp/1 T_56.14, 6;
    %dup/vec4;
    %load/vec4 v0x9d71dd0e0_0;
    %cmp/u;
    %jmp/1 T_56.15, 6;
    %dup/vec4;
    %load/vec4 v0x9d71dd4a0_0;
    %cmp/u;
    %jmp/1 T_56.16, 6;
    %pushi/vec4 0, 0, 16;
    %store/vec4 v0x9d71dda40_0, 0, 16;
    %jmp T_56.18;
T_56.12 ;
    %load/vec4 v0x9d71ddae0_0;
    %store/vec4 v0x9d71dda40_0, 0, 16;
    %jmp T_56.18;
T_56.13 ;
    %load/vec4 v0x9d71dd900_0;
    %store/vec4 v0x9d71dda40_0, 0, 16;
    %jmp T_56.18;
T_56.14 ;
    %load/vec4 v0x9d71dd2c0_0;
    %store/vec4 v0x9d71dda40_0, 0, 16;
    %jmp T_56.18;
T_56.15 ;
    %load/vec4 v0x9d71dd040_0;
    %store/vec4 v0x9d71dda40_0, 0, 16;
    %jmp T_56.18;
T_56.16 ;
    %load/vec4 v0x9d71dd400_0;
    %store/vec4 v0x9d71dda40_0, 0, 16;
    %jmp T_56.18;
T_56.18 ;
    %pop/vec4 1;
    %jmp T_56;
    .thread T_56, $push;
    .scope S_0x10163d460;
T_57 ;
    %delay 5000, 0;
    %load/vec4 v0x9d71de3a0_0;
    %inv;
    %store/vec4 v0x9d71de3a0_0, 0, 1;
    %jmp T_57;
    .thread T_57;
    .scope S_0x10163d460;
T_58 ;
    %pushi/vec4 0, 0, 1;
    %store/vec4 v0x9d71de3a0_0, 0, 1;
    %pushi/vec4 1, 0, 1;
    %store/vec4 v0x9d71ded00_0, 0, 1;
    %pushi/vec4 2, 0, 32;
T_58.0 %dup/vec4;
    %cmpi/s 0, 0, 32;
    %jmp/1xz T_58.1, 5;
    %jmp/1 T_58.1, 4;
    %subi 1, 0, 32;
    %wait E_0x9d6cc7140;
    %jmp T_58.0;
T_58.1 ;
    %pop/vec4 1;
    %pushi/vec4 0, 0, 1;
    %store/vec4 v0x9d71ded00_0, 0, 1;
    %pushi/vec4 60, 0, 32;
T_58.2 %dup/vec4;
    %cmpi/s 0, 0, 32;
    %jmp/1xz T_58.3, 5;
    %jmp/1 T_58.3, 4;
    %subi 1, 0, 32;
    %wait E_0x9d6cc7140;
    %jmp T_58.2;
T_58.3 ;
    %pop/vec4 1;
    %load/vec4 v0x9d71dea80_0;
    %cmpi/ne 36, 0, 16;
    %jmp/0xz  T_58.4, 6;
    %vpi_call/w 27 88 "$display", "tb_cpu_smoke failed: expected player_x 36, got %0d", v0x9d71dea80_0 {0 0 0};
    %vpi_call/w 27 89 "$finish" {0 0 0};
T_58.4 ;
    %load/vec4 v0x9d71deda0_0;
    %cmpi/ne 8, 0, 16;
    %jmp/0xz  T_58.6, 6;
    %vpi_call/w 27 93 "$display", "tb_cpu_smoke failed: expected score_status 8, got %0d", v0x9d71deda0_0 {0 0 0};
    %vpi_call/w 27 94 "$finish" {0 0 0};
T_58.6 ;
    %load/vec4 v0x9d71debc0_0;
    %cmpi/e 0, 0, 16;
    %jmp/0xz  T_58.8, 6;
    %vpi_call/w 27 98 "$display", "tb_cpu_smoke failed: program counter did not advance" {0 0 0};
    %vpi_call/w 27 99 "$finish" {0 0 0};
T_58.8 ;
    %vpi_call/w 27 102 "$display", "tb_cpu_smoke passed" {0 0 0};
    %vpi_call/w 27 103 "$finish" {0 0 0};
    %end;
    .thread T_58;
# The file index is used to find the file name in the following table.
:file_names 28;
    "N/A";
    "<interactive>";
    "-";
    "doodle_jump.v";
    "rtl/top/doodle_jump_top.sv";
    "rtl/audio/audio_subsystem.sv";
    "audio/audio_configurator_select.v";
    "audio/i2c_controller.v";
    "rtl/audio/simple_audio_output.sv";
    "rtl/common/input_synchronizer.sv";
    "rtl/cpu/cpu_core.sv";
    "rtl/cpu/alu.sv";
    "rtl/cpu/control_unit.sv";
    "rtl/cpu/instruction_decoder.sv";
    "rtl/cpu/register_file.sv";
    "rtl/common/hex_decoder.sv";
    "rtl/game/mem_router.sv";
    "rtl/audio/audio_regs.sv";
    "rtl/common/sync_ram.sv";
    "rtl/game/game_regs.sv";
    "rtl/common/program_rom.sv";
    "rtl/video/vga_subsystem.sv";
    "rtl/video/background_renderer.sv";
    "rtl/video/platform_renderer.sv";
    "rtl/video/player_renderer.sv";
    "rtl/video/video_compositor.sv";
    "rtl/video/video_timing.sv";
    "sim/tb_cpu_smoke.sv";
