#! /opt/homebrew/Cellar/icarus-verilog/13.0/bin/vvp
:ivl_version "13.0 (stable)" "(v13_0)";
:ivl_delay_selection "TYPICAL";
:vpi_time_precision - 12;
:vpi_module "/opt/homebrew/Cellar/icarus-verilog/13.0/lib/ivl/system.vpi";
:vpi_module "/opt/homebrew/Cellar/icarus-verilog/13.0/lib/ivl/vhdl_sys.vpi";
:vpi_module "/opt/homebrew/Cellar/icarus-verilog/13.0/lib/ivl/vhdl_textio.vpi";
:vpi_module "/opt/homebrew/Cellar/icarus-verilog/13.0/lib/ivl/v2005_math.vpi";
:vpi_module "/opt/homebrew/Cellar/icarus-verilog/13.0/lib/ivl/va_math.vpi";
:vpi_module "/opt/homebrew/Cellar/icarus-verilog/13.0/lib/ivl/v2009.vpi";
S_0x100ba36b0 .scope package, "$unit" "$unit" 2 1;
 .timescale 0 0;
S_0x100ba3830 .scope module, "tb_doodle_soc" "tb_doodle_soc" 3 3;
 .timescale -9 -12;
v0x86d14e580_0 .net "aluFlagsOutput", 4 0, L_0x86d1004d0;  1 drivers
v0x86d14e620_0 .net "aluResultOutput", 15 0, L_0x86d100460;  1 drivers
v0x86d14e6c0_0 .net "audio_bitClock", 0 0, L_0x86d0c4fa0;  1 drivers
v0x86d14e760_0 .net "audio_data", 0 0, v0x86d112440_0;  1 drivers
v0x86d14e800_0 .net "audio_leftRightClock", 0 0, L_0x86d0c5040;  1 drivers
v0x86d14e8a0_0 .net "audio_masterClock", 0 0, L_0x86d0c4f00;  1 drivers
v0x86d14e940_0 .net "controlUnitNextState", 2 0, L_0x86d14fc00;  1 drivers
v0x86d14e9e0_0 .net "controlUnitState", 2 0, L_0x86d14fb60;  1 drivers
v0x86d14ea80_0 .net "hex0", 6 0, v0x86d13f5c0_0;  1 drivers
v0x86d14eb20_0 .net "hex1", 6 0, v0x86d13f700_0;  1 drivers
v0x86d14ebc0_0 .net "hex2", 6 0, v0x86d13f840_0;  1 drivers
v0x86d14ec60_0 .net "hex3", 6 0, v0x86d13f980_0;  1 drivers
v0x86d14ed00_0 .net "hex4", 6 0, v0x86d13fac0_0;  1 drivers
v0x86d14eda0_0 .net "hex5", 6 0, v0x86d13fc00_0;  1 drivers
v0x86d14ee40_0 .net "i2c_clock", 0 0, L_0x86d0686e0;  1 drivers
v0x86d14eee0_0 .net "i2c_data", 0 0, L_0x86d068780;  1 drivers
v0x86d14ef80_0 .net "instructionRegisterContentsOutput", 15 0, v0x86d13e760_0;  1 drivers
v0x86d14f020_0 .net "leds", 9 0, v0x86d14c3c0_0;  1 drivers
v0x86d14f0c0_0 .net "programCounterContentsOutput", 15 0, v0x86d13ed00_0;  1 drivers
v0x86d14f160_0 .net "programStateRegisterContentsOutput", 15 0, v0x86d13ee40_0;  1 drivers
v0x86d14f200_0 .var "push_buttons", 3 0;
v0x86d14f2a0_0 .var "switches", 9 0;
v0x86d14f340_0 .var "systemClock50MHz", 0 0;
v0x86d14f3e0_0 .net "vga_blank_n", 0 0, v0x86d149680_0;  1 drivers
v0x86d14f480_0 .net "vga_blue", 7 0, v0x86d148f00_0;  1 drivers
v0x86d14f520_0 .net "vga_clock", 0 0, L_0x86d100a80;  1 drivers
v0x86d14f5c0_0 .net "vga_green", 7 0, v0x86d149040_0;  1 drivers
v0x86d14f660_0 .net "vga_hs", 0 0, v0x86d1499a0_0;  1 drivers
v0x86d14f700_0 .net "vga_red", 7 0, v0x86d1495e0_0;  1 drivers
v0x86d14f7a0_0 .net "vga_sync_n", 0 0, v0x86d14d0e0_0;  1 drivers
v0x86d14f840_0 .net "vga_vs", 0 0, v0x86d149d60_0;  1 drivers
E_0x86d119840 .event negedge, v0x86d112300_0;
S_0x100ba7010 .scope module, "dut" "doodle_jump" 3 37, 4 3 0, S_0x100ba3830;
 .timescale -9 -12;
    .port_info 0 /INPUT 1 "systemClock50MHz";
    .port_info 1 /INPUT 10 "switches";
    .port_info 2 /OUTPUT 10 "leds";
    .port_info 3 /INPUT 4 "push_buttons";
    .port_info 4 /OUTPUT 7 "hex0";
    .port_info 5 /OUTPUT 7 "hex1";
    .port_info 6 /OUTPUT 7 "hex2";
    .port_info 7 /OUTPUT 7 "hex3";
    .port_info 8 /OUTPUT 7 "hex4";
    .port_info 9 /OUTPUT 7 "hex5";
    .port_info 10 /INOUT 1 "i2c_clock";
    .port_info 11 /INOUT 1 "i2c_data";
    .port_info 12 /INOUT 1 "audio_masterClock";
    .port_info 13 /INOUT 1 "audio_leftRightClock";
    .port_info 14 /INOUT 1 "audio_bitClock";
    .port_info 15 /INOUT 1 "audio_data";
    .port_info 16 /OUTPUT 1 "vga_clock";
    .port_info 17 /OUTPUT 1 "vga_blank_n";
    .port_info 18 /OUTPUT 1 "vga_hs";
    .port_info 19 /OUTPUT 1 "vga_vs";
    .port_info 20 /OUTPUT 1 "vga_sync_n";
    .port_info 21 /OUTPUT 8 "vga_red";
    .port_info 22 /OUTPUT 8 "vga_green";
    .port_info 23 /OUTPUT 8 "vga_blue";
    .port_info 24 /OUTPUT 16 "instructionRegisterContentsOutput";
    .port_info 25 /OUTPUT 16 "programCounterContentsOutput";
    .port_info 26 /OUTPUT 16 "programStateRegisterContentsOutput";
    .port_info 27 /OUTPUT 16 "aluResultOutput";
    .port_info 28 /OUTPUT 5 "aluFlagsOutput";
    .port_info 29 /OUTPUT 3 "controlUnitState";
    .port_info 30 /OUTPUT 3 "controlUnitNextState";
P_0x100ba39b0 .param/l "DATA_WIDTH" 0 4 4, +C4<00000000000000000000000000010000>;
P_0x100ba39f0 .param/l "MEMORY_ADDR_WIDTH" 0 4 5, +C4<00000000000000000000000000010000>;
v0x86d14d220_0 .net "aluFlagsOutput", 4 0, L_0x86d1004d0;  alias, 1 drivers
v0x86d14d2c0_0 .net "aluResultOutput", 15 0, L_0x86d100460;  alias, 1 drivers
v0x86d14d360_0 .net "audio_bitClock", 0 0, L_0x86d0c4fa0;  alias, 1 drivers
v0x86d14d400_0 .net "audio_data", 0 0, v0x86d112440_0;  alias, 1 drivers
v0x86d14d4a0_0 .net "audio_leftRightClock", 0 0, L_0x86d0c5040;  alias, 1 drivers
v0x86d14d540_0 .net "audio_masterClock", 0 0, L_0x86d0c4f00;  alias, 1 drivers
v0x86d14d5e0_0 .net "controlUnitNextState", 2 0, L_0x86d14fc00;  alias, 1 drivers
v0x86d14d680_0 .net "controlUnitState", 2 0, L_0x86d14fb60;  alias, 1 drivers
v0x86d14d720_0 .net "hex0", 6 0, v0x86d13f5c0_0;  alias, 1 drivers
v0x86d14d7c0_0 .net "hex1", 6 0, v0x86d13f700_0;  alias, 1 drivers
v0x86d14d860_0 .net "hex2", 6 0, v0x86d13f840_0;  alias, 1 drivers
v0x86d14d900_0 .net "hex3", 6 0, v0x86d13f980_0;  alias, 1 drivers
v0x86d14d9a0_0 .net "hex4", 6 0, v0x86d13fac0_0;  alias, 1 drivers
v0x86d14da40_0 .net "hex5", 6 0, v0x86d13fc00_0;  alias, 1 drivers
v0x86d14dae0_0 .net "i2c_clock", 0 0, L_0x86d0686e0;  alias, 1 drivers
v0x86d14db80_0 .net "i2c_data", 0 0, L_0x86d068780;  alias, 1 drivers
v0x86d14dc20_0 .net "instructionRegisterContentsOutput", 15 0, v0x86d13e760_0;  alias, 1 drivers
v0x86d14dcc0_0 .net "leds", 9 0, v0x86d14c3c0_0;  alias, 1 drivers
v0x86d14dd60_0 .net "programCounterContentsOutput", 15 0, v0x86d13ed00_0;  alias, 1 drivers
v0x86d14de00_0 .net "programStateRegisterContentsOutput", 15 0, v0x86d13ee40_0;  alias, 1 drivers
v0x86d14dea0_0 .net "push_buttons", 3 0, v0x86d14f200_0;  1 drivers
v0x86d14df40_0 .net "switches", 9 0, v0x86d14f2a0_0;  1 drivers
v0x86d14dfe0_0 .net "systemClock50MHz", 0 0, v0x86d14f340_0;  1 drivers
v0x86d14e080_0 .net "vga_blank_n", 0 0, v0x86d149680_0;  alias, 1 drivers
v0x86d14e120_0 .net "vga_blue", 7 0, v0x86d148f00_0;  alias, 1 drivers
v0x86d14e1c0_0 .net "vga_clock", 0 0, L_0x86d100a80;  alias, 1 drivers
v0x86d14e260_0 .net "vga_green", 7 0, v0x86d149040_0;  alias, 1 drivers
v0x86d14e300_0 .net "vga_hs", 0 0, v0x86d1499a0_0;  alias, 1 drivers
v0x86d14e3a0_0 .net "vga_red", 7 0, v0x86d1495e0_0;  alias, 1 drivers
v0x86d14e440_0 .net "vga_sync_n", 0 0, v0x86d14d0e0_0;  alias, 1 drivers
v0x86d14e4e0_0 .net "vga_vs", 0 0, v0x86d149d60_0;  alias, 1 drivers
S_0x100ba7190 .scope module, "doodle_jump_top_instance" "doodle_jump_top" 4 40, 5 4 0, S_0x100ba7010;
 .timescale -9 -12;
    .port_info 0 /INPUT 1 "systemClock50MHz";
    .port_info 1 /INPUT 10 "switches";
    .port_info 2 /OUTPUT 10 "leds";
    .port_info 3 /INPUT 4 "push_buttons";
    .port_info 4 /OUTPUT 7 "hex0";
    .port_info 5 /OUTPUT 7 "hex1";
    .port_info 6 /OUTPUT 7 "hex2";
    .port_info 7 /OUTPUT 7 "hex3";
    .port_info 8 /OUTPUT 7 "hex4";
    .port_info 9 /OUTPUT 7 "hex5";
    .port_info 10 /INOUT 1 "i2c_clock";
    .port_info 11 /INOUT 1 "i2c_data";
    .port_info 12 /INOUT 1 "audio_masterClock";
    .port_info 13 /INOUT 1 "audio_leftRightClock";
    .port_info 14 /INOUT 1 "audio_bitClock";
    .port_info 15 /INOUT 1 "audio_data";
    .port_info 16 /OUTPUT 1 "vga_clock";
    .port_info 17 /OUTPUT 1 "vga_blank_n";
    .port_info 18 /OUTPUT 1 "vga_hs";
    .port_info 19 /OUTPUT 1 "vga_vs";
    .port_info 20 /OUTPUT 1 "vga_sync_n";
    .port_info 21 /OUTPUT 8 "vga_red";
    .port_info 22 /OUTPUT 8 "vga_green";
    .port_info 23 /OUTPUT 8 "vga_blue";
    .port_info 24 /OUTPUT 16 "instructionRegisterContentsOutput";
    .port_info 25 /OUTPUT 16 "programCounterContentsOutput";
    .port_info 26 /OUTPUT 16 "programStateRegisterContentsOutput";
    .port_info 27 /OUTPUT 16 "aluResultOutput";
    .port_info 28 /OUTPUT 5 "aluFlagsOutput";
    .port_info 29 /OUTPUT 3 "controlUnitState";
    .port_info 30 /OUTPUT 3 "controlUnitNextState";
L_0x86d084770 .functor NOT 1, L_0x86d0c46e0, C4<0>, C4<0>, C4<0>;
v0x86d14b020_0 .net *"_ivl_1", 0 0, L_0x86d0c46e0;  1 drivers
v0x86d14b0c0_0 .net "aluFlagsOutput", 4 0, L_0x86d1004d0;  alias, 1 drivers
v0x86d14b160_0 .net "aluResultOutput", 15 0, L_0x86d100460;  alias, 1 drivers
v0x86d14b200_0 .net "audio_bitClock", 0 0, L_0x86d0c4fa0;  alias, 1 drivers
v0x86d14b2a0_0 .net "audio_busy", 0 0, v0x86d1130c0_0;  1 drivers
v0x86d14b340_0 .net "audio_configure_ack", 0 0, v0x86d1132a0_0;  1 drivers
v0x86d14b3e0_0 .net "audio_configure_request", 0 0, v0x86d1440a0_0;  1 drivers
v0x86d14b480_0 .net "audio_data", 0 0, v0x86d112440_0;  alias, 1 drivers
v0x86d14b520_0 .net "audio_done", 0 0, v0x86d113480_0;  1 drivers
v0x86d14b5c0_0 .net "audio_drum_toggle", 0 0, v0x86d144280_0;  1 drivers
v0x86d14b660_0 .net "audio_enable_output", 0 0, v0x86d144320_0;  1 drivers
v0x86d14b700_0 .net "audio_error", 0 0, v0x86d113700_0;  1 drivers
v0x86d14b7a0_0 .net "audio_leftRightClock", 0 0, L_0x86d0c5040;  alias, 1 drivers
v0x86d14b840_0 .net "audio_masterClock", 0 0, L_0x86d0c4f00;  alias, 1 drivers
v0x86d14b8e0_0 .net "audio_pitch", 7 0, v0x86d144460_0;  1 drivers
v0x86d14b980_0 .net "audio_selected_command", 3 0, v0x86d144640_0;  1 drivers
v0x86d14ba20_0 .net "controlUnitNextState", 2 0, L_0x86d14fc00;  alias, 1 drivers
v0x86d14bac0_0 .net "controlUnitState", 2 0, L_0x86d14fb60;  alias, 1 drivers
v0x86d14bb60_0 .net "cpu_memory_address", 15 0, L_0x86d0695e0;  1 drivers
v0x86d14bc00_0 .net "cpu_memory_read_data", 15 0, v0x86d147160_0;  1 drivers
v0x86d14bca0_0 .net "cpu_memory_write_data", 15 0, L_0x86d1003f0;  1 drivers
v0x86d14bd40_0 .net "cpu_memory_write_enable", 0 0, v0x86d13c960_0;  1 drivers
v0x86d14bde0_0 .net "hex0", 6 0, v0x86d13f5c0_0;  alias, 1 drivers
v0x86d14be80_0 .net "hex1", 6 0, v0x86d13f700_0;  alias, 1 drivers
v0x86d14bf20_0 .net "hex2", 6 0, v0x86d13f840_0;  alias, 1 drivers
v0x86d14c000_0 .net "hex3", 6 0, v0x86d13f980_0;  alias, 1 drivers
v0x86d14c0a0_0 .net "hex4", 6 0, v0x86d13fac0_0;  alias, 1 drivers
v0x86d14c140_0 .net "hex5", 6 0, v0x86d13fc00_0;  alias, 1 drivers
v0x86d14c1e0_0 .net "i2c_clock", 0 0, L_0x86d0686e0;  alias, 1 drivers
v0x86d14c280_0 .net "i2c_data", 0 0, L_0x86d068780;  alias, 1 drivers
v0x86d14c320_0 .net "instructionRegisterContentsOutput", 15 0, v0x86d13e760_0;  alias, 1 drivers
v0x86d14c3c0_0 .var "leds", 9 0;
v0x86d14c460_0 .net "platform_wh_bus", 63 0, L_0x86d14fde0;  1 drivers
v0x86d14c500_0 .net "platform_x_bus", 63 0, L_0x86d14fca0;  1 drivers
v0x86d14c5a0_0 .net "platform_y_bus", 63 0, L_0x86d14fd40;  1 drivers
v0x86d14c640_0 .net "player_x", 15 0, v0x86d145a40_0;  1 drivers
v0x86d14c6e0_0 .net "player_y", 15 0, v0x86d145ae0_0;  1 drivers
v0x86d14c780_0 .net "programCounterContentsOutput", 15 0, v0x86d13ed00_0;  alias, 1 drivers
v0x86d14c820_0 .net "programStateRegisterContentsOutput", 15 0, v0x86d13ee40_0;  alias, 1 drivers
v0x86d14c8c0_0 .net "push_buttons", 3 0, v0x86d14f200_0;  alias, 1 drivers
v0x86d14c960_0 .net "rst", 0 0, L_0x86d084770;  1 drivers
v0x86d14ca00_0 .net "score_status", 15 0, v0x86d145cc0_0;  1 drivers
v0x86d14caa0_0 .net "switches", 9 0, v0x86d14f2a0_0;  alias, 1 drivers
v0x86d14cb40_0 .net "synced_buttons", 3 0, v0x86d113de0_0;  1 drivers
v0x86d14cbe0_0 .net "synced_switches", 9 0, v0x86d1478e0_0;  1 drivers
v0x86d14cc80_0 .net "systemClock50MHz", 0 0, v0x86d14f340_0;  alias, 1 drivers
v0x86d14cd20_0 .net "vga_blank_n", 0 0, v0x86d149680_0;  alias, 1 drivers
v0x86d14cdc0_0 .net "vga_blue", 7 0, v0x86d148f00_0;  alias, 1 drivers
v0x86d14ce60_0 .net "vga_clock", 0 0, L_0x86d100a80;  alias, 1 drivers
v0x86d14cf00_0 .net "vga_green", 7 0, v0x86d149040_0;  alias, 1 drivers
v0x86d14cfa0_0 .net "vga_hs", 0 0, v0x86d1499a0_0;  alias, 1 drivers
v0x86d14d040_0 .net "vga_red", 7 0, v0x86d1495e0_0;  alias, 1 drivers
v0x86d14d0e0_0 .var "vga_sync_n", 0 0;
v0x86d14d180_0 .net "vga_vs", 0 0, v0x86d149d60_0;  alias, 1 drivers
E_0x86d119900/0 .event anyedge, v0x86d1121c0_0, v0x86d113700_0, v0x86d113480_0, v0x86d1130c0_0;
E_0x86d119900/1 .event anyedge, v0x86d13e620_0;
E_0x86d119900 .event/or E_0x86d119900/0, E_0x86d119900/1;
L_0x86d0c46e0 .part v0x86d14f200_0, 0, 1;
L_0x86d0c4e60 .part v0x86d1478e0_0, 6, 4;
L_0x86d0c5180 .part v0x86d145cc0_0, 0, 4;
L_0x86d0c5220 .part v0x86d145cc0_0, 4, 4;
L_0x86d0c52c0 .part v0x86d145cc0_0, 8, 4;
L_0x86d0c5360 .part v0x86d145cc0_0, 12, 4;
L_0x86d0c5400 .part v0x86d145a40_0, 0, 4;
L_0x86d0c54a0 .part v0x86d145ae0_0, 0, 4;
S_0x100ba0a10 .scope module, "audio_subsystem_instance" "audio_subsystem" 5 144, 6 3 0, S_0x100ba7190;
 .timescale -9 -12;
    .port_info 0 /INPUT 1 "clk_50mhz";
    .port_info 1 /INPUT 1 "rst";
    .port_info 2 /INPUT 1 "configure_request";
    .port_info 3 /INPUT 4 "selected_command";
    .port_info 4 /INPUT 8 "pitch";
    .port_info 5 /INPUT 1 "drum_toggle";
    .port_info 6 /INPUT 1 "enable_output";
    .port_info 7 /OUTPUT 1 "configure_ack";
    .port_info 8 /OUTPUT 1 "busy";
    .port_info 9 /OUTPUT 1 "done";
    .port_info 10 /OUTPUT 1 "error";
    .port_info 11 /INOUT 1 "i2c_clock";
    .port_info 12 /INOUT 1 "i2c_data";
    .port_info 13 /OUTPUT 1 "audio_master_clock";
    .port_info 14 /OUTPUT 1 "audio_left_right_clock";
    .port_info 15 /OUTPUT 1 "audio_bit_clock";
    .port_info 16 /OUTPUT 1 "audio_data";
v0x86d112e40_0 .net "audio_bit_clock", 0 0, L_0x86d0c4fa0;  alias, 1 drivers
v0x86d112ee0_0 .net "audio_data", 0 0, v0x86d112440_0;  alias, 1 drivers
v0x86d112f80_0 .net "audio_left_right_clock", 0 0, L_0x86d0c5040;  alias, 1 drivers
v0x86d113020_0 .net "audio_master_clock", 0 0, L_0x86d0c4f00;  alias, 1 drivers
v0x86d1130c0_0 .var "busy", 0 0;
v0x86d113160_0 .net "busy_internal", 0 0, v0x86d111680_0;  1 drivers
v0x86d113200_0 .net "clk_50mhz", 0 0, v0x86d14f340_0;  alias, 1 drivers
v0x86d1132a0_0 .var "configure_ack", 0 0;
v0x86d113340_0 .var "configure_active", 0 0;
v0x86d1133e0_0 .net "configure_request", 0 0, v0x86d1440a0_0;  alias, 1 drivers
v0x86d113480_0 .var "done", 0 0;
v0x86d113520_0 .net "done_internal", 0 0, v0x86d111cc0_0;  1 drivers
v0x86d1135c0_0 .net "drum_toggle", 0 0, v0x86d144280_0;  alias, 1 drivers
v0x86d113660_0 .net "enable_output", 0 0, v0x86d144320_0;  alias, 1 drivers
v0x86d113700_0 .var "error", 0 0;
v0x86d1137a0_0 .net "error_internal", 0 0, v0x86d110e60_0;  1 drivers
v0x86d113840_0 .net "i2c_clock", 0 0, L_0x86d0686e0;  alias, 1 drivers
v0x86d1138e0_0 .net "i2c_data", 0 0, L_0x86d068780;  alias, 1 drivers
v0x86d113980_0 .net "pitch", 7 0, v0x86d144460_0;  alias, 1 drivers
v0x86d113a20_0 .net "rst", 0 0, L_0x86d084770;  alias, 1 drivers
v0x86d113ac0_0 .net "selected_command", 3 0, v0x86d144640_0;  alias, 1 drivers
E_0x86d119940 .event anyedge, v0x86d111680_0, v0x86d111cc0_0, v0x86d110e60_0;
S_0x100ba0b90 .scope module, "audio_configurator_select_instance" "audio_configurator_select" 6 44, 7 3 0, S_0x100ba0a10;
 .timescale -9 -12;
    .port_info 0 /INPUT 1 "systemClock";
    .port_info 1 /INPUT 1 "reset";
    .port_info 2 /INPUT 1 "configure";
    .port_info 3 /INPUT 4 "selectedCommand";
    .port_info 4 /OUTPUT 1 "busy";
    .port_info 5 /OUTPUT 1 "done";
    .port_info 6 /OUTPUT 1 "encounteredError";
    .port_info 7 /INOUT 1 "i2c_clock";
    .port_info 8 /INOUT 1 "i2c_data";
P_0x100bb84d0 .param/l "IDLE_STATE" 1 7 98, +C4<00000000000000000000000000000000>;
P_0x100bb8510 .param/l "SEND_COMMAND_STATE" 1 7 99, +C4<00000000000000000000000000000001>;
P_0x100bb8550 .param/l "commandCount" 1 7 17, +C4<00000000000000000000000000000001>;
L_0x86d100af0 .functor BUFZ 1, v0x86d111ea0_0, C4<0>, C4<0>, C4<0>;
v0x86d1115e0_0 .var "addressByte", 7 0;
v0x86d111680_0 .var "busy", 0 0;
v0x86d111720_0 .var "clk_divider_count", 7 0;
v0x86d1117c0 .array "commands", 0 16, 23 0;
v0x86d111860_0 .net "configure", 0 0, v0x86d113340_0;  1 drivers
v0x86d111900_0 .net "controllerBusy", 0 0, v0x86d110960_0;  1 drivers
v0x86d1119a0_0 .net "controllerClock", 0 0, L_0x86d100af0;  1 drivers
v0x86d111a40_0 .net "controllerDone", 0 0, v0x86d110dc0_0;  1 drivers
v0x86d111ae0_0 .var "currentCommandIndex", 3 0;
v0x86d111b80_0 .var "currentState", 2 0;
v0x86d111c20_0 .var "currentStep", 2 0;
v0x86d111cc0_0 .var "done", 0 0;
v0x86d111d60_0 .net "encounteredError", 0 0, v0x86d110e60_0;  alias, 1 drivers
v0x86d111e00_0 .var "firstByte", 7 0;
v0x86d111ea0_0 .var "i2c_clk_reg", 0 0;
v0x86d111f40_0 .net "i2c_clock", 0 0, L_0x86d0686e0;  alias, 1 drivers
v0x86d111fe0_0 .net "i2c_data", 0 0, L_0x86d068780;  alias, 1 drivers
v0x86d112080_0 .net "reset", 0 0, L_0x86d084770;  alias, 1 drivers
v0x86d112120_0 .var "secondByte", 7 0;
v0x86d1121c0_0 .net "selectedCommand", 3 0, v0x86d144640_0;  alias, 1 drivers
v0x86d112260_0 .var "sendMessage", 0 0;
v0x86d112300_0 .net "systemClock", 0 0, v0x86d14f340_0;  alias, 1 drivers
E_0x86d119a40 .event posedge, v0x86d111220_0, v0x86d112300_0;
S_0x100ba9050 .scope module, "i2c_controller_instance" "i2c_controller" 7 81, 8 3 0, S_0x100ba0b90;
 .timescale -9 -12;
    .port_info 0 /INPUT 1 "clock";
    .port_info 1 /INPUT 1 "reset";
    .port_info 2 /INPUT 1 "sendMessage";
    .port_info 3 /INPUT 8 "addressByte";
    .port_info 4 /INPUT 8 "firstByte";
    .port_info 5 /INPUT 8 "secondByte";
    .port_info 6 /OUTPUT 1 "busy";
    .port_info 7 /OUTPUT 1 "done";
    .port_info 8 /OUTPUT 1 "encounteredError";
    .port_info 9 /INOUT 1 "i2c_clock";
    .port_info 10 /INOUT 1 "i2c_data";
P_0x100ba91d0 .param/l "ACK_STATE" 1 8 28, +C4<00000000000000000000000000000011>;
P_0x100ba9210 .param/l "IDLE_STATE" 1 8 25, +C4<00000000000000000000000000000000>;
P_0x100ba9250 .param/l "SEND_BIT_STATE" 1 8 27, +C4<00000000000000000000000000000010>;
P_0x100ba9290 .param/l "START_STATE" 1 8 26, +C4<00000000000000000000000000000001>;
P_0x100ba92d0 .param/l "STOP_STATE" 1 8 29, +C4<00000000000000000000000000000100>;
L_0x86d478130 .functor BUFT 1, C4<0>, C4<0>, C4<0>, C4<0>;
v0x86d110640_0 .net/2u *"_ivl_0", 0 0, L_0x86d478130;  1 drivers
o0x86d444040 .functor BUFZ 1, c4<z>; HiZ drive
; Elide local net with no drivers, v0x86d1106e0_0 name=_ivl_2
L_0x86d478178 .functor BUFT 1, C4<0>, C4<0>, C4<0>, C4<0>;
v0x86d110780_0 .net/2u *"_ivl_6", 0 0, L_0x86d478178;  1 drivers
o0x86d4440a0 .functor BUFZ 1, c4<z>; HiZ drive
; Elide local net with no drivers, v0x86d110820_0 name=_ivl_8
v0x86d1108c0_0 .net "addressByte", 7 0, v0x86d1115e0_0;  1 drivers
v0x86d110960_0 .var "busy", 0 0;
v0x86d110a00_0 .net "clock", 0 0, L_0x86d100af0;  alias, 1 drivers
v0x86d110aa0_0 .var "currentBitIndex", 3 0;
v0x86d110b40_0 .var "currentByte", 7 0;
v0x86d110be0_0 .var "currentByteIndex", 2 0;
v0x86d110c80_0 .var "currentState", 3 0;
v0x86d110d20_0 .var "currentStep", 3 0;
v0x86d110dc0_0 .var "done", 0 0;
v0x86d110e60_0 .var "encounteredError", 0 0;
v0x86d110f00_0 .net "firstByte", 7 0, v0x86d111e00_0;  1 drivers
v0x86d110fa0_0 .net "i2c_clock", 0 0, L_0x86d0686e0;  alias, 1 drivers
v0x86d111040_0 .net "i2c_data", 0 0, L_0x86d068780;  alias, 1 drivers
v0x86d1110e0_0 .var "pullClockLow", 0 0;
v0x86d111180_0 .var "pullDataLow", 0 0;
v0x86d111220_0 .net "reset", 0 0, L_0x86d084770;  alias, 1 drivers
v0x86d1112c0_0 .var "savedAddressByte", 7 0;
v0x86d111360_0 .var "savedFirstByte", 7 0;
v0x86d111400_0 .var "savedSecondByte", 7 0;
v0x86d1114a0_0 .net "secondByte", 7 0, v0x86d112120_0;  1 drivers
v0x86d111540_0 .net "sendMessage", 0 0, v0x86d112260_0;  1 drivers
E_0x86d119bc0 .event posedge, v0x86d111220_0, v0x86d110a00_0;
L_0x86d0686e0 .functor MUXZ 1, o0x86d444040, L_0x86d478130, v0x86d1110e0_0, C4<>;
L_0x86d068780 .functor MUXZ 1, o0x86d4440a0, L_0x86d478178, v0x86d111180_0, C4<>;
S_0x100ba67e0 .scope module, "simple_audio_output_instance" "simple_audio_output" 6 56, 9 3 0, S_0x100ba0a10;
 .timescale -9 -12;
    .port_info 0 /INPUT 1 "clk_50mhz";
    .port_info 1 /INPUT 1 "rst";
    .port_info 2 /INPUT 1 "enable_output";
    .port_info 3 /INPUT 1 "drum_toggle";
    .port_info 4 /INPUT 8 "pitch";
    .port_info 5 /OUTPUT 1 "aud_xck";
    .port_info 6 /OUTPUT 1 "aud_bclk";
    .port_info 7 /OUTPUT 1 "aud_daclrck";
    .port_info 8 /OUTPUT 1 "aud_dacdat";
v0x86d1123a0_0 .net "aud_bclk", 0 0, L_0x86d0c4fa0;  alias, 1 drivers
v0x86d112440_0 .var "aud_dacdat", 0 0;
v0x86d1124e0_0 .net "aud_daclrck", 0 0, L_0x86d0c5040;  alias, 1 drivers
v0x86d112580_0 .net "aud_xck", 0 0, L_0x86d0c4f00;  alias, 1 drivers
v0x86d112620_0 .net "bit_index", 4 0, L_0x86d0c50e0;  1 drivers
v0x86d1126c0_0 .net "clk_50mhz", 0 0, v0x86d14f340_0;  alias, 1 drivers
v0x86d112760_0 .var "current_sample", 15 0;
v0x86d112800_0 .net "drum_toggle", 0 0, v0x86d144280_0;  alias, 1 drivers
v0x86d1128a0_0 .net "enable_output", 0 0, v0x86d144320_0;  alias, 1 drivers
v0x86d112940_0 .var "lfsr", 15 0;
v0x86d1129e0_0 .var "master_divider", 1 0;
v0x86d112a80_0 .net "pitch", 7 0, v0x86d144460_0;  alias, 1 drivers
v0x86d112b20_0 .net "rst", 0 0, L_0x86d084770;  alias, 1 drivers
v0x86d112bc0_0 .var "serial_divider", 7 0;
v0x86d112c60_0 .var "tone_counter", 15 0;
v0x86d112d00_0 .var "tone_level", 0 0;
v0x86d112da0_0 .var "tone_limit", 15 0;
E_0x86d119c00/0 .event negedge, v0x86d1123a0_0;
E_0x86d119c00/1 .event posedge, v0x86d111220_0;
E_0x86d119c00 .event/or E_0x86d119c00/0, E_0x86d119c00/1;
E_0x86d119c40 .event posedge, v0x86d111220_0, v0x86d1124e0_0;
E_0x86d119c80 .event posedge, v0x86d111220_0, v0x86d112580_0;
E_0x86d119cc0 .event anyedge, v0x86d112a80_0;
L_0x86d0c4f00 .part v0x86d1129e0_0, 1, 1;
L_0x86d0c4fa0 .part v0x86d112bc0_0, 2, 1;
L_0x86d0c5040 .part v0x86d112bc0_0, 7, 1;
L_0x86d0c50e0 .part v0x86d112bc0_0, 2, 5;
S_0x100ba54c0 .scope module, "button_synchronizer" "input_synchronizer" 5 68, 10 3 0, S_0x100ba7190;
 .timescale -9 -12;
    .port_info 0 /INPUT 1 "clk";
    .port_info 1 /INPUT 1 "rst";
    .port_info 2 /INPUT 4 "async_in";
    .port_info 3 /OUTPUT 4 "sync_out";
P_0x86d131ac0 .param/l "WIDTH" 0 10 5, +C4<00000000000000000000000000000100>;
v0x86d113b60_0 .net "async_in", 3 0, v0x86d14f200_0;  alias, 1 drivers
v0x86d113c00_0 .net "clk", 0 0, v0x86d14f340_0;  alias, 1 drivers
v0x86d113ca0_0 .net "rst", 0 0, L_0x86d084770;  alias, 1 drivers
v0x86d113d40_0 .var "stage1", 3 0;
v0x86d113de0_0 .var "sync_out", 3 0;
S_0x100ba5640 .scope module, "cpu_core_instance" "cpu_core" 5 84, 11 4 0, S_0x100ba7190;
 .timescale -9 -12;
    .port_info 0 /INPUT 1 "clk";
    .port_info 1 /INPUT 1 "rst";
    .port_info 2 /OUTPUT 1 "memory_write_enable";
    .port_info 3 /OUTPUT 16 "memory_address";
    .port_info 4 /OUTPUT 16 "memory_write_data";
    .port_info 5 /INPUT 16 "memory_read_data";
    .port_info 6 /OUTPUT 16 "instruction_register_contents";
    .port_info 7 /OUTPUT 16 "program_counter_contents";
    .port_info 8 /OUTPUT 16 "program_state_contents";
    .port_info 9 /OUTPUT 16 "alu_result_output";
    .port_info 10 /OUTPUT 5 "alu_flags_output";
    .port_info 11 /OUTPUT 3 "control_state_output";
    .port_info 12 /OUTPUT 3 "control_next_state_output";
P_0x100ba57c0 .param/l "ADDR_WIDTH" 0 11 7, +C4<00000000000000000000000000010000>;
P_0x100ba5800 .param/l "DATA_WIDTH" 0 11 6, +C4<00000000000000000000000000010000>;
L_0x86d1003f0 .functor BUFZ 16, L_0x86d100380, C4<0000000000000000>, C4<0000000000000000>, C4<0000000000000000>;
L_0x86d100460 .functor BUFZ 16, v0x86d13c460_0, C4<0000000000000000>, C4<0000000000000000>, C4<0000000000000000>;
L_0x86d1004d0 .functor BUFZ 5, v0x86d13c1e0_0, C4<00000>, C4<00000>, C4<00000>;
L_0x86d4780a0 .functor BUFT 1, C4<0>, C4<0>, C4<0>, C4<0>;
v0x86d13dfe0_0 .net/2u *"_ivl_12", 0 0, L_0x86d4780a0;  1 drivers
L_0x86d4780e8 .functor BUFT 1, C4<0>, C4<0>, C4<0>, C4<0>;
v0x86d13e080_0 .net/2u *"_ivl_16", 0 0, L_0x86d4780e8;  1 drivers
v0x86d13e120_0 .net "alu_flags", 4 0, v0x86d13c1e0_0;  1 drivers
v0x86d13e1c0_0 .net "alu_flags_output", 4 0, L_0x86d1004d0;  alias, 1 drivers
v0x86d13e260_0 .net "alu_input_a", 15 0, L_0x86d069540;  1 drivers
v0x86d13e300_0 .net "alu_result", 15 0, v0x86d13c460_0;  1 drivers
v0x86d13e3a0_0 .net "alu_result_output", 15 0, L_0x86d100460;  alias, 1 drivers
v0x86d13e440_0 .net "alu_select_immediate", 0 0, v0x86d13c820_0;  1 drivers
v0x86d13e4e0_0 .net "clk", 0 0, v0x86d14f340_0;  alias, 1 drivers
v0x86d13e580_0 .net "control_next_state_output", 2 0, L_0x86d14fc00;  alias, 1 drivers
v0x86d13e620_0 .net "control_state_output", 2 0, L_0x86d14fb60;  alias, 1 drivers
v0x86d13e6c0_0 .net "immediate", 15 0, v0x86d13cfa0_0;  1 drivers
v0x86d13e760_0 .var "instruction_register_contents", 15 0;
v0x86d13e800_0 .net "instruction_register_write_enable", 0 0, v0x86d13c8c0_0;  1 drivers
v0x86d13e8a0_0 .net "memory_address", 15 0, L_0x86d0695e0;  alias, 1 drivers
v0x86d13e940_0 .net "memory_read_data", 15 0, v0x86d147160_0;  alias, 1 drivers
v0x86d13e9e0_0 .net "memory_write_data", 15 0, L_0x86d1003f0;  alias, 1 drivers
v0x86d13ea80_0 .net "memory_write_enable", 0 0, v0x86d13c960_0;  alias, 1 drivers
v0x86d13eb20_0 .net "next_program_counter", 15 0, v0x86d13d0e0_0;  1 drivers
v0x86d13ebc0_0 .net "next_state", 1 0, v0x86d13ca00_0;  1 drivers
v0x86d13ec60_0 .net "opcode", 7 0, v0x86d13d180_0;  1 drivers
v0x86d13ed00_0 .var "program_counter_contents", 15 0;
v0x86d13eda0_0 .net "program_counter_write_enable", 0 0, v0x86d13cb40_0;  1 drivers
v0x86d13ee40_0 .var "program_state_contents", 15 0;
v0x86d13eee0_0 .net "program_state_write_enable", 0 0, v0x86d13cbe0_0;  1 drivers
v0x86d13ef80_0 .net "register_address_a", 3 0, v0x86d13d360_0;  1 drivers
v0x86d13f020_0 .net "register_address_b", 3 0, v0x86d13d400_0;  1 drivers
v0x86d13f0c0_0 .net "register_data_a", 15 0, L_0x86d100310;  1 drivers
v0x86d13f160_0 .net "register_data_b", 15 0, L_0x86d100380;  1 drivers
v0x86d13f200_0 .var "register_file_write_data", 15 0;
v0x86d13f2a0_0 .net "register_file_write_enable", 0 0, v0x86d13cc80_0;  1 drivers
v0x86d13f340_0 .net "register_file_write_select", 1 0, v0x86d13cd20_0;  1 drivers
v0x86d13f3e0_0 .net "rst", 0 0, L_0x86d084770;  alias, 1 drivers
v0x86d13f480_0 .var "state", 1 0;
v0x86d13f520_0 .net "use_register_address", 0 0, v0x86d13ce60_0;  1 drivers
E_0x86d119dc0/0 .event anyedge, v0x86d13cd20_0, v0x86d13c460_0, v0x86d13d4a0_0, v0x86d13cfa0_0;
E_0x86d119dc0/1 .event anyedge, v0x86d13e940_0;
E_0x86d119dc0 .event/or E_0x86d119dc0/0, E_0x86d119dc0/1;
L_0x86d0c45a0 .part v0x86d13ee40_0, 4, 1;
L_0x86d069540 .functor MUXZ 16, L_0x86d100310, v0x86d13cfa0_0, v0x86d13c820_0, C4<>;
L_0x86d0695e0 .functor MUXZ 16, v0x86d13ed00_0, L_0x86d100310, v0x86d13ce60_0, C4<>;
L_0x86d14fb60 .concat [ 2 1 0 0], v0x86d13f480_0, L_0x86d4780a0;
L_0x86d14fc00 .concat [ 2 1 0 0], v0x86d13ca00_0, L_0x86d4780e8;
S_0x100ba9880 .scope module, "alu_instance" "alu" 11 72, 12 4 0, S_0x100ba5640;
 .timescale -9 -12;
    .port_info 0 /INPUT 16 "a";
    .port_info 1 /INPUT 16 "b";
    .port_info 2 /INPUT 8 "opcode";
    .port_info 3 /INPUT 1 "carry_in";
    .port_info 4 /OUTPUT 5 "flags";
    .port_info 5 /OUTPUT 16 "result";
P_0x86d131b00 .param/l "DATA_WIDTH" 0 12 6, +C4<00000000000000000000000000010000>;
v0x86d113e80_0 .net "a", 15 0, L_0x86d069540;  alias, 1 drivers
v0x86d113f20_0 .net "b", 15 0, L_0x86d100380;  alias, 1 drivers
v0x86d13c000_0 .var "c_flag", 0 0;
v0x86d13c0a0_0 .net "carry_in", 0 0, L_0x86d0c45a0;  1 drivers
v0x86d13c140_0 .var "f_flag", 0 0;
v0x86d13c1e0_0 .var "flags", 4 0;
v0x86d13c280_0 .var "l_flag", 0 0;
v0x86d13c320_0 .var "n_flag", 0 0;
v0x86d13c3c0_0 .net "opcode", 7 0, v0x86d13d180_0;  alias, 1 drivers
v0x86d13c460_0 .var "result", 15 0;
v0x86d13c500_0 .var/i "shift_amount", 31 0;
v0x86d13c5a0_0 .var/s "signed_a", 15 0;
v0x86d13c640_0 .var/s "signed_b", 15 0;
v0x86d13c6e0_0 .var "wide_result", 16 0;
v0x86d13c780_0 .var "z_flag", 0 0;
E_0x86d119e40/0 .event anyedge, v0x86d113e80_0, v0x86d113f20_0, v0x86d13c5a0_0, v0x86d13c3c0_0;
E_0x86d119e40/1 .event anyedge, v0x86d13c6e0_0, v0x86d13c460_0, v0x86d13c0a0_0, v0x86d13c640_0;
E_0x86d119e40/2 .event anyedge, v0x86d13c500_0, v0x86d13c000_0, v0x86d13c280_0, v0x86d13c140_0;
E_0x86d119e40/3 .event anyedge, v0x86d13c780_0, v0x86d13c320_0;
E_0x86d119e40 .event/or E_0x86d119e40/0, E_0x86d119e40/1, E_0x86d119e40/2, E_0x86d119e40/3;
S_0x100ba9a00 .scope module, "control_unit_instance" "control_unit" 11 81, 13 4 0, S_0x100ba5640;
 .timescale -9 -12;
    .port_info 0 /INPUT 2 "state";
    .port_info 1 /INPUT 8 "opcode";
    .port_info 2 /OUTPUT 2 "next_state";
    .port_info 3 /OUTPUT 1 "memory_write_enable";
    .port_info 4 /OUTPUT 1 "use_register_address";
    .port_info 5 /OUTPUT 1 "register_file_write_enable";
    .port_info 6 /OUTPUT 2 "register_file_write_select";
    .port_info 7 /OUTPUT 1 "instruction_register_write_enable";
    .port_info 8 /OUTPUT 1 "program_counter_write_enable";
    .port_info 9 /OUTPUT 1 "program_state_write_enable";
    .port_info 10 /OUTPUT 1 "alu_select_immediate";
v0x86d13c820_0 .var "alu_select_immediate", 0 0;
v0x86d13c8c0_0 .var "instruction_register_write_enable", 0 0;
v0x86d13c960_0 .var "memory_write_enable", 0 0;
v0x86d13ca00_0 .var "next_state", 1 0;
v0x86d13caa0_0 .net "opcode", 7 0, v0x86d13d180_0;  alias, 1 drivers
v0x86d13cb40_0 .var "program_counter_write_enable", 0 0;
v0x86d13cbe0_0 .var "program_state_write_enable", 0 0;
v0x86d13cc80_0 .var "register_file_write_enable", 0 0;
v0x86d13cd20_0 .var "register_file_write_select", 1 0;
v0x86d13cdc0_0 .net "state", 1 0, v0x86d13f480_0;  1 drivers
v0x86d13ce60_0 .var "use_register_address", 0 0;
E_0x86d119e80 .event anyedge, v0x86d13cdc0_0, v0x86d13c3c0_0;
S_0x86d140000 .scope module, "instruction_decoder_instance" "instruction_decoder" 11 60, 14 4 0, S_0x100ba5640;
 .timescale -9 -12;
    .port_info 0 /INPUT 16 "instruction";
    .port_info 1 /INPUT 16 "program_counter";
    .port_info 2 /INPUT 16 "program_state";
    .port_info 3 /INPUT 16 "register_data_a";
    .port_info 4 /OUTPUT 4 "register_address_a";
    .port_info 5 /OUTPUT 4 "register_address_b";
    .port_info 6 /OUTPUT 16 "immediate";
    .port_info 7 /OUTPUT 8 "opcode";
    .port_info 8 /OUTPUT 16 "next_program_counter";
v0x86d13cf00_0 .var "condition_met", 0 0;
v0x86d13cfa0_0 .var "immediate", 15 0;
v0x86d13d040_0 .net "instruction", 15 0, v0x86d13e760_0;  alias, 1 drivers
v0x86d13d0e0_0 .var "next_program_counter", 15 0;
v0x86d13d180_0 .var "opcode", 7 0;
v0x86d13d220_0 .net "program_counter", 15 0, v0x86d13ed00_0;  alias, 1 drivers
v0x86d13d2c0_0 .net "program_state", 15 0, v0x86d13ee40_0;  alias, 1 drivers
v0x86d13d360_0 .var "register_address_a", 3 0;
v0x86d13d400_0 .var "register_address_b", 3 0;
v0x86d13d4a0_0 .net "register_data_a", 15 0, L_0x86d100310;  alias, 1 drivers
E_0x86d119ec0/0 .event anyedge, v0x86d13d040_0, v0x86d13d2c0_0, v0x86d13c3c0_0, v0x86d13cf00_0;
E_0x86d119ec0/1 .event anyedge, v0x86d13d220_0, v0x86d13cfa0_0, v0x86d13d4a0_0;
E_0x86d119ec0 .event/or E_0x86d119ec0/0, E_0x86d119ec0/1;
S_0x86d140180 .scope module, "register_file_instance" "register_file" 11 48, 15 4 0, S_0x100ba5640;
 .timescale -9 -12;
    .port_info 0 /INPUT 1 "clk";
    .port_info 1 /INPUT 1 "rst";
    .port_info 2 /INPUT 1 "write_enable";
    .port_info 3 /INPUT 4 "write_address";
    .port_info 4 /INPUT 16 "write_data";
    .port_info 5 /INPUT 4 "read_address_a";
    .port_info 6 /INPUT 4 "read_address_b";
    .port_info 7 /OUTPUT 16 "read_data_a";
    .port_info 8 /OUTPUT 16 "read_data_b";
P_0x100ba9b80 .param/l "ADDR_WIDTH" 0 15 7, +C4<00000000000000000000000000000100>;
P_0x100ba9bc0 .param/l "DATA_WIDTH" 0 15 6, +C4<00000000000000000000000000010000>;
L_0x86d100310 .functor BUFZ 16, L_0x86d14f8e0, C4<0000000000000000>, C4<0000000000000000>, C4<0000000000000000>;
L_0x86d100380 .functor BUFZ 16, L_0x86d14fa20, C4<0000000000000000>, C4<0000000000000000>, C4<0000000000000000>;
v0x86d13d540_0 .net *"_ivl_0", 15 0, L_0x86d14f8e0;  1 drivers
v0x86d13d5e0_0 .net *"_ivl_10", 5 0, L_0x86d14fac0;  1 drivers
L_0x86d478058 .functor BUFT 1, C4<00>, C4<0>, C4<0>, C4<0>;
v0x86d13d680_0 .net *"_ivl_13", 1 0, L_0x86d478058;  1 drivers
v0x86d13d720_0 .net *"_ivl_2", 5 0, L_0x86d14f980;  1 drivers
L_0x86d478010 .functor BUFT 1, C4<00>, C4<0>, C4<0>, C4<0>;
v0x86d13d7c0_0 .net *"_ivl_5", 1 0, L_0x86d478010;  1 drivers
v0x86d13d860_0 .net *"_ivl_8", 15 0, L_0x86d14fa20;  1 drivers
v0x86d13d900_0 .net "clk", 0 0, v0x86d14f340_0;  alias, 1 drivers
v0x86d13d9a0_0 .var/i "index", 31 0;
v0x86d13da40_0 .net "read_address_a", 3 0, v0x86d13d360_0;  alias, 1 drivers
v0x86d13dae0_0 .net "read_address_b", 3 0, v0x86d13d400_0;  alias, 1 drivers
v0x86d13db80_0 .net "read_data_a", 15 0, L_0x86d100310;  alias, 1 drivers
v0x86d13dc20_0 .net "read_data_b", 15 0, L_0x86d100380;  alias, 1 drivers
v0x86d13dcc0 .array "registers", 15 0, 15 0;
v0x86d13dd60_0 .net "rst", 0 0, L_0x86d084770;  alias, 1 drivers
v0x86d13de00_0 .net "write_address", 3 0, v0x86d13d400_0;  alias, 1 drivers
v0x86d13dea0_0 .net "write_data", 15 0, v0x86d13f200_0;  1 drivers
v0x86d13df40_0 .net "write_enable", 0 0, v0x86d13cc80_0;  alias, 1 drivers
L_0x86d14f8e0 .array/port v0x86d13dcc0, L_0x86d14f980;
L_0x86d14f980 .concat [ 4 2 0 0], v0x86d13d360_0, L_0x86d478010;
L_0x86d14fa20 .array/port v0x86d13dcc0, L_0x86d14fac0;
L_0x86d14fac0 .concat [ 4 2 0 0], v0x86d13d400_0, L_0x86d478058;
S_0x86d140300 .scope module, "hex0_decoder" "hex_decoder" 5 164, 16 3 0, S_0x100ba7190;
 .timescale -9 -12;
    .port_info 0 /INPUT 4 "value";
    .port_info 1 /OUTPUT 7 "segments";
v0x86d13f5c0_0 .var "segments", 6 0;
v0x86d13f660_0 .net "value", 3 0, L_0x86d0c5180;  1 drivers
E_0x86d119fc0 .event anyedge, v0x86d13f660_0;
S_0x86d140480 .scope module, "hex1_decoder" "hex_decoder" 5 169, 16 3 0, S_0x100ba7190;
 .timescale -9 -12;
    .port_info 0 /INPUT 4 "value";
    .port_info 1 /OUTPUT 7 "segments";
v0x86d13f700_0 .var "segments", 6 0;
v0x86d13f7a0_0 .net "value", 3 0, L_0x86d0c5220;  1 drivers
E_0x86d11a040 .event anyedge, v0x86d13f7a0_0;
S_0x86d140600 .scope module, "hex2_decoder" "hex_decoder" 5 174, 16 3 0, S_0x100ba7190;
 .timescale -9 -12;
    .port_info 0 /INPUT 4 "value";
    .port_info 1 /OUTPUT 7 "segments";
v0x86d13f840_0 .var "segments", 6 0;
v0x86d13f8e0_0 .net "value", 3 0, L_0x86d0c52c0;  1 drivers
E_0x86d11a0c0 .event anyedge, v0x86d13f8e0_0;
S_0x86d140780 .scope module, "hex3_decoder" "hex_decoder" 5 179, 16 3 0, S_0x100ba7190;
 .timescale -9 -12;
    .port_info 0 /INPUT 4 "value";
    .port_info 1 /OUTPUT 7 "segments";
v0x86d13f980_0 .var "segments", 6 0;
v0x86d13fa20_0 .net "value", 3 0, L_0x86d0c5360;  1 drivers
E_0x86d11a140 .event anyedge, v0x86d13fa20_0;
S_0x86d140900 .scope module, "hex4_decoder" "hex_decoder" 5 184, 16 3 0, S_0x100ba7190;
 .timescale -9 -12;
    .port_info 0 /INPUT 4 "value";
    .port_info 1 /OUTPUT 7 "segments";
v0x86d13fac0_0 .var "segments", 6 0;
v0x86d13fb60_0 .net "value", 3 0, L_0x86d0c5400;  1 drivers
E_0x86d11a1c0 .event anyedge, v0x86d13fb60_0;
S_0x86d140a80 .scope module, "hex5_decoder" "hex_decoder" 5 189, 16 3 0, S_0x100ba7190;
 .timescale -9 -12;
    .port_info 0 /INPUT 4 "value";
    .port_info 1 /OUTPUT 7 "segments";
v0x86d13fc00_0 .var "segments", 6 0;
v0x86d13fca0_0 .net "value", 3 0, L_0x86d0c54a0;  1 drivers
E_0x86d11a240 .event anyedge, v0x86d13fca0_0;
S_0x86d140c00 .scope module, "mem_router_instance" "mem_router" 5 100, 17 4 0, S_0x100ba7190;
 .timescale -9 -12;
    .port_info 0 /INPUT 1 "clk";
    .port_info 1 /INPUT 1 "rst";
    .port_info 2 /INPUT 16 "address";
    .port_info 3 /INPUT 16 "write_data";
    .port_info 4 /INPUT 1 "write_enable";
    .port_info 5 /INPUT 4 "push_buttons";
    .port_info 6 /INPUT 10 "switches";
    .port_info 7 /INPUT 1 "audio_busy";
    .port_info 8 /INPUT 1 "audio_done";
    .port_info 9 /INPUT 1 "audio_error";
    .port_info 10 /INPUT 1 "audio_configure_ack";
    .port_info 11 /OUTPUT 16 "read_data";
    .port_info 12 /OUTPUT 16 "player_x";
    .port_info 13 /OUTPUT 16 "player_y";
    .port_info 14 /OUTPUT 64 "platform_x_bus";
    .port_info 15 /OUTPUT 64 "platform_y_bus";
    .port_info 16 /OUTPUT 64 "platform_wh_bus";
    .port_info 17 /OUTPUT 16 "score_status";
    .port_info 18 /OUTPUT 1 "audio_configure_request";
    .port_info 19 /OUTPUT 1 "audio_enable_output";
    .port_info 20 /OUTPUT 1 "audio_drum_toggle";
    .port_info 21 /OUTPUT 4 "audio_selected_command";
    .port_info 22 /OUTPUT 8 "audio_pitch";
P_0x86d131b40 .param/str "ROM_INIT_FILE" 0 17 6, "mem/game_demo.memh";
L_0x86d0847e0 .functor AND 1, v0x86d1470c0_0, v0x86d13c960_0, C4<1>, C4<1>;
v0x86d1461c0_0 .net "address", 15 0, L_0x86d0695e0;  alias, 1 drivers
v0x86d146260_0 .net "audio_busy", 0 0, v0x86d1130c0_0;  alias, 1 drivers
v0x86d146300_0 .net "audio_configure_ack", 0 0, v0x86d1132a0_0;  alias, 1 drivers
v0x86d1463a0_0 .net "audio_configure_request", 0 0, v0x86d1440a0_0;  alias, 1 drivers
v0x86d146440_0 .net "audio_done", 0 0, v0x86d113480_0;  alias, 1 drivers
v0x86d1464e0_0 .net "audio_drum_toggle", 0 0, v0x86d144280_0;  alias, 1 drivers
v0x86d146580_0 .net "audio_enable_output", 0 0, v0x86d144320_0;  alias, 1 drivers
v0x86d146620_0 .net "audio_error", 0 0, v0x86d113700_0;  alias, 1 drivers
v0x86d1466c0_0 .net "audio_pitch", 7 0, v0x86d144460_0;  alias, 1 drivers
v0x86d146760_0 .net "audio_read_data", 15 0, v0x86d144500_0;  1 drivers
v0x86d146800_0 .var "audio_selected", 0 0;
v0x86d1468a0_0 .net "audio_selected_command", 3 0, v0x86d144640_0;  alias, 1 drivers
v0x86d146940_0 .net "clk", 0 0, v0x86d14f340_0;  alias, 1 drivers
v0x86d1469e0_0 .net "game_read_data", 15 0, v0x86d145b80_0;  1 drivers
v0x86d146a80_0 .var "game_selected", 0 0;
v0x86d146b20_0 .var "io_read_data", 15 0;
v0x86d146bc0_0 .var "io_selected", 0 0;
v0x86d146c60_0 .net "platform_wh_bus", 63 0, L_0x86d14fde0;  alias, 1 drivers
v0x86d146d00_0 .net "platform_x_bus", 63 0, L_0x86d14fca0;  alias, 1 drivers
v0x86d146da0_0 .net "platform_y_bus", 63 0, L_0x86d14fd40;  alias, 1 drivers
v0x86d146e40_0 .net "player_x", 15 0, v0x86d145a40_0;  alias, 1 drivers
v0x86d146ee0_0 .net "player_y", 15 0, v0x86d145ae0_0;  alias, 1 drivers
v0x86d146f80_0 .net "push_buttons", 3 0, v0x86d113de0_0;  alias, 1 drivers
v0x86d147020_0 .net "ram_read_data", 15 0, v0x86d144aa0_0;  1 drivers
v0x86d1470c0_0 .var "ram_selected", 0 0;
v0x86d147160_0 .var "read_data", 15 0;
v0x86d147200_0 .net "rom_read_data", 15 0, v0x86d146080_0;  1 drivers
v0x86d1472a0_0 .var "rom_selected", 0 0;
v0x86d147340_0 .net "rst", 0 0, L_0x86d084770;  alias, 1 drivers
v0x86d1473e0_0 .net "score_status", 15 0, v0x86d145cc0_0;  alias, 1 drivers
v0x86d147480_0 .net "switches", 9 0, v0x86d1478e0_0;  alias, 1 drivers
v0x86d147520_0 .net "write_data", 15 0, L_0x86d1003f0;  alias, 1 drivers
v0x86d1475c0_0 .net "write_enable", 0 0, v0x86d13c960_0;  alias, 1 drivers
E_0x86d11a2c0/0 .event anyedge, v0x86d13e8a0_0, v0x86d113de0_0, v0x86d147480_0, v0x86d146080_0;
E_0x86d11a2c0/1 .event anyedge, v0x86d1472a0_0, v0x86d144aa0_0, v0x86d1470c0_0, v0x86d145b80_0;
E_0x86d11a2c0/2 .event anyedge, v0x86d1454a0_0, v0x86d144500_0, v0x86d13fe80_0, v0x86d146b20_0;
E_0x86d11a2c0/3 .event anyedge, v0x86d146bc0_0;
E_0x86d11a2c0 .event/or E_0x86d11a2c0/0, E_0x86d11a2c0/1, E_0x86d11a2c0/2, E_0x86d11a2c0/3;
L_0x86d0c4d20 .part L_0x86d0695e0, 0, 10;
L_0x86d0c4dc0 .part L_0x86d0695e0, 0, 10;
S_0x86d140d80 .scope module, "audio_regs_instance" "audio_regs" 17 78, 18 4 0, S_0x86d140c00;
 .timescale -9 -12;
    .port_info 0 /INPUT 1 "clk";
    .port_info 1 /INPUT 1 "rst";
    .port_info 2 /INPUT 1 "chip_select";
    .port_info 3 /INPUT 1 "write_enable";
    .port_info 4 /INPUT 16 "address";
    .port_info 5 /INPUT 16 "write_data";
    .port_info 6 /INPUT 1 "configure_ack";
    .port_info 7 /INPUT 1 "busy";
    .port_info 8 /INPUT 1 "done";
    .port_info 9 /INPUT 1 "error";
    .port_info 10 /OUTPUT 16 "read_data";
    .port_info 11 /OUTPUT 1 "configure_request";
    .port_info 12 /OUTPUT 1 "enable_output";
    .port_info 13 /OUTPUT 1 "drum_toggle";
    .port_info 14 /OUTPUT 4 "selected_command";
    .port_info 15 /OUTPUT 8 "pitch";
v0x86d13fd40_0 .net "address", 15 0, L_0x86d0695e0;  alias, 1 drivers
v0x86d13fde0_0 .net "busy", 0 0, v0x86d1130c0_0;  alias, 1 drivers
v0x86d13fe80_0 .net "chip_select", 0 0, v0x86d146800_0;  1 drivers
v0x86d13ff20_0 .net "clk", 0 0, v0x86d14f340_0;  alias, 1 drivers
v0x86d144000_0 .net "configure_ack", 0 0, v0x86d1132a0_0;  alias, 1 drivers
v0x86d1440a0_0 .var "configure_request", 0 0;
v0x86d144140_0 .var "debug_shadow", 15 0;
v0x86d1441e0_0 .net "done", 0 0, v0x86d113480_0;  alias, 1 drivers
v0x86d144280_0 .var "drum_toggle", 0 0;
v0x86d144320_0 .var "enable_output", 0 0;
v0x86d1443c0_0 .net "error", 0 0, v0x86d113700_0;  alias, 1 drivers
v0x86d144460_0 .var "pitch", 7 0;
v0x86d144500_0 .var "read_data", 15 0;
v0x86d1445a0_0 .net "rst", 0 0, L_0x86d084770;  alias, 1 drivers
v0x86d144640_0 .var "selected_command", 3 0;
v0x86d1446e0_0 .net "write_data", 15 0, L_0x86d1003f0;  alias, 1 drivers
v0x86d144780_0 .net "write_enable", 0 0, v0x86d13c960_0;  alias, 1 drivers
E_0x86d11a300/0 .event anyedge, v0x86d13e8a0_0, v0x86d1121c0_0, v0x86d1133e0_0, v0x86d112800_0;
E_0x86d11a300/1 .event anyedge, v0x86d1128a0_0, v0x86d112a80_0, v0x86d113700_0, v0x86d113480_0;
E_0x86d11a300/2 .event anyedge, v0x86d1130c0_0, v0x86d144140_0;
E_0x86d11a300 .event/or E_0x86d11a300/0, E_0x86d11a300/1, E_0x86d11a300/2;
S_0x86d140f00 .scope module, "data_ram_instance" "sync_ram" 17 54, 19 3 0, S_0x86d140c00;
 .timescale -9 -12;
    .port_info 0 /INPUT 1 "clk";
    .port_info 1 /INPUT 1 "we";
    .port_info 2 /INPUT 10 "addr";
    .port_info 3 /INPUT 16 "wdata";
    .port_info 4 /OUTPUT 16 "rdata";
P_0x100ba6960 .param/l "ADDR_WIDTH" 0 19 6, +C4<00000000000000000000000000001010>;
P_0x100ba69a0 .param/l "DATA_WIDTH" 0 19 5, +C4<00000000000000000000000000010000>;
v0x86d144820_0 .net "addr", 9 0, L_0x86d0c4dc0;  1 drivers
v0x86d1448c0_0 .net "clk", 0 0, v0x86d14f340_0;  alias, 1 drivers
v0x86d144960_0 .var/i "index", 31 0;
v0x86d144a00 .array "ram", 1023 0, 15 0;
v0x86d144aa0_0 .var "rdata", 15 0;
v0x86d144b40_0 .net "wdata", 15 0, L_0x86d1003f0;  alias, 1 drivers
v0x86d144be0_0 .net "we", 0 0, L_0x86d0847e0;  1 drivers
E_0x86d11a3c0 .event posedge, v0x86d112300_0;
S_0x86d141080 .scope module, "game_regs_instance" "game_regs" 17 62, 20 4 0, S_0x86d140c00;
 .timescale -9 -12;
    .port_info 0 /INPUT 1 "clk";
    .port_info 1 /INPUT 1 "rst";
    .port_info 2 /INPUT 1 "chip_select";
    .port_info 3 /INPUT 1 "write_enable";
    .port_info 4 /INPUT 16 "address";
    .port_info 5 /INPUT 16 "write_data";
    .port_info 6 /OUTPUT 16 "read_data";
    .port_info 7 /OUTPUT 16 "player_x";
    .port_info 8 /OUTPUT 16 "player_y";
    .port_info 9 /OUTPUT 64 "platform_x_bus";
    .port_info 10 /OUTPUT 64 "platform_y_bus";
    .port_info 11 /OUTPUT 64 "platform_wh_bus";
    .port_info 12 /OUTPUT 16 "score_status";
v0x86d145400_0 .net "address", 15 0, L_0x86d0695e0;  alias, 1 drivers
v0x86d1454a0_0 .net "chip_select", 0 0, v0x86d146a80_0;  1 drivers
v0x86d145540_0 .net "clk", 0 0, v0x86d14f340_0;  alias, 1 drivers
v0x86d1455e0_0 .var/i "index", 31 0;
v0x86d145680_0 .net "platform_wh_bus", 63 0, L_0x86d14fde0;  alias, 1 drivers
v0x86d145720 .array "platform_wh_mem", 3 0, 15 0;
v0x86d1457c0_0 .net "platform_x_bus", 63 0, L_0x86d14fca0;  alias, 1 drivers
v0x86d145860 .array "platform_x_mem", 3 0, 15 0;
v0x86d145900_0 .net "platform_y_bus", 63 0, L_0x86d14fd40;  alias, 1 drivers
v0x86d1459a0 .array "platform_y_mem", 3 0, 15 0;
v0x86d145a40_0 .var "player_x", 15 0;
v0x86d145ae0_0 .var "player_y", 15 0;
v0x86d145b80_0 .var "read_data", 15 0;
v0x86d145c20_0 .net "rst", 0 0, L_0x86d084770;  alias, 1 drivers
v0x86d145cc0_0 .var "score_status", 15 0;
v0x86d145d60_0 .net "write_data", 15 0, L_0x86d1003f0;  alias, 1 drivers
v0x86d145e00_0 .net "write_enable", 0 0, v0x86d13c960_0;  alias, 1 drivers
v0x86d145720_3 .array/port v0x86d145720, 3;
v0x86d145720_2 .array/port v0x86d145720, 2;
v0x86d145720_1 .array/port v0x86d145720, 1;
v0x86d145720_0 .array/port v0x86d145720, 0;
E_0x86d11a400/0 .event anyedge, v0x86d145720_3, v0x86d145720_2, v0x86d145720_1, v0x86d145720_0;
v0x86d1459a0_3 .array/port v0x86d1459a0, 3;
v0x86d1459a0_2 .array/port v0x86d1459a0, 2;
v0x86d1459a0_1 .array/port v0x86d1459a0, 1;
v0x86d1459a0_0 .array/port v0x86d1459a0, 0;
E_0x86d11a400/1 .event anyedge, v0x86d1459a0_3, v0x86d1459a0_2, v0x86d1459a0_1, v0x86d1459a0_0;
v0x86d145860_3 .array/port v0x86d145860, 3;
v0x86d145860_2 .array/port v0x86d145860, 2;
v0x86d145860_1 .array/port v0x86d145860, 1;
v0x86d145860_0 .array/port v0x86d145860, 0;
E_0x86d11a400/2 .event anyedge, v0x86d145860_3, v0x86d145860_2, v0x86d145860_1, v0x86d145860_0;
E_0x86d11a400/3 .event anyedge, v0x86d145cc0_0, v0x86d145ae0_0, v0x86d145a40_0, v0x86d13e8a0_0;
E_0x86d11a400 .event/or E_0x86d11a400/0, E_0x86d11a400/1, E_0x86d11a400/2, E_0x86d11a400/3;
L_0x86d14fca0 .concat8 [ 16 16 16 16], v0x86d145860_0, v0x86d145860_1, v0x86d145860_2, v0x86d145860_3;
L_0x86d14fd40 .concat8 [ 16 16 16 16], v0x86d1459a0_0, v0x86d1459a0_1, v0x86d1459a0_2, v0x86d1459a0_3;
L_0x86d14fde0 .concat8 [ 16 16 16 16], v0x86d145720_0, v0x86d145720_1, v0x86d145720_2, v0x86d145720_3;
S_0x86d141200 .scope generate, "flatten_platform_buses[0]" "flatten_platform_buses[0]" 20 27, 20 27 0, S_0x86d141080;
 .timescale -9 -12;
P_0x86d131b80 .param/l "flatten_index" 1 20 27, +C4<00>;
v0x86d144c80_0 .net *"_ivl_2", 15 0, v0x86d145860_0;  1 drivers
v0x86d144d20_0 .net *"_ivl_5", 15 0, v0x86d1459a0_0;  1 drivers
v0x86d144dc0_0 .net *"_ivl_8", 15 0, v0x86d145720_0;  1 drivers
S_0x86d141380 .scope generate, "flatten_platform_buses[1]" "flatten_platform_buses[1]" 20 27, 20 27 0, S_0x86d141080;
 .timescale -9 -12;
P_0x86d131bc0 .param/l "flatten_index" 1 20 27, +C4<01>;
v0x86d144e60_0 .net *"_ivl_2", 15 0, v0x86d145860_1;  1 drivers
v0x86d144f00_0 .net *"_ivl_5", 15 0, v0x86d1459a0_1;  1 drivers
v0x86d144fa0_0 .net *"_ivl_8", 15 0, v0x86d145720_1;  1 drivers
S_0x86d141500 .scope generate, "flatten_platform_buses[2]" "flatten_platform_buses[2]" 20 27, 20 27 0, S_0x86d141080;
 .timescale -9 -12;
P_0x86d131c00 .param/l "flatten_index" 1 20 27, +C4<010>;
v0x86d145040_0 .net *"_ivl_2", 15 0, v0x86d145860_2;  1 drivers
v0x86d1450e0_0 .net *"_ivl_5", 15 0, v0x86d1459a0_2;  1 drivers
v0x86d145180_0 .net *"_ivl_8", 15 0, v0x86d145720_2;  1 drivers
S_0x86d141680 .scope generate, "flatten_platform_buses[3]" "flatten_platform_buses[3]" 20 27, 20 27 0, S_0x86d141080;
 .timescale -9 -12;
P_0x86d131c40 .param/l "flatten_index" 1 20 27, +C4<011>;
v0x86d145220_0 .net *"_ivl_2", 15 0, v0x86d145860_3;  1 drivers
v0x86d1452c0_0 .net *"_ivl_5", 15 0, v0x86d1459a0_3;  1 drivers
v0x86d145360_0 .net *"_ivl_8", 15 0, v0x86d145720_3;  1 drivers
S_0x86d141800 .scope module, "program_rom_instance" "program_rom" 17 48, 21 3 0, S_0x86d140c00;
 .timescale -9 -12;
    .port_info 0 /INPUT 1 "clk";
    .port_info 1 /INPUT 10 "addr";
    .port_info 2 /OUTPUT 16 "rdata";
P_0x100bb3860 .param/l "ADDR_WIDTH" 0 21 6, +C4<00000000000000000000000000001010>;
P_0x100bb38a0 .param/l "DATA_WIDTH" 0 21 5, +C4<00000000000000000000000000010000>;
P_0x100bb38e0 .param/str "INIT_FILE" 0 21 7, "mem/game_demo.memh";
v0x86d145ea0_0 .net "addr", 9 0, L_0x86d0c4d20;  1 drivers
v0x86d145f40_0 .net "clk", 0 0, v0x86d14f340_0;  alias, 1 drivers
v0x86d145fe0_0 .var/i "index", 31 0;
v0x86d146080_0 .var "rdata", 15 0;
v0x86d146120 .array "rom", 1023 0, 15 0;
S_0x86d141980 .scope module, "switch_synchronizer" "input_synchronizer" 5 77, 10 3 0, S_0x100ba7190;
 .timescale -9 -12;
    .port_info 0 /INPUT 1 "clk";
    .port_info 1 /INPUT 1 "rst";
    .port_info 2 /INPUT 10 "async_in";
    .port_info 3 /OUTPUT 10 "sync_out";
P_0x86d131c80 .param/l "WIDTH" 0 10 5, +C4<00000000000000000000000000001010>;
v0x86d147660_0 .net "async_in", 9 0, v0x86d14f2a0_0;  alias, 1 drivers
v0x86d147700_0 .net "clk", 0 0, v0x86d14f340_0;  alias, 1 drivers
v0x86d1477a0_0 .net "rst", 0 0, L_0x86d084770;  alias, 1 drivers
v0x86d147840_0 .var "stage1", 9 0;
v0x86d1478e0_0 .var "sync_out", 9 0;
S_0x86d141b00 .scope module, "vga_subsystem_instance" "vga_subsystem" 5 126, 22 4 0, S_0x100ba7190;
 .timescale -9 -12;
    .port_info 0 /INPUT 1 "clk_50mhz";
    .port_info 1 /INPUT 1 "rst";
    .port_info 2 /INPUT 16 "player_x";
    .port_info 3 /INPUT 16 "player_y";
    .port_info 4 /INPUT 64 "platform_x_bus";
    .port_info 5 /INPUT 64 "platform_y_bus";
    .port_info 6 /INPUT 64 "platform_wh_bus";
    .port_info 7 /INPUT 4 "player_style_index";
    .port_info 8 /OUTPUT 1 "vga_clock";
    .port_info 9 /OUTPUT 1 "vga_blank_n";
    .port_info 10 /OUTPUT 1 "vga_hs";
    .port_info 11 /OUTPUT 1 "vga_vs";
    .port_info 12 /OUTPUT 8 "vga_red";
    .port_info 13 /OUTPUT 8 "vga_green";
    .port_info 14 /OUTPUT 8 "vga_blue";
v0x86d149e00_0 .net "background_blue", 7 0, v0x86d147980_0;  1 drivers
v0x86d149ea0_0 .net "background_green", 7 0, v0x86d147a20_0;  1 drivers
v0x86d149f40_0 .net "background_red", 7 0, v0x86d147c00_0;  1 drivers
v0x86d149fe0_0 .net "clk_50mhz", 0 0, v0x86d14f340_0;  alias, 1 drivers
v0x86d14a080_0 .net "display_active", 0 0, v0x86d149860_0;  1 drivers
v0x86d14a120_0 .net "pixel_x", 9 0, v0x86d149ae0_0;  1 drivers
v0x86d14a1c0_0 .net "pixel_y", 9 0, v0x86d149b80_0;  1 drivers
v0x86d14a260_0 .net "platform_active", 0 0, v0x86d147ca0_0;  1 drivers
v0x86d14a300_0 .net "platform_blue", 7 0, v0x86d147d40_0;  1 drivers
v0x86d14a3a0_0 .net "platform_green", 7 0, v0x86d147de0_0;  1 drivers
v0x86d14a440_0 .net "platform_red", 7 0, v0x86d148500_0;  1 drivers
v0x86d14a4e0_0 .net "platform_wh_bus", 63 0, L_0x86d14fde0;  alias, 1 drivers
v0x86d14a580_0 .net "platform_x_bus", 63 0, L_0x86d14fca0;  alias, 1 drivers
v0x86d14a620_0 .net "platform_y_bus", 63 0, L_0x86d14fd40;  alias, 1 drivers
v0x86d14a6c0_0 .net "player_active", 0 0, v0x86d148640_0;  1 drivers
v0x86d14a760_0 .net "player_blue", 7 0, v0x86d1486e0_0;  1 drivers
v0x86d14a800_0 .net "player_green", 7 0, v0x86d148780_0;  1 drivers
v0x86d14a8a0_0 .net "player_red", 7 0, v0x86d148be0_0;  1 drivers
v0x86d14a940_0 .net "player_style_index", 3 0, L_0x86d0c4e60;  1 drivers
v0x86d14a9e0_0 .net "player_x", 15 0, v0x86d145a40_0;  alias, 1 drivers
v0x86d14aa80_0 .net "player_y", 15 0, v0x86d145ae0_0;  alias, 1 drivers
v0x86d14ab20_0 .net "rst", 0 0, L_0x86d084770;  alias, 1 drivers
v0x86d14abc0_0 .net "vga_blank_n", 0 0, v0x86d149680_0;  alias, 1 drivers
v0x86d14ac60_0 .net "vga_blue", 7 0, v0x86d148f00_0;  alias, 1 drivers
v0x86d14ad00_0 .net "vga_clock", 0 0, L_0x86d100a80;  alias, 1 drivers
v0x86d14ada0_0 .net "vga_green", 7 0, v0x86d149040_0;  alias, 1 drivers
v0x86d14ae40_0 .net "vga_hs", 0 0, v0x86d1499a0_0;  alias, 1 drivers
v0x86d14aee0_0 .net "vga_red", 7 0, v0x86d1495e0_0;  alias, 1 drivers
v0x86d14af80_0 .net "vga_vs", 0 0, v0x86d149d60_0;  alias, 1 drivers
S_0x86d141c80 .scope module, "background_renderer_instance" "background_renderer" 22 52, 23 3 0, S_0x86d141b00;
 .timescale -9 -12;
    .port_info 0 /INPUT 10 "pixel_x";
    .port_info 1 /INPUT 10 "pixel_y";
    .port_info 2 /OUTPUT 8 "red";
    .port_info 3 /OUTPUT 8 "green";
    .port_info 4 /OUTPUT 8 "blue";
v0x86d147980_0 .var "blue", 7 0;
v0x86d147a20_0 .var "green", 7 0;
v0x86d147ac0_0 .net "pixel_x", 9 0, v0x86d149ae0_0;  alias, 1 drivers
v0x86d147b60_0 .net "pixel_y", 9 0, v0x86d149b80_0;  alias, 1 drivers
v0x86d147c00_0 .var "red", 7 0;
E_0x86d11a640 .event anyedge, v0x86d147ac0_0, v0x86d147b60_0;
S_0x86d141e00 .scope module, "platform_renderer_instance" "platform_renderer" 22 60, 24 4 0, S_0x86d141b00;
 .timescale -9 -12;
    .port_info 0 /INPUT 10 "pixel_x";
    .port_info 1 /INPUT 10 "pixel_y";
    .port_info 2 /INPUT 64 "platform_x_bus";
    .port_info 3 /INPUT 64 "platform_y_bus";
    .port_info 4 /INPUT 64 "platform_wh_bus";
    .port_info 5 /OUTPUT 8 "red";
    .port_info 6 /OUTPUT 8 "green";
    .port_info 7 /OUTPUT 8 "blue";
    .port_info 8 /OUTPUT 1 "active";
v0x86d147ca0_0 .var "active", 0 0;
v0x86d147d40_0 .var "blue", 7 0;
v0x86d147de0_0 .var "green", 7 0;
v0x86d147e80_0 .var "height", 7 0;
v0x86d147f20_0 .var/i "index", 31 0;
v0x86d148000_0 .net "pixel_x", 9 0, v0x86d149ae0_0;  alias, 1 drivers
v0x86d1480a0_0 .net "pixel_y", 9 0, v0x86d149b80_0;  alias, 1 drivers
v0x86d148140_0 .net "platform_wh_bus", 63 0, L_0x86d14fde0;  alias, 1 drivers
v0x86d1481e0_0 .var "platform_wh_word", 15 0;
v0x86d148280_0 .net "platform_x_bus", 63 0, L_0x86d14fca0;  alias, 1 drivers
v0x86d148320_0 .var "platform_x_word", 15 0;
v0x86d1483c0_0 .net "platform_y_bus", 63 0, L_0x86d14fd40;  alias, 1 drivers
v0x86d148460_0 .var "platform_y_word", 15 0;
v0x86d148500_0 .var "red", 7 0;
v0x86d1485a0_0 .var "width", 7 0;
E_0x86d11a680/0 .event anyedge, v0x86d1457c0_0, v0x86d145900_0, v0x86d145680_0, v0x86d1481e0_0;
E_0x86d11a680/1 .event anyedge, v0x86d147ac0_0, v0x86d148320_0, v0x86d1485a0_0, v0x86d147b60_0;
E_0x86d11a680/2 .event anyedge, v0x86d148460_0, v0x86d147e80_0;
E_0x86d11a680 .event/or E_0x86d11a680/0, E_0x86d11a680/1, E_0x86d11a680/2;
S_0x86d141f80 .scope module, "player_renderer_instance" "player_renderer" 22 72, 25 4 0, S_0x86d141b00;
 .timescale -9 -12;
    .port_info 0 /INPUT 10 "pixel_x";
    .port_info 1 /INPUT 10 "pixel_y";
    .port_info 2 /INPUT 16 "player_x";
    .port_info 3 /INPUT 16 "player_y";
    .port_info 4 /INPUT 4 "style_index";
    .port_info 5 /OUTPUT 8 "red";
    .port_info 6 /OUTPUT 8 "green";
    .port_info 7 /OUTPUT 8 "blue";
    .port_info 8 /OUTPUT 1 "active";
v0x86d148640_0 .var "active", 0 0;
v0x86d1486e0_0 .var "blue", 7 0;
v0x86d148780_0 .var "green", 7 0;
v0x86d148820_0 .var "inside_body", 0 0;
v0x86d1488c0_0 .var "inside_eye", 0 0;
v0x86d148960_0 .net "pixel_x", 9 0, v0x86d149ae0_0;  alias, 1 drivers
v0x86d148a00_0 .net "pixel_y", 9 0, v0x86d149b80_0;  alias, 1 drivers
v0x86d148aa0_0 .net "player_x", 15 0, v0x86d145a40_0;  alias, 1 drivers
v0x86d148b40_0 .net "player_y", 15 0, v0x86d145ae0_0;  alias, 1 drivers
v0x86d148be0_0 .var "red", 7 0;
v0x86d148c80_0 .net "style_index", 3 0, L_0x86d0c4e60;  alias, 1 drivers
E_0x86d11a6c0/0 .event anyedge, v0x86d147ac0_0, v0x86d145a40_0, v0x86d147b60_0, v0x86d145ae0_0;
E_0x86d11a6c0/1 .event anyedge, v0x86d148820_0, v0x86d1488c0_0, v0x86d148c80_0;
E_0x86d11a6c0 .event/or E_0x86d11a6c0/0, E_0x86d11a6c0/1;
S_0x86d142100 .scope module, "video_compositor_instance" "video_compositor" 22 84, 26 3 0, S_0x86d141b00;
 .timescale -9 -12;
    .port_info 0 /INPUT 1 "display_active";
    .port_info 1 /INPUT 8 "background_red";
    .port_info 2 /INPUT 8 "background_green";
    .port_info 3 /INPUT 8 "background_blue";
    .port_info 4 /INPUT 8 "platform_red";
    .port_info 5 /INPUT 8 "platform_green";
    .port_info 6 /INPUT 8 "platform_blue";
    .port_info 7 /INPUT 1 "platform_active";
    .port_info 8 /INPUT 8 "player_red";
    .port_info 9 /INPUT 8 "player_green";
    .port_info 10 /INPUT 8 "player_blue";
    .port_info 11 /INPUT 1 "player_active";
    .port_info 12 /OUTPUT 8 "red";
    .port_info 13 /OUTPUT 8 "green";
    .port_info 14 /OUTPUT 8 "blue";
v0x86d148d20_0 .net "background_blue", 7 0, v0x86d147980_0;  alias, 1 drivers
v0x86d148dc0_0 .net "background_green", 7 0, v0x86d147a20_0;  alias, 1 drivers
v0x86d148e60_0 .net "background_red", 7 0, v0x86d147c00_0;  alias, 1 drivers
v0x86d148f00_0 .var "blue", 7 0;
v0x86d148fa0_0 .net "display_active", 0 0, v0x86d149860_0;  alias, 1 drivers
v0x86d149040_0 .var "green", 7 0;
v0x86d1490e0_0 .net "platform_active", 0 0, v0x86d147ca0_0;  alias, 1 drivers
v0x86d149180_0 .net "platform_blue", 7 0, v0x86d147d40_0;  alias, 1 drivers
v0x86d149220_0 .net "platform_green", 7 0, v0x86d147de0_0;  alias, 1 drivers
v0x86d1492c0_0 .net "platform_red", 7 0, v0x86d148500_0;  alias, 1 drivers
v0x86d149360_0 .net "player_active", 0 0, v0x86d148640_0;  alias, 1 drivers
v0x86d149400_0 .net "player_blue", 7 0, v0x86d1486e0_0;  alias, 1 drivers
v0x86d1494a0_0 .net "player_green", 7 0, v0x86d148780_0;  alias, 1 drivers
v0x86d149540_0 .net "player_red", 7 0, v0x86d148be0_0;  alias, 1 drivers
v0x86d1495e0_0 .var "red", 7 0;
E_0x86d11a700/0 .event anyedge, v0x86d148fa0_0, v0x86d148640_0, v0x86d148be0_0, v0x86d148780_0;
E_0x86d11a700/1 .event anyedge, v0x86d1486e0_0, v0x86d147ca0_0, v0x86d148500_0, v0x86d147de0_0;
E_0x86d11a700/2 .event anyedge, v0x86d147d40_0, v0x86d147c00_0, v0x86d147a20_0, v0x86d147980_0;
E_0x86d11a700 .event/or E_0x86d11a700/0, E_0x86d11a700/1, E_0x86d11a700/2;
S_0x86d142280 .scope module, "video_timing_instance" "video_timing" 22 40, 27 3 0, S_0x86d141b00;
 .timescale -9 -12;
    .port_info 0 /INPUT 1 "clk_50mhz";
    .port_info 1 /INPUT 1 "rst";
    .port_info 2 /OUTPUT 1 "pixel_clk";
    .port_info 3 /OUTPUT 1 "hsync";
    .port_info 4 /OUTPUT 1 "vsync";
    .port_info 5 /OUTPUT 1 "blank_n";
    .port_info 6 /OUTPUT 1 "display_active";
    .port_info 7 /OUTPUT 10 "pixel_x";
    .port_info 8 /OUTPUT 10 "pixel_y";
P_0x100bb9d10 .param/l "H_BACK_PORCH" 1 27 16, C4<0000110000>;
P_0x100bb9d50 .param/l "H_DISPLAY" 1 27 17, C4<1010000000>;
P_0x100bb9d90 .param/l "H_FRONT_PORCH" 1 27 18, C4<0000010000>;
P_0x100bb9dd0 .param/l "H_SYNC" 1 27 15, C4<0001100000>;
P_0x100bb9e10 .param/l "H_TOTAL" 1 27 19, C4<1100100000>;
P_0x100bb9e50 .param/l "V_BACK_PORCH" 1 27 22, C4<0000100001>;
P_0x100bb9e90 .param/l "V_DISPLAY" 1 27 23, C4<0111100000>;
P_0x100bb9ed0 .param/l "V_FRONT_PORCH" 1 27 24, C4<0000001010>;
P_0x100bb9f10 .param/l "V_SYNC" 1 27 21, C4<0000000010>;
P_0x100bb9f50 .param/l "V_TOTAL" 1 27 25, C4<1000001101>;
L_0x86d100a80 .functor BUFZ 1, v0x86d1497c0_0, C4<0>, C4<0>, C4<0>;
v0x86d149680_0 .var "blank_n", 0 0;
v0x86d149720_0 .net "clk_50mhz", 0 0, v0x86d14f340_0;  alias, 1 drivers
v0x86d1497c0_0 .var "clk_div2", 0 0;
v0x86d149860_0 .var "display_active", 0 0;
v0x86d149900_0 .var "hcount", 9 0;
v0x86d1499a0_0 .var "hsync", 0 0;
v0x86d149a40_0 .net "pixel_clk", 0 0, L_0x86d100a80;  alias, 1 drivers
v0x86d149ae0_0 .var "pixel_x", 9 0;
v0x86d149b80_0 .var "pixel_y", 9 0;
v0x86d149c20_0 .net "rst", 0 0, L_0x86d084770;  alias, 1 drivers
v0x86d149cc0_0 .var "vcount", 9 0;
v0x86d149d60_0 .var "vsync", 0 0;
E_0x86d11a9c0 .event anyedge, v0x86d149900_0, v0x86d149cc0_0, v0x86d148fa0_0;
E_0x86d11aa00 .event posedge, v0x86d111220_0, v0x86d149a40_0;
    .scope S_0x100ba54c0;
T_0 ;
    %wait E_0x86d119a40;
    %load/vec4 v0x86d113ca0_0;
    %flag_set/vec4 8;
    %jmp/0xz  T_0.0, 8;
    %pushi/vec4 0, 0, 4;
    %assign/vec4 v0x86d113d40_0, 0;
    %pushi/vec4 0, 0, 4;
    %assign/vec4 v0x86d113de0_0, 0;
    %jmp T_0.1;
T_0.0 ;
    %load/vec4 v0x86d113b60_0;
    %assign/vec4 v0x86d113d40_0, 0;
    %load/vec4 v0x86d113d40_0;
    %assign/vec4 v0x86d113de0_0, 0;
T_0.1 ;
    %jmp T_0;
    .thread T_0;
    .scope S_0x86d141980;
T_1 ;
    %wait E_0x86d119a40;
    %load/vec4 v0x86d1477a0_0;
    %flag_set/vec4 8;
    %jmp/0xz  T_1.0, 8;
    %pushi/vec4 0, 0, 10;
    %assign/vec4 v0x86d147840_0, 0;
    %pushi/vec4 0, 0, 10;
    %assign/vec4 v0x86d1478e0_0, 0;
    %jmp T_1.1;
T_1.0 ;
    %load/vec4 v0x86d147660_0;
    %assign/vec4 v0x86d147840_0, 0;
    %load/vec4 v0x86d147840_0;
    %assign/vec4 v0x86d1478e0_0, 0;
T_1.1 ;
    %jmp T_1;
    .thread T_1;
    .scope S_0x86d140180;
T_2 ;
    %wait E_0x86d119a40;
    %load/vec4 v0x86d13dd60_0;
    %flag_set/vec4 8;
    %jmp/0xz  T_2.0, 8;
    %pushi/vec4 0, 0, 32;
    %store/vec4 v0x86d13d9a0_0, 0, 32;
T_2.2 ; Top of for-loop
    %load/vec4 v0x86d13d9a0_0;
    %cmpi/s 16, 0, 32;
	  %jmp/0xz T_2.3, 5;
    %pushi/vec4 0, 0, 16;
    %ix/getv/s 3, v0x86d13d9a0_0;
    %ix/load 4, 0, 0; Constant delay
    %assign/vec4/a/d v0x86d13dcc0, 0, 4;
T_2.4 ; for-loop step statement
    %load/vec4 v0x86d13d9a0_0;
    %addi 1, 0, 32;
    %store/vec4 v0x86d13d9a0_0, 0, 32;
    %jmp T_2.2;
T_2.3 ; for-loop exit label
    %jmp T_2.1;
T_2.0 ;
    %load/vec4 v0x86d13df40_0;
    %flag_set/vec4 8;
    %jmp/0xz  T_2.5, 8;
    %load/vec4 v0x86d13dea0_0;
    %load/vec4 v0x86d13de00_0;
    %pad/u 6;
    %ix/vec4 3;
    %ix/load 4, 0, 0; Constant delay
    %assign/vec4/a/d v0x86d13dcc0, 0, 4;
T_2.5 ;
T_2.1 ;
    %jmp T_2;
    .thread T_2;
    .scope S_0x86d140000;
T_3 ;
    %wait E_0x86d119ec0;
    %load/vec4 v0x86d13d040_0;
    %parti/s 4, 0, 2;
    %store/vec4 v0x86d13d360_0, 0, 4;
    %load/vec4 v0x86d13d040_0;
    %parti/s 4, 8, 5;
    %store/vec4 v0x86d13d400_0, 0, 4;
    %load/vec4 v0x86d13d040_0;
    %parti/s 1, 7, 4;
    %replicate 8;
    %load/vec4 v0x86d13d040_0;
    %parti/s 8, 0, 2;
    %concat/vec4; draw_concat_vec4
    %store/vec4 v0x86d13cfa0_0, 0, 16;
    %load/vec4 v0x86d13d040_0;
    %parti/s 4, 12, 5;
    %load/vec4 v0x86d13d040_0;
    %parti/s 4, 4, 4;
    %concat/vec4; draw_concat_vec4
    %store/vec4 v0x86d13d180_0, 0, 8;
    %load/vec4 v0x86d13d040_0;
    %parti/s 4, 8, 5;
    %dup/vec4;
    %pushi/vec4 0, 0, 4;
    %cmp/u;
    %jmp/1 T_3.0, 6;
    %dup/vec4;
    %pushi/vec4 1, 0, 4;
    %cmp/u;
    %jmp/1 T_3.1, 6;
    %dup/vec4;
    %pushi/vec4 13, 0, 4;
    %cmp/u;
    %jmp/1 T_3.2, 6;
    %dup/vec4;
    %pushi/vec4 2, 0, 4;
    %cmp/u;
    %jmp/1 T_3.3, 6;
    %dup/vec4;
    %pushi/vec4 3, 0, 4;
    %cmp/u;
    %jmp/1 T_3.4, 6;
    %dup/vec4;
    %pushi/vec4 4, 0, 4;
    %cmp/u;
    %jmp/1 T_3.5, 6;
    %dup/vec4;
    %pushi/vec4 5, 0, 4;
    %cmp/u;
    %jmp/1 T_3.6, 6;
    %dup/vec4;
    %pushi/vec4 10, 0, 4;
    %cmp/u;
    %jmp/1 T_3.7, 6;
    %dup/vec4;
    %pushi/vec4 11, 0, 4;
    %cmp/u;
    %jmp/1 T_3.8, 6;
    %dup/vec4;
    %pushi/vec4 6, 0, 4;
    %cmp/u;
    %jmp/1 T_3.9, 6;
    %dup/vec4;
    %pushi/vec4 7, 0, 4;
    %cmp/u;
    %jmp/1 T_3.10, 6;
    %dup/vec4;
    %pushi/vec4 8, 0, 4;
    %cmp/u;
    %jmp/1 T_3.11, 6;
    %dup/vec4;
    %pushi/vec4 9, 0, 4;
    %cmp/u;
    %jmp/1 T_3.12, 6;
    %dup/vec4;
    %pushi/vec4 12, 0, 4;
    %cmp/u;
    %jmp/1 T_3.13, 6;
    %dup/vec4;
    %pushi/vec4 14, 0, 4;
    %cmp/u;
    %jmp/1 T_3.14, 6;
    %pushi/vec4 0, 0, 1;
    %store/vec4 v0x86d13cf00_0, 0, 1;
    %jmp T_3.16;
T_3.0 ;
    %load/vec4 v0x86d13d2c0_0;
    %parti/s 1, 1, 2;
    %store/vec4 v0x86d13cf00_0, 0, 1;
    %jmp T_3.16;
T_3.1 ;
    %load/vec4 v0x86d13d2c0_0;
    %parti/s 1, 1, 2;
    %inv;
    %store/vec4 v0x86d13cf00_0, 0, 1;
    %jmp T_3.16;
T_3.2 ;
    %load/vec4 v0x86d13d2c0_0;
    %parti/s 1, 0, 2;
    %load/vec4 v0x86d13d2c0_0;
    %parti/s 1, 1, 2;
    %or;
    %store/vec4 v0x86d13cf00_0, 0, 1;
    %jmp T_3.16;
T_3.3 ;
    %load/vec4 v0x86d13d2c0_0;
    %parti/s 1, 4, 4;
    %store/vec4 v0x86d13cf00_0, 0, 1;
    %jmp T_3.16;
T_3.4 ;
    %load/vec4 v0x86d13d2c0_0;
    %parti/s 1, 4, 4;
    %inv;
    %store/vec4 v0x86d13cf00_0, 0, 1;
    %jmp T_3.16;
T_3.5 ;
    %load/vec4 v0x86d13d2c0_0;
    %parti/s 1, 3, 3;
    %store/vec4 v0x86d13cf00_0, 0, 1;
    %jmp T_3.16;
T_3.6 ;
    %load/vec4 v0x86d13d2c0_0;
    %parti/s 1, 3, 3;
    %inv;
    %store/vec4 v0x86d13cf00_0, 0, 1;
    %jmp T_3.16;
T_3.7 ;
    %load/vec4 v0x86d13d2c0_0;
    %parti/s 1, 3, 3;
    %inv;
    %load/vec4 v0x86d13d2c0_0;
    %parti/s 1, 1, 2;
    %inv;
    %and;
    %store/vec4 v0x86d13cf00_0, 0, 1;
    %jmp T_3.16;
T_3.8 ;
    %load/vec4 v0x86d13d2c0_0;
    %parti/s 1, 3, 3;
    %load/vec4 v0x86d13d2c0_0;
    %parti/s 1, 1, 2;
    %or;
    %store/vec4 v0x86d13cf00_0, 0, 1;
    %jmp T_3.16;
T_3.9 ;
    %load/vec4 v0x86d13d2c0_0;
    %parti/s 1, 0, 2;
    %store/vec4 v0x86d13cf00_0, 0, 1;
    %jmp T_3.16;
T_3.10 ;
    %load/vec4 v0x86d13d2c0_0;
    %parti/s 1, 0, 2;
    %inv;
    %store/vec4 v0x86d13cf00_0, 0, 1;
    %jmp T_3.16;
T_3.11 ;
    %load/vec4 v0x86d13d2c0_0;
    %parti/s 1, 2, 3;
    %store/vec4 v0x86d13cf00_0, 0, 1;
    %jmp T_3.16;
T_3.12 ;
    %load/vec4 v0x86d13d2c0_0;
    %parti/s 1, 2, 3;
    %inv;
    %store/vec4 v0x86d13cf00_0, 0, 1;
    %jmp T_3.16;
T_3.13 ;
    %load/vec4 v0x86d13d2c0_0;
    %parti/s 1, 0, 2;
    %inv;
    %load/vec4 v0x86d13d2c0_0;
    %parti/s 1, 1, 2;
    %inv;
    %and;
    %store/vec4 v0x86d13cf00_0, 0, 1;
    %jmp T_3.16;
T_3.14 ;
    %pushi/vec4 1, 0, 1;
    %store/vec4 v0x86d13cf00_0, 0, 1;
    %jmp T_3.16;
T_3.16 ;
    %pop/vec4 1;
    %load/vec4 v0x86d13d180_0;
    %dup/vec4;
    %pushi/vec4 192, 15, 8;
    %cmp/z;
    %jmp/1 T_3.17, 4;
    %dup/vec4;
    %pushi/vec4 76, 0, 8;
    %cmp/z;
    %jmp/1 T_3.18, 4;
    %load/vec4 v0x86d13d220_0;
    %addi 1, 0, 16;
    %store/vec4 v0x86d13d0e0_0, 0, 16;
    %jmp T_3.20;
T_3.17 ;
    %load/vec4 v0x86d13cf00_0;
    %flag_set/vec4 8;
    %jmp/0xz  T_3.21, 8;
    %load/vec4 v0x86d13d220_0;
    %load/vec4 v0x86d13cfa0_0;
    %add;
    %store/vec4 v0x86d13d0e0_0, 0, 16;
    %jmp T_3.22;
T_3.21 ;
    %load/vec4 v0x86d13d220_0;
    %addi 1, 0, 16;
    %store/vec4 v0x86d13d0e0_0, 0, 16;
T_3.22 ;
    %jmp T_3.20;
T_3.18 ;
    %load/vec4 v0x86d13cf00_0;
    %flag_set/vec4 8;
    %jmp/0xz  T_3.23, 8;
    %load/vec4 v0x86d13d4a0_0;
    %store/vec4 v0x86d13d0e0_0, 0, 16;
    %jmp T_3.24;
T_3.23 ;
    %load/vec4 v0x86d13d220_0;
    %addi 1, 0, 16;
    %store/vec4 v0x86d13d0e0_0, 0, 16;
T_3.24 ;
    %jmp T_3.20;
T_3.20 ;
    %pop/vec4 1;
    %jmp T_3;
    .thread T_3, $push;
    .scope S_0x100ba9880;
T_4 ;
    %wait E_0x86d119e40;
    %load/vec4 v0x86d113e80_0;
    %store/vec4 v0x86d13c5a0_0, 0, 16;
    %load/vec4 v0x86d113f20_0;
    %store/vec4 v0x86d13c640_0, 0, 16;
    %pushi/vec4 0, 0, 17;
    %store/vec4 v0x86d13c6e0_0, 0, 17;
    %load/vec4 v0x86d13c5a0_0;
    %pad/s 32;
    %store/vec4 v0x86d13c500_0, 0, 32;
    %pushi/vec4 0, 0, 16;
    %store/vec4 v0x86d13c460_0, 0, 16;
    %pushi/vec4 0, 0, 1;
    %store/vec4 v0x86d13c000_0, 0, 1;
    %pushi/vec4 0, 0, 1;
    %store/vec4 v0x86d13c280_0, 0, 1;
    %pushi/vec4 0, 0, 1;
    %store/vec4 v0x86d13c140_0, 0, 1;
    %pushi/vec4 0, 0, 1;
    %store/vec4 v0x86d13c780_0, 0, 1;
    %pushi/vec4 0, 0, 1;
    %store/vec4 v0x86d13c320_0, 0, 1;
    %load/vec4 v0x86d13c3c0_0;
    %dup/vec4;
    %pushi/vec4 5, 0, 8;
    %cmp/z;
    %jmp/1 T_4.0, 4;
    %dup/vec4;
    %pushi/vec4 80, 15, 8;
    %cmp/z;
    %jmp/1 T_4.1, 4;
    %dup/vec4;
    %pushi/vec4 6, 0, 8;
    %cmp/z;
    %jmp/1 T_4.2, 4;
    %dup/vec4;
    %pushi/vec4 96, 15, 8;
    %cmp/z;
    %jmp/1 T_4.3, 4;
    %dup/vec4;
    %pushi/vec4 7, 0, 8;
    %cmp/z;
    %jmp/1 T_4.4, 4;
    %dup/vec4;
    %pushi/vec4 112, 15, 8;
    %cmp/z;
    %jmp/1 T_4.5, 4;
    %dup/vec4;
    %pushi/vec4 9, 0, 8;
    %cmp/z;
    %jmp/1 T_4.6, 4;
    %dup/vec4;
    %pushi/vec4 144, 15, 8;
    %cmp/z;
    %jmp/1 T_4.7, 4;
    %dup/vec4;
    %pushi/vec4 11, 0, 8;
    %cmp/z;
    %jmp/1 T_4.8, 4;
    %dup/vec4;
    %pushi/vec4 176, 15, 8;
    %cmp/z;
    %jmp/1 T_4.9, 4;
    %dup/vec4;
    %pushi/vec4 1, 0, 8;
    %cmp/z;
    %jmp/1 T_4.10, 4;
    %dup/vec4;
    %pushi/vec4 2, 0, 8;
    %cmp/z;
    %jmp/1 T_4.11, 4;
    %dup/vec4;
    %pushi/vec4 3, 0, 8;
    %cmp/z;
    %jmp/1 T_4.12, 4;
    %dup/vec4;
    %pushi/vec4 4, 0, 8;
    %cmp/z;
    %jmp/1 T_4.13, 4;
    %dup/vec4;
    %pushi/vec4 132, 0, 8;
    %cmp/z;
    %jmp/1 T_4.14, 4;
    %dup/vec4;
    %pushi/vec4 128, 1, 8;
    %cmp/z;
    %jmp/1 T_4.15, 4;
    %dup/vec4;
    %pushi/vec4 136, 1, 8;
    %cmp/z;
    %jmp/1 T_4.16, 4;
    %dup/vec4;
    %pushi/vec4 138, 1, 8;
    %cmp/z;
    %jmp/1 T_4.17, 4;
    %dup/vec4;
    %pushi/vec4 134, 0, 8;
    %cmp/z;
    %jmp/1 T_4.18, 4;
    %dup/vec4;
    %pushi/vec4 130, 1, 8;
    %cmp/z;
    %jmp/1 T_4.19, 4;
    %load/vec4 v0x86d113f20_0;
    %store/vec4 v0x86d13c460_0, 0, 16;
    %load/vec4 v0x86d13c460_0;
    %pushi/vec4 0, 0, 16;
    %cmp/e;
    %flag_get/vec4 4;
    %store/vec4 v0x86d13c780_0, 0, 1;
    %load/vec4 v0x86d13c460_0;
    %parti/s 1, 15, 5;
    %store/vec4 v0x86d13c320_0, 0, 1;
    %jmp T_4.21;
T_4.0 ;
    %pushi/vec4 0, 0, 1;
    %load/vec4 v0x86d113f20_0;
    %concat/vec4; draw_concat_vec4
    %pushi/vec4 0, 0, 1;
    %load/vec4 v0x86d113e80_0;
    %concat/vec4; draw_concat_vec4
    %add;
    %store/vec4 v0x86d13c6e0_0, 0, 17;
    %load/vec4 v0x86d13c6e0_0;
    %parti/s 16, 0, 2;
    %store/vec4 v0x86d13c460_0, 0, 16;
    %load/vec4 v0x86d13c6e0_0;
    %parti/s 1, 16, 6;
    %store/vec4 v0x86d13c000_0, 0, 1;
    %load/vec4 v0x86d113f20_0;
    %load/vec4 v0x86d113e80_0;
    %cmp/u;
    %flag_get/vec4 5;
    %store/vec4 v0x86d13c280_0, 0, 1;
    %load/vec4 v0x86d113f20_0;
    %parti/s 1, 15, 5;
    %load/vec4 v0x86d113e80_0;
    %parti/s 1, 15, 5;
    %xor;
    %inv;
    %load/vec4 v0x86d13c460_0;
    %parti/s 1, 15, 5;
    %load/vec4 v0x86d113f20_0;
    %parti/s 1, 15, 5;
    %xor;
    %and;
    %store/vec4 v0x86d13c140_0, 0, 1;
    %load/vec4 v0x86d13c460_0;
    %pushi/vec4 0, 0, 16;
    %cmp/e;
    %flag_get/vec4 4;
    %store/vec4 v0x86d13c780_0, 0, 1;
    %load/vec4 v0x86d13c460_0;
    %parti/s 1, 15, 5;
    %store/vec4 v0x86d13c320_0, 0, 1;
    %jmp T_4.21;
T_4.1 ;
    %pushi/vec4 0, 0, 1;
    %load/vec4 v0x86d113f20_0;
    %concat/vec4; draw_concat_vec4
    %pushi/vec4 0, 0, 1;
    %load/vec4 v0x86d113e80_0;
    %concat/vec4; draw_concat_vec4
    %add;
    %store/vec4 v0x86d13c6e0_0, 0, 17;
    %load/vec4 v0x86d13c6e0_0;
    %parti/s 16, 0, 2;
    %store/vec4 v0x86d13c460_0, 0, 16;
    %load/vec4 v0x86d13c6e0_0;
    %parti/s 1, 16, 6;
    %store/vec4 v0x86d13c000_0, 0, 1;
    %load/vec4 v0x86d113f20_0;
    %load/vec4 v0x86d113e80_0;
    %cmp/u;
    %flag_get/vec4 5;
    %store/vec4 v0x86d13c280_0, 0, 1;
    %load/vec4 v0x86d113f20_0;
    %parti/s 1, 15, 5;
    %load/vec4 v0x86d113e80_0;
    %parti/s 1, 15, 5;
    %xor;
    %inv;
    %load/vec4 v0x86d13c460_0;
    %parti/s 1, 15, 5;
    %load/vec4 v0x86d113f20_0;
    %parti/s 1, 15, 5;
    %xor;
    %and;
    %store/vec4 v0x86d13c140_0, 0, 1;
    %load/vec4 v0x86d13c460_0;
    %pushi/vec4 0, 0, 16;
    %cmp/e;
    %flag_get/vec4 4;
    %store/vec4 v0x86d13c780_0, 0, 1;
    %load/vec4 v0x86d13c460_0;
    %parti/s 1, 15, 5;
    %store/vec4 v0x86d13c320_0, 0, 1;
    %jmp T_4.21;
T_4.2 ;
    %pushi/vec4 0, 0, 1;
    %load/vec4 v0x86d113f20_0;
    %concat/vec4; draw_concat_vec4
    %pushi/vec4 0, 0, 1;
    %load/vec4 v0x86d113e80_0;
    %concat/vec4; draw_concat_vec4
    %add;
    %store/vec4 v0x86d13c6e0_0, 0, 17;
    %load/vec4 v0x86d13c6e0_0;
    %parti/s 16, 0, 2;
    %store/vec4 v0x86d13c460_0, 0, 16;
    %load/vec4 v0x86d13c6e0_0;
    %parti/s 1, 16, 6;
    %store/vec4 v0x86d13c000_0, 0, 1;
    %load/vec4 v0x86d113f20_0;
    %load/vec4 v0x86d113e80_0;
    %cmp/u;
    %flag_get/vec4 5;
    %store/vec4 v0x86d13c280_0, 0, 1;
    %load/vec4 v0x86d13c460_0;
    %pushi/vec4 0, 0, 16;
    %cmp/e;
    %flag_get/vec4 4;
    %store/vec4 v0x86d13c780_0, 0, 1;
    %load/vec4 v0x86d13c460_0;
    %parti/s 1, 15, 5;
    %store/vec4 v0x86d13c320_0, 0, 1;
    %jmp T_4.21;
T_4.3 ;
    %pushi/vec4 0, 0, 1;
    %load/vec4 v0x86d113f20_0;
    %concat/vec4; draw_concat_vec4
    %pushi/vec4 0, 0, 1;
    %load/vec4 v0x86d113e80_0;
    %concat/vec4; draw_concat_vec4
    %add;
    %store/vec4 v0x86d13c6e0_0, 0, 17;
    %load/vec4 v0x86d13c6e0_0;
    %parti/s 16, 0, 2;
    %store/vec4 v0x86d13c460_0, 0, 16;
    %load/vec4 v0x86d13c6e0_0;
    %parti/s 1, 16, 6;
    %store/vec4 v0x86d13c000_0, 0, 1;
    %load/vec4 v0x86d113f20_0;
    %load/vec4 v0x86d113e80_0;
    %cmp/u;
    %flag_get/vec4 5;
    %store/vec4 v0x86d13c280_0, 0, 1;
    %load/vec4 v0x86d13c460_0;
    %pushi/vec4 0, 0, 16;
    %cmp/e;
    %flag_get/vec4 4;
    %store/vec4 v0x86d13c780_0, 0, 1;
    %load/vec4 v0x86d13c460_0;
    %parti/s 1, 15, 5;
    %store/vec4 v0x86d13c320_0, 0, 1;
    %jmp T_4.21;
T_4.4 ;
    %pushi/vec4 0, 0, 1;
    %load/vec4 v0x86d113f20_0;
    %concat/vec4; draw_concat_vec4
    %pushi/vec4 0, 0, 1;
    %load/vec4 v0x86d113e80_0;
    %concat/vec4; draw_concat_vec4
    %add;
    %load/vec4 v0x86d13c0a0_0;
    %pad/u 17;
    %add;
    %store/vec4 v0x86d13c6e0_0, 0, 17;
    %load/vec4 v0x86d13c6e0_0;
    %parti/s 16, 0, 2;
    %store/vec4 v0x86d13c460_0, 0, 16;
    %load/vec4 v0x86d13c6e0_0;
    %parti/s 1, 16, 6;
    %store/vec4 v0x86d13c000_0, 0, 1;
    %load/vec4 v0x86d113f20_0;
    %load/vec4 v0x86d113e80_0;
    %load/vec4 v0x86d13c0a0_0;
    %pad/u 16;
    %add;
    %cmp/u;
    %flag_get/vec4 5;
    %store/vec4 v0x86d13c280_0, 0, 1;
    %load/vec4 v0x86d113f20_0;
    %parti/s 1, 15, 5;
    %load/vec4 v0x86d113e80_0;
    %parti/s 1, 15, 5;
    %xor;
    %inv;
    %load/vec4 v0x86d13c460_0;
    %parti/s 1, 15, 5;
    %load/vec4 v0x86d113f20_0;
    %parti/s 1, 15, 5;
    %xor;
    %and;
    %store/vec4 v0x86d13c140_0, 0, 1;
    %load/vec4 v0x86d13c460_0;
    %pushi/vec4 0, 0, 16;
    %cmp/e;
    %flag_get/vec4 4;
    %store/vec4 v0x86d13c780_0, 0, 1;
    %load/vec4 v0x86d13c460_0;
    %parti/s 1, 15, 5;
    %store/vec4 v0x86d13c320_0, 0, 1;
    %jmp T_4.21;
T_4.5 ;
    %pushi/vec4 0, 0, 1;
    %load/vec4 v0x86d113f20_0;
    %concat/vec4; draw_concat_vec4
    %pushi/vec4 0, 0, 1;
    %load/vec4 v0x86d113e80_0;
    %concat/vec4; draw_concat_vec4
    %add;
    %load/vec4 v0x86d13c0a0_0;
    %pad/u 17;
    %add;
    %store/vec4 v0x86d13c6e0_0, 0, 17;
    %load/vec4 v0x86d13c6e0_0;
    %parti/s 16, 0, 2;
    %store/vec4 v0x86d13c460_0, 0, 16;
    %load/vec4 v0x86d13c6e0_0;
    %parti/s 1, 16, 6;
    %store/vec4 v0x86d13c000_0, 0, 1;
    %load/vec4 v0x86d113f20_0;
    %load/vec4 v0x86d113e80_0;
    %load/vec4 v0x86d13c0a0_0;
    %pad/u 16;
    %add;
    %cmp/u;
    %flag_get/vec4 5;
    %store/vec4 v0x86d13c280_0, 0, 1;
    %load/vec4 v0x86d113f20_0;
    %parti/s 1, 15, 5;
    %load/vec4 v0x86d113e80_0;
    %parti/s 1, 15, 5;
    %xor;
    %inv;
    %load/vec4 v0x86d13c460_0;
    %parti/s 1, 15, 5;
    %load/vec4 v0x86d113f20_0;
    %parti/s 1, 15, 5;
    %xor;
    %and;
    %store/vec4 v0x86d13c140_0, 0, 1;
    %load/vec4 v0x86d13c460_0;
    %pushi/vec4 0, 0, 16;
    %cmp/e;
    %flag_get/vec4 4;
    %store/vec4 v0x86d13c780_0, 0, 1;
    %load/vec4 v0x86d13c460_0;
    %parti/s 1, 15, 5;
    %store/vec4 v0x86d13c320_0, 0, 1;
    %jmp T_4.21;
T_4.6 ;
    %pushi/vec4 0, 0, 1;
    %load/vec4 v0x86d113f20_0;
    %concat/vec4; draw_concat_vec4
    %pushi/vec4 0, 0, 1;
    %load/vec4 v0x86d113e80_0;
    %inv;
    %concat/vec4; draw_concat_vec4
    %add;
    %addi 1, 0, 17;
    %store/vec4 v0x86d13c6e0_0, 0, 17;
    %load/vec4 v0x86d13c6e0_0;
    %parti/s 16, 0, 2;
    %store/vec4 v0x86d13c460_0, 0, 16;
    %load/vec4 v0x86d13c6e0_0;
    %parti/s 1, 16, 6;
    %store/vec4 v0x86d13c000_0, 0, 1;
    %load/vec4 v0x86d113f20_0;
    %load/vec4 v0x86d113e80_0;
    %cmp/u;
    %flag_get/vec4 5;
    %store/vec4 v0x86d13c280_0, 0, 1;
    %load/vec4 v0x86d113f20_0;
    %parti/s 1, 15, 5;
    %load/vec4 v0x86d113e80_0;
    %parti/s 1, 15, 5;
    %xor;
    %load/vec4 v0x86d13c460_0;
    %parti/s 1, 15, 5;
    %load/vec4 v0x86d113f20_0;
    %parti/s 1, 15, 5;
    %xor;
    %and;
    %store/vec4 v0x86d13c140_0, 0, 1;
    %load/vec4 v0x86d13c460_0;
    %pushi/vec4 0, 0, 16;
    %cmp/e;
    %flag_get/vec4 4;
    %store/vec4 v0x86d13c780_0, 0, 1;
    %load/vec4 v0x86d13c640_0;
    %load/vec4 v0x86d13c5a0_0;
    %cmp/s;
    %flag_get/vec4 5;
    %store/vec4 v0x86d13c320_0, 0, 1;
    %jmp T_4.21;
T_4.7 ;
    %pushi/vec4 0, 0, 1;
    %load/vec4 v0x86d113f20_0;
    %concat/vec4; draw_concat_vec4
    %pushi/vec4 0, 0, 1;
    %load/vec4 v0x86d113e80_0;
    %inv;
    %concat/vec4; draw_concat_vec4
    %add;
    %addi 1, 0, 17;
    %store/vec4 v0x86d13c6e0_0, 0, 17;
    %load/vec4 v0x86d13c6e0_0;
    %parti/s 16, 0, 2;
    %store/vec4 v0x86d13c460_0, 0, 16;
    %load/vec4 v0x86d13c6e0_0;
    %parti/s 1, 16, 6;
    %store/vec4 v0x86d13c000_0, 0, 1;
    %load/vec4 v0x86d113f20_0;
    %load/vec4 v0x86d113e80_0;
    %cmp/u;
    %flag_get/vec4 5;
    %store/vec4 v0x86d13c280_0, 0, 1;
    %load/vec4 v0x86d113f20_0;
    %parti/s 1, 15, 5;
    %load/vec4 v0x86d113e80_0;
    %parti/s 1, 15, 5;
    %xor;
    %load/vec4 v0x86d13c460_0;
    %parti/s 1, 15, 5;
    %load/vec4 v0x86d113f20_0;
    %parti/s 1, 15, 5;
    %xor;
    %and;
    %store/vec4 v0x86d13c140_0, 0, 1;
    %load/vec4 v0x86d13c460_0;
    %pushi/vec4 0, 0, 16;
    %cmp/e;
    %flag_get/vec4 4;
    %store/vec4 v0x86d13c780_0, 0, 1;
    %load/vec4 v0x86d13c640_0;
    %load/vec4 v0x86d13c5a0_0;
    %cmp/s;
    %flag_get/vec4 5;
    %store/vec4 v0x86d13c320_0, 0, 1;
    %jmp T_4.21;
T_4.8 ;
    %pushi/vec4 0, 0, 16;
    %store/vec4 v0x86d13c460_0, 0, 16;
    %load/vec4 v0x86d113e80_0;
    %load/vec4 v0x86d113f20_0;
    %cmp/u;
    %flag_get/vec4 4;
    %flag_get/vec4 5;
    %or;
    %store/vec4 v0x86d13c000_0, 0, 1;
    %load/vec4 v0x86d113f20_0;
    %load/vec4 v0x86d113e80_0;
    %cmp/u;
    %flag_get/vec4 5;
    %store/vec4 v0x86d13c280_0, 0, 1;
    %load/vec4 v0x86d13c640_0;
    %load/vec4 v0x86d13c5a0_0;
    %cmp/e;
    %flag_get/vec4 4;
    %store/vec4 v0x86d13c780_0, 0, 1;
    %load/vec4 v0x86d13c640_0;
    %load/vec4 v0x86d13c5a0_0;
    %cmp/s;
    %flag_get/vec4 5;
    %store/vec4 v0x86d13c320_0, 0, 1;
    %jmp T_4.21;
T_4.9 ;
    %pushi/vec4 0, 0, 16;
    %store/vec4 v0x86d13c460_0, 0, 16;
    %load/vec4 v0x86d113e80_0;
    %load/vec4 v0x86d113f20_0;
    %cmp/u;
    %flag_get/vec4 4;
    %flag_get/vec4 5;
    %or;
    %store/vec4 v0x86d13c000_0, 0, 1;
    %load/vec4 v0x86d113f20_0;
    %load/vec4 v0x86d113e80_0;
    %cmp/u;
    %flag_get/vec4 5;
    %store/vec4 v0x86d13c280_0, 0, 1;
    %load/vec4 v0x86d13c640_0;
    %load/vec4 v0x86d13c5a0_0;
    %cmp/e;
    %flag_get/vec4 4;
    %store/vec4 v0x86d13c780_0, 0, 1;
    %load/vec4 v0x86d13c640_0;
    %load/vec4 v0x86d13c5a0_0;
    %cmp/s;
    %flag_get/vec4 5;
    %store/vec4 v0x86d13c320_0, 0, 1;
    %jmp T_4.21;
T_4.10 ;
    %load/vec4 v0x86d113f20_0;
    %load/vec4 v0x86d113e80_0;
    %and;
    %store/vec4 v0x86d13c460_0, 0, 16;
    %load/vec4 v0x86d13c460_0;
    %pushi/vec4 0, 0, 16;
    %cmp/e;
    %flag_get/vec4 4;
    %store/vec4 v0x86d13c780_0, 0, 1;
    %load/vec4 v0x86d13c460_0;
    %parti/s 1, 15, 5;
    %store/vec4 v0x86d13c320_0, 0, 1;
    %jmp T_4.21;
T_4.11 ;
    %load/vec4 v0x86d113f20_0;
    %load/vec4 v0x86d113e80_0;
    %or;
    %store/vec4 v0x86d13c460_0, 0, 16;
    %load/vec4 v0x86d13c460_0;
    %pushi/vec4 0, 0, 16;
    %cmp/e;
    %flag_get/vec4 4;
    %store/vec4 v0x86d13c780_0, 0, 1;
    %load/vec4 v0x86d13c460_0;
    %parti/s 1, 15, 5;
    %store/vec4 v0x86d13c320_0, 0, 1;
    %jmp T_4.21;
T_4.12 ;
    %load/vec4 v0x86d113f20_0;
    %load/vec4 v0x86d113e80_0;
    %xor;
    %store/vec4 v0x86d13c460_0, 0, 16;
    %load/vec4 v0x86d13c460_0;
    %pushi/vec4 0, 0, 16;
    %cmp/e;
    %flag_get/vec4 4;
    %store/vec4 v0x86d13c780_0, 0, 1;
    %load/vec4 v0x86d13c460_0;
    %parti/s 1, 15, 5;
    %store/vec4 v0x86d13c320_0, 0, 1;
    %jmp T_4.21;
T_4.13 ;
    %load/vec4 v0x86d113e80_0;
    %inv;
    %store/vec4 v0x86d13c460_0, 0, 16;
    %load/vec4 v0x86d13c460_0;
    %pushi/vec4 0, 0, 16;
    %cmp/e;
    %flag_get/vec4 4;
    %store/vec4 v0x86d13c780_0, 0, 1;
    %load/vec4 v0x86d13c460_0;
    %parti/s 1, 15, 5;
    %store/vec4 v0x86d13c320_0, 0, 1;
    %jmp T_4.21;
T_4.14 ;
    %load/vec4 v0x86d13c500_0;
    %cmpi/s 0, 0, 32;
    %flag_inv 5; GE is !LT
    %jmp/0xz  T_4.22, 5;
    %load/vec4 v0x86d113f20_0;
    %load/vec4 v0x86d13c500_0;
    %ix/vec4 4;
    %shiftl 4;
    %store/vec4 v0x86d13c460_0, 0, 16;
    %jmp T_4.23;
T_4.22 ;
    %load/vec4 v0x86d113f20_0;
    %load/vec4 v0x86d13c500_0;
    %inv;
    %addi 1, 0, 32;
    %ix/vec4 4;
    %shiftr 4;
    %store/vec4 v0x86d13c460_0, 0, 16;
T_4.23 ;
    %load/vec4 v0x86d13c460_0;
    %pushi/vec4 0, 0, 16;
    %cmp/e;
    %flag_get/vec4 4;
    %store/vec4 v0x86d13c780_0, 0, 1;
    %load/vec4 v0x86d13c460_0;
    %parti/s 1, 15, 5;
    %store/vec4 v0x86d13c320_0, 0, 1;
    %jmp T_4.21;
T_4.15 ;
    %load/vec4 v0x86d13c500_0;
    %cmpi/s 0, 0, 32;
    %flag_inv 5; GE is !LT
    %jmp/0xz  T_4.24, 5;
    %load/vec4 v0x86d113f20_0;
    %load/vec4 v0x86d13c500_0;
    %ix/vec4 4;
    %shiftl 4;
    %store/vec4 v0x86d13c460_0, 0, 16;
    %jmp T_4.25;
T_4.24 ;
    %load/vec4 v0x86d113f20_0;
    %load/vec4 v0x86d13c500_0;
    %inv;
    %addi 1, 0, 32;
    %ix/vec4 4;
    %shiftr 4;
    %store/vec4 v0x86d13c460_0, 0, 16;
T_4.25 ;
    %load/vec4 v0x86d13c460_0;
    %pushi/vec4 0, 0, 16;
    %cmp/e;
    %flag_get/vec4 4;
    %store/vec4 v0x86d13c780_0, 0, 1;
    %load/vec4 v0x86d13c460_0;
    %parti/s 1, 15, 5;
    %store/vec4 v0x86d13c320_0, 0, 1;
    %jmp T_4.21;
T_4.16 ;
    %load/vec4 v0x86d13c500_0;
    %cmpi/s 0, 0, 32;
    %flag_inv 5; GE is !LT
    %jmp/0xz  T_4.26, 5;
    %load/vec4 v0x86d113f20_0;
    %load/vec4 v0x86d13c500_0;
    %ix/vec4 4;
    %shiftr 4;
    %store/vec4 v0x86d13c460_0, 0, 16;
    %jmp T_4.27;
T_4.26 ;
    %load/vec4 v0x86d113f20_0;
    %load/vec4 v0x86d13c500_0;
    %inv;
    %addi 1, 0, 32;
    %ix/vec4 4;
    %shiftl 4;
    %store/vec4 v0x86d13c460_0, 0, 16;
T_4.27 ;
    %load/vec4 v0x86d13c460_0;
    %pushi/vec4 0, 0, 16;
    %cmp/e;
    %flag_get/vec4 4;
    %store/vec4 v0x86d13c780_0, 0, 1;
    %load/vec4 v0x86d13c460_0;
    %parti/s 1, 15, 5;
    %store/vec4 v0x86d13c320_0, 0, 1;
    %jmp T_4.21;
T_4.17 ;
    %load/vec4 v0x86d13c500_0;
    %cmpi/s 0, 0, 32;
    %flag_inv 5; GE is !LT
    %jmp/0xz  T_4.28, 5;
    %load/vec4 v0x86d113f20_0;
    %load/vec4 v0x86d13c500_0;
    %ix/vec4 4;
    %shiftr 4;
    %store/vec4 v0x86d13c460_0, 0, 16;
    %jmp T_4.29;
T_4.28 ;
    %load/vec4 v0x86d113f20_0;
    %load/vec4 v0x86d13c500_0;
    %inv;
    %addi 1, 0, 32;
    %ix/vec4 4;
    %shiftl 4;
    %store/vec4 v0x86d13c460_0, 0, 16;
T_4.29 ;
    %load/vec4 v0x86d13c460_0;
    %pushi/vec4 0, 0, 16;
    %cmp/e;
    %flag_get/vec4 4;
    %store/vec4 v0x86d13c780_0, 0, 1;
    %load/vec4 v0x86d13c460_0;
    %parti/s 1, 15, 5;
    %store/vec4 v0x86d13c320_0, 0, 1;
    %jmp T_4.21;
T_4.18 ;
    %load/vec4 v0x86d13c500_0;
    %cmpi/s 0, 0, 32;
    %flag_inv 5; GE is !LT
    %jmp/0xz  T_4.30, 5;
    %load/vec4 v0x86d113f20_0;
    %load/vec4 v0x86d13c500_0;
    %ix/vec4 4;
    %shiftr/s 4;
    %store/vec4 v0x86d13c460_0, 0, 16;
    %jmp T_4.31;
T_4.30 ;
    %load/vec4 v0x86d113f20_0;
    %load/vec4 v0x86d13c500_0;
    %inv;
    %addi 1, 0, 32;
    %ix/vec4 4;
    %shiftl 4;
    %store/vec4 v0x86d13c460_0, 0, 16;
T_4.31 ;
    %load/vec4 v0x86d13c460_0;
    %pushi/vec4 0, 0, 16;
    %cmp/e;
    %flag_get/vec4 4;
    %store/vec4 v0x86d13c780_0, 0, 1;
    %load/vec4 v0x86d13c460_0;
    %parti/s 1, 15, 5;
    %store/vec4 v0x86d13c320_0, 0, 1;
    %jmp T_4.21;
T_4.19 ;
    %load/vec4 v0x86d13c500_0;
    %cmpi/s 0, 0, 32;
    %flag_inv 5; GE is !LT
    %jmp/0xz  T_4.32, 5;
    %load/vec4 v0x86d113f20_0;
    %load/vec4 v0x86d13c500_0;
    %ix/vec4 4;
    %shiftr/s 4;
    %store/vec4 v0x86d13c460_0, 0, 16;
    %jmp T_4.33;
T_4.32 ;
    %load/vec4 v0x86d113f20_0;
    %load/vec4 v0x86d13c500_0;
    %inv;
    %addi 1, 0, 32;
    %ix/vec4 4;
    %shiftl 4;
    %store/vec4 v0x86d13c460_0, 0, 16;
T_4.33 ;
    %load/vec4 v0x86d13c460_0;
    %pushi/vec4 0, 0, 16;
    %cmp/e;
    %flag_get/vec4 4;
    %store/vec4 v0x86d13c780_0, 0, 1;
    %load/vec4 v0x86d13c460_0;
    %parti/s 1, 15, 5;
    %store/vec4 v0x86d13c320_0, 0, 1;
    %jmp T_4.21;
T_4.21 ;
    %pop/vec4 1;
    %load/vec4 v0x86d13c000_0;
    %load/vec4 v0x86d13c280_0;
    %concat/vec4; draw_concat_vec4
    %load/vec4 v0x86d13c140_0;
    %concat/vec4; draw_concat_vec4
    %load/vec4 v0x86d13c780_0;
    %concat/vec4; draw_concat_vec4
    %load/vec4 v0x86d13c320_0;
    %concat/vec4; draw_concat_vec4
    %store/vec4 v0x86d13c1e0_0, 0, 5;
    %jmp T_4;
    .thread T_4, $push;
    .scope S_0x100ba9a00;
T_5 ;
    %wait E_0x86d119e80;
    %pushi/vec4 0, 0, 2;
    %store/vec4 v0x86d13ca00_0, 0, 2;
    %pushi/vec4 0, 0, 1;
    %store/vec4 v0x86d13c960_0, 0, 1;
    %pushi/vec4 0, 0, 1;
    %store/vec4 v0x86d13ce60_0, 0, 1;
    %pushi/vec4 0, 0, 1;
    %store/vec4 v0x86d13cc80_0, 0, 1;
    %pushi/vec4 0, 0, 2;
    %store/vec4 v0x86d13cd20_0, 0, 2;
    %pushi/vec4 0, 0, 1;
    %store/vec4 v0x86d13c8c0_0, 0, 1;
    %pushi/vec4 0, 0, 1;
    %store/vec4 v0x86d13cb40_0, 0, 1;
    %pushi/vec4 0, 0, 1;
    %store/vec4 v0x86d13cbe0_0, 0, 1;
    %pushi/vec4 0, 0, 1;
    %store/vec4 v0x86d13c820_0, 0, 1;
    %load/vec4 v0x86d13cdc0_0;
    %dup/vec4;
    %pushi/vec4 0, 0, 2;
    %cmp/u;
    %jmp/1 T_5.0, 6;
    %dup/vec4;
    %pushi/vec4 1, 0, 2;
    %cmp/u;
    %jmp/1 T_5.1, 6;
    %dup/vec4;
    %pushi/vec4 2, 0, 2;
    %cmp/u;
    %jmp/1 T_5.2, 6;
    %dup/vec4;
    %pushi/vec4 3, 0, 2;
    %cmp/u;
    %jmp/1 T_5.3, 6;
    %pushi/vec4 0, 0, 2;
    %store/vec4 v0x86d13ca00_0, 0, 2;
    %jmp T_5.5;
T_5.0 ;
    %pushi/vec4 1, 0, 2;
    %store/vec4 v0x86d13ca00_0, 0, 2;
    %jmp T_5.5;
T_5.1 ;
    %pushi/vec4 1, 0, 1;
    %store/vec4 v0x86d13c8c0_0, 0, 1;
    %pushi/vec4 2, 0, 2;
    %store/vec4 v0x86d13ca00_0, 0, 2;
    %jmp T_5.5;
T_5.2 ;
    %pushi/vec4 1, 0, 1;
    %store/vec4 v0x86d13cb40_0, 0, 1;
    %pushi/vec4 0, 0, 2;
    %store/vec4 v0x86d13ca00_0, 0, 2;
    %load/vec4 v0x86d13caa0_0;
    %dup/vec4;
    %pushi/vec4 5, 0, 8;
    %cmp/z;
    %jmp/1 T_5.6, 4;
    %dup/vec4;
    %pushi/vec4 80, 15, 8;
    %cmp/z;
    %jmp/1 T_5.7, 4;
    %dup/vec4;
    %pushi/vec4 6, 0, 8;
    %cmp/z;
    %jmp/1 T_5.8, 4;
    %dup/vec4;
    %pushi/vec4 96, 15, 8;
    %cmp/z;
    %jmp/1 T_5.9, 4;
    %dup/vec4;
    %pushi/vec4 7, 0, 8;
    %cmp/z;
    %jmp/1 T_5.10, 4;
    %dup/vec4;
    %pushi/vec4 112, 15, 8;
    %cmp/z;
    %jmp/1 T_5.11, 4;
    %dup/vec4;
    %pushi/vec4 9, 0, 8;
    %cmp/z;
    %jmp/1 T_5.12, 4;
    %dup/vec4;
    %pushi/vec4 144, 15, 8;
    %cmp/z;
    %jmp/1 T_5.13, 4;
    %dup/vec4;
    %pushi/vec4 1, 0, 8;
    %cmp/z;
    %jmp/1 T_5.14, 4;
    %dup/vec4;
    %pushi/vec4 2, 0, 8;
    %cmp/z;
    %jmp/1 T_5.15, 4;
    %dup/vec4;
    %pushi/vec4 3, 0, 8;
    %cmp/z;
    %jmp/1 T_5.16, 4;
    %dup/vec4;
    %pushi/vec4 4, 0, 8;
    %cmp/z;
    %jmp/1 T_5.17, 4;
    %dup/vec4;
    %pushi/vec4 132, 0, 8;
    %cmp/z;
    %jmp/1 T_5.18, 4;
    %dup/vec4;
    %pushi/vec4 128, 1, 8;
    %cmp/z;
    %jmp/1 T_5.19, 4;
    %dup/vec4;
    %pushi/vec4 136, 1, 8;
    %cmp/z;
    %jmp/1 T_5.20, 4;
    %dup/vec4;
    %pushi/vec4 138, 1, 8;
    %cmp/z;
    %jmp/1 T_5.21, 4;
    %dup/vec4;
    %pushi/vec4 134, 0, 8;
    %cmp/z;
    %jmp/1 T_5.22, 4;
    %dup/vec4;
    %pushi/vec4 130, 1, 8;
    %cmp/z;
    %jmp/1 T_5.23, 4;
    %dup/vec4;
    %pushi/vec4 11, 0, 8;
    %cmp/z;
    %jmp/1 T_5.24, 4;
    %dup/vec4;
    %pushi/vec4 176, 15, 8;
    %cmp/z;
    %jmp/1 T_5.25, 4;
    %dup/vec4;
    %pushi/vec4 64, 0, 8;
    %cmp/z;
    %jmp/1 T_5.26, 4;
    %dup/vec4;
    %pushi/vec4 68, 0, 8;
    %cmp/z;
    %jmp/1 T_5.27, 4;
    %dup/vec4;
    %pushi/vec4 13, 0, 8;
    %cmp/z;
    %jmp/1 T_5.28, 4;
    %dup/vec4;
    %pushi/vec4 208, 15, 8;
    %cmp/z;
    %jmp/1 T_5.29, 4;
    %jmp T_5.31;
T_5.6 ;
    %pushi/vec4 1, 0, 1;
    %store/vec4 v0x86d13cc80_0, 0, 1;
    %pushi/vec4 1, 0, 1;
    %store/vec4 v0x86d13cbe0_0, 0, 1;
    %jmp T_5.31;
T_5.7 ;
    %pushi/vec4 1, 0, 1;
    %store/vec4 v0x86d13cc80_0, 0, 1;
    %pushi/vec4 1, 0, 1;
    %store/vec4 v0x86d13cbe0_0, 0, 1;
    %jmp T_5.31;
T_5.8 ;
    %pushi/vec4 1, 0, 1;
    %store/vec4 v0x86d13cc80_0, 0, 1;
    %pushi/vec4 1, 0, 1;
    %store/vec4 v0x86d13cbe0_0, 0, 1;
    %jmp T_5.31;
T_5.9 ;
    %pushi/vec4 1, 0, 1;
    %store/vec4 v0x86d13cc80_0, 0, 1;
    %pushi/vec4 1, 0, 1;
    %store/vec4 v0x86d13cbe0_0, 0, 1;
    %jmp T_5.31;
T_5.10 ;
    %pushi/vec4 1, 0, 1;
    %store/vec4 v0x86d13cc80_0, 0, 1;
    %pushi/vec4 1, 0, 1;
    %store/vec4 v0x86d13cbe0_0, 0, 1;
    %jmp T_5.31;
T_5.11 ;
    %pushi/vec4 1, 0, 1;
    %store/vec4 v0x86d13cc80_0, 0, 1;
    %pushi/vec4 1, 0, 1;
    %store/vec4 v0x86d13cbe0_0, 0, 1;
    %jmp T_5.31;
T_5.12 ;
    %pushi/vec4 1, 0, 1;
    %store/vec4 v0x86d13cc80_0, 0, 1;
    %pushi/vec4 1, 0, 1;
    %store/vec4 v0x86d13cbe0_0, 0, 1;
    %jmp T_5.31;
T_5.13 ;
    %pushi/vec4 1, 0, 1;
    %store/vec4 v0x86d13cc80_0, 0, 1;
    %pushi/vec4 1, 0, 1;
    %store/vec4 v0x86d13cbe0_0, 0, 1;
    %jmp T_5.31;
T_5.14 ;
    %pushi/vec4 1, 0, 1;
    %store/vec4 v0x86d13cc80_0, 0, 1;
    %pushi/vec4 1, 0, 1;
    %store/vec4 v0x86d13cbe0_0, 0, 1;
    %jmp T_5.31;
T_5.15 ;
    %pushi/vec4 1, 0, 1;
    %store/vec4 v0x86d13cc80_0, 0, 1;
    %pushi/vec4 1, 0, 1;
    %store/vec4 v0x86d13cbe0_0, 0, 1;
    %jmp T_5.31;
T_5.16 ;
    %pushi/vec4 1, 0, 1;
    %store/vec4 v0x86d13cc80_0, 0, 1;
    %pushi/vec4 1, 0, 1;
    %store/vec4 v0x86d13cbe0_0, 0, 1;
    %jmp T_5.31;
T_5.17 ;
    %pushi/vec4 1, 0, 1;
    %store/vec4 v0x86d13cc80_0, 0, 1;
    %pushi/vec4 1, 0, 1;
    %store/vec4 v0x86d13cbe0_0, 0, 1;
    %jmp T_5.31;
T_5.18 ;
    %pushi/vec4 1, 0, 1;
    %store/vec4 v0x86d13cc80_0, 0, 1;
    %pushi/vec4 1, 0, 1;
    %store/vec4 v0x86d13cbe0_0, 0, 1;
    %jmp T_5.31;
T_5.19 ;
    %pushi/vec4 1, 0, 1;
    %store/vec4 v0x86d13cc80_0, 0, 1;
    %pushi/vec4 1, 0, 1;
    %store/vec4 v0x86d13cbe0_0, 0, 1;
    %jmp T_5.31;
T_5.20 ;
    %pushi/vec4 1, 0, 1;
    %store/vec4 v0x86d13cc80_0, 0, 1;
    %pushi/vec4 1, 0, 1;
    %store/vec4 v0x86d13cbe0_0, 0, 1;
    %jmp T_5.31;
T_5.21 ;
    %pushi/vec4 1, 0, 1;
    %store/vec4 v0x86d13cc80_0, 0, 1;
    %pushi/vec4 1, 0, 1;
    %store/vec4 v0x86d13cbe0_0, 0, 1;
    %jmp T_5.31;
T_5.22 ;
    %pushi/vec4 1, 0, 1;
    %store/vec4 v0x86d13cc80_0, 0, 1;
    %pushi/vec4 1, 0, 1;
    %store/vec4 v0x86d13cbe0_0, 0, 1;
    %jmp T_5.31;
T_5.23 ;
    %pushi/vec4 1, 0, 1;
    %store/vec4 v0x86d13cc80_0, 0, 1;
    %pushi/vec4 1, 0, 1;
    %store/vec4 v0x86d13cbe0_0, 0, 1;
    %jmp T_5.31;
T_5.24 ;
    %pushi/vec4 1, 0, 1;
    %store/vec4 v0x86d13cbe0_0, 0, 1;
    %jmp T_5.31;
T_5.25 ;
    %pushi/vec4 1, 0, 1;
    %store/vec4 v0x86d13cbe0_0, 0, 1;
    %jmp T_5.31;
T_5.26 ;
    %pushi/vec4 1, 0, 1;
    %store/vec4 v0x86d13ce60_0, 0, 1;
    %pushi/vec4 3, 0, 2;
    %store/vec4 v0x86d13ca00_0, 0, 2;
    %jmp T_5.31;
T_5.27 ;
    %pushi/vec4 1, 0, 1;
    %store/vec4 v0x86d13ce60_0, 0, 1;
    %pushi/vec4 1, 0, 1;
    %store/vec4 v0x86d13c960_0, 0, 1;
    %jmp T_5.31;
T_5.28 ;
    %pushi/vec4 1, 0, 1;
    %store/vec4 v0x86d13cc80_0, 0, 1;
    %pushi/vec4 1, 0, 2;
    %store/vec4 v0x86d13cd20_0, 0, 2;
    %jmp T_5.31;
T_5.29 ;
    %pushi/vec4 1, 0, 1;
    %store/vec4 v0x86d13cc80_0, 0, 1;
    %pushi/vec4 2, 0, 2;
    %store/vec4 v0x86d13cd20_0, 0, 2;
    %jmp T_5.31;
T_5.31 ;
    %pop/vec4 1;
    %load/vec4 v0x86d13caa0_0;
    %dup/vec4;
    %pushi/vec4 80, 15, 8;
    %cmp/z;
    %jmp/1 T_5.32, 4;
    %dup/vec4;
    %pushi/vec4 96, 15, 8;
    %cmp/z;
    %jmp/1 T_5.33, 4;
    %dup/vec4;
    %pushi/vec4 112, 15, 8;
    %cmp/z;
    %jmp/1 T_5.34, 4;
    %dup/vec4;
    %pushi/vec4 144, 15, 8;
    %cmp/z;
    %jmp/1 T_5.35, 4;
    %dup/vec4;
    %pushi/vec4 176, 15, 8;
    %cmp/z;
    %jmp/1 T_5.36, 4;
    %dup/vec4;
    %pushi/vec4 128, 1, 8;
    %cmp/z;
    %jmp/1 T_5.37, 4;
    %dup/vec4;
    %pushi/vec4 138, 1, 8;
    %cmp/z;
    %jmp/1 T_5.38, 4;
    %dup/vec4;
    %pushi/vec4 130, 1, 8;
    %cmp/z;
    %jmp/1 T_5.39, 4;
    %jmp T_5.41;
T_5.32 ;
    %pushi/vec4 1, 0, 1;
    %store/vec4 v0x86d13c820_0, 0, 1;
    %jmp T_5.41;
T_5.33 ;
    %pushi/vec4 1, 0, 1;
    %store/vec4 v0x86d13c820_0, 0, 1;
    %jmp T_5.41;
T_5.34 ;
    %pushi/vec4 1, 0, 1;
    %store/vec4 v0x86d13c820_0, 0, 1;
    %jmp T_5.41;
T_5.35 ;
    %pushi/vec4 1, 0, 1;
    %store/vec4 v0x86d13c820_0, 0, 1;
    %jmp T_5.41;
T_5.36 ;
    %pushi/vec4 1, 0, 1;
    %store/vec4 v0x86d13c820_0, 0, 1;
    %jmp T_5.41;
T_5.37 ;
    %pushi/vec4 1, 0, 1;
    %store/vec4 v0x86d13c820_0, 0, 1;
    %jmp T_5.41;
T_5.38 ;
    %pushi/vec4 1, 0, 1;
    %store/vec4 v0x86d13c820_0, 0, 1;
    %jmp T_5.41;
T_5.39 ;
    %pushi/vec4 1, 0, 1;
    %store/vec4 v0x86d13c820_0, 0, 1;
    %jmp T_5.41;
T_5.41 ;
    %pop/vec4 1;
    %jmp T_5.5;
T_5.3 ;
    %pushi/vec4 1, 0, 1;
    %store/vec4 v0x86d13cc80_0, 0, 1;
    %pushi/vec4 3, 0, 2;
    %store/vec4 v0x86d13cd20_0, 0, 2;
    %pushi/vec4 0, 0, 2;
    %store/vec4 v0x86d13ca00_0, 0, 2;
    %jmp T_5.5;
T_5.5 ;
    %pop/vec4 1;
    %jmp T_5;
    .thread T_5, $push;
    .scope S_0x100ba5640;
T_6 ;
    %wait E_0x86d119dc0;
    %load/vec4 v0x86d13f340_0;
    %dup/vec4;
    %pushi/vec4 0, 0, 2;
    %cmp/u;
    %jmp/1 T_6.0, 6;
    %dup/vec4;
    %pushi/vec4 1, 0, 2;
    %cmp/u;
    %jmp/1 T_6.1, 6;
    %dup/vec4;
    %pushi/vec4 2, 0, 2;
    %cmp/u;
    %jmp/1 T_6.2, 6;
    %dup/vec4;
    %pushi/vec4 3, 0, 2;
    %cmp/u;
    %jmp/1 T_6.3, 6;
    %pushi/vec4 0, 0, 16;
    %store/vec4 v0x86d13f200_0, 0, 16;
    %jmp T_6.5;
T_6.0 ;
    %load/vec4 v0x86d13e300_0;
    %store/vec4 v0x86d13f200_0, 0, 16;
    %jmp T_6.5;
T_6.1 ;
    %load/vec4 v0x86d13f0c0_0;
    %store/vec4 v0x86d13f200_0, 0, 16;
    %jmp T_6.5;
T_6.2 ;
    %load/vec4 v0x86d13e6c0_0;
    %store/vec4 v0x86d13f200_0, 0, 16;
    %jmp T_6.5;
T_6.3 ;
    %load/vec4 v0x86d13e940_0;
    %store/vec4 v0x86d13f200_0, 0, 16;
    %jmp T_6.5;
T_6.5 ;
    %pop/vec4 1;
    %jmp T_6;
    .thread T_6, $push;
    .scope S_0x100ba5640;
T_7 ;
    %wait E_0x86d119a40;
    %load/vec4 v0x86d13f3e0_0;
    %flag_set/vec4 8;
    %jmp/0xz  T_7.0, 8;
    %pushi/vec4 0, 0, 2;
    %assign/vec4 v0x86d13f480_0, 0;
    %pushi/vec4 0, 0, 16;
    %assign/vec4 v0x86d13e760_0, 0;
    %pushi/vec4 0, 0, 16;
    %assign/vec4 v0x86d13ed00_0, 0;
    %pushi/vec4 0, 0, 16;
    %assign/vec4 v0x86d13ee40_0, 0;
    %jmp T_7.1;
T_7.0 ;
    %load/vec4 v0x86d13ebc0_0;
    %assign/vec4 v0x86d13f480_0, 0;
    %load/vec4 v0x86d13e800_0;
    %flag_set/vec4 8;
    %jmp/0xz  T_7.2, 8;
    %load/vec4 v0x86d13e940_0;
    %assign/vec4 v0x86d13e760_0, 0;
T_7.2 ;
    %load/vec4 v0x86d13eda0_0;
    %flag_set/vec4 8;
    %jmp/0xz  T_7.4, 8;
    %load/vec4 v0x86d13eb20_0;
    %assign/vec4 v0x86d13ed00_0, 0;
T_7.4 ;
    %load/vec4 v0x86d13eee0_0;
    %flag_set/vec4 8;
    %jmp/0xz  T_7.6, 8;
    %pushi/vec4 0, 0, 11;
    %load/vec4 v0x86d13e120_0;
    %concat/vec4; draw_concat_vec4
    %assign/vec4 v0x86d13ee40_0, 0;
T_7.6 ;
T_7.1 ;
    %jmp T_7;
    .thread T_7;
    .scope S_0x86d141800;
T_8 ;
    %pushi/vec4 0, 0, 32;
    %store/vec4 v0x86d145fe0_0, 0, 32;
T_8.0 ; Top of for-loop
    %load/vec4 v0x86d145fe0_0;
    %cmpi/s 1024, 0, 32;
	  %jmp/0xz T_8.1, 5;
    %pushi/vec4 0, 0, 16;
    %ix/getv/s 4, v0x86d145fe0_0;
    %store/vec4a v0x86d146120, 4, 0;
T_8.2 ; for-loop step statement
    %load/vec4 v0x86d145fe0_0;
    %addi 1, 0, 32;
    %store/vec4 v0x86d145fe0_0, 0, 32;
    %jmp T_8.0;
T_8.1 ; for-loop exit label
    %vpi_call/w 21 23 "$readmemh", P_0x100bb38e0, v0x86d146120 {0 0 0};
    %end;
    .thread T_8;
    .scope S_0x86d141800;
T_9 ;
    %wait E_0x86d11a3c0;
    %load/vec4 v0x86d145ea0_0;
    %pad/u 12;
    %ix/vec4 4;
    %load/vec4a v0x86d146120, 4;
    %assign/vec4 v0x86d146080_0, 0;
    %jmp T_9;
    .thread T_9;
    .scope S_0x86d140f00;
T_10 ;
    %pushi/vec4 0, 0, 32;
    %store/vec4 v0x86d144960_0, 0, 32;
T_10.0 ; Top of for-loop
    %load/vec4 v0x86d144960_0;
    %cmpi/s 1024, 0, 32;
	  %jmp/0xz T_10.1, 5;
    %pushi/vec4 0, 0, 16;
    %ix/getv/s 4, v0x86d144960_0;
    %store/vec4a v0x86d144a00, 4, 0;
T_10.2 ; for-loop step statement
    %load/vec4 v0x86d144960_0;
    %addi 1, 0, 32;
    %store/vec4 v0x86d144960_0, 0, 32;
    %jmp T_10.0;
T_10.1 ; for-loop exit label
    %end;
    .thread T_10;
    .scope S_0x86d140f00;
T_11 ;
    %wait E_0x86d11a3c0;
    %load/vec4 v0x86d144be0_0;
    %flag_set/vec4 8;
    %jmp/0xz  T_11.0, 8;
    %load/vec4 v0x86d144b40_0;
    %load/vec4 v0x86d144820_0;
    %pad/u 12;
    %ix/vec4 3;
    %ix/load 4, 0, 0; Constant delay
    %assign/vec4/a/d v0x86d144a00, 0, 4;
    %load/vec4 v0x86d144b40_0;
    %assign/vec4 v0x86d144aa0_0, 0;
    %jmp T_11.1;
T_11.0 ;
    %load/vec4 v0x86d144820_0;
    %pad/u 12;
    %ix/vec4 4;
    %load/vec4a v0x86d144a00, 4;
    %assign/vec4 v0x86d144aa0_0, 0;
T_11.1 ;
    %jmp T_11;
    .thread T_11;
    .scope S_0x86d141080;
T_12 ;
    %wait E_0x86d119a40;
    %load/vec4 v0x86d145c20_0;
    %flag_set/vec4 8;
    %jmp/0xz  T_12.0, 8;
    %pushi/vec4 256, 0, 16;
    %assign/vec4 v0x86d145a40_0, 0;
    %pushi/vec4 360, 0, 16;
    %assign/vec4 v0x86d145ae0_0, 0;
    %pushi/vec4 0, 0, 16;
    %assign/vec4 v0x86d145cc0_0, 0;
    %pushi/vec4 0, 0, 32;
    %store/vec4 v0x86d1455e0_0, 0, 32;
T_12.2 ; Top of for-loop
    %load/vec4 v0x86d1455e0_0;
    %cmpi/s 4, 0, 32;
	  %jmp/0xz T_12.3, 5;
    %pushi/vec4 48, 0, 32;
    %load/vec4 v0x86d1455e0_0;
    %muli 144, 0, 32;
    %add;
    %pad/u 16;
    %ix/getv/s 3, v0x86d1455e0_0;
    %ix/load 4, 0, 0; Constant delay
    %assign/vec4/a/d v0x86d145860, 0, 4;
    %pushi/vec4 400, 0, 32;
    %load/vec4 v0x86d1455e0_0;
    %muli 88, 0, 32;
    %sub;
    %pad/u 16;
    %ix/getv/s 3, v0x86d1455e0_0;
    %ix/load 4, 0, 0; Constant delay
    %assign/vec4/a/d v0x86d1459a0, 0, 4;
    %pushi/vec4 24592, 0, 16;
    %ix/getv/s 3, v0x86d1455e0_0;
    %ix/load 4, 0, 0; Constant delay
    %assign/vec4/a/d v0x86d145720, 0, 4;
T_12.4 ; for-loop step statement
    %load/vec4 v0x86d1455e0_0;
    %addi 1, 0, 32;
    %store/vec4 v0x86d1455e0_0, 0, 32;
    %jmp T_12.2;
T_12.3 ; for-loop exit label
    %jmp T_12.1;
T_12.0 ;
    %load/vec4 v0x86d1454a0_0;
    %flag_set/vec4 9;
    %flag_get/vec4 9;
    %jmp/0 T_12.7, 9;
    %load/vec4 v0x86d145e00_0;
    %and;
T_12.7;
    %flag_set/vec4 8;
    %jmp/0xz  T_12.5, 8;
    %load/vec4 v0x86d145400_0;
    %dup/vec4;
    %pushi/vec4 32768, 0, 16;
    %cmp/u;
    %jmp/1 T_12.8, 6;
    %dup/vec4;
    %pushi/vec4 32769, 0, 16;
    %cmp/u;
    %jmp/1 T_12.9, 6;
    %dup/vec4;
    %pushi/vec4 33536, 0, 16;
    %cmp/u;
    %jmp/1 T_12.10, 6;
    %pushi/vec4 0, 0, 32;
    %store/vec4 v0x86d1455e0_0, 0, 32;
T_12.13 ; Top of for-loop
    %load/vec4 v0x86d1455e0_0;
    %cmpi/s 4, 0, 32;
	  %jmp/0xz T_12.14, 5;
    %load/vec4 v0x86d145400_0;
    %pad/u 32;
    %pushi/vec4 32784, 0, 32;
    %load/vec4 v0x86d1455e0_0;
    %muli 3, 0, 32;
    %add;
    %addi 0, 0, 32;
    %cmp/e;
    %jmp/0xz  T_12.16, 4;
    %load/vec4 v0x86d145d60_0;
    %ix/getv/s 3, v0x86d1455e0_0;
    %ix/load 4, 0, 0; Constant delay
    %assign/vec4/a/d v0x86d145860, 0, 4;
T_12.16 ;
    %load/vec4 v0x86d145400_0;
    %pad/u 32;
    %pushi/vec4 32784, 0, 32;
    %load/vec4 v0x86d1455e0_0;
    %muli 3, 0, 32;
    %add;
    %addi 1, 0, 32;
    %cmp/e;
    %jmp/0xz  T_12.18, 4;
    %load/vec4 v0x86d145d60_0;
    %ix/getv/s 3, v0x86d1455e0_0;
    %ix/load 4, 0, 0; Constant delay
    %assign/vec4/a/d v0x86d1459a0, 0, 4;
T_12.18 ;
    %load/vec4 v0x86d145400_0;
    %pad/u 32;
    %pushi/vec4 32784, 0, 32;
    %load/vec4 v0x86d1455e0_0;
    %muli 3, 0, 32;
    %add;
    %addi 2, 0, 32;
    %cmp/e;
    %jmp/0xz  T_12.20, 4;
    %load/vec4 v0x86d145d60_0;
    %ix/getv/s 3, v0x86d1455e0_0;
    %ix/load 4, 0, 0; Constant delay
    %assign/vec4/a/d v0x86d145720, 0, 4;
T_12.20 ;
T_12.15 ; for-loop step statement
    %load/vec4 v0x86d1455e0_0;
    %addi 1, 0, 32;
    %store/vec4 v0x86d1455e0_0, 0, 32;
    %jmp T_12.13;
T_12.14 ; for-loop exit label
    %jmp T_12.12;
T_12.8 ;
    %load/vec4 v0x86d145d60_0;
    %assign/vec4 v0x86d145a40_0, 0;
    %jmp T_12.12;
T_12.9 ;
    %load/vec4 v0x86d145d60_0;
    %assign/vec4 v0x86d145ae0_0, 0;
    %jmp T_12.12;
T_12.10 ;
    %load/vec4 v0x86d145d60_0;
    %assign/vec4 v0x86d145cc0_0, 0;
    %jmp T_12.12;
T_12.12 ;
    %pop/vec4 1;
T_12.5 ;
T_12.1 ;
    %jmp T_12;
    .thread T_12;
    .scope S_0x86d141080;
T_13 ;
    %wait E_0x86d11a400;
    %pushi/vec4 0, 0, 16;
    %store/vec4 v0x86d145b80_0, 0, 16;
    %load/vec4 v0x86d145400_0;
    %dup/vec4;
    %pushi/vec4 32768, 0, 16;
    %cmp/u;
    %jmp/1 T_13.0, 6;
    %dup/vec4;
    %pushi/vec4 32769, 0, 16;
    %cmp/u;
    %jmp/1 T_13.1, 6;
    %dup/vec4;
    %pushi/vec4 33536, 0, 16;
    %cmp/u;
    %jmp/1 T_13.2, 6;
    %pushi/vec4 0, 0, 32;
    %store/vec4 v0x86d1455e0_0, 0, 32;
T_13.5 ; Top of for-loop
    %load/vec4 v0x86d1455e0_0;
    %cmpi/s 4, 0, 32;
	  %jmp/0xz T_13.6, 5;
    %load/vec4 v0x86d145400_0;
    %pad/u 32;
    %pushi/vec4 32784, 0, 32;
    %load/vec4 v0x86d1455e0_0;
    %muli 3, 0, 32;
    %add;
    %addi 0, 0, 32;
    %cmp/e;
    %jmp/0xz  T_13.8, 4;
    %ix/getv/s 4, v0x86d1455e0_0;
    %load/vec4a v0x86d145860, 4;
    %store/vec4 v0x86d145b80_0, 0, 16;
T_13.8 ;
    %load/vec4 v0x86d145400_0;
    %pad/u 32;
    %pushi/vec4 32784, 0, 32;
    %load/vec4 v0x86d1455e0_0;
    %muli 3, 0, 32;
    %add;
    %addi 1, 0, 32;
    %cmp/e;
    %jmp/0xz  T_13.10, 4;
    %ix/getv/s 4, v0x86d1455e0_0;
    %load/vec4a v0x86d1459a0, 4;
    %store/vec4 v0x86d145b80_0, 0, 16;
T_13.10 ;
    %load/vec4 v0x86d145400_0;
    %pad/u 32;
    %pushi/vec4 32784, 0, 32;
    %load/vec4 v0x86d1455e0_0;
    %muli 3, 0, 32;
    %add;
    %addi 2, 0, 32;
    %cmp/e;
    %jmp/0xz  T_13.12, 4;
    %ix/getv/s 4, v0x86d1455e0_0;
    %load/vec4a v0x86d145720, 4;
    %store/vec4 v0x86d145b80_0, 0, 16;
T_13.12 ;
T_13.7 ; for-loop step statement
    %load/vec4 v0x86d1455e0_0;
    %addi 1, 0, 32;
    %store/vec4 v0x86d1455e0_0, 0, 32;
    %jmp T_13.5;
T_13.6 ; for-loop exit label
    %jmp T_13.4;
T_13.0 ;
    %load/vec4 v0x86d145a40_0;
    %store/vec4 v0x86d145b80_0, 0, 16;
    %jmp T_13.4;
T_13.1 ;
    %load/vec4 v0x86d145ae0_0;
    %store/vec4 v0x86d145b80_0, 0, 16;
    %jmp T_13.4;
T_13.2 ;
    %load/vec4 v0x86d145cc0_0;
    %store/vec4 v0x86d145b80_0, 0, 16;
    %jmp T_13.4;
T_13.4 ;
    %pop/vec4 1;
    %jmp T_13;
    .thread T_13, $push;
    .scope S_0x86d140d80;
T_14 ;
    %wait E_0x86d119a40;
    %load/vec4 v0x86d1445a0_0;
    %flag_set/vec4 8;
    %jmp/0xz  T_14.0, 8;
    %pushi/vec4 0, 0, 1;
    %assign/vec4 v0x86d1440a0_0, 0;
    %pushi/vec4 0, 0, 1;
    %assign/vec4 v0x86d144320_0, 0;
    %pushi/vec4 0, 0, 1;
    %assign/vec4 v0x86d144280_0, 0;
    %pushi/vec4 0, 0, 4;
    %assign/vec4 v0x86d144640_0, 0;
    %pushi/vec4 32, 0, 8;
    %assign/vec4 v0x86d144460_0, 0;
    %pushi/vec4 0, 0, 16;
    %assign/vec4 v0x86d144140_0, 0;
    %jmp T_14.1;
T_14.0 ;
    %load/vec4 v0x86d144000_0;
    %flag_set/vec4 8;
    %jmp/0xz  T_14.2, 8;
    %pushi/vec4 0, 0, 1;
    %assign/vec4 v0x86d1440a0_0, 0;
T_14.2 ;
    %load/vec4 v0x86d13fe80_0;
    %flag_set/vec4 9;
    %flag_get/vec4 9;
    %jmp/0 T_14.6, 9;
    %load/vec4 v0x86d144780_0;
    %and;
T_14.6;
    %flag_set/vec4 8;
    %jmp/0xz  T_14.4, 8;
    %load/vec4 v0x86d13fd40_0;
    %dup/vec4;
    %pushi/vec4 33024, 0, 16;
    %cmp/u;
    %jmp/1 T_14.7, 6;
    %dup/vec4;
    %pushi/vec4 33025, 0, 16;
    %cmp/u;
    %jmp/1 T_14.8, 6;
    %dup/vec4;
    %pushi/vec4 33027, 0, 16;
    %cmp/u;
    %jmp/1 T_14.9, 6;
    %jmp T_14.10;
T_14.7 ;
    %load/vec4 v0x86d1446e0_0;
    %parti/s 1, 0, 2;
    %assign/vec4 v0x86d144320_0, 0;
    %load/vec4 v0x86d1446e0_0;
    %parti/s 1, 1, 2;
    %assign/vec4 v0x86d144280_0, 0;
    %load/vec4 v0x86d1446e0_0;
    %parti/s 4, 4, 4;
    %assign/vec4 v0x86d144640_0, 0;
    %load/vec4 v0x86d1446e0_0;
    %assign/vec4 v0x86d144140_0, 0;
    %load/vec4 v0x86d1446e0_0;
    %parti/s 1, 2, 3;
    %flag_set/vec4 8;
    %jmp/0xz  T_14.11, 8;
    %pushi/vec4 1, 0, 1;
    %assign/vec4 v0x86d1440a0_0, 0;
T_14.11 ;
    %jmp T_14.10;
T_14.8 ;
    %load/vec4 v0x86d1446e0_0;
    %parti/s 8, 0, 2;
    %assign/vec4 v0x86d144460_0, 0;
    %load/vec4 v0x86d1446e0_0;
    %assign/vec4 v0x86d144140_0, 0;
    %jmp T_14.10;
T_14.9 ;
    %load/vec4 v0x86d1446e0_0;
    %assign/vec4 v0x86d144140_0, 0;
    %jmp T_14.10;
T_14.10 ;
    %pop/vec4 1;
T_14.4 ;
T_14.1 ;
    %jmp T_14;
    .thread T_14;
    .scope S_0x86d140d80;
T_15 ;
    %wait E_0x86d11a300;
    %load/vec4 v0x86d13fd40_0;
    %dup/vec4;
    %pushi/vec4 33024, 0, 16;
    %cmp/u;
    %jmp/1 T_15.0, 6;
    %dup/vec4;
    %pushi/vec4 33025, 0, 16;
    %cmp/u;
    %jmp/1 T_15.1, 6;
    %dup/vec4;
    %pushi/vec4 33026, 0, 16;
    %cmp/u;
    %jmp/1 T_15.2, 6;
    %dup/vec4;
    %pushi/vec4 33027, 0, 16;
    %cmp/u;
    %jmp/1 T_15.3, 6;
    %pushi/vec4 0, 0, 16;
    %store/vec4 v0x86d144500_0, 0, 16;
    %jmp T_15.5;
T_15.0 ;
    %pushi/vec4 0, 0, 8;
    %load/vec4 v0x86d144640_0;
    %concat/vec4; draw_concat_vec4
    %load/vec4 v0x86d1440a0_0;
    %concat/vec4; draw_concat_vec4
    %load/vec4 v0x86d144280_0;
    %concat/vec4; draw_concat_vec4
    %load/vec4 v0x86d144320_0;
    %concat/vec4; draw_concat_vec4
    %pad/u 16;
    %store/vec4 v0x86d144500_0, 0, 16;
    %jmp T_15.5;
T_15.1 ;
    %pushi/vec4 0, 0, 8;
    %load/vec4 v0x86d144460_0;
    %concat/vec4; draw_concat_vec4
    %store/vec4 v0x86d144500_0, 0, 16;
    %jmp T_15.5;
T_15.2 ;
    %pushi/vec4 0, 0, 12;
    %load/vec4 v0x86d1440a0_0;
    %concat/vec4; draw_concat_vec4
    %load/vec4 v0x86d1443c0_0;
    %concat/vec4; draw_concat_vec4
    %load/vec4 v0x86d1441e0_0;
    %concat/vec4; draw_concat_vec4
    %load/vec4 v0x86d13fde0_0;
    %concat/vec4; draw_concat_vec4
    %store/vec4 v0x86d144500_0, 0, 16;
    %jmp T_15.5;
T_15.3 ;
    %load/vec4 v0x86d144140_0;
    %store/vec4 v0x86d144500_0, 0, 16;
    %jmp T_15.5;
T_15.5 ;
    %pop/vec4 1;
    %jmp T_15;
    .thread T_15, $push;
    .scope S_0x86d140c00;
T_16 ;
    %wait E_0x86d11a2c0;
    %load/vec4 v0x86d1461c0_0;
    %cmpi/u 0, 0, 16;
    %flag_inv 5; GE is !LT
    %flag_get/vec4 5;
    %jmp/0 T_16.0, 5;
    %load/vec4 v0x86d1461c0_0;
    %cmpi/u 1023, 0, 16;
    %flag_get/vec4 4;
    %flag_get/vec4 5;
    %or;
    %and;
T_16.0;
    %store/vec4 v0x86d1472a0_0, 0, 1;
    %load/vec4 v0x86d1461c0_0;
    %cmpi/u 1024, 0, 16;
    %flag_inv 5; GE is !LT
    %flag_get/vec4 5;
    %jmp/0 T_16.1, 5;
    %load/vec4 v0x86d1461c0_0;
    %cmpi/u 2047, 0, 16;
    %flag_get/vec4 4;
    %flag_get/vec4 5;
    %or;
    %and;
T_16.1;
    %store/vec4 v0x86d1470c0_0, 0, 1;
    %load/vec4 v0x86d1461c0_0;
    %cmpi/e 32768, 0, 16;
    %jmp/1 T_16.4, 4;
    %flag_mov 8, 4;
    %load/vec4 v0x86d1461c0_0;
    %cmpi/e 32769, 0, 16;
    %flag_or 4, 8;
T_16.4;
    %jmp/1 T_16.3, 4;
    %flag_mov 8, 4;
    %load/vec4 v0x86d1461c0_0;
    %cmpi/e 33536, 0, 16;
    %flag_or 4, 8;
T_16.3;
    %flag_get/vec4 4;
    %jmp/1 T_16.2, 4;
    %load/vec4 v0x86d1461c0_0;
    %cmpi/u 32784, 0, 16;
    %flag_inv 5; GE is !LT
    %flag_get/vec4 5;
    %jmp/0 T_16.5, 5;
    %load/vec4 v0x86d1461c0_0;
    %pad/u 32;
    %cmpi/u 32796, 0, 32;
    %flag_get/vec4 5;
    %and;
T_16.5;
    %or;
T_16.2;
    %store/vec4 v0x86d146a80_0, 0, 1;
    %load/vec4 v0x86d1461c0_0;
    %cmpi/u 33024, 0, 16;
    %flag_inv 5; GE is !LT
    %flag_get/vec4 5;
    %jmp/0 T_16.6, 5;
    %load/vec4 v0x86d1461c0_0;
    %cmpi/u 33027, 0, 16;
    %flag_get/vec4 4;
    %flag_get/vec4 5;
    %or;
    %and;
T_16.6;
    %store/vec4 v0x86d146800_0, 0, 1;
    %load/vec4 v0x86d1461c0_0;
    %cmpi/e 33280, 0, 16;
    %flag_get/vec4 4;
    %jmp/1 T_16.7, 4;
    %load/vec4 v0x86d1461c0_0;
    %pushi/vec4 33281, 0, 16;
    %cmp/e;
    %flag_get/vec4 4;
    %or;
T_16.7;
    %store/vec4 v0x86d146bc0_0, 0, 1;
    %load/vec4 v0x86d1461c0_0;
    %cmpi/e 33280, 0, 16;
    %jmp/0xz  T_16.8, 4;
    %pushi/vec4 0, 0, 12;
    %load/vec4 v0x86d146f80_0;
    %concat/vec4; draw_concat_vec4
    %store/vec4 v0x86d146b20_0, 0, 16;
    %jmp T_16.9;
T_16.8 ;
    %load/vec4 v0x86d1461c0_0;
    %cmpi/e 33281, 0, 16;
    %jmp/0xz  T_16.10, 4;
    %pushi/vec4 0, 0, 6;
    %load/vec4 v0x86d147480_0;
    %concat/vec4; draw_concat_vec4
    %store/vec4 v0x86d146b20_0, 0, 16;
    %jmp T_16.11;
T_16.10 ;
    %pushi/vec4 0, 0, 16;
    %store/vec4 v0x86d146b20_0, 0, 16;
T_16.11 ;
T_16.9 ;
    %pushi/vec4 1, 0, 1;
    %dup/vec4;
    %load/vec4 v0x86d1472a0_0;
    %cmp/u;
    %jmp/1 T_16.12, 6;
    %dup/vec4;
    %load/vec4 v0x86d1470c0_0;
    %cmp/u;
    %jmp/1 T_16.13, 6;
    %dup/vec4;
    %load/vec4 v0x86d146a80_0;
    %cmp/u;
    %jmp/1 T_16.14, 6;
    %dup/vec4;
    %load/vec4 v0x86d146800_0;
    %cmp/u;
    %jmp/1 T_16.15, 6;
    %dup/vec4;
    %load/vec4 v0x86d146bc0_0;
    %cmp/u;
    %jmp/1 T_16.16, 6;
    %pushi/vec4 0, 0, 16;
    %store/vec4 v0x86d147160_0, 0, 16;
    %jmp T_16.18;
T_16.12 ;
    %load/vec4 v0x86d147200_0;
    %store/vec4 v0x86d147160_0, 0, 16;
    %jmp T_16.18;
T_16.13 ;
    %load/vec4 v0x86d147020_0;
    %store/vec4 v0x86d147160_0, 0, 16;
    %jmp T_16.18;
T_16.14 ;
    %load/vec4 v0x86d1469e0_0;
    %store/vec4 v0x86d147160_0, 0, 16;
    %jmp T_16.18;
T_16.15 ;
    %load/vec4 v0x86d146760_0;
    %store/vec4 v0x86d147160_0, 0, 16;
    %jmp T_16.18;
T_16.16 ;
    %load/vec4 v0x86d146b20_0;
    %store/vec4 v0x86d147160_0, 0, 16;
    %jmp T_16.18;
T_16.18 ;
    %pop/vec4 1;
    %jmp T_16;
    .thread T_16, $push;
    .scope S_0x86d142280;
T_17 ;
    %wait E_0x86d119a40;
    %load/vec4 v0x86d149c20_0;
    %flag_set/vec4 8;
    %jmp/0xz  T_17.0, 8;
    %pushi/vec4 0, 0, 1;
    %assign/vec4 v0x86d1497c0_0, 0;
    %jmp T_17.1;
T_17.0 ;
    %load/vec4 v0x86d1497c0_0;
    %inv;
    %assign/vec4 v0x86d1497c0_0, 0;
T_17.1 ;
    %jmp T_17;
    .thread T_17;
    .scope S_0x86d142280;
T_18 ;
    %wait E_0x86d11aa00;
    %load/vec4 v0x86d149c20_0;
    %flag_set/vec4 8;
    %jmp/0xz  T_18.0, 8;
    %pushi/vec4 0, 0, 10;
    %assign/vec4 v0x86d149900_0, 0;
    %pushi/vec4 0, 0, 10;
    %assign/vec4 v0x86d149cc0_0, 0;
    %jmp T_18.1;
T_18.0 ;
    %load/vec4 v0x86d149900_0;
    %pad/u 32;
    %cmpi/e 799, 0, 32;
    %jmp/0xz  T_18.2, 4;
    %pushi/vec4 0, 0, 10;
    %assign/vec4 v0x86d149900_0, 0;
    %load/vec4 v0x86d149cc0_0;
    %pad/u 32;
    %cmpi/e 524, 0, 32;
    %jmp/0xz  T_18.4, 4;
    %pushi/vec4 0, 0, 10;
    %assign/vec4 v0x86d149cc0_0, 0;
    %jmp T_18.5;
T_18.4 ;
    %load/vec4 v0x86d149cc0_0;
    %addi 1, 0, 10;
    %assign/vec4 v0x86d149cc0_0, 0;
T_18.5 ;
    %jmp T_18.3;
T_18.2 ;
    %load/vec4 v0x86d149900_0;
    %addi 1, 0, 10;
    %assign/vec4 v0x86d149900_0, 0;
T_18.3 ;
T_18.1 ;
    %jmp T_18;
    .thread T_18;
    .scope S_0x86d142280;
T_19 ;
    %wait E_0x86d11a9c0;
    %load/vec4 v0x86d149900_0;
    %cmpi/u 96, 0, 10;
    %flag_get/vec4 5;
    %inv;
    %store/vec4 v0x86d1499a0_0, 0, 1;
    %load/vec4 v0x86d149cc0_0;
    %cmpi/u 2, 0, 10;
    %flag_get/vec4 5;
    %inv;
    %store/vec4 v0x86d149d60_0, 0, 1;
    %load/vec4 v0x86d149900_0;
    %cmpi/u 144, 0, 10;
    %flag_inv 5; GE is !LT
    %flag_get/vec4 5;
    %jmp/0 T_19.2, 5;
    %load/vec4 v0x86d149900_0;
    %cmpi/u 784, 0, 10;
    %flag_get/vec4 5;
    %and;
T_19.2;
    %flag_set/vec4 9;
    %flag_get/vec4 9;
    %jmp/0 T_19.1, 9;
    %pushi/vec4 35, 0, 10;
    %load/vec4 v0x86d149cc0_0;
    %cmp/u;
    %flag_get/vec4 4;
    %flag_get/vec4 5;
    %or;
    %and;
T_19.1;
    %flag_set/vec4 8;
    %flag_get/vec4 8;
    %jmp/0 T_19.0, 8;
    %load/vec4 v0x86d149cc0_0;
    %cmpi/u 515, 0, 10;
    %flag_get/vec4 5;
    %and;
T_19.0;
    %store/vec4 v0x86d149860_0, 0, 1;
    %load/vec4 v0x86d149860_0;
    %store/vec4 v0x86d149680_0, 0, 1;
    %load/vec4 v0x86d149860_0;
    %flag_set/vec4 8;
    %jmp/0xz  T_19.3, 8;
    %load/vec4 v0x86d149900_0;
    %subi 144, 0, 10;
    %store/vec4 v0x86d149ae0_0, 0, 10;
    %load/vec4 v0x86d149cc0_0;
    %subi 35, 0, 10;
    %store/vec4 v0x86d149b80_0, 0, 10;
    %jmp T_19.4;
T_19.3 ;
    %pushi/vec4 0, 0, 10;
    %store/vec4 v0x86d149ae0_0, 0, 10;
    %pushi/vec4 0, 0, 10;
    %store/vec4 v0x86d149b80_0, 0, 10;
T_19.4 ;
    %jmp T_19;
    .thread T_19, $push;
    .scope S_0x86d141c80;
T_20 ;
    %wait E_0x86d11a640;
    %load/vec4 v0x86d147ac0_0;
    %pad/u 32;
    %pushi/vec4 32, 0, 32;
    %div;
    %load/vec4 v0x86d147b60_0;
    %pad/u 32;
    %pushi/vec4 32, 0, 32;
    %div;
    %add;
    %pushi/vec4 2, 0, 32;
    %mod;
    %cmpi/e 0, 0, 32;
    %jmp/0xz  T_20.0, 4;
    %pushi/vec4 24, 0, 8;
    %store/vec4 v0x86d147c00_0, 0, 8;
    %pushi/vec4 78, 0, 8;
    %store/vec4 v0x86d147a20_0, 0, 8;
    %pushi/vec4 158, 0, 8;
    %store/vec4 v0x86d147980_0, 0, 8;
    %jmp T_20.1;
T_20.0 ;
    %pushi/vec4 14, 0, 8;
    %store/vec4 v0x86d147c00_0, 0, 8;
    %pushi/vec4 116, 0, 8;
    %store/vec4 v0x86d147a20_0, 0, 8;
    %pushi/vec4 78, 0, 8;
    %store/vec4 v0x86d147980_0, 0, 8;
T_20.1 ;
    %jmp T_20;
    .thread T_20, $push;
    .scope S_0x86d141e00;
T_21 ;
    %wait E_0x86d11a680;
    %pushi/vec4 0, 0, 1;
    %store/vec4 v0x86d147ca0_0, 0, 1;
    %pushi/vec4 0, 0, 8;
    %store/vec4 v0x86d148500_0, 0, 8;
    %pushi/vec4 0, 0, 8;
    %store/vec4 v0x86d147de0_0, 0, 8;
    %pushi/vec4 0, 0, 8;
    %store/vec4 v0x86d147d40_0, 0, 8;
    %pushi/vec4 0, 0, 32;
    %store/vec4 v0x86d147f20_0, 0, 32;
T_21.0 ; Top of for-loop
    %load/vec4 v0x86d147f20_0;
    %cmpi/s 4, 0, 32;
	  %jmp/0xz T_21.1, 5;
    %load/vec4 v0x86d148280_0;
    %load/vec4 v0x86d147f20_0;
    %muli 16, 0, 32;
    %part/s 16;
    %store/vec4 v0x86d148320_0, 0, 16;
    %load/vec4 v0x86d1483c0_0;
    %load/vec4 v0x86d147f20_0;
    %muli 16, 0, 32;
    %part/s 16;
    %store/vec4 v0x86d148460_0, 0, 16;
    %load/vec4 v0x86d148140_0;
    %load/vec4 v0x86d147f20_0;
    %muli 16, 0, 32;
    %part/s 16;
    %store/vec4 v0x86d1481e0_0, 0, 16;
    %load/vec4 v0x86d1481e0_0;
    %parti/s 8, 8, 5;
    %store/vec4 v0x86d1485a0_0, 0, 8;
    %load/vec4 v0x86d1481e0_0;
    %parti/s 8, 0, 2;
    %store/vec4 v0x86d147e80_0, 0, 8;
    %load/vec4 v0x86d148320_0;
    %parti/s 10, 0, 2;
    %load/vec4 v0x86d148000_0;
    %cmp/u;
    %flag_or 5, 4;
    %flag_get/vec4 5;
    %jmp/0 T_21.7, 5;
    %load/vec4 v0x86d148000_0;
    %load/vec4 v0x86d148320_0;
    %parti/s 10, 0, 2;
    %load/vec4 v0x86d1485a0_0;
    %pad/u 10;
    %add;
    %cmp/u;
    %flag_get/vec4 5;
    %and;
T_21.7;
    %flag_set/vec4 10;
    %flag_get/vec4 10;
    %jmp/0 T_21.6, 10;
    %load/vec4 v0x86d148460_0;
    %parti/s 10, 0, 2;
    %load/vec4 v0x86d1480a0_0;
    %cmp/u;
    %flag_get/vec4 4;
    %flag_get/vec4 5;
    %or;
    %and;
T_21.6;
    %flag_set/vec4 9;
    %flag_get/vec4 9;
    %jmp/0 T_21.5, 9;
    %load/vec4 v0x86d1480a0_0;
    %load/vec4 v0x86d148460_0;
    %parti/s 10, 0, 2;
    %load/vec4 v0x86d147e80_0;
    %pad/u 10;
    %add;
    %cmp/u;
    %flag_get/vec4 5;
    %and;
T_21.5;
    %flag_set/vec4 8;
    %jmp/0xz  T_21.3, 8;
    %pushi/vec4 1, 0, 1;
    %store/vec4 v0x86d147ca0_0, 0, 1;
    %pushi/vec4 255, 0, 8;
    %store/vec4 v0x86d148500_0, 0, 8;
    %pushi/vec4 255, 0, 8;
    %store/vec4 v0x86d147de0_0, 0, 8;
    %pushi/vec4 255, 0, 8;
    %store/vec4 v0x86d147d40_0, 0, 8;
T_21.3 ;
T_21.2 ; for-loop step statement
    %load/vec4 v0x86d147f20_0;
    %addi 1, 0, 32;
    %store/vec4 v0x86d147f20_0, 0, 32;
    %jmp T_21.0;
T_21.1 ; for-loop exit label
    %jmp T_21;
    .thread T_21, $push;
    .scope S_0x86d141f80;
T_22 ;
    %wait E_0x86d11a6c0;
    %load/vec4 v0x86d148aa0_0;
    %parti/s 10, 0, 2;
    %load/vec4 v0x86d148960_0;
    %cmp/u;
    %flag_or 5, 4;
    %flag_get/vec4 5;
    %jmp/0 T_22.2, 5;
    %load/vec4 v0x86d148960_0;
    %load/vec4 v0x86d148aa0_0;
    %parti/s 10, 0, 2;
    %addi 64, 0, 10;
    %cmp/u;
    %flag_get/vec4 5;
    %and;
T_22.2;
    %flag_set/vec4 9;
    %flag_get/vec4 9;
    %jmp/0 T_22.1, 9;
    %load/vec4 v0x86d148b40_0;
    %parti/s 10, 0, 2;
    %load/vec4 v0x86d148a00_0;
    %cmp/u;
    %flag_get/vec4 4;
    %flag_get/vec4 5;
    %or;
    %and;
T_22.1;
    %flag_set/vec4 8;
    %flag_get/vec4 8;
    %jmp/0 T_22.0, 8;
    %load/vec4 v0x86d148a00_0;
    %load/vec4 v0x86d148b40_0;
    %parti/s 10, 0, 2;
    %addi 64, 0, 10;
    %cmp/u;
    %flag_get/vec4 5;
    %and;
T_22.0;
    %store/vec4 v0x86d148820_0, 0, 1;
    %load/vec4 v0x86d148820_0;
    %flag_set/vec4 9;
    %flag_get/vec4 9;
    %jmp/0 T_22.4, 9;
    %load/vec4 v0x86d148a00_0;
    %load/vec4 v0x86d148b40_0;
    %parti/s 10, 0, 2;
    %addi 18, 0, 10;
    %cmp/u;
    %flag_get/vec4 5;
    %and;
T_22.4;
    %flag_set/vec4 8;
    %flag_get/vec4 8;
    %jmp/0 T_22.3, 8;
    %load/vec4 v0x86d148960_0;
    %load/vec4 v0x86d148aa0_0;
    %parti/s 10, 0, 2;
    %addi 20, 0, 10;
    %cmp/u;
    %flag_get/vec4 5;
    %jmp/1 T_22.5, 5;
    %load/vec4 v0x86d148aa0_0;
    %parti/s 10, 0, 2;
    %addi 43, 0, 10;
    %load/vec4 v0x86d148960_0;
    %cmp/u;
    %flag_get/vec4 5;
    %or;
T_22.5;
    %and;
T_22.3;
    %store/vec4 v0x86d1488c0_0, 0, 1;
    %load/vec4 v0x86d148820_0;
    %store/vec4 v0x86d148640_0, 0, 1;
    %load/vec4 v0x86d1488c0_0;
    %flag_set/vec4 8;
    %jmp/0xz  T_22.6, 8;
    %pushi/vec4 0, 0, 8;
    %store/vec4 v0x86d148be0_0, 0, 8;
    %pushi/vec4 0, 0, 8;
    %store/vec4 v0x86d148780_0, 0, 8;
    %pushi/vec4 0, 0, 8;
    %store/vec4 v0x86d1486e0_0, 0, 8;
    %jmp T_22.7;
T_22.6 ;
    %load/vec4 v0x86d148820_0;
    %flag_set/vec4 8;
    %jmp/0xz  T_22.8, 8;
    %pushi/vec4 40, 0, 9;
    %pushi/vec4 0, 0, 4;
    %load/vec4 v0x86d148c80_0;
    %concat/vec4; draw_concat_vec4
    %concati/vec4 0, 0, 1;
    %add;
    %pad/u 8;
    %store/vec4 v0x86d148be0_0, 0, 8;
    %pushi/vec4 240, 0, 8;
    %store/vec4 v0x86d148780_0, 0, 8;
    %pushi/vec4 32, 0, 9;
    %pushi/vec4 0, 0, 4;
    %load/vec4 v0x86d148c80_0;
    %concat/vec4; draw_concat_vec4
    %concati/vec4 0, 0, 1;
    %add;
    %pad/u 8;
    %store/vec4 v0x86d1486e0_0, 0, 8;
    %jmp T_22.9;
T_22.8 ;
    %pushi/vec4 0, 0, 8;
    %store/vec4 v0x86d148be0_0, 0, 8;
    %pushi/vec4 0, 0, 8;
    %store/vec4 v0x86d148780_0, 0, 8;
    %pushi/vec4 0, 0, 8;
    %store/vec4 v0x86d1486e0_0, 0, 8;
T_22.9 ;
T_22.7 ;
    %jmp T_22;
    .thread T_22, $push;
    .scope S_0x86d142100;
T_23 ;
    %wait E_0x86d11a700;
    %load/vec4 v0x86d148fa0_0;
    %nor/r;
    %flag_set/vec4 8;
    %jmp/0xz  T_23.0, 8;
    %pushi/vec4 0, 0, 8;
    %store/vec4 v0x86d1495e0_0, 0, 8;
    %pushi/vec4 0, 0, 8;
    %store/vec4 v0x86d149040_0, 0, 8;
    %pushi/vec4 0, 0, 8;
    %store/vec4 v0x86d148f00_0, 0, 8;
    %jmp T_23.1;
T_23.0 ;
    %load/vec4 v0x86d149360_0;
    %flag_set/vec4 8;
    %jmp/0xz  T_23.2, 8;
    %load/vec4 v0x86d149540_0;
    %store/vec4 v0x86d1495e0_0, 0, 8;
    %load/vec4 v0x86d1494a0_0;
    %store/vec4 v0x86d149040_0, 0, 8;
    %load/vec4 v0x86d149400_0;
    %store/vec4 v0x86d148f00_0, 0, 8;
    %jmp T_23.3;
T_23.2 ;
    %load/vec4 v0x86d1490e0_0;
    %flag_set/vec4 8;
    %jmp/0xz  T_23.4, 8;
    %load/vec4 v0x86d1492c0_0;
    %store/vec4 v0x86d1495e0_0, 0, 8;
    %load/vec4 v0x86d149220_0;
    %store/vec4 v0x86d149040_0, 0, 8;
    %load/vec4 v0x86d149180_0;
    %store/vec4 v0x86d148f00_0, 0, 8;
    %jmp T_23.5;
T_23.4 ;
    %load/vec4 v0x86d148e60_0;
    %store/vec4 v0x86d1495e0_0, 0, 8;
    %load/vec4 v0x86d148dc0_0;
    %store/vec4 v0x86d149040_0, 0, 8;
    %load/vec4 v0x86d148d20_0;
    %store/vec4 v0x86d148f00_0, 0, 8;
T_23.5 ;
T_23.3 ;
T_23.1 ;
    %jmp T_23;
    .thread T_23, $push;
    .scope S_0x100ba9050;
T_24 ;
    %wait E_0x86d119bc0;
    %load/vec4 v0x86d111220_0;
    %flag_set/vec4 8;
    %jmp/0xz  T_24.0, 8;
    %pushi/vec4 0, 0, 4;
    %assign/vec4 v0x86d110c80_0, 0;
    %pushi/vec4 0, 0, 1;
    %assign/vec4 v0x86d110e60_0, 0;
    %pushi/vec4 0, 0, 1;
    %assign/vec4 v0x86d110960_0, 0;
    %pushi/vec4 0, 0, 1;
    %assign/vec4 v0x86d110dc0_0, 0;
    %jmp T_24.1;
T_24.0 ;
    %load/vec4 v0x86d110c80_0;
    %dup/vec4;
    %pushi/vec4 0, 0, 4;
    %cmp/u;
    %jmp/1 T_24.2, 6;
    %dup/vec4;
    %pushi/vec4 1, 0, 4;
    %cmp/u;
    %jmp/1 T_24.3, 6;
    %dup/vec4;
    %pushi/vec4 2, 0, 4;
    %cmp/u;
    %jmp/1 T_24.4, 6;
    %dup/vec4;
    %pushi/vec4 3, 0, 4;
    %cmp/u;
    %jmp/1 T_24.5, 6;
    %dup/vec4;
    %pushi/vec4 4, 0, 4;
    %cmp/u;
    %jmp/1 T_24.6, 6;
    %jmp T_24.7;
T_24.2 ;
    %load/vec4 v0x86d111540_0;
    %flag_set/vec4 8;
    %jmp/0xz  T_24.8, 8;
    %pushi/vec4 1, 0, 4;
    %assign/vec4 v0x86d110c80_0, 0;
    %pushi/vec4 0, 0, 4;
    %assign/vec4 v0x86d110d20_0, 0;
    %load/vec4 v0x86d1108c0_0;
    %assign/vec4 v0x86d1112c0_0, 0;
    %load/vec4 v0x86d110f00_0;
    %assign/vec4 v0x86d111360_0, 0;
    %load/vec4 v0x86d1114a0_0;
    %assign/vec4 v0x86d111400_0, 0;
    %pushi/vec4 1, 0, 1;
    %assign/vec4 v0x86d110960_0, 0;
    %pushi/vec4 0, 0, 3;
    %assign/vec4 v0x86d110be0_0, 0;
    %jmp T_24.9;
T_24.8 ;
    %pushi/vec4 0, 0, 1;
    %assign/vec4 v0x86d110960_0, 0;
    %pushi/vec4 0, 0, 1;
    %assign/vec4 v0x86d110dc0_0, 0;
    %pushi/vec4 0, 0, 1;
    %assign/vec4 v0x86d1110e0_0, 0;
    %pushi/vec4 0, 0, 1;
    %assign/vec4 v0x86d111180_0, 0;
T_24.9 ;
    %jmp T_24.7;
T_24.3 ;
    %load/vec4 v0x86d110d20_0;
    %dup/vec4;
    %pushi/vec4 0, 0, 4;
    %cmp/u;
    %jmp/1 T_24.10, 6;
    %dup/vec4;
    %pushi/vec4 1, 0, 4;
    %cmp/u;
    %jmp/1 T_24.11, 6;
    %jmp T_24.12;
T_24.10 ;
    %load/vec4 v0x86d110fa0_0;
    %flag_set/vec4 8;
    %jmp/0xz  T_24.13, 8;
    %pushi/vec4 1, 0, 1;
    %assign/vec4 v0x86d111180_0, 0;
    %pushi/vec4 1, 0, 4;
    %assign/vec4 v0x86d110d20_0, 0;
    %jmp T_24.14;
T_24.13 ;
    %pushi/vec4 0, 0, 1;
    %assign/vec4 v0x86d1110e0_0, 0;
T_24.14 ;
    %jmp T_24.12;
T_24.11 ;
    %pushi/vec4 1, 0, 1;
    %assign/vec4 v0x86d1110e0_0, 0;
    %pushi/vec4 7, 0, 4;
    %assign/vec4 v0x86d110aa0_0, 0;
    %pushi/vec4 2, 0, 4;
    %assign/vec4 v0x86d110c80_0, 0;
    %pushi/vec4 0, 0, 4;
    %assign/vec4 v0x86d110d20_0, 0;
    %load/vec4 v0x86d1112c0_0;
    %assign/vec4 v0x86d110b40_0, 0;
    %jmp T_24.12;
T_24.12 ;
    %pop/vec4 1;
    %jmp T_24.7;
T_24.4 ;
    %load/vec4 v0x86d110d20_0;
    %dup/vec4;
    %pushi/vec4 0, 0, 4;
    %cmp/u;
    %jmp/1 T_24.15, 6;
    %dup/vec4;
    %pushi/vec4 1, 0, 4;
    %cmp/u;
    %jmp/1 T_24.16, 6;
    %dup/vec4;
    %pushi/vec4 2, 0, 4;
    %cmp/u;
    %jmp/1 T_24.17, 6;
    %jmp T_24.18;
T_24.15 ;
    %load/vec4 v0x86d110b40_0;
    %load/vec4 v0x86d110aa0_0;
    %part/u 1;
    %inv;
    %assign/vec4 v0x86d111180_0, 0;
    %pushi/vec4 1, 0, 4;
    %assign/vec4 v0x86d110d20_0, 0;
    %jmp T_24.18;
T_24.16 ;
    %pushi/vec4 0, 0, 1;
    %assign/vec4 v0x86d1110e0_0, 0;
    %pushi/vec4 2, 0, 4;
    %assign/vec4 v0x86d110d20_0, 0;
    %jmp T_24.18;
T_24.17 ;
    %load/vec4 v0x86d110fa0_0;
    %flag_set/vec4 8;
    %jmp/0xz  T_24.19, 8;
    %pushi/vec4 1, 0, 1;
    %assign/vec4 v0x86d1110e0_0, 0;
    %load/vec4 v0x86d110aa0_0;
    %pad/u 32;
    %cmpi/e 0, 0, 32;
    %jmp/0xz  T_24.21, 4;
    %pushi/vec4 0, 0, 4;
    %assign/vec4 v0x86d110d20_0, 0;
    %pushi/vec4 3, 0, 4;
    %assign/vec4 v0x86d110c80_0, 0;
    %load/vec4 v0x86d110be0_0;
    %addi 1, 0, 3;
    %assign/vec4 v0x86d110be0_0, 0;
    %jmp T_24.22;
T_24.21 ;
    %load/vec4 v0x86d110aa0_0;
    %subi 1, 0, 4;
    %assign/vec4 v0x86d110aa0_0, 0;
    %pushi/vec4 0, 0, 4;
    %assign/vec4 v0x86d110d20_0, 0;
T_24.22 ;
    %jmp T_24.20;
T_24.19 ;
    %pushi/vec4 0, 0, 1;
    %assign/vec4 v0x86d1110e0_0, 0;
T_24.20 ;
    %jmp T_24.18;
T_24.18 ;
    %pop/vec4 1;
    %jmp T_24.7;
T_24.5 ;
    %load/vec4 v0x86d110d20_0;
    %dup/vec4;
    %pushi/vec4 0, 0, 4;
    %cmp/u;
    %jmp/1 T_24.23, 6;
    %dup/vec4;
    %pushi/vec4 1, 0, 4;
    %cmp/u;
    %jmp/1 T_24.24, 6;
    %dup/vec4;
    %pushi/vec4 2, 0, 4;
    %cmp/u;
    %jmp/1 T_24.25, 6;
    %jmp T_24.26;
T_24.23 ;
    %pushi/vec4 0, 0, 1;
    %assign/vec4 v0x86d111180_0, 0;
    %pushi/vec4 1, 0, 4;
    %assign/vec4 v0x86d110d20_0, 0;
    %jmp T_24.26;
T_24.24 ;
    %pushi/vec4 1, 0, 1;
    %assign/vec4 v0x86d1110e0_0, 0;
    %pushi/vec4 2, 0, 4;
    %assign/vec4 v0x86d110d20_0, 0;
    %jmp T_24.26;
T_24.25 ;
    %load/vec4 v0x86d110fa0_0;
    %flag_set/vec4 8;
    %jmp/0xz  T_24.27, 8;
    %load/vec4 v0x86d111040_0;
    %flag_set/vec4 8;
    %jmp/0xz  T_24.29, 8;
    %pushi/vec4 1, 0, 1;
    %assign/vec4 v0x86d110e60_0, 0;
T_24.29 ;
    %pushi/vec4 7, 0, 4;
    %assign/vec4 v0x86d110aa0_0, 0;
    %pushi/vec4 0, 0, 4;
    %assign/vec4 v0x86d110d20_0, 0;
    %pushi/vec4 1, 0, 1;
    %assign/vec4 v0x86d1110e0_0, 0;
    %load/vec4 v0x86d110be0_0;
    %dup/vec4;
    %pushi/vec4 1, 0, 3;
    %cmp/u;
    %jmp/1 T_24.31, 6;
    %dup/vec4;
    %pushi/vec4 2, 0, 3;
    %cmp/u;
    %jmp/1 T_24.32, 6;
    %dup/vec4;
    %pushi/vec4 3, 0, 3;
    %cmp/u;
    %jmp/1 T_24.33, 6;
    %jmp T_24.34;
T_24.31 ;
    %load/vec4 v0x86d111360_0;
    %assign/vec4 v0x86d110b40_0, 0;
    %pushi/vec4 2, 0, 4;
    %assign/vec4 v0x86d110c80_0, 0;
    %jmp T_24.34;
T_24.32 ;
    %load/vec4 v0x86d111400_0;
    %assign/vec4 v0x86d110b40_0, 0;
    %pushi/vec4 2, 0, 4;
    %assign/vec4 v0x86d110c80_0, 0;
    %jmp T_24.34;
T_24.33 ;
    %pushi/vec4 4, 0, 4;
    %assign/vec4 v0x86d110c80_0, 0;
    %jmp T_24.34;
T_24.34 ;
    %pop/vec4 1;
    %jmp T_24.28;
T_24.27 ;
    %pushi/vec4 0, 0, 1;
    %assign/vec4 v0x86d1110e0_0, 0;
T_24.28 ;
    %jmp T_24.26;
T_24.26 ;
    %pop/vec4 1;
    %jmp T_24.7;
T_24.6 ;
    %load/vec4 v0x86d110d20_0;
    %dup/vec4;
    %pushi/vec4 0, 0, 4;
    %cmp/u;
    %jmp/1 T_24.35, 6;
    %dup/vec4;
    %pushi/vec4 1, 0, 4;
    %cmp/u;
    %jmp/1 T_24.36, 6;
    %jmp T_24.37;
T_24.35 ;
    %pushi/vec4 1, 0, 1;
    %assign/vec4 v0x86d111180_0, 0;
    %pushi/vec4 1, 0, 4;
    %assign/vec4 v0x86d110d20_0, 0;
    %jmp T_24.37;
T_24.36 ;
    %load/vec4 v0x86d110fa0_0;
    %flag_set/vec4 8;
    %jmp/0xz  T_24.38, 8;
    %pushi/vec4 0, 0, 1;
    %assign/vec4 v0x86d111180_0, 0;
    %pushi/vec4 1, 0, 1;
    %assign/vec4 v0x86d110dc0_0, 0;
    %pushi/vec4 0, 0, 1;
    %assign/vec4 v0x86d110960_0, 0;
    %pushi/vec4 0, 0, 4;
    %assign/vec4 v0x86d110c80_0, 0;
    %jmp T_24.39;
T_24.38 ;
    %pushi/vec4 0, 0, 1;
    %assign/vec4 v0x86d1110e0_0, 0;
T_24.39 ;
    %jmp T_24.37;
T_24.37 ;
    %pop/vec4 1;
    %jmp T_24.7;
T_24.7 ;
    %pop/vec4 1;
T_24.1 ;
    %jmp T_24;
    .thread T_24;
    .scope S_0x100ba0b90;
T_25 ;
    %pushi/vec4 3423744, 0, 24;
    %ix/load 4, 0, 0;
    %flag_set/imm 4, 0;
    %store/vec4a v0x86d1117c0, 4, 0;
    %pushi/vec4 3408287, 0, 24;
    %ix/load 4, 1, 0;
    %flag_set/imm 4, 0;
    %store/vec4a v0x86d1117c0, 4, 0;
    %pushi/vec4 3408640, 0, 24;
    %ix/load 4, 2, 0;
    %flag_set/imm 4, 0;
    %store/vec4a v0x86d1117c0, 4, 0;
    %pushi/vec4 3409938, 0, 24;
    %ix/load 4, 3, 0;
    %flag_set/imm 4, 0;
    %store/vec4a v0x86d1117c0, 4, 0;
    %pushi/vec4 3410432, 0, 24;
    %ix/load 4, 4, 0;
    %flag_set/imm 4, 0;
    %store/vec4a v0x86d1117c0, 4, 0;
    %pushi/vec4 3410951, 0, 24;
    %ix/load 4, 5, 0;
    %flag_set/imm 4, 0;
    %store/vec4a v0x86d1117c0, 4, 0;
    %pushi/vec4 3411458, 0, 24;
    %ix/load 4, 6, 0;
    %flag_set/imm 4, 0;
    %store/vec4a v0x86d1117c0, 4, 0;
    %pushi/vec4 3411968, 0, 24;
    %ix/load 4, 7, 0;
    %flag_set/imm 4, 0;
    %store/vec4a v0x86d1117c0, 4, 0;
    %pushi/vec4 3412481, 0, 24;
    %ix/load 4, 8, 0;
    %flag_set/imm 4, 0;
    %store/vec4a v0x86d1117c0, 4, 0;
    %pushi/vec4 3411103, 0, 24;
    %ix/load 4, 9, 0;
    %flag_set/imm 4, 0;
    %store/vec4a v0x86d1117c0, 4, 0;
    %pushi/vec4 3408959, 0, 24;
    %ix/load 4, 10, 0;
    %flag_set/imm 4, 0;
    %store/vec4a v0x86d1117c0, 4, 0;
    %pushi/vec4 3408896, 0, 24;
    %ix/load 4, 11, 0;
    %flag_set/imm 4, 0;
    %store/vec4a v0x86d1117c0, 4, 0;
    %pushi/vec4 3409471, 0, 24;
    %ix/load 4, 12, 0;
    %flag_set/imm 4, 0;
    %store/vec4a v0x86d1117c0, 4, 0;
    %pushi/vec4 3409408, 0, 24;
    %ix/load 4, 13, 0;
    %flag_set/imm 4, 0;
    %store/vec4a v0x86d1117c0, 4, 0;
    %pushi/vec4 3411972, 0, 24;
    %ix/load 4, 14, 0;
    %flag_set/imm 4, 0;
    %store/vec4a v0x86d1117c0, 4, 0;
    %pushi/vec4 3411976, 0, 24;
    %ix/load 4, 15, 0;
    %flag_set/imm 4, 0;
    %store/vec4a v0x86d1117c0, 4, 0;
    %pushi/vec4 3411980, 0, 24;
    %ix/load 4, 16, 0;
    %flag_set/imm 4, 0;
    %store/vec4a v0x86d1117c0, 4, 0;
    %end;
    .thread T_25;
    .scope S_0x100ba0b90;
T_26 ;
    %wait E_0x86d119a40;
    %load/vec4 v0x86d112080_0;
    %flag_set/vec4 8;
    %jmp/0xz  T_26.0, 8;
    %pushi/vec4 0, 0, 8;
    %assign/vec4 v0x86d111720_0, 0;
    %pushi/vec4 0, 0, 1;
    %assign/vec4 v0x86d111ea0_0, 0;
    %jmp T_26.1;
T_26.0 ;
    %load/vec4 v0x86d111720_0;
    %cmpi/u 124, 0, 8;
    %flag_inv 5; GE is !LT
    %jmp/0xz  T_26.2, 5;
    %pushi/vec4 0, 0, 8;
    %assign/vec4 v0x86d111720_0, 0;
    %load/vec4 v0x86d111ea0_0;
    %inv;
    %assign/vec4 v0x86d111ea0_0, 0;
    %jmp T_26.3;
T_26.2 ;
    %load/vec4 v0x86d111720_0;
    %addi 1, 0, 8;
    %assign/vec4 v0x86d111720_0, 0;
T_26.3 ;
T_26.1 ;
    %jmp T_26;
    .thread T_26;
    .scope S_0x100ba0b90;
T_27 ;
    %wait E_0x86d119bc0;
    %load/vec4 v0x86d112080_0;
    %flag_set/vec4 8;
    %jmp/0xz  T_27.0, 8;
    %pushi/vec4 0, 0, 4;
    %assign/vec4 v0x86d111ae0_0, 0;
    %pushi/vec4 0, 0, 3;
    %assign/vec4 v0x86d111b80_0, 0;
    %pushi/vec4 0, 0, 1;
    %assign/vec4 v0x86d111680_0, 0;
    %pushi/vec4 0, 0, 1;
    %assign/vec4 v0x86d111cc0_0, 0;
    %jmp T_27.1;
T_27.0 ;
    %load/vec4 v0x86d111b80_0;
    %dup/vec4;
    %pushi/vec4 0, 0, 3;
    %cmp/u;
    %jmp/1 T_27.2, 6;
    %dup/vec4;
    %pushi/vec4 1, 0, 3;
    %cmp/u;
    %jmp/1 T_27.3, 6;
    %jmp T_27.4;
T_27.2 ;
    %load/vec4 v0x86d111860_0;
    %flag_set/vec4 8;
    %jmp/0xz  T_27.5, 8;
    %pushi/vec4 1, 0, 1;
    %assign/vec4 v0x86d111680_0, 0;
    %pushi/vec4 1, 0, 3;
    %assign/vec4 v0x86d111b80_0, 0;
    %load/vec4 v0x86d1121c0_0;
    %assign/vec4 v0x86d111ae0_0, 0;
    %pushi/vec4 0, 0, 3;
    %assign/vec4 v0x86d111c20_0, 0;
    %jmp T_27.6;
T_27.5 ;
    %pushi/vec4 0, 0, 1;
    %assign/vec4 v0x86d111680_0, 0;
    %pushi/vec4 0, 0, 1;
    %assign/vec4 v0x86d111cc0_0, 0;
T_27.6 ;
    %jmp T_27.4;
T_27.3 ;
    %load/vec4 v0x86d111c20_0;
    %dup/vec4;
    %pushi/vec4 0, 0, 3;
    %cmp/u;
    %jmp/1 T_27.7, 6;
    %dup/vec4;
    %pushi/vec4 1, 0, 3;
    %cmp/u;
    %jmp/1 T_27.8, 6;
    %dup/vec4;
    %pushi/vec4 2, 0, 3;
    %cmp/u;
    %jmp/1 T_27.9, 6;
    %dup/vec4;
    %pushi/vec4 3, 0, 3;
    %cmp/u;
    %jmp/1 T_27.10, 6;
    %jmp T_27.11;
T_27.7 ;
    %load/vec4 v0x86d111ae0_0;
    %pad/u 6;
    %ix/vec4 4;
    %load/vec4a v0x86d1117c0, 4;
    %parti/s 8, 16, 6;
    %assign/vec4 v0x86d1115e0_0, 0;
    %load/vec4 v0x86d111ae0_0;
    %pad/u 6;
    %ix/vec4 4;
    %load/vec4a v0x86d1117c0, 4;
    %parti/s 8, 8, 5;
    %assign/vec4 v0x86d111e00_0, 0;
    %load/vec4 v0x86d111ae0_0;
    %pad/u 6;
    %ix/vec4 4;
    %load/vec4a v0x86d1117c0, 4;
    %parti/s 8, 0, 2;
    %assign/vec4 v0x86d112120_0, 0;
    %pushi/vec4 1, 0, 3;
    %assign/vec4 v0x86d111c20_0, 0;
    %load/vec4 v0x86d111ae0_0;
    %addi 1, 0, 4;
    %assign/vec4 v0x86d111ae0_0, 0;
    %jmp T_27.11;
T_27.8 ;
    %pushi/vec4 1, 0, 1;
    %assign/vec4 v0x86d112260_0, 0;
    %pushi/vec4 2, 0, 3;
    %assign/vec4 v0x86d111c20_0, 0;
    %jmp T_27.11;
T_27.9 ;
    %pushi/vec4 0, 0, 1;
    %assign/vec4 v0x86d112260_0, 0;
    %load/vec4 v0x86d111900_0;
    %flag_set/vec4 8;
    %jmp/0xz  T_27.12, 8;
    %pushi/vec4 3, 0, 3;
    %assign/vec4 v0x86d111c20_0, 0;
T_27.12 ;
    %jmp T_27.11;
T_27.10 ;
    %load/vec4 v0x86d111900_0;
    %flag_set/vec4 8;
    %jmp/0xz  T_27.14, 8;
    %pushi/vec4 3, 0, 3;
    %assign/vec4 v0x86d111c20_0, 0;
    %jmp T_27.15;
T_27.14 ;
    %pushi/vec4 0, 0, 1;
    %assign/vec4 v0x86d111680_0, 0;
    %pushi/vec4 1, 0, 1;
    %assign/vec4 v0x86d111cc0_0, 0;
    %pushi/vec4 0, 0, 3;
    %assign/vec4 v0x86d111b80_0, 0;
T_27.15 ;
    %jmp T_27.11;
T_27.11 ;
    %pop/vec4 1;
    %jmp T_27.4;
T_27.4 ;
    %pop/vec4 1;
T_27.1 ;
    %jmp T_27;
    .thread T_27;
    .scope S_0x100ba67e0;
T_28 ;
    %wait E_0x86d119cc0;
    %pushi/vec4 0, 0, 8;
    %load/vec4 v0x86d112a80_0;
    %concat/vec4; draw_concat_vec4
    %cmpi/u 252, 0, 16;
    %flag_inv 5; GE is !LT
    %jmp/0xz  T_28.0, 5;
    %pushi/vec4 16, 0, 16;
    %store/vec4 v0x86d112da0_0, 0, 16;
    %jmp T_28.1;
T_28.0 ;
    %pushi/vec4 1024, 0, 16;
    %pushi/vec4 0, 0, 8;
    %load/vec4 v0x86d112a80_0;
    %concat/vec4; draw_concat_vec4
    %ix/load 4, 2, 0;
    %flag_set/imm 4, 0;
    %shiftl 4;
    %sub;
    %store/vec4 v0x86d112da0_0, 0, 16;
T_28.1 ;
    %jmp T_28;
    .thread T_28, $push;
    .scope S_0x100ba67e0;
T_29 ;
    %wait E_0x86d119a40;
    %load/vec4 v0x86d112b20_0;
    %flag_set/vec4 8;
    %jmp/0xz  T_29.0, 8;
    %pushi/vec4 0, 0, 2;
    %assign/vec4 v0x86d1129e0_0, 0;
    %jmp T_29.1;
T_29.0 ;
    %load/vec4 v0x86d1129e0_0;
    %addi 1, 0, 2;
    %assign/vec4 v0x86d1129e0_0, 0;
T_29.1 ;
    %jmp T_29;
    .thread T_29;
    .scope S_0x100ba67e0;
T_30 ;
    %wait E_0x86d119c80;
    %load/vec4 v0x86d112b20_0;
    %flag_set/vec4 8;
    %jmp/0xz  T_30.0, 8;
    %pushi/vec4 0, 0, 8;
    %assign/vec4 v0x86d112bc0_0, 0;
    %jmp T_30.1;
T_30.0 ;
    %load/vec4 v0x86d112bc0_0;
    %addi 1, 0, 8;
    %assign/vec4 v0x86d112bc0_0, 0;
T_30.1 ;
    %jmp T_30;
    .thread T_30;
    .scope S_0x100ba67e0;
T_31 ;
    %wait E_0x86d119c40;
    %load/vec4 v0x86d112b20_0;
    %flag_set/vec4 8;
    %jmp/0xz  T_31.0, 8;
    %pushi/vec4 0, 0, 16;
    %assign/vec4 v0x86d112760_0, 0;
    %pushi/vec4 0, 0, 16;
    %assign/vec4 v0x86d112c60_0, 0;
    %pushi/vec4 0, 0, 1;
    %assign/vec4 v0x86d112d00_0, 0;
    %pushi/vec4 44257, 0, 16;
    %assign/vec4 v0x86d112940_0, 0;
    %jmp T_31.1;
T_31.0 ;
    %load/vec4 v0x86d1128a0_0;
    %nor/r;
    %flag_set/vec4 8;
    %jmp/0xz  T_31.2, 8;
    %pushi/vec4 0, 0, 16;
    %assign/vec4 v0x86d112760_0, 0;
    %load/vec4 v0x86d112da0_0;
    %assign/vec4 v0x86d112c60_0, 0;
    %pushi/vec4 0, 0, 1;
    %assign/vec4 v0x86d112d00_0, 0;
    %jmp T_31.3;
T_31.2 ;
    %load/vec4 v0x86d112800_0;
    %flag_set/vec4 8;
    %jmp/0xz  T_31.4, 8;
    %load/vec4 v0x86d112940_0;
    %parti/s 15, 0, 2;
    %load/vec4 v0x86d112940_0;
    %parti/s 1, 15, 5;
    %load/vec4 v0x86d112940_0;
    %parti/s 1, 13, 5;
    %xor;
    %load/vec4 v0x86d112940_0;
    %parti/s 1, 12, 5;
    %xor;
    %load/vec4 v0x86d112940_0;
    %parti/s 1, 10, 5;
    %xor;
    %concat/vec4; draw_concat_vec4
    %assign/vec4 v0x86d112940_0, 0;
    %load/vec4 v0x86d112940_0;
    %parti/s 8, 0, 2;
    %load/vec4 v0x86d112940_0;
    %parti/s 8, 8, 5;
    %concat/vec4; draw_concat_vec4
    %assign/vec4 v0x86d112760_0, 0;
    %jmp T_31.5;
T_31.4 ;
    %load/vec4 v0x86d112c60_0;
    %cmpi/e 0, 0, 16;
    %jmp/0xz  T_31.6, 4;
    %load/vec4 v0x86d112da0_0;
    %assign/vec4 v0x86d112c60_0, 0;
    %load/vec4 v0x86d112d00_0;
    %inv;
    %assign/vec4 v0x86d112d00_0, 0;
    %jmp T_31.7;
T_31.6 ;
    %load/vec4 v0x86d112c60_0;
    %subi 1, 0, 16;
    %assign/vec4 v0x86d112c60_0, 0;
T_31.7 ;
    %load/vec4 v0x86d112d00_0;
    %flag_set/vec4 8;
    %jmp/0xz  T_31.8, 8;
    %pushi/vec4 24576, 0, 16;
    %assign/vec4 v0x86d112760_0, 0;
    %jmp T_31.9;
T_31.8 ;
    %pushi/vec4 40960, 0, 16;
    %assign/vec4 v0x86d112760_0, 0;
T_31.9 ;
T_31.5 ;
T_31.3 ;
T_31.1 ;
    %jmp T_31;
    .thread T_31;
    .scope S_0x100ba67e0;
T_32 ;
    %wait E_0x86d119c00;
    %load/vec4 v0x86d112b20_0;
    %flag_set/vec4 8;
    %jmp/0xz  T_32.0, 8;
    %pushi/vec4 0, 0, 1;
    %assign/vec4 v0x86d112440_0, 0;
    %jmp T_32.1;
T_32.0 ;
    %load/vec4 v0x86d112620_0;
    %cmpi/u 1, 0, 5;
    %flag_inv 5; GE is !LT
    %flag_get/vec4 5;
    %jmp/0 T_32.4, 5;
    %load/vec4 v0x86d112620_0;
    %cmpi/u 16, 0, 5;
    %flag_get/vec4 4;
    %flag_get/vec4 5;
    %or;
    %and;
T_32.4;
    %flag_set/vec4 8;
    %jmp/0xz  T_32.2, 8;
    %load/vec4 v0x86d112760_0;
    %pushi/vec4 16, 0, 32;
    %load/vec4 v0x86d112620_0;
    %pad/u 32;
    %sub;
    %part/u 1;
    %assign/vec4 v0x86d112440_0, 0;
    %jmp T_32.3;
T_32.2 ;
    %pushi/vec4 0, 0, 1;
    %assign/vec4 v0x86d112440_0, 0;
T_32.3 ;
T_32.1 ;
    %jmp T_32;
    .thread T_32;
    .scope S_0x100ba0a10;
T_33 ;
    %wait E_0x86d119a40;
    %load/vec4 v0x86d113a20_0;
    %flag_set/vec4 8;
    %jmp/0xz  T_33.0, 8;
    %pushi/vec4 0, 0, 1;
    %assign/vec4 v0x86d113340_0, 0;
    %pushi/vec4 0, 0, 1;
    %assign/vec4 v0x86d1132a0_0, 0;
    %jmp T_33.1;
T_33.0 ;
    %pushi/vec4 0, 0, 1;
    %assign/vec4 v0x86d1132a0_0, 0;
    %load/vec4 v0x86d1133e0_0;
    %flag_set/vec4 10;
    %flag_get/vec4 10;
    %jmp/0 T_33.5, 10;
    %load/vec4 v0x86d113340_0;
    %nor/r;
    %and;
T_33.5;
    %flag_set/vec4 9;
    %flag_get/vec4 9;
    %jmp/0 T_33.4, 9;
    %load/vec4 v0x86d113160_0;
    %nor/r;
    %and;
T_33.4;
    %flag_set/vec4 8;
    %jmp/0xz  T_33.2, 8;
    %pushi/vec4 1, 0, 1;
    %assign/vec4 v0x86d113340_0, 0;
    %pushi/vec4 1, 0, 1;
    %assign/vec4 v0x86d1132a0_0, 0;
    %jmp T_33.3;
T_33.2 ;
    %load/vec4 v0x86d113160_0;
    %flag_set/vec4 8;
    %jmp/0xz  T_33.6, 8;
    %pushi/vec4 0, 0, 1;
    %assign/vec4 v0x86d113340_0, 0;
T_33.6 ;
T_33.3 ;
T_33.1 ;
    %jmp T_33;
    .thread T_33;
    .scope S_0x100ba0a10;
T_34 ;
    %wait E_0x86d119940;
    %load/vec4 v0x86d113160_0;
    %store/vec4 v0x86d1130c0_0, 0, 1;
    %load/vec4 v0x86d113520_0;
    %store/vec4 v0x86d113480_0, 0, 1;
    %load/vec4 v0x86d1137a0_0;
    %store/vec4 v0x86d113700_0, 0, 1;
    %jmp T_34;
    .thread T_34, $push;
    .scope S_0x86d140300;
T_35 ;
    %wait E_0x86d119fc0;
    %load/vec4 v0x86d13f660_0;
    %dup/vec4;
    %pushi/vec4 0, 0, 4;
    %cmp/u;
    %jmp/1 T_35.0, 6;
    %dup/vec4;
    %pushi/vec4 1, 0, 4;
    %cmp/u;
    %jmp/1 T_35.1, 6;
    %dup/vec4;
    %pushi/vec4 2, 0, 4;
    %cmp/u;
    %jmp/1 T_35.2, 6;
    %dup/vec4;
    %pushi/vec4 3, 0, 4;
    %cmp/u;
    %jmp/1 T_35.3, 6;
    %dup/vec4;
    %pushi/vec4 4, 0, 4;
    %cmp/u;
    %jmp/1 T_35.4, 6;
    %dup/vec4;
    %pushi/vec4 5, 0, 4;
    %cmp/u;
    %jmp/1 T_35.5, 6;
    %dup/vec4;
    %pushi/vec4 6, 0, 4;
    %cmp/u;
    %jmp/1 T_35.6, 6;
    %dup/vec4;
    %pushi/vec4 7, 0, 4;
    %cmp/u;
    %jmp/1 T_35.7, 6;
    %dup/vec4;
    %pushi/vec4 8, 0, 4;
    %cmp/u;
    %jmp/1 T_35.8, 6;
    %dup/vec4;
    %pushi/vec4 9, 0, 4;
    %cmp/u;
    %jmp/1 T_35.9, 6;
    %dup/vec4;
    %pushi/vec4 10, 0, 4;
    %cmp/u;
    %jmp/1 T_35.10, 6;
    %dup/vec4;
    %pushi/vec4 11, 0, 4;
    %cmp/u;
    %jmp/1 T_35.11, 6;
    %dup/vec4;
    %pushi/vec4 12, 0, 4;
    %cmp/u;
    %jmp/1 T_35.12, 6;
    %dup/vec4;
    %pushi/vec4 13, 0, 4;
    %cmp/u;
    %jmp/1 T_35.13, 6;
    %dup/vec4;
    %pushi/vec4 14, 0, 4;
    %cmp/u;
    %jmp/1 T_35.14, 6;
    %dup/vec4;
    %pushi/vec4 15, 0, 4;
    %cmp/u;
    %jmp/1 T_35.15, 6;
    %pushi/vec4 127, 0, 7;
    %store/vec4 v0x86d13f5c0_0, 0, 7;
    %jmp T_35.17;
T_35.0 ;
    %pushi/vec4 64, 0, 7;
    %store/vec4 v0x86d13f5c0_0, 0, 7;
    %jmp T_35.17;
T_35.1 ;
    %pushi/vec4 121, 0, 7;
    %store/vec4 v0x86d13f5c0_0, 0, 7;
    %jmp T_35.17;
T_35.2 ;
    %pushi/vec4 36, 0, 7;
    %store/vec4 v0x86d13f5c0_0, 0, 7;
    %jmp T_35.17;
T_35.3 ;
    %pushi/vec4 48, 0, 7;
    %store/vec4 v0x86d13f5c0_0, 0, 7;
    %jmp T_35.17;
T_35.4 ;
    %pushi/vec4 25, 0, 7;
    %store/vec4 v0x86d13f5c0_0, 0, 7;
    %jmp T_35.17;
T_35.5 ;
    %pushi/vec4 18, 0, 7;
    %store/vec4 v0x86d13f5c0_0, 0, 7;
    %jmp T_35.17;
T_35.6 ;
    %pushi/vec4 2, 0, 7;
    %store/vec4 v0x86d13f5c0_0, 0, 7;
    %jmp T_35.17;
T_35.7 ;
    %pushi/vec4 120, 0, 7;
    %store/vec4 v0x86d13f5c0_0, 0, 7;
    %jmp T_35.17;
T_35.8 ;
    %pushi/vec4 0, 0, 7;
    %store/vec4 v0x86d13f5c0_0, 0, 7;
    %jmp T_35.17;
T_35.9 ;
    %pushi/vec4 16, 0, 7;
    %store/vec4 v0x86d13f5c0_0, 0, 7;
    %jmp T_35.17;
T_35.10 ;
    %pushi/vec4 8, 0, 7;
    %store/vec4 v0x86d13f5c0_0, 0, 7;
    %jmp T_35.17;
T_35.11 ;
    %pushi/vec4 3, 0, 7;
    %store/vec4 v0x86d13f5c0_0, 0, 7;
    %jmp T_35.17;
T_35.12 ;
    %pushi/vec4 70, 0, 7;
    %store/vec4 v0x86d13f5c0_0, 0, 7;
    %jmp T_35.17;
T_35.13 ;
    %pushi/vec4 33, 0, 7;
    %store/vec4 v0x86d13f5c0_0, 0, 7;
    %jmp T_35.17;
T_35.14 ;
    %pushi/vec4 6, 0, 7;
    %store/vec4 v0x86d13f5c0_0, 0, 7;
    %jmp T_35.17;
T_35.15 ;
    %pushi/vec4 14, 0, 7;
    %store/vec4 v0x86d13f5c0_0, 0, 7;
    %jmp T_35.17;
T_35.17 ;
    %pop/vec4 1;
    %jmp T_35;
    .thread T_35, $push;
    .scope S_0x86d140480;
T_36 ;
    %wait E_0x86d11a040;
    %load/vec4 v0x86d13f7a0_0;
    %dup/vec4;
    %pushi/vec4 0, 0, 4;
    %cmp/u;
    %jmp/1 T_36.0, 6;
    %dup/vec4;
    %pushi/vec4 1, 0, 4;
    %cmp/u;
    %jmp/1 T_36.1, 6;
    %dup/vec4;
    %pushi/vec4 2, 0, 4;
    %cmp/u;
    %jmp/1 T_36.2, 6;
    %dup/vec4;
    %pushi/vec4 3, 0, 4;
    %cmp/u;
    %jmp/1 T_36.3, 6;
    %dup/vec4;
    %pushi/vec4 4, 0, 4;
    %cmp/u;
    %jmp/1 T_36.4, 6;
    %dup/vec4;
    %pushi/vec4 5, 0, 4;
    %cmp/u;
    %jmp/1 T_36.5, 6;
    %dup/vec4;
    %pushi/vec4 6, 0, 4;
    %cmp/u;
    %jmp/1 T_36.6, 6;
    %dup/vec4;
    %pushi/vec4 7, 0, 4;
    %cmp/u;
    %jmp/1 T_36.7, 6;
    %dup/vec4;
    %pushi/vec4 8, 0, 4;
    %cmp/u;
    %jmp/1 T_36.8, 6;
    %dup/vec4;
    %pushi/vec4 9, 0, 4;
    %cmp/u;
    %jmp/1 T_36.9, 6;
    %dup/vec4;
    %pushi/vec4 10, 0, 4;
    %cmp/u;
    %jmp/1 T_36.10, 6;
    %dup/vec4;
    %pushi/vec4 11, 0, 4;
    %cmp/u;
    %jmp/1 T_36.11, 6;
    %dup/vec4;
    %pushi/vec4 12, 0, 4;
    %cmp/u;
    %jmp/1 T_36.12, 6;
    %dup/vec4;
    %pushi/vec4 13, 0, 4;
    %cmp/u;
    %jmp/1 T_36.13, 6;
    %dup/vec4;
    %pushi/vec4 14, 0, 4;
    %cmp/u;
    %jmp/1 T_36.14, 6;
    %dup/vec4;
    %pushi/vec4 15, 0, 4;
    %cmp/u;
    %jmp/1 T_36.15, 6;
    %pushi/vec4 127, 0, 7;
    %store/vec4 v0x86d13f700_0, 0, 7;
    %jmp T_36.17;
T_36.0 ;
    %pushi/vec4 64, 0, 7;
    %store/vec4 v0x86d13f700_0, 0, 7;
    %jmp T_36.17;
T_36.1 ;
    %pushi/vec4 121, 0, 7;
    %store/vec4 v0x86d13f700_0, 0, 7;
    %jmp T_36.17;
T_36.2 ;
    %pushi/vec4 36, 0, 7;
    %store/vec4 v0x86d13f700_0, 0, 7;
    %jmp T_36.17;
T_36.3 ;
    %pushi/vec4 48, 0, 7;
    %store/vec4 v0x86d13f700_0, 0, 7;
    %jmp T_36.17;
T_36.4 ;
    %pushi/vec4 25, 0, 7;
    %store/vec4 v0x86d13f700_0, 0, 7;
    %jmp T_36.17;
T_36.5 ;
    %pushi/vec4 18, 0, 7;
    %store/vec4 v0x86d13f700_0, 0, 7;
    %jmp T_36.17;
T_36.6 ;
    %pushi/vec4 2, 0, 7;
    %store/vec4 v0x86d13f700_0, 0, 7;
    %jmp T_36.17;
T_36.7 ;
    %pushi/vec4 120, 0, 7;
    %store/vec4 v0x86d13f700_0, 0, 7;
    %jmp T_36.17;
T_36.8 ;
    %pushi/vec4 0, 0, 7;
    %store/vec4 v0x86d13f700_0, 0, 7;
    %jmp T_36.17;
T_36.9 ;
    %pushi/vec4 16, 0, 7;
    %store/vec4 v0x86d13f700_0, 0, 7;
    %jmp T_36.17;
T_36.10 ;
    %pushi/vec4 8, 0, 7;
    %store/vec4 v0x86d13f700_0, 0, 7;
    %jmp T_36.17;
T_36.11 ;
    %pushi/vec4 3, 0, 7;
    %store/vec4 v0x86d13f700_0, 0, 7;
    %jmp T_36.17;
T_36.12 ;
    %pushi/vec4 70, 0, 7;
    %store/vec4 v0x86d13f700_0, 0, 7;
    %jmp T_36.17;
T_36.13 ;
    %pushi/vec4 33, 0, 7;
    %store/vec4 v0x86d13f700_0, 0, 7;
    %jmp T_36.17;
T_36.14 ;
    %pushi/vec4 6, 0, 7;
    %store/vec4 v0x86d13f700_0, 0, 7;
    %jmp T_36.17;
T_36.15 ;
    %pushi/vec4 14, 0, 7;
    %store/vec4 v0x86d13f700_0, 0, 7;
    %jmp T_36.17;
T_36.17 ;
    %pop/vec4 1;
    %jmp T_36;
    .thread T_36, $push;
    .scope S_0x86d140600;
T_37 ;
    %wait E_0x86d11a0c0;
    %load/vec4 v0x86d13f8e0_0;
    %dup/vec4;
    %pushi/vec4 0, 0, 4;
    %cmp/u;
    %jmp/1 T_37.0, 6;
    %dup/vec4;
    %pushi/vec4 1, 0, 4;
    %cmp/u;
    %jmp/1 T_37.1, 6;
    %dup/vec4;
    %pushi/vec4 2, 0, 4;
    %cmp/u;
    %jmp/1 T_37.2, 6;
    %dup/vec4;
    %pushi/vec4 3, 0, 4;
    %cmp/u;
    %jmp/1 T_37.3, 6;
    %dup/vec4;
    %pushi/vec4 4, 0, 4;
    %cmp/u;
    %jmp/1 T_37.4, 6;
    %dup/vec4;
    %pushi/vec4 5, 0, 4;
    %cmp/u;
    %jmp/1 T_37.5, 6;
    %dup/vec4;
    %pushi/vec4 6, 0, 4;
    %cmp/u;
    %jmp/1 T_37.6, 6;
    %dup/vec4;
    %pushi/vec4 7, 0, 4;
    %cmp/u;
    %jmp/1 T_37.7, 6;
    %dup/vec4;
    %pushi/vec4 8, 0, 4;
    %cmp/u;
    %jmp/1 T_37.8, 6;
    %dup/vec4;
    %pushi/vec4 9, 0, 4;
    %cmp/u;
    %jmp/1 T_37.9, 6;
    %dup/vec4;
    %pushi/vec4 10, 0, 4;
    %cmp/u;
    %jmp/1 T_37.10, 6;
    %dup/vec4;
    %pushi/vec4 11, 0, 4;
    %cmp/u;
    %jmp/1 T_37.11, 6;
    %dup/vec4;
    %pushi/vec4 12, 0, 4;
    %cmp/u;
    %jmp/1 T_37.12, 6;
    %dup/vec4;
    %pushi/vec4 13, 0, 4;
    %cmp/u;
    %jmp/1 T_37.13, 6;
    %dup/vec4;
    %pushi/vec4 14, 0, 4;
    %cmp/u;
    %jmp/1 T_37.14, 6;
    %dup/vec4;
    %pushi/vec4 15, 0, 4;
    %cmp/u;
    %jmp/1 T_37.15, 6;
    %pushi/vec4 127, 0, 7;
    %store/vec4 v0x86d13f840_0, 0, 7;
    %jmp T_37.17;
T_37.0 ;
    %pushi/vec4 64, 0, 7;
    %store/vec4 v0x86d13f840_0, 0, 7;
    %jmp T_37.17;
T_37.1 ;
    %pushi/vec4 121, 0, 7;
    %store/vec4 v0x86d13f840_0, 0, 7;
    %jmp T_37.17;
T_37.2 ;
    %pushi/vec4 36, 0, 7;
    %store/vec4 v0x86d13f840_0, 0, 7;
    %jmp T_37.17;
T_37.3 ;
    %pushi/vec4 48, 0, 7;
    %store/vec4 v0x86d13f840_0, 0, 7;
    %jmp T_37.17;
T_37.4 ;
    %pushi/vec4 25, 0, 7;
    %store/vec4 v0x86d13f840_0, 0, 7;
    %jmp T_37.17;
T_37.5 ;
    %pushi/vec4 18, 0, 7;
    %store/vec4 v0x86d13f840_0, 0, 7;
    %jmp T_37.17;
T_37.6 ;
    %pushi/vec4 2, 0, 7;
    %store/vec4 v0x86d13f840_0, 0, 7;
    %jmp T_37.17;
T_37.7 ;
    %pushi/vec4 120, 0, 7;
    %store/vec4 v0x86d13f840_0, 0, 7;
    %jmp T_37.17;
T_37.8 ;
    %pushi/vec4 0, 0, 7;
    %store/vec4 v0x86d13f840_0, 0, 7;
    %jmp T_37.17;
T_37.9 ;
    %pushi/vec4 16, 0, 7;
    %store/vec4 v0x86d13f840_0, 0, 7;
    %jmp T_37.17;
T_37.10 ;
    %pushi/vec4 8, 0, 7;
    %store/vec4 v0x86d13f840_0, 0, 7;
    %jmp T_37.17;
T_37.11 ;
    %pushi/vec4 3, 0, 7;
    %store/vec4 v0x86d13f840_0, 0, 7;
    %jmp T_37.17;
T_37.12 ;
    %pushi/vec4 70, 0, 7;
    %store/vec4 v0x86d13f840_0, 0, 7;
    %jmp T_37.17;
T_37.13 ;
    %pushi/vec4 33, 0, 7;
    %store/vec4 v0x86d13f840_0, 0, 7;
    %jmp T_37.17;
T_37.14 ;
    %pushi/vec4 6, 0, 7;
    %store/vec4 v0x86d13f840_0, 0, 7;
    %jmp T_37.17;
T_37.15 ;
    %pushi/vec4 14, 0, 7;
    %store/vec4 v0x86d13f840_0, 0, 7;
    %jmp T_37.17;
T_37.17 ;
    %pop/vec4 1;
    %jmp T_37;
    .thread T_37, $push;
    .scope S_0x86d140780;
T_38 ;
    %wait E_0x86d11a140;
    %load/vec4 v0x86d13fa20_0;
    %dup/vec4;
    %pushi/vec4 0, 0, 4;
    %cmp/u;
    %jmp/1 T_38.0, 6;
    %dup/vec4;
    %pushi/vec4 1, 0, 4;
    %cmp/u;
    %jmp/1 T_38.1, 6;
    %dup/vec4;
    %pushi/vec4 2, 0, 4;
    %cmp/u;
    %jmp/1 T_38.2, 6;
    %dup/vec4;
    %pushi/vec4 3, 0, 4;
    %cmp/u;
    %jmp/1 T_38.3, 6;
    %dup/vec4;
    %pushi/vec4 4, 0, 4;
    %cmp/u;
    %jmp/1 T_38.4, 6;
    %dup/vec4;
    %pushi/vec4 5, 0, 4;
    %cmp/u;
    %jmp/1 T_38.5, 6;
    %dup/vec4;
    %pushi/vec4 6, 0, 4;
    %cmp/u;
    %jmp/1 T_38.6, 6;
    %dup/vec4;
    %pushi/vec4 7, 0, 4;
    %cmp/u;
    %jmp/1 T_38.7, 6;
    %dup/vec4;
    %pushi/vec4 8, 0, 4;
    %cmp/u;
    %jmp/1 T_38.8, 6;
    %dup/vec4;
    %pushi/vec4 9, 0, 4;
    %cmp/u;
    %jmp/1 T_38.9, 6;
    %dup/vec4;
    %pushi/vec4 10, 0, 4;
    %cmp/u;
    %jmp/1 T_38.10, 6;
    %dup/vec4;
    %pushi/vec4 11, 0, 4;
    %cmp/u;
    %jmp/1 T_38.11, 6;
    %dup/vec4;
    %pushi/vec4 12, 0, 4;
    %cmp/u;
    %jmp/1 T_38.12, 6;
    %dup/vec4;
    %pushi/vec4 13, 0, 4;
    %cmp/u;
    %jmp/1 T_38.13, 6;
    %dup/vec4;
    %pushi/vec4 14, 0, 4;
    %cmp/u;
    %jmp/1 T_38.14, 6;
    %dup/vec4;
    %pushi/vec4 15, 0, 4;
    %cmp/u;
    %jmp/1 T_38.15, 6;
    %pushi/vec4 127, 0, 7;
    %store/vec4 v0x86d13f980_0, 0, 7;
    %jmp T_38.17;
T_38.0 ;
    %pushi/vec4 64, 0, 7;
    %store/vec4 v0x86d13f980_0, 0, 7;
    %jmp T_38.17;
T_38.1 ;
    %pushi/vec4 121, 0, 7;
    %store/vec4 v0x86d13f980_0, 0, 7;
    %jmp T_38.17;
T_38.2 ;
    %pushi/vec4 36, 0, 7;
    %store/vec4 v0x86d13f980_0, 0, 7;
    %jmp T_38.17;
T_38.3 ;
    %pushi/vec4 48, 0, 7;
    %store/vec4 v0x86d13f980_0, 0, 7;
    %jmp T_38.17;
T_38.4 ;
    %pushi/vec4 25, 0, 7;
    %store/vec4 v0x86d13f980_0, 0, 7;
    %jmp T_38.17;
T_38.5 ;
    %pushi/vec4 18, 0, 7;
    %store/vec4 v0x86d13f980_0, 0, 7;
    %jmp T_38.17;
T_38.6 ;
    %pushi/vec4 2, 0, 7;
    %store/vec4 v0x86d13f980_0, 0, 7;
    %jmp T_38.17;
T_38.7 ;
    %pushi/vec4 120, 0, 7;
    %store/vec4 v0x86d13f980_0, 0, 7;
    %jmp T_38.17;
T_38.8 ;
    %pushi/vec4 0, 0, 7;
    %store/vec4 v0x86d13f980_0, 0, 7;
    %jmp T_38.17;
T_38.9 ;
    %pushi/vec4 16, 0, 7;
    %store/vec4 v0x86d13f980_0, 0, 7;
    %jmp T_38.17;
T_38.10 ;
    %pushi/vec4 8, 0, 7;
    %store/vec4 v0x86d13f980_0, 0, 7;
    %jmp T_38.17;
T_38.11 ;
    %pushi/vec4 3, 0, 7;
    %store/vec4 v0x86d13f980_0, 0, 7;
    %jmp T_38.17;
T_38.12 ;
    %pushi/vec4 70, 0, 7;
    %store/vec4 v0x86d13f980_0, 0, 7;
    %jmp T_38.17;
T_38.13 ;
    %pushi/vec4 33, 0, 7;
    %store/vec4 v0x86d13f980_0, 0, 7;
    %jmp T_38.17;
T_38.14 ;
    %pushi/vec4 6, 0, 7;
    %store/vec4 v0x86d13f980_0, 0, 7;
    %jmp T_38.17;
T_38.15 ;
    %pushi/vec4 14, 0, 7;
    %store/vec4 v0x86d13f980_0, 0, 7;
    %jmp T_38.17;
T_38.17 ;
    %pop/vec4 1;
    %jmp T_38;
    .thread T_38, $push;
    .scope S_0x86d140900;
T_39 ;
    %wait E_0x86d11a1c0;
    %load/vec4 v0x86d13fb60_0;
    %dup/vec4;
    %pushi/vec4 0, 0, 4;
    %cmp/u;
    %jmp/1 T_39.0, 6;
    %dup/vec4;
    %pushi/vec4 1, 0, 4;
    %cmp/u;
    %jmp/1 T_39.1, 6;
    %dup/vec4;
    %pushi/vec4 2, 0, 4;
    %cmp/u;
    %jmp/1 T_39.2, 6;
    %dup/vec4;
    %pushi/vec4 3, 0, 4;
    %cmp/u;
    %jmp/1 T_39.3, 6;
    %dup/vec4;
    %pushi/vec4 4, 0, 4;
    %cmp/u;
    %jmp/1 T_39.4, 6;
    %dup/vec4;
    %pushi/vec4 5, 0, 4;
    %cmp/u;
    %jmp/1 T_39.5, 6;
    %dup/vec4;
    %pushi/vec4 6, 0, 4;
    %cmp/u;
    %jmp/1 T_39.6, 6;
    %dup/vec4;
    %pushi/vec4 7, 0, 4;
    %cmp/u;
    %jmp/1 T_39.7, 6;
    %dup/vec4;
    %pushi/vec4 8, 0, 4;
    %cmp/u;
    %jmp/1 T_39.8, 6;
    %dup/vec4;
    %pushi/vec4 9, 0, 4;
    %cmp/u;
    %jmp/1 T_39.9, 6;
    %dup/vec4;
    %pushi/vec4 10, 0, 4;
    %cmp/u;
    %jmp/1 T_39.10, 6;
    %dup/vec4;
    %pushi/vec4 11, 0, 4;
    %cmp/u;
    %jmp/1 T_39.11, 6;
    %dup/vec4;
    %pushi/vec4 12, 0, 4;
    %cmp/u;
    %jmp/1 T_39.12, 6;
    %dup/vec4;
    %pushi/vec4 13, 0, 4;
    %cmp/u;
    %jmp/1 T_39.13, 6;
    %dup/vec4;
    %pushi/vec4 14, 0, 4;
    %cmp/u;
    %jmp/1 T_39.14, 6;
    %dup/vec4;
    %pushi/vec4 15, 0, 4;
    %cmp/u;
    %jmp/1 T_39.15, 6;
    %pushi/vec4 127, 0, 7;
    %store/vec4 v0x86d13fac0_0, 0, 7;
    %jmp T_39.17;
T_39.0 ;
    %pushi/vec4 64, 0, 7;
    %store/vec4 v0x86d13fac0_0, 0, 7;
    %jmp T_39.17;
T_39.1 ;
    %pushi/vec4 121, 0, 7;
    %store/vec4 v0x86d13fac0_0, 0, 7;
    %jmp T_39.17;
T_39.2 ;
    %pushi/vec4 36, 0, 7;
    %store/vec4 v0x86d13fac0_0, 0, 7;
    %jmp T_39.17;
T_39.3 ;
    %pushi/vec4 48, 0, 7;
    %store/vec4 v0x86d13fac0_0, 0, 7;
    %jmp T_39.17;
T_39.4 ;
    %pushi/vec4 25, 0, 7;
    %store/vec4 v0x86d13fac0_0, 0, 7;
    %jmp T_39.17;
T_39.5 ;
    %pushi/vec4 18, 0, 7;
    %store/vec4 v0x86d13fac0_0, 0, 7;
    %jmp T_39.17;
T_39.6 ;
    %pushi/vec4 2, 0, 7;
    %store/vec4 v0x86d13fac0_0, 0, 7;
    %jmp T_39.17;
T_39.7 ;
    %pushi/vec4 120, 0, 7;
    %store/vec4 v0x86d13fac0_0, 0, 7;
    %jmp T_39.17;
T_39.8 ;
    %pushi/vec4 0, 0, 7;
    %store/vec4 v0x86d13fac0_0, 0, 7;
    %jmp T_39.17;
T_39.9 ;
    %pushi/vec4 16, 0, 7;
    %store/vec4 v0x86d13fac0_0, 0, 7;
    %jmp T_39.17;
T_39.10 ;
    %pushi/vec4 8, 0, 7;
    %store/vec4 v0x86d13fac0_0, 0, 7;
    %jmp T_39.17;
T_39.11 ;
    %pushi/vec4 3, 0, 7;
    %store/vec4 v0x86d13fac0_0, 0, 7;
    %jmp T_39.17;
T_39.12 ;
    %pushi/vec4 70, 0, 7;
    %store/vec4 v0x86d13fac0_0, 0, 7;
    %jmp T_39.17;
T_39.13 ;
    %pushi/vec4 33, 0, 7;
    %store/vec4 v0x86d13fac0_0, 0, 7;
    %jmp T_39.17;
T_39.14 ;
    %pushi/vec4 6, 0, 7;
    %store/vec4 v0x86d13fac0_0, 0, 7;
    %jmp T_39.17;
T_39.15 ;
    %pushi/vec4 14, 0, 7;
    %store/vec4 v0x86d13fac0_0, 0, 7;
    %jmp T_39.17;
T_39.17 ;
    %pop/vec4 1;
    %jmp T_39;
    .thread T_39, $push;
    .scope S_0x86d140a80;
T_40 ;
    %wait E_0x86d11a240;
    %load/vec4 v0x86d13fca0_0;
    %dup/vec4;
    %pushi/vec4 0, 0, 4;
    %cmp/u;
    %jmp/1 T_40.0, 6;
    %dup/vec4;
    %pushi/vec4 1, 0, 4;
    %cmp/u;
    %jmp/1 T_40.1, 6;
    %dup/vec4;
    %pushi/vec4 2, 0, 4;
    %cmp/u;
    %jmp/1 T_40.2, 6;
    %dup/vec4;
    %pushi/vec4 3, 0, 4;
    %cmp/u;
    %jmp/1 T_40.3, 6;
    %dup/vec4;
    %pushi/vec4 4, 0, 4;
    %cmp/u;
    %jmp/1 T_40.4, 6;
    %dup/vec4;
    %pushi/vec4 5, 0, 4;
    %cmp/u;
    %jmp/1 T_40.5, 6;
    %dup/vec4;
    %pushi/vec4 6, 0, 4;
    %cmp/u;
    %jmp/1 T_40.6, 6;
    %dup/vec4;
    %pushi/vec4 7, 0, 4;
    %cmp/u;
    %jmp/1 T_40.7, 6;
    %dup/vec4;
    %pushi/vec4 8, 0, 4;
    %cmp/u;
    %jmp/1 T_40.8, 6;
    %dup/vec4;
    %pushi/vec4 9, 0, 4;
    %cmp/u;
    %jmp/1 T_40.9, 6;
    %dup/vec4;
    %pushi/vec4 10, 0, 4;
    %cmp/u;
    %jmp/1 T_40.10, 6;
    %dup/vec4;
    %pushi/vec4 11, 0, 4;
    %cmp/u;
    %jmp/1 T_40.11, 6;
    %dup/vec4;
    %pushi/vec4 12, 0, 4;
    %cmp/u;
    %jmp/1 T_40.12, 6;
    %dup/vec4;
    %pushi/vec4 13, 0, 4;
    %cmp/u;
    %jmp/1 T_40.13, 6;
    %dup/vec4;
    %pushi/vec4 14, 0, 4;
    %cmp/u;
    %jmp/1 T_40.14, 6;
    %dup/vec4;
    %pushi/vec4 15, 0, 4;
    %cmp/u;
    %jmp/1 T_40.15, 6;
    %pushi/vec4 127, 0, 7;
    %store/vec4 v0x86d13fc00_0, 0, 7;
    %jmp T_40.17;
T_40.0 ;
    %pushi/vec4 64, 0, 7;
    %store/vec4 v0x86d13fc00_0, 0, 7;
    %jmp T_40.17;
T_40.1 ;
    %pushi/vec4 121, 0, 7;
    %store/vec4 v0x86d13fc00_0, 0, 7;
    %jmp T_40.17;
T_40.2 ;
    %pushi/vec4 36, 0, 7;
    %store/vec4 v0x86d13fc00_0, 0, 7;
    %jmp T_40.17;
T_40.3 ;
    %pushi/vec4 48, 0, 7;
    %store/vec4 v0x86d13fc00_0, 0, 7;
    %jmp T_40.17;
T_40.4 ;
    %pushi/vec4 25, 0, 7;
    %store/vec4 v0x86d13fc00_0, 0, 7;
    %jmp T_40.17;
T_40.5 ;
    %pushi/vec4 18, 0, 7;
    %store/vec4 v0x86d13fc00_0, 0, 7;
    %jmp T_40.17;
T_40.6 ;
    %pushi/vec4 2, 0, 7;
    %store/vec4 v0x86d13fc00_0, 0, 7;
    %jmp T_40.17;
T_40.7 ;
    %pushi/vec4 120, 0, 7;
    %store/vec4 v0x86d13fc00_0, 0, 7;
    %jmp T_40.17;
T_40.8 ;
    %pushi/vec4 0, 0, 7;
    %store/vec4 v0x86d13fc00_0, 0, 7;
    %jmp T_40.17;
T_40.9 ;
    %pushi/vec4 16, 0, 7;
    %store/vec4 v0x86d13fc00_0, 0, 7;
    %jmp T_40.17;
T_40.10 ;
    %pushi/vec4 8, 0, 7;
    %store/vec4 v0x86d13fc00_0, 0, 7;
    %jmp T_40.17;
T_40.11 ;
    %pushi/vec4 3, 0, 7;
    %store/vec4 v0x86d13fc00_0, 0, 7;
    %jmp T_40.17;
T_40.12 ;
    %pushi/vec4 70, 0, 7;
    %store/vec4 v0x86d13fc00_0, 0, 7;
    %jmp T_40.17;
T_40.13 ;
    %pushi/vec4 33, 0, 7;
    %store/vec4 v0x86d13fc00_0, 0, 7;
    %jmp T_40.17;
T_40.14 ;
    %pushi/vec4 6, 0, 7;
    %store/vec4 v0x86d13fc00_0, 0, 7;
    %jmp T_40.17;
T_40.15 ;
    %pushi/vec4 14, 0, 7;
    %store/vec4 v0x86d13fc00_0, 0, 7;
    %jmp T_40.17;
T_40.17 ;
    %pop/vec4 1;
    %jmp T_40;
    .thread T_40, $push;
    .scope S_0x100ba7190;
T_41 ;
    %wait E_0x86d119900;
    %load/vec4 v0x86d14b980_0;
    %load/vec4 v0x86d14b700_0;
    %concat/vec4; draw_concat_vec4
    %load/vec4 v0x86d14b520_0;
    %concat/vec4; draw_concat_vec4
    %load/vec4 v0x86d14b2a0_0;
    %concat/vec4; draw_concat_vec4
    %load/vec4 v0x86d14bac0_0;
    %concat/vec4; draw_concat_vec4
    %store/vec4 v0x86d14c3c0_0, 0, 10;
    %pushi/vec4 0, 0, 1;
    %store/vec4 v0x86d14d0e0_0, 0, 1;
    %jmp T_41;
    .thread T_41, $push;
    .scope S_0x100ba3830;
T_42 ;
    %delay 10000, 0;
    %load/vec4 v0x86d14f340_0;
    %inv;
    %store/vec4 v0x86d14f340_0, 0, 1;
    %jmp T_42;
    .thread T_42;
    .scope S_0x100ba3830;
T_43 ;
    %pushi/vec4 0, 0, 1;
    %store/vec4 v0x86d14f340_0, 0, 1;
    %pushi/vec4 384, 0, 10;
    %store/vec4 v0x86d14f2a0_0, 0, 10;
    %pushi/vec4 15, 0, 4;
    %store/vec4 v0x86d14f200_0, 0, 4;
    %pushi/vec4 2, 0, 32;
T_43.0 %dup/vec4;
    %cmpi/s 0, 0, 32;
    %jmp/1xz T_43.1, 5;
    %jmp/1 T_43.1, 4;
    %subi 1, 0, 32;
    %wait E_0x86d119840;
    %jmp T_43.0;
T_43.1 ;
    %pop/vec4 1;
    %pushi/vec4 0, 0, 1;
    %ix/load 4, 0, 0;
    %flag_set/imm 4, 0;
    %store/vec4 v0x86d14f200_0, 4, 1;
    %pushi/vec4 2, 0, 32;
T_43.2 %dup/vec4;
    %cmpi/s 0, 0, 32;
    %jmp/1xz T_43.3, 5;
    %jmp/1 T_43.3, 4;
    %subi 1, 0, 32;
    %wait E_0x86d119840;
    %jmp T_43.2;
T_43.3 ;
    %pop/vec4 1;
    %pushi/vec4 1, 0, 1;
    %ix/load 4, 0, 0;
    %flag_set/imm 4, 0;
    %store/vec4 v0x86d14f200_0, 4, 1;
    %pushi/vec4 140, 0, 32;
T_43.4 %dup/vec4;
    %cmpi/s 0, 0, 32;
    %jmp/1xz T_43.5, 5;
    %jmp/1 T_43.5, 4;
    %subi 1, 0, 32;
    %wait E_0x86d119840;
    %jmp T_43.4;
T_43.5 ;
    %pop/vec4 1;
    %load/vec4 v0x86d146e40_0;
    %cmpi/u 200, 0, 16;
    %flag_or 5, 4;
    %jmp/0xz  T_43.6, 5;
    %vpi_call/w 3 86 "$display", "tb_doodle_soc failed: expected player_x to move from its initialized ROM value" {0 0 0};
    %vpi_call/w 3 87 "$finish" {0 0 0};
T_43.6 ;
    %load/vec4 v0x86d1466c0_0;
    %cmpi/ne 32, 0, 8;
    %jmp/0xz  T_43.8, 6;
    %vpi_call/w 3 91 "$display", "tb_doodle_soc failed: audio pitch register was not initialized" {0 0 0};
    %vpi_call/w 3 92 "$finish" {0 0 0};
T_43.8 ;
    %load/vec4 v0x86d14f3e0_0;
    %cmpi/e 1, 1, 1;
    %jmp/0xz  T_43.10, 6;
    %vpi_call/w 3 96 "$display", "tb_doodle_soc failed: VGA blank should be driven" {0 0 0};
    %vpi_call/w 3 97 "$finish" {0 0 0};
T_43.10 ;
    %vpi_call/w 3 100 "$display", "tb_doodle_soc passed" {0 0 0};
    %vpi_call/w 3 101 "$finish" {0 0 0};
    %end;
    .thread T_43;
# The file index is used to find the file name in the following table.
:file_names 28;
    "N/A";
    "<interactive>";
    "-";
    "sim/tb_doodle_soc.sv";
    "doodle_jump.v";
    "rtl/top/doodle_jump_top.sv";
    "rtl/audio/audio_subsystem.sv";
    "audio/audio_configurator_select.v";
    "audio/i2c_controller.v";
    "rtl/audio/simple_audio_output.sv";
    "rtl/common/input_synchronizer.sv";
    "rtl/cpu/cpu_core.sv";
    "rtl/cpu/alu.sv";
    "rtl/cpu/control_unit.sv";
    "rtl/cpu/instruction_decoder.sv";
    "rtl/cpu/register_file.sv";
    "rtl/common/hex_decoder.sv";
    "rtl/game/mem_router.sv";
    "rtl/audio/audio_regs.sv";
    "rtl/common/sync_ram.sv";
    "rtl/game/game_regs.sv";
    "rtl/common/program_rom.sv";
    "rtl/video/vga_subsystem.sv";
    "rtl/video/background_renderer.sv";
    "rtl/video/platform_renderer.sv";
    "rtl/video/player_renderer.sv";
    "rtl/video/video_compositor.sv";
    "rtl/video/video_timing.sv";
