#! /opt/homebrew/Cellar/icarus-verilog/13.0/bin/vvp
:ivl_version "13.0 (stable)" "(v13_0)";
:ivl_delay_selection "TYPICAL";
:vpi_time_precision - 12;
:vpi_module "/opt/homebrew/Cellar/icarus-verilog/13.0/lib/ivl/system.vpi";
:vpi_module "/opt/homebrew/Cellar/icarus-verilog/13.0/lib/ivl/vhdl_sys.vpi";
:vpi_module "/opt/homebrew/Cellar/icarus-verilog/13.0/lib/ivl/vhdl_textio.vpi";
:vpi_module "/opt/homebrew/Cellar/icarus-verilog/13.0/lib/ivl/v2005_math.vpi";
:vpi_module "/opt/homebrew/Cellar/icarus-verilog/13.0/lib/ivl/va_math.vpi";
:vpi_module "/opt/homebrew/Cellar/icarus-verilog/13.0/lib/ivl/v2009.vpi";
S_0x104ace200 .scope package, "$unit" "$unit" 2 1;
 .timescale 0 0;
S_0x104ace380 .scope module, "doodle_jump" "doodle_jump" 3 3;
 .timescale -9 -12;
    .port_info 0 /INPUT 1 "systemClock50MHz";
    .port_info 1 /INPUT 10 "switches";
    .port_info 2 /OUTPUT 10 "leds";
    .port_info 3 /INPUT 4 "push_buttons";
    .port_info 4 /OUTPUT 7 "hex0";
    .port_info 5 /OUTPUT 7 "hex1";
    .port_info 6 /OUTPUT 7 "hex2";
    .port_info 7 /OUTPUT 7 "hex3";
    .port_info 8 /OUTPUT 7 "hex4";
    .port_info 9 /OUTPUT 7 "hex5";
    .port_info 10 /INOUT 1 "i2c_clock";
    .port_info 11 /INOUT 1 "i2c_data";
    .port_info 12 /INOUT 1 "audio_masterClock";
    .port_info 13 /INOUT 1 "audio_leftRightClock";
    .port_info 14 /INOUT 1 "audio_bitClock";
    .port_info 15 /INOUT 1 "audio_data";
    .port_info 16 /OUTPUT 1 "vga_clock";
    .port_info 17 /OUTPUT 1 "vga_blank_n";
    .port_info 18 /OUTPUT 1 "vga_hs";
    .port_info 19 /OUTPUT 1 "vga_vs";
    .port_info 20 /OUTPUT 1 "vga_sync_n";
    .port_info 21 /OUTPUT 8 "vga_red";
    .port_info 22 /OUTPUT 8 "vga_green";
    .port_info 23 /OUTPUT 8 "vga_blue";
    .port_info 24 /OUTPUT 16 "instructionRegisterContentsOutput";
    .port_info 25 /OUTPUT 16 "programCounterContentsOutput";
    .port_info 26 /OUTPUT 16 "programStateRegisterContentsOutput";
    .port_info 27 /OUTPUT 16 "aluResultOutput";
    .port_info 28 /OUTPUT 5 "aluFlagsOutput";
    .port_info 29 /OUTPUT 3 "controlUnitState";
    .port_info 30 /OUTPUT 3 "controlUnitNextState";
P_0xb2ecd8000 .param/l "DATA_WIDTH" 0 3 4, +C4<00000000000000000000000000010000>;
P_0xb2ecd8040 .param/l "MEMORY_ADDR_WIDTH" 0 3 5, +C4<00000000000000000000000000010000>;
v0xb2f199f40_0 .net "aluFlagsOutput", 4 0, L_0xb2f1a42a0;  1 drivers
v0xb2f199fe0_0 .net "aluResultOutput", 15 0, L_0xb2f1a4230;  1 drivers
v0xb2f19a080_0 .net "audio_bitClock", 0 0, L_0xb2f072260;  1 drivers
v0xb2f19a120_0 .net "audio_data", 0 0, v0xb2f143160_0;  1 drivers
v0xb2f19a1c0_0 .net "audio_leftRightClock", 0 0, L_0xb2f072300;  1 drivers
v0xb2f19a260_0 .net "audio_masterClock", 0 0, L_0xb2f0721c0;  1 drivers
v0xb2f19a300_0 .net "controlUnitNextState", 2 0, L_0xb2f1a3e80;  1 drivers
v0xb2f19a3a0_0 .net "controlUnitState", 2 0, L_0xb2f1a3de0;  1 drivers
v0xb2f19a440_0 .net "hex0", 6 0, v0xb2f18c320_0;  1 drivers
v0xb2f19a4e0_0 .net "hex1", 6 0, v0xb2f18c460_0;  1 drivers
v0xb2f19a580_0 .net "hex2", 6 0, v0xb2f18c5a0_0;  1 drivers
v0xb2f19a620_0 .net "hex3", 6 0, v0xb2f18c6e0_0;  1 drivers
v0xb2f19a6c0_0 .net "hex4", 6 0, v0xb2f18c820_0;  1 drivers
v0xb2f19a760_0 .net "hex5", 6 0, v0xb2f18c960_0;  1 drivers
v0xb2f19a800_0 .net "i2c_clock", 0 0, L_0xb2f10d860;  1 drivers
v0xb2f19a8a0_0 .net "i2c_data", 0 0, L_0xb2f10c780;  1 drivers
v0xb2f19a940_0 .net "instructionRegisterContentsOutput", 15 0, v0xb2f18b480_0;  1 drivers
v0xb2f19a9e0_0 .net "leds", 9 0, v0xb2f1990e0_0;  1 drivers
v0xb2f19aa80_0 .net "programCounterContentsOutput", 15 0, v0xb2f18ba20_0;  1 drivers
v0xb2f19ab20_0 .net "programStateRegisterContentsOutput", 15 0, v0xb2f18bb60_0;  1 drivers
o0xb2f445300 .functor BUFZ 4, c4<zzzz>; HiZ drive
v0xb2f19abc0_0 .net "push_buttons", 3 0, o0xb2f445300;  0 drivers
o0xb2f447fa0 .functor BUFZ 10, c4<zzzzzzzzzz>; HiZ drive
v0xb2f19ac60_0 .net "switches", 9 0, o0xb2f447fa0;  0 drivers
o0xb2f444880 .functor BUFZ 1, c4<z>; HiZ drive
v0xb2f19ad00_0 .net "systemClock50MHz", 0 0, o0xb2f444880;  0 drivers
v0xb2f19ada0_0 .net "vga_blank_n", 0 0, v0xb2f1923a0_0;  1 drivers
v0xb2f19ae40_0 .net "vga_blue", 7 0, v0xb2f191c20_0;  1 drivers
v0xb2f19aee0_0 .net "vga_clock", 0 0, L_0xb2f1a48c0;  1 drivers
v0xb2f19af80_0 .net "vga_green", 7 0, v0xb2f191d60_0;  1 drivers
v0xb2f19b020_0 .net "vga_hs", 0 0, v0xb2f1926c0_0;  1 drivers
v0xb2f19b0c0_0 .net "vga_red", 7 0, v0xb2f192300_0;  1 drivers
v0xb2f19b160_0 .net "vga_sync_n", 0 0, v0xb2f199e00_0;  1 drivers
v0xb2f19b200_0 .net "vga_vs", 0 0, v0xb2f192a80_0;  1 drivers
S_0x104acb870 .scope module, "doodle_jump_top_instance" "doodle_jump_top" 3 40, 4 4 0, S_0x104ace380;
 .timescale -9 -12;
    .port_info 0 /INPUT 1 "systemClock50MHz";
    .port_info 1 /INPUT 10 "switches";
    .port_info 2 /OUTPUT 10 "leds";
    .port_info 3 /INPUT 4 "push_buttons";
    .port_info 4 /OUTPUT 7 "hex0";
    .port_info 5 /OUTPUT 7 "hex1";
    .port_info 6 /OUTPUT 7 "hex2";
    .port_info 7 /OUTPUT 7 "hex3";
    .port_info 8 /OUTPUT 7 "hex4";
    .port_info 9 /OUTPUT 7 "hex5";
    .port_info 10 /INOUT 1 "i2c_clock";
    .port_info 11 /INOUT 1 "i2c_data";
    .port_info 12 /INOUT 1 "audio_masterClock";
    .port_info 13 /INOUT 1 "audio_leftRightClock";
    .port_info 14 /INOUT 1 "audio_bitClock";
    .port_info 15 /INOUT 1 "audio_data";
    .port_info 16 /OUTPUT 1 "vga_clock";
    .port_info 17 /OUTPUT 1 "vga_blank_n";
    .port_info 18 /OUTPUT 1 "vga_hs";
    .port_info 19 /OUTPUT 1 "vga_vs";
    .port_info 20 /OUTPUT 1 "vga_sync_n";
    .port_info 21 /OUTPUT 8 "vga_red";
    .port_info 22 /OUTPUT 8 "vga_green";
    .port_info 23 /OUTPUT 8 "vga_blue";
    .port_info 24 /OUTPUT 16 "instructionRegisterContentsOutput";
    .port_info 25 /OUTPUT 16 "programCounterContentsOutput";
    .port_info 26 /OUTPUT 16 "programStateRegisterContentsOutput";
    .port_info 27 /OUTPUT 16 "aluResultOutput";
    .port_info 28 /OUTPUT 5 "aluFlagsOutput";
    .port_info 29 /OUTPUT 3 "controlUnitState";
    .port_info 30 /OUTPUT 3 "controlUnitNextState";
L_0xb2f1a4070 .functor NOT 1, L_0xb2f0705a0, C4<0>, C4<0>, C4<0>;
v0xb2f193d40_0 .net *"_ivl_1", 0 0, L_0xb2f0705a0;  1 drivers
v0xb2f193de0_0 .net "aluFlagsOutput", 4 0, L_0xb2f1a42a0;  alias, 1 drivers
v0xb2f193e80_0 .net "aluResultOutput", 15 0, L_0xb2f1a4230;  alias, 1 drivers
v0xb2f193f20_0 .net "audio_bitClock", 0 0, L_0xb2f072260;  alias, 1 drivers
v0xb2f198000_0 .net "audio_busy", 0 0, v0xb2f143de0_0;  1 drivers
v0xb2f1980a0_0 .net "audio_configure_ack", 0 0, v0xb2f188000_0;  1 drivers
v0xb2f198140_0 .net "audio_configure_request", 0 0, v0xb2f18cdc0_0;  1 drivers
v0xb2f1981e0_0 .net "audio_data", 0 0, v0xb2f143160_0;  alias, 1 drivers
v0xb2f198280_0 .net "audio_done", 0 0, v0xb2f1881e0_0;  1 drivers
v0xb2f198320_0 .net "audio_drum_toggle", 0 0, v0xb2f18cfa0_0;  1 drivers
v0xb2f1983c0_0 .net "audio_enable_output", 0 0, v0xb2f18d040_0;  1 drivers
v0xb2f198460_0 .net "audio_error", 0 0, v0xb2f188460_0;  1 drivers
v0xb2f198500_0 .net "audio_leftRightClock", 0 0, L_0xb2f072300;  alias, 1 drivers
v0xb2f1985a0_0 .net "audio_masterClock", 0 0, L_0xb2f0721c0;  alias, 1 drivers
v0xb2f198640_0 .net "audio_pitch", 7 0, v0xb2f18d180_0;  1 drivers
v0xb2f1986e0_0 .net "audio_selected_command", 3 0, v0xb2f18d360_0;  1 drivers
v0xb2f198780_0 .net "controlUnitNextState", 2 0, L_0xb2f1a3e80;  alias, 1 drivers
v0xb2f198820_0 .net "controlUnitState", 2 0, L_0xb2f1a3de0;  alias, 1 drivers
v0xb2f1988c0_0 .net "cpu_memory_address", 15 0, L_0xb2f10d7c0;  1 drivers
v0xb2f198960_0 .net "cpu_memory_read_data", 15 0, v0xb2f18fe80_0;  1 drivers
v0xb2f198a00_0 .net "cpu_memory_write_data", 15 0, L_0xb2f1a41c0;  1 drivers
v0xb2f198aa0_0 .net "cpu_memory_write_enable", 0 0, v0xb2f189680_0;  1 drivers
v0xb2f198b40_0 .net "hex0", 6 0, v0xb2f18c320_0;  alias, 1 drivers
v0xb2f198be0_0 .net "hex1", 6 0, v0xb2f18c460_0;  alias, 1 drivers
v0xb2f198c80_0 .net "hex2", 6 0, v0xb2f18c5a0_0;  alias, 1 drivers
v0xb2f198d20_0 .net "hex3", 6 0, v0xb2f18c6e0_0;  alias, 1 drivers
v0xb2f198dc0_0 .net "hex4", 6 0, v0xb2f18c820_0;  alias, 1 drivers
v0xb2f198e60_0 .net "hex5", 6 0, v0xb2f18c960_0;  alias, 1 drivers
v0xb2f198f00_0 .net "i2c_clock", 0 0, L_0xb2f10d860;  alias, 1 drivers
v0xb2f198fa0_0 .net "i2c_data", 0 0, L_0xb2f10c780;  alias, 1 drivers
v0xb2f199040_0 .net "instructionRegisterContentsOutput", 15 0, v0xb2f18b480_0;  alias, 1 drivers
v0xb2f1990e0_0 .var "leds", 9 0;
v0xb2f199180_0 .net "platform_wh_bus", 63 0, L_0xb2f1a80a0;  1 drivers
v0xb2f199220_0 .net "platform_x_bus", 63 0, L_0xb2f1a3f20;  1 drivers
v0xb2f1992c0_0 .net "platform_y_bus", 63 0, L_0xb2f1a8000;  1 drivers
v0xb2f199360_0 .net "player_x", 15 0, v0xb2f18e760_0;  1 drivers
v0xb2f199400_0 .net "player_y", 15 0, v0xb2f18e800_0;  1 drivers
v0xb2f1994a0_0 .net "programCounterContentsOutput", 15 0, v0xb2f18ba20_0;  alias, 1 drivers
v0xb2f199540_0 .net "programStateRegisterContentsOutput", 15 0, v0xb2f18bb60_0;  alias, 1 drivers
v0xb2f1995e0_0 .net "push_buttons", 3 0, o0xb2f445300;  alias, 0 drivers
v0xb2f199680_0 .net "rst", 0 0, L_0xb2f1a4070;  1 drivers
v0xb2f199720_0 .net "score_status", 15 0, v0xb2f18e9e0_0;  1 drivers
v0xb2f1997c0_0 .net "switches", 9 0, o0xb2f447fa0;  alias, 0 drivers
v0xb2f199860_0 .net "synced_buttons", 3 0, v0xb2f188b40_0;  1 drivers
v0xb2f199900_0 .net "synced_switches", 9 0, v0xb2f190640_0;  1 drivers
v0xb2f1999a0_0 .net "systemClock50MHz", 0 0, o0xb2f444880;  alias, 0 drivers
v0xb2f199a40_0 .net "vga_blank_n", 0 0, v0xb2f1923a0_0;  alias, 1 drivers
v0xb2f199ae0_0 .net "vga_blue", 7 0, v0xb2f191c20_0;  alias, 1 drivers
v0xb2f199b80_0 .net "vga_clock", 0 0, L_0xb2f1a48c0;  alias, 1 drivers
v0xb2f199c20_0 .net "vga_green", 7 0, v0xb2f191d60_0;  alias, 1 drivers
v0xb2f199cc0_0 .net "vga_hs", 0 0, v0xb2f1926c0_0;  alias, 1 drivers
v0xb2f199d60_0 .net "vga_red", 7 0, v0xb2f192300_0;  alias, 1 drivers
v0xb2f199e00_0 .var "vga_sync_n", 0 0;
v0xb2f199ea0_0 .net "vga_vs", 0 0, v0xb2f192a80_0;  alias, 1 drivers
E_0xb2f15ddc0/0 .event anyedge, v0xb2f142ee0_0, v0xb2f188460_0, v0xb2f1881e0_0, v0xb2f143de0_0;
E_0xb2f15ddc0/1 .event anyedge, v0xb2f18b340_0;
E_0xb2f15ddc0 .event/or E_0xb2f15ddc0/0, E_0xb2f15ddc0/1;
L_0xb2f0705a0 .part o0xb2f445300, 0, 1;
L_0xb2f072120 .part v0xb2f190640_0, 6, 4;
L_0xb2f072440 .part v0xb2f18e9e0_0, 0, 4;
L_0xb2f0724e0 .part v0xb2f18e9e0_0, 4, 4;
L_0xb2f072580 .part v0xb2f18e9e0_0, 8, 4;
L_0xb2f072620 .part v0xb2f18e9e0_0, 12, 4;
L_0xb2f0726c0 .part v0xb2f18e760_0, 0, 4;
L_0xb2f072760 .part v0xb2f18e800_0, 0, 4;
S_0x104aced60 .scope module, "audio_subsystem_instance" "audio_subsystem" 4 144, 5 3 0, S_0x104acb870;
 .timescale -9 -12;
    .port_info 0 /INPUT 1 "clk_50mhz";
    .port_info 1 /INPUT 1 "rst";
    .port_info 2 /INPUT 1 "configure_request";
    .port_info 3 /INPUT 4 "selected_command";
    .port_info 4 /INPUT 8 "pitch";
    .port_info 5 /INPUT 1 "drum_toggle";
    .port_info 6 /INPUT 1 "enable_output";
    .port_info 7 /OUTPUT 1 "configure_ack";
    .port_info 8 /OUTPUT 1 "busy";
    .port_info 9 /OUTPUT 1 "done";
    .port_info 10 /OUTPUT 1 "error";
    .port_info 11 /INOUT 1 "i2c_clock";
    .port_info 12 /INOUT 1 "i2c_data";
    .port_info 13 /OUTPUT 1 "audio_master_clock";
    .port_info 14 /OUTPUT 1 "audio_left_right_clock";
    .port_info 15 /OUTPUT 1 "audio_bit_clock";
    .port_info 16 /OUTPUT 1 "audio_data";
v0xb2f143b60_0 .net "audio_bit_clock", 0 0, L_0xb2f072260;  alias, 1 drivers
v0xb2f143c00_0 .net "audio_data", 0 0, v0xb2f143160_0;  alias, 1 drivers
v0xb2f143ca0_0 .net "audio_left_right_clock", 0 0, L_0xb2f072300;  alias, 1 drivers
v0xb2f143d40_0 .net "audio_master_clock", 0 0, L_0xb2f0721c0;  alias, 1 drivers
v0xb2f143de0_0 .var "busy", 0 0;
v0xb2f143e80_0 .net "busy_internal", 0 0, v0xb2f1423a0_0;  1 drivers
v0xb2f143f20_0 .net "clk_50mhz", 0 0, o0xb2f444880;  alias, 0 drivers
v0xb2f188000_0 .var "configure_ack", 0 0;
v0xb2f1880a0_0 .var "configure_active", 0 0;
v0xb2f188140_0 .net "configure_request", 0 0, v0xb2f18cdc0_0;  alias, 1 drivers
v0xb2f1881e0_0 .var "done", 0 0;
v0xb2f188280_0 .net "done_internal", 0 0, v0xb2f1429e0_0;  1 drivers
v0xb2f188320_0 .net "drum_toggle", 0 0, v0xb2f18cfa0_0;  alias, 1 drivers
v0xb2f1883c0_0 .net "enable_output", 0 0, v0xb2f18d040_0;  alias, 1 drivers
v0xb2f188460_0 .var "error", 0 0;
v0xb2f188500_0 .net "error_internal", 0 0, v0xb2f141b80_0;  1 drivers
v0xb2f1885a0_0 .net "i2c_clock", 0 0, L_0xb2f10d860;  alias, 1 drivers
v0xb2f188640_0 .net "i2c_data", 0 0, L_0xb2f10c780;  alias, 1 drivers
v0xb2f1886e0_0 .net "pitch", 7 0, v0xb2f18d180_0;  alias, 1 drivers
v0xb2f188780_0 .net "rst", 0 0, L_0xb2f1a4070;  alias, 1 drivers
v0xb2f188820_0 .net "selected_command", 3 0, v0xb2f18d360_0;  alias, 1 drivers
E_0xb2f15de00 .event anyedge, v0xb2f1423a0_0, v0xb2f1429e0_0, v0xb2f141b80_0;
S_0x104aceee0 .scope module, "audio_configurator_select_instance" "audio_configurator_select" 5 44, 6 3 0, S_0x104aced60;
 .timescale -9 -12;
    .port_info 0 /INPUT 1 "systemClock";
    .port_info 1 /INPUT 1 "reset";
    .port_info 2 /INPUT 1 "configure";
    .port_info 3 /INPUT 4 "selectedCommand";
    .port_info 4 /OUTPUT 1 "busy";
    .port_info 5 /OUTPUT 1 "done";
    .port_info 6 /OUTPUT 1 "encounteredError";
    .port_info 7 /INOUT 1 "i2c_clock";
    .port_info 8 /INOUT 1 "i2c_data";
P_0x104ad1ba0 .param/l "IDLE_STATE" 1 6 98, +C4<00000000000000000000000000000000>;
P_0x104ad1be0 .param/l "SEND_COMMAND_STATE" 1 6 99, +C4<00000000000000000000000000000001>;
P_0x104ad1c20 .param/l "commandCount" 1 6 17, +C4<00000000000000000000000000000001>;
L_0xb2f1a4930 .functor BUFZ 1, v0xb2f142bc0_0, C4<0>, C4<0>, C4<0>;
v0xb2f142300_0 .var "addressByte", 7 0;
v0xb2f1423a0_0 .var "busy", 0 0;
v0xb2f142440_0 .var "clk_divider_count", 7 0;
v0xb2f1424e0 .array "commands", 0 16, 23 0;
v0xb2f142580_0 .net "configure", 0 0, v0xb2f1880a0_0;  1 drivers
v0xb2f142620_0 .net "controllerBusy", 0 0, v0xb2f141680_0;  1 drivers
v0xb2f1426c0_0 .net "controllerClock", 0 0, L_0xb2f1a4930;  1 drivers
v0xb2f142760_0 .net "controllerDone", 0 0, v0xb2f141ae0_0;  1 drivers
v0xb2f142800_0 .var "currentCommandIndex", 3 0;
v0xb2f1428a0_0 .var "currentState", 2 0;
v0xb2f142940_0 .var "currentStep", 2 0;
v0xb2f1429e0_0 .var "done", 0 0;
v0xb2f142a80_0 .net "encounteredError", 0 0, v0xb2f141b80_0;  alias, 1 drivers
v0xb2f142b20_0 .var "firstByte", 7 0;
v0xb2f142bc0_0 .var "i2c_clk_reg", 0 0;
v0xb2f142c60_0 .net "i2c_clock", 0 0, L_0xb2f10d860;  alias, 1 drivers
v0xb2f142d00_0 .net "i2c_data", 0 0, L_0xb2f10c780;  alias, 1 drivers
v0xb2f142da0_0 .net "reset", 0 0, L_0xb2f1a4070;  alias, 1 drivers
v0xb2f142e40_0 .var "secondByte", 7 0;
v0xb2f142ee0_0 .net "selectedCommand", 3 0, v0xb2f18d360_0;  alias, 1 drivers
v0xb2f142f80_0 .var "sendMessage", 0 0;
v0xb2f143020_0 .net "systemClock", 0 0, o0xb2f444880;  alias, 0 drivers
E_0xb2f15df00 .event posedge, v0xb2f141f40_0, v0xb2f143020_0;
S_0x104ab8680 .scope module, "i2c_controller_instance" "i2c_controller" 6 81, 7 3 0, S_0x104aceee0;
 .timescale -9 -12;
    .port_info 0 /INPUT 1 "clock";
    .port_info 1 /INPUT 1 "reset";
    .port_info 2 /INPUT 1 "sendMessage";
    .port_info 3 /INPUT 8 "addressByte";
    .port_info 4 /INPUT 8 "firstByte";
    .port_info 5 /INPUT 8 "secondByte";
    .port_info 6 /OUTPUT 1 "busy";
    .port_info 7 /OUTPUT 1 "done";
    .port_info 8 /OUTPUT 1 "encounteredError";
    .port_info 9 /INOUT 1 "i2c_clock";
    .port_info 10 /INOUT 1 "i2c_data";
P_0xb2f184000 .param/l "ACK_STATE" 1 7 28, +C4<00000000000000000000000000000011>;
P_0xb2f184040 .param/l "IDLE_STATE" 1 7 25, +C4<00000000000000000000000000000000>;
P_0xb2f184080 .param/l "SEND_BIT_STATE" 1 7 27, +C4<00000000000000000000000000000010>;
P_0xb2f1840c0 .param/l "START_STATE" 1 7 26, +C4<00000000000000000000000000000001>;
P_0xb2f184100 .param/l "STOP_STATE" 1 7 29, +C4<00000000000000000000000000000100>;
L_0xb2f478130 .functor BUFT 1, C4<0>, C4<0>, C4<0>, C4<0>;
v0xb2f141360_0 .net/2u *"_ivl_0", 0 0, L_0xb2f478130;  1 drivers
o0xb2f444040 .functor BUFZ 1, c4<z>; HiZ drive
; Elide local net with no drivers, v0xb2f141400_0 name=_ivl_2
L_0xb2f478178 .functor BUFT 1, C4<0>, C4<0>, C4<0>, C4<0>;
v0xb2f1414a0_0 .net/2u *"_ivl_6", 0 0, L_0xb2f478178;  1 drivers
o0xb2f4440a0 .functor BUFZ 1, c4<z>; HiZ drive
; Elide local net with no drivers, v0xb2f141540_0 name=_ivl_8
v0xb2f1415e0_0 .net "addressByte", 7 0, v0xb2f142300_0;  1 drivers
v0xb2f141680_0 .var "busy", 0 0;
v0xb2f141720_0 .net "clock", 0 0, L_0xb2f1a4930;  alias, 1 drivers
v0xb2f1417c0_0 .var "currentBitIndex", 3 0;
v0xb2f141860_0 .var "currentByte", 7 0;
v0xb2f141900_0 .var "currentByteIndex", 2 0;
v0xb2f1419a0_0 .var "currentState", 3 0;
v0xb2f141a40_0 .var "currentStep", 3 0;
v0xb2f141ae0_0 .var "done", 0 0;
v0xb2f141b80_0 .var "encounteredError", 0 0;
v0xb2f141c20_0 .net "firstByte", 7 0, v0xb2f142b20_0;  1 drivers
v0xb2f141cc0_0 .net "i2c_clock", 0 0, L_0xb2f10d860;  alias, 1 drivers
v0xb2f141d60_0 .net "i2c_data", 0 0, L_0xb2f10c780;  alias, 1 drivers
v0xb2f141e00_0 .var "pullClockLow", 0 0;
v0xb2f141ea0_0 .var "pullDataLow", 0 0;
v0xb2f141f40_0 .net "reset", 0 0, L_0xb2f1a4070;  alias, 1 drivers
v0xb2f141fe0_0 .var "savedAddressByte", 7 0;
v0xb2f142080_0 .var "savedFirstByte", 7 0;
v0xb2f142120_0 .var "savedSecondByte", 7 0;
v0xb2f1421c0_0 .net "secondByte", 7 0, v0xb2f142e40_0;  1 drivers
v0xb2f142260_0 .net "sendMessage", 0 0, v0xb2f142f80_0;  1 drivers
E_0xb2f15e080 .event posedge, v0xb2f141f40_0, v0xb2f141720_0;
L_0xb2f10d860 .functor MUXZ 1, o0xb2f444040, L_0xb2f478130, v0xb2f141e00_0, C4<>;
L_0xb2f10c780 .functor MUXZ 1, o0xb2f4440a0, L_0xb2f478178, v0xb2f141ea0_0, C4<>;
S_0x104abc350 .scope module, "simple_audio_output_instance" "simple_audio_output" 5 56, 8 3 0, S_0x104aced60;
 .timescale -9 -12;
    .port_info 0 /INPUT 1 "clk_50mhz";
    .port_info 1 /INPUT 1 "rst";
    .port_info 2 /INPUT 1 "enable_output";
    .port_info 3 /INPUT 1 "drum_toggle";
    .port_info 4 /INPUT 8 "pitch";
    .port_info 5 /OUTPUT 1 "aud_xck";
    .port_info 6 /OUTPUT 1 "aud_bclk";
    .port_info 7 /OUTPUT 1 "aud_daclrck";
    .port_info 8 /OUTPUT 1 "aud_dacdat";
v0xb2f1430c0_0 .net "aud_bclk", 0 0, L_0xb2f072260;  alias, 1 drivers
v0xb2f143160_0 .var "aud_dacdat", 0 0;
v0xb2f143200_0 .net "aud_daclrck", 0 0, L_0xb2f072300;  alias, 1 drivers
v0xb2f1432a0_0 .net "aud_xck", 0 0, L_0xb2f0721c0;  alias, 1 drivers
v0xb2f143340_0 .net "bit_index", 4 0, L_0xb2f0723a0;  1 drivers
v0xb2f1433e0_0 .net "clk_50mhz", 0 0, o0xb2f444880;  alias, 0 drivers
v0xb2f143480_0 .var "current_sample", 15 0;
v0xb2f143520_0 .net "drum_toggle", 0 0, v0xb2f18cfa0_0;  alias, 1 drivers
v0xb2f1435c0_0 .net "enable_output", 0 0, v0xb2f18d040_0;  alias, 1 drivers
v0xb2f143660_0 .var "lfsr", 15 0;
v0xb2f143700_0 .var "master_divider", 1 0;
v0xb2f1437a0_0 .net "pitch", 7 0, v0xb2f18d180_0;  alias, 1 drivers
v0xb2f143840_0 .net "rst", 0 0, L_0xb2f1a4070;  alias, 1 drivers
v0xb2f1438e0_0 .var "serial_divider", 7 0;
v0xb2f143980_0 .var "tone_counter", 15 0;
v0xb2f143a20_0 .var "tone_level", 0 0;
v0xb2f143ac0_0 .var "tone_limit", 15 0;
E_0xb2f15e0c0/0 .event negedge, v0xb2f1430c0_0;
E_0xb2f15e0c0/1 .event posedge, v0xb2f141f40_0;
E_0xb2f15e0c0 .event/or E_0xb2f15e0c0/0, E_0xb2f15e0c0/1;
E_0xb2f15e100 .event posedge, v0xb2f141f40_0, v0xb2f143200_0;
E_0xb2f15e140 .event posedge, v0xb2f141f40_0, v0xb2f1432a0_0;
E_0xb2f15e180 .event anyedge, v0xb2f1437a0_0;
L_0xb2f0721c0 .part v0xb2f143700_0, 1, 1;
L_0xb2f072260 .part v0xb2f1438e0_0, 2, 1;
L_0xb2f072300 .part v0xb2f1438e0_0, 7, 1;
L_0xb2f0723a0 .part v0xb2f1438e0_0, 2, 5;
S_0x104ab4a10 .scope module, "button_synchronizer" "input_synchronizer" 4 68, 9 3 0, S_0x104acb870;
 .timescale -9 -12;
    .port_info 0 /INPUT 1 "clk";
    .port_info 1 /INPUT 1 "rst";
    .port_info 2 /INPUT 4 "async_in";
    .port_info 3 /OUTPUT 4 "sync_out";
P_0xb2f15e1c0 .param/l "WIDTH" 0 9 5, +C4<00000000000000000000000000000100>;
v0xb2f1888c0_0 .net "async_in", 3 0, o0xb2f445300;  alias, 0 drivers
v0xb2f188960_0 .net "clk", 0 0, o0xb2f444880;  alias, 0 drivers
v0xb2f188a00_0 .net "rst", 0 0, L_0xb2f1a4070;  alias, 1 drivers
v0xb2f188aa0_0 .var "stage1", 3 0;
v0xb2f188b40_0 .var "sync_out", 3 0;
S_0x104ab4b90 .scope module, "cpu_core_instance" "cpu_core" 4 84, 10 4 0, S_0x104acb870;
 .timescale -9 -12;
    .port_info 0 /INPUT 1 "clk";
    .port_info 1 /INPUT 1 "rst";
    .port_info 2 /OUTPUT 1 "memory_write_enable";
    .port_info 3 /OUTPUT 16 "memory_address";
    .port_info 4 /OUTPUT 16 "memory_write_data";
    .port_info 5 /INPUT 16 "memory_read_data";
    .port_info 6 /OUTPUT 16 "instruction_register_contents";
    .port_info 7 /OUTPUT 16 "program_counter_contents";
    .port_info 8 /OUTPUT 16 "program_state_contents";
    .port_info 9 /OUTPUT 16 "alu_result_output";
    .port_info 10 /OUTPUT 5 "alu_flags_output";
    .port_info 11 /OUTPUT 3 "control_state_output";
    .port_info 12 /OUTPUT 3 "control_next_state_output";
P_0xb2ecd8100 .param/l "ADDR_WIDTH" 0 10 7, +C4<00000000000000000000000000010000>;
P_0xb2ecd8140 .param/l "DATA_WIDTH" 0 10 6, +C4<00000000000000000000000000010000>;
L_0xb2f1a41c0 .functor BUFZ 16, L_0xb2f1a4150, C4<0000000000000000>, C4<0000000000000000>, C4<0000000000000000>;
L_0xb2f1a4230 .functor BUFZ 16, v0xb2f189180_0, C4<0000000000000000>, C4<0000000000000000>, C4<0000000000000000>;
L_0xb2f1a42a0 .functor BUFZ 5, v0xb2f188f00_0, C4<00000>, C4<00000>, C4<00000>;
L_0xb2f4780a0 .functor BUFT 1, C4<0>, C4<0>, C4<0>, C4<0>;
v0xb2f18ad00_0 .net/2u *"_ivl_12", 0 0, L_0xb2f4780a0;  1 drivers
L_0xb2f4780e8 .functor BUFT 1, C4<0>, C4<0>, C4<0>, C4<0>;
v0xb2f18ada0_0 .net/2u *"_ivl_16", 0 0, L_0xb2f4780e8;  1 drivers
v0xb2f18ae40_0 .net "alu_flags", 4 0, v0xb2f188f00_0;  1 drivers
v0xb2f18aee0_0 .net "alu_flags_output", 4 0, L_0xb2f1a42a0;  alias, 1 drivers
v0xb2f18af80_0 .net "alu_input_a", 15 0, L_0xb2f10d5e0;  1 drivers
v0xb2f18b020_0 .net "alu_result", 15 0, v0xb2f189180_0;  1 drivers
v0xb2f18b0c0_0 .net "alu_result_output", 15 0, L_0xb2f1a4230;  alias, 1 drivers
v0xb2f18b160_0 .net "alu_select_immediate", 0 0, v0xb2f189540_0;  1 drivers
v0xb2f18b200_0 .net "clk", 0 0, o0xb2f444880;  alias, 0 drivers
v0xb2f18b2a0_0 .net "control_next_state_output", 2 0, L_0xb2f1a3e80;  alias, 1 drivers
v0xb2f18b340_0 .net "control_state_output", 2 0, L_0xb2f1a3de0;  alias, 1 drivers
v0xb2f18b3e0_0 .net "immediate", 15 0, v0xb2f189cc0_0;  1 drivers
v0xb2f18b480_0 .var "instruction_register_contents", 15 0;
v0xb2f18b520_0 .net "instruction_register_write_enable", 0 0, v0xb2f1895e0_0;  1 drivers
v0xb2f18b5c0_0 .net "memory_address", 15 0, L_0xb2f10d7c0;  alias, 1 drivers
v0xb2f18b660_0 .net "memory_read_data", 15 0, v0xb2f18fe80_0;  alias, 1 drivers
v0xb2f18b700_0 .net "memory_write_data", 15 0, L_0xb2f1a41c0;  alias, 1 drivers
v0xb2f18b7a0_0 .net "memory_write_enable", 0 0, v0xb2f189680_0;  alias, 1 drivers
v0xb2f18b840_0 .net "next_program_counter", 15 0, v0xb2f189e00_0;  1 drivers
v0xb2f18b8e0_0 .net "next_state", 1 0, v0xb2f189720_0;  1 drivers
v0xb2f18b980_0 .net "opcode", 7 0, v0xb2f189ea0_0;  1 drivers
v0xb2f18ba20_0 .var "program_counter_contents", 15 0;
v0xb2f18bac0_0 .net "program_counter_write_enable", 0 0, v0xb2f189860_0;  1 drivers
v0xb2f18bb60_0 .var "program_state_contents", 15 0;
v0xb2f18bc00_0 .net "program_state_write_enable", 0 0, v0xb2f189900_0;  1 drivers
v0xb2f18bca0_0 .net "register_address_a", 3 0, v0xb2f18a080_0;  1 drivers
v0xb2f18bd40_0 .net "register_address_b", 3 0, v0xb2f18a120_0;  1 drivers
v0xb2f18bde0_0 .net "register_data_a", 15 0, L_0xb2f1a40e0;  1 drivers
v0xb2f18be80_0 .net "register_data_b", 15 0, L_0xb2f1a4150;  1 drivers
v0xb2f18bf20_0 .var "register_file_write_data", 15 0;
v0xb2f18c000_0 .net "register_file_write_enable", 0 0, v0xb2f1899a0_0;  1 drivers
v0xb2f18c0a0_0 .net "register_file_write_select", 1 0, v0xb2f189a40_0;  1 drivers
v0xb2f18c140_0 .net "rst", 0 0, L_0xb2f1a4070;  alias, 1 drivers
v0xb2f18c1e0_0 .var "state", 1 0;
v0xb2f18c280_0 .net "use_register_address", 0 0, v0xb2f189b80_0;  1 drivers
E_0xb2f15e2c0/0 .event anyedge, v0xb2f189a40_0, v0xb2f189180_0, v0xb2f18a1c0_0, v0xb2f189cc0_0;
E_0xb2f15e2c0/1 .event anyedge, v0xb2f18b660_0;
E_0xb2f15e2c0 .event/or E_0xb2f15e2c0/0, E_0xb2f15e2c0/1;
L_0xb2f071f40 .part v0xb2f18bb60_0, 4, 1;
L_0xb2f10d5e0 .functor MUXZ 16, L_0xb2f1a40e0, v0xb2f189cc0_0, v0xb2f189540_0, C4<>;
L_0xb2f10d7c0 .functor MUXZ 16, v0xb2f18ba20_0, L_0xb2f1a40e0, v0xb2f189b80_0, C4<>;
L_0xb2f1a3de0 .concat [ 2 1 0 0], v0xb2f18c1e0_0, L_0xb2f4780a0;
L_0xb2f1a3e80 .concat [ 2 1 0 0], v0xb2f189720_0, L_0xb2f4780e8;
S_0xb2ecfc000 .scope module, "alu_instance" "alu" 10 72, 11 4 0, S_0x104ab4b90;
 .timescale -9 -12;
    .port_info 0 /INPUT 16 "a";
    .port_info 1 /INPUT 16 "b";
    .port_info 2 /INPUT 8 "opcode";
    .port_info 3 /INPUT 1 "carry_in";
    .port_info 4 /OUTPUT 5 "flags";
    .port_info 5 /OUTPUT 16 "result";
P_0xb2f15e300 .param/l "DATA_WIDTH" 0 11 6, +C4<00000000000000000000000000010000>;
v0xb2f188be0_0 .net "a", 15 0, L_0xb2f10d5e0;  alias, 1 drivers
v0xb2f188c80_0 .net "b", 15 0, L_0xb2f1a4150;  alias, 1 drivers
v0xb2f188d20_0 .var "c_flag", 0 0;
v0xb2f188dc0_0 .net "carry_in", 0 0, L_0xb2f071f40;  1 drivers
v0xb2f188e60_0 .var "f_flag", 0 0;
v0xb2f188f00_0 .var "flags", 4 0;
v0xb2f188fa0_0 .var "l_flag", 0 0;
v0xb2f189040_0 .var "n_flag", 0 0;
v0xb2f1890e0_0 .net "opcode", 7 0, v0xb2f189ea0_0;  alias, 1 drivers
v0xb2f189180_0 .var "result", 15 0;
v0xb2f189220_0 .var/i "shift_amount", 31 0;
v0xb2f1892c0_0 .var/s "signed_a", 15 0;
v0xb2f189360_0 .var/s "signed_b", 15 0;
v0xb2f189400_0 .var "wide_result", 16 0;
v0xb2f1894a0_0 .var "z_flag", 0 0;
E_0xb2f15e380/0 .event anyedge, v0xb2f188be0_0, v0xb2f188c80_0, v0xb2f1892c0_0, v0xb2f1890e0_0;
E_0xb2f15e380/1 .event anyedge, v0xb2f189400_0, v0xb2f189180_0, v0xb2f188dc0_0, v0xb2f189360_0;
E_0xb2f15e380/2 .event anyedge, v0xb2f189220_0, v0xb2f188d20_0, v0xb2f188fa0_0, v0xb2f188e60_0;
E_0xb2f15e380/3 .event anyedge, v0xb2f1894a0_0, v0xb2f189040_0;
E_0xb2f15e380 .event/or E_0xb2f15e380/0, E_0xb2f15e380/1, E_0xb2f15e380/2, E_0xb2f15e380/3;
S_0xb2ecfc180 .scope module, "control_unit_instance" "control_unit" 10 81, 12 4 0, S_0x104ab4b90;
 .timescale -9 -12;
    .port_info 0 /INPUT 2 "state";
    .port_info 1 /INPUT 8 "opcode";
    .port_info 2 /OUTPUT 2 "next_state";
    .port_info 3 /OUTPUT 1 "memory_write_enable";
    .port_info 4 /OUTPUT 1 "use_register_address";
    .port_info 5 /OUTPUT 1 "register_file_write_enable";
    .port_info 6 /OUTPUT 2 "register_file_write_select";
    .port_info 7 /OUTPUT 1 "instruction_register_write_enable";
    .port_info 8 /OUTPUT 1 "program_counter_write_enable";
    .port_info 9 /OUTPUT 1 "program_state_write_enable";
    .port_info 10 /OUTPUT 1 "alu_select_immediate";
v0xb2f189540_0 .var "alu_select_immediate", 0 0;
v0xb2f1895e0_0 .var "instruction_register_write_enable", 0 0;
v0xb2f189680_0 .var "memory_write_enable", 0 0;
v0xb2f189720_0 .var "next_state", 1 0;
v0xb2f1897c0_0 .net "opcode", 7 0, v0xb2f189ea0_0;  alias, 1 drivers
v0xb2f189860_0 .var "program_counter_write_enable", 0 0;
v0xb2f189900_0 .var "program_state_write_enable", 0 0;
v0xb2f1899a0_0 .var "register_file_write_enable", 0 0;
v0xb2f189a40_0 .var "register_file_write_select", 1 0;
v0xb2f189ae0_0 .net "state", 1 0, v0xb2f18c1e0_0;  1 drivers
v0xb2f189b80_0 .var "use_register_address", 0 0;
E_0xb2f15e3c0 .event anyedge, v0xb2f189ae0_0, v0xb2f1890e0_0;
S_0xb2ecfc480 .scope module, "instruction_decoder_instance" "instruction_decoder" 10 60, 13 4 0, S_0x104ab4b90;
 .timescale -9 -12;
    .port_info 0 /INPUT 16 "instruction";
    .port_info 1 /INPUT 16 "program_counter";
    .port_info 2 /INPUT 16 "program_state";
    .port_info 3 /INPUT 16 "register_data_a";
    .port_info 4 /OUTPUT 4 "register_address_a";
    .port_info 5 /OUTPUT 4 "register_address_b";
    .port_info 6 /OUTPUT 16 "immediate";
    .port_info 7 /OUTPUT 8 "opcode";
    .port_info 8 /OUTPUT 16 "next_program_counter";
v0xb2f189c20_0 .var "condition_met", 0 0;
v0xb2f189cc0_0 .var "immediate", 15 0;
v0xb2f189d60_0 .net "instruction", 15 0, v0xb2f18b480_0;  alias, 1 drivers
v0xb2f189e00_0 .var "next_program_counter", 15 0;
v0xb2f189ea0_0 .var "opcode", 7 0;
v0xb2f189f40_0 .net "program_counter", 15 0, v0xb2f18ba20_0;  alias, 1 drivers
v0xb2f189fe0_0 .net "program_state", 15 0, v0xb2f18bb60_0;  alias, 1 drivers
v0xb2f18a080_0 .var "register_address_a", 3 0;
v0xb2f18a120_0 .var "register_address_b", 3 0;
v0xb2f18a1c0_0 .net "register_data_a", 15 0, L_0xb2f1a40e0;  alias, 1 drivers
E_0xb2f15e400/0 .event anyedge, v0xb2f189d60_0, v0xb2f189fe0_0, v0xb2f1890e0_0, v0xb2f189c20_0;
E_0xb2f15e400/1 .event anyedge, v0xb2f189f40_0, v0xb2f189cc0_0, v0xb2f18a1c0_0;
E_0xb2f15e400 .event/or E_0xb2f15e400/0, E_0xb2f15e400/1;
S_0xb2ecfc600 .scope module, "register_file_instance" "register_file" 10 48, 14 4 0, S_0x104ab4b90;
 .timescale -9 -12;
    .port_info 0 /INPUT 1 "clk";
    .port_info 1 /INPUT 1 "rst";
    .port_info 2 /INPUT 1 "write_enable";
    .port_info 3 /INPUT 4 "write_address";
    .port_info 4 /INPUT 16 "write_data";
    .port_info 5 /INPUT 4 "read_address_a";
    .port_info 6 /INPUT 4 "read_address_b";
    .port_info 7 /OUTPUT 16 "read_data_a";
    .port_info 8 /OUTPUT 16 "read_data_b";
P_0xb2ecd8180 .param/l "ADDR_WIDTH" 0 14 7, +C4<00000000000000000000000000000100>;
P_0xb2ecd81c0 .param/l "DATA_WIDTH" 0 14 6, +C4<00000000000000000000000000010000>;
L_0xb2f1a40e0 .functor BUFZ 16, L_0xb2f1a3b60, C4<0000000000000000>, C4<0000000000000000>, C4<0000000000000000>;
L_0xb2f1a4150 .functor BUFZ 16, L_0xb2f1a3ca0, C4<0000000000000000>, C4<0000000000000000>, C4<0000000000000000>;
v0xb2f18a260_0 .net *"_ivl_0", 15 0, L_0xb2f1a3b60;  1 drivers
v0xb2f18a300_0 .net *"_ivl_10", 5 0, L_0xb2f1a3d40;  1 drivers
L_0xb2f478058 .functor BUFT 1, C4<00>, C4<0>, C4<0>, C4<0>;
v0xb2f18a3a0_0 .net *"_ivl_13", 1 0, L_0xb2f478058;  1 drivers
v0xb2f18a440_0 .net *"_ivl_2", 5 0, L_0xb2f1a3c00;  1 drivers
L_0xb2f478010 .functor BUFT 1, C4<00>, C4<0>, C4<0>, C4<0>;
v0xb2f18a4e0_0 .net *"_ivl_5", 1 0, L_0xb2f478010;  1 drivers
v0xb2f18a580_0 .net *"_ivl_8", 15 0, L_0xb2f1a3ca0;  1 drivers
v0xb2f18a620_0 .net "clk", 0 0, o0xb2f444880;  alias, 0 drivers
v0xb2f18a6c0_0 .var/i "index", 31 0;
v0xb2f18a760_0 .net "read_address_a", 3 0, v0xb2f18a080_0;  alias, 1 drivers
v0xb2f18a800_0 .net "read_address_b", 3 0, v0xb2f18a120_0;  alias, 1 drivers
v0xb2f18a8a0_0 .net "read_data_a", 15 0, L_0xb2f1a40e0;  alias, 1 drivers
v0xb2f18a940_0 .net "read_data_b", 15 0, L_0xb2f1a4150;  alias, 1 drivers
v0xb2f18a9e0 .array "registers", 15 0, 15 0;
v0xb2f18aa80_0 .net "rst", 0 0, L_0xb2f1a4070;  alias, 1 drivers
v0xb2f18ab20_0 .net "write_address", 3 0, v0xb2f18a120_0;  alias, 1 drivers
v0xb2f18abc0_0 .net "write_data", 15 0, v0xb2f18bf20_0;  1 drivers
v0xb2f18ac60_0 .net "write_enable", 0 0, v0xb2f1899a0_0;  alias, 1 drivers
L_0xb2f1a3b60 .array/port v0xb2f18a9e0, L_0xb2f1a3c00;
L_0xb2f1a3c00 .concat [ 4 2 0 0], v0xb2f18a080_0, L_0xb2f478010;
L_0xb2f1a3ca0 .array/port v0xb2f18a9e0, L_0xb2f1a3d40;
L_0xb2f1a3d40 .concat [ 4 2 0 0], v0xb2f18a120_0, L_0xb2f478058;
S_0xb2ecfc780 .scope module, "hex0_decoder" "hex_decoder" 4 164, 15 3 0, S_0x104acb870;
 .timescale -9 -12;
    .port_info 0 /INPUT 4 "value";
    .port_info 1 /OUTPUT 7 "segments";
v0xb2f18c320_0 .var "segments", 6 0;
v0xb2f18c3c0_0 .net "value", 3 0, L_0xb2f072440;  1 drivers
E_0xb2f15e500 .event anyedge, v0xb2f18c3c0_0;
S_0xb2ecfc900 .scope module, "hex1_decoder" "hex_decoder" 4 169, 15 3 0, S_0x104acb870;
 .timescale -9 -12;
    .port_info 0 /INPUT 4 "value";
    .port_info 1 /OUTPUT 7 "segments";
v0xb2f18c460_0 .var "segments", 6 0;
v0xb2f18c500_0 .net "value", 3 0, L_0xb2f0724e0;  1 drivers
E_0xb2f15e580 .event anyedge, v0xb2f18c500_0;
S_0xb2ecfca80 .scope module, "hex2_decoder" "hex_decoder" 4 174, 15 3 0, S_0x104acb870;
 .timescale -9 -12;
    .port_info 0 /INPUT 4 "value";
    .port_info 1 /OUTPUT 7 "segments";
v0xb2f18c5a0_0 .var "segments", 6 0;
v0xb2f18c640_0 .net "value", 3 0, L_0xb2f072580;  1 drivers
E_0xb2f15e600 .event anyedge, v0xb2f18c640_0;
S_0xb2ecfcc00 .scope module, "hex3_decoder" "hex_decoder" 4 179, 15 3 0, S_0x104acb870;
 .timescale -9 -12;
    .port_info 0 /INPUT 4 "value";
    .port_info 1 /OUTPUT 7 "segments";
v0xb2f18c6e0_0 .var "segments", 6 0;
v0xb2f18c780_0 .net "value", 3 0, L_0xb2f072620;  1 drivers
E_0xb2f15e680 .event anyedge, v0xb2f18c780_0;
S_0xb2ecfcd80 .scope module, "hex4_decoder" "hex_decoder" 4 184, 15 3 0, S_0x104acb870;
 .timescale -9 -12;
    .port_info 0 /INPUT 4 "value";
    .port_info 1 /OUTPUT 7 "segments";
v0xb2f18c820_0 .var "segments", 6 0;
v0xb2f18c8c0_0 .net "value", 3 0, L_0xb2f0726c0;  1 drivers
E_0xb2f15e700 .event anyedge, v0xb2f18c8c0_0;
S_0xb2ecfcf00 .scope module, "hex5_decoder" "hex_decoder" 4 189, 15 3 0, S_0x104acb870;
 .timescale -9 -12;
    .port_info 0 /INPUT 4 "value";
    .port_info 1 /OUTPUT 7 "segments";
v0xb2f18c960_0 .var "segments", 6 0;
v0xb2f18ca00_0 .net "value", 3 0, L_0xb2f072760;  1 drivers
E_0xb2f15e780 .event anyedge, v0xb2f18ca00_0;
S_0xb2ecfd080 .scope module, "mem_router_instance" "mem_router" 4 100, 16 4 0, S_0x104acb870;
 .timescale -9 -12;
    .port_info 0 /INPUT 1 "clk";
    .port_info 1 /INPUT 1 "rst";
    .port_info 2 /INPUT 16 "address";
    .port_info 3 /INPUT 16 "write_data";
    .port_info 4 /INPUT 1 "write_enable";
    .port_info 5 /INPUT 4 "push_buttons";
    .port_info 6 /INPUT 10 "switches";
    .port_info 7 /INPUT 1 "audio_busy";
    .port_info 8 /INPUT 1 "audio_done";
    .port_info 9 /INPUT 1 "audio_error";
    .port_info 10 /INPUT 1 "audio_configure_ack";
    .port_info 11 /OUTPUT 16 "read_data";
    .port_info 12 /OUTPUT 16 "player_x";
    .port_info 13 /OUTPUT 16 "player_y";
    .port_info 14 /OUTPUT 64 "platform_x_bus";
    .port_info 15 /OUTPUT 64 "platform_y_bus";
    .port_info 16 /OUTPUT 64 "platform_wh_bus";
    .port_info 17 /OUTPUT 16 "score_status";
    .port_info 18 /OUTPUT 1 "audio_configure_request";
    .port_info 19 /OUTPUT 1 "audio_enable_output";
    .port_info 20 /OUTPUT 1 "audio_drum_toggle";
    .port_info 21 /OUTPUT 4 "audio_selected_command";
    .port_info 22 /OUTPUT 8 "audio_pitch";
P_0xb2f15e7c0 .param/str "ROM_INIT_FILE" 0 16 6, "mem/game_demo.memh";
L_0xb2f1a4310 .functor AND 1, v0xb2f18fde0_0, v0xb2f189680_0, C4<1>, C4<1>;
v0xb2f18eee0_0 .net "address", 15 0, L_0xb2f10d7c0;  alias, 1 drivers
v0xb2f18ef80_0 .net "audio_busy", 0 0, v0xb2f143de0_0;  alias, 1 drivers
v0xb2f18f020_0 .net "audio_configure_ack", 0 0, v0xb2f188000_0;  alias, 1 drivers
v0xb2f18f0c0_0 .net "audio_configure_request", 0 0, v0xb2f18cdc0_0;  alias, 1 drivers
v0xb2f18f160_0 .net "audio_done", 0 0, v0xb2f1881e0_0;  alias, 1 drivers
v0xb2f18f200_0 .net "audio_drum_toggle", 0 0, v0xb2f18cfa0_0;  alias, 1 drivers
v0xb2f18f2a0_0 .net "audio_enable_output", 0 0, v0xb2f18d040_0;  alias, 1 drivers
v0xb2f18f340_0 .net "audio_error", 0 0, v0xb2f188460_0;  alias, 1 drivers
v0xb2f18f3e0_0 .net "audio_pitch", 7 0, v0xb2f18d180_0;  alias, 1 drivers
v0xb2f18f480_0 .net "audio_read_data", 15 0, v0xb2f18d220_0;  1 drivers
v0xb2f18f520_0 .var "audio_selected", 0 0;
v0xb2f18f5c0_0 .net "audio_selected_command", 3 0, v0xb2f18d360_0;  alias, 1 drivers
v0xb2f18f660_0 .net "clk", 0 0, o0xb2f444880;  alias, 0 drivers
v0xb2f18f700_0 .net "game_read_data", 15 0, v0xb2f18e8a0_0;  1 drivers
v0xb2f18f7a0_0 .var "game_selected", 0 0;
v0xb2f18f840_0 .var "io_read_data", 15 0;
v0xb2f18f8e0_0 .var "io_selected", 0 0;
v0xb2f18f980_0 .net "platform_wh_bus", 63 0, L_0xb2f1a80a0;  alias, 1 drivers
v0xb2f18fa20_0 .net "platform_x_bus", 63 0, L_0xb2f1a3f20;  alias, 1 drivers
v0xb2f18fac0_0 .net "platform_y_bus", 63 0, L_0xb2f1a8000;  alias, 1 drivers
v0xb2f18fb60_0 .net "player_x", 15 0, v0xb2f18e760_0;  alias, 1 drivers
v0xb2f18fc00_0 .net "player_y", 15 0, v0xb2f18e800_0;  alias, 1 drivers
v0xb2f18fca0_0 .net "push_buttons", 3 0, v0xb2f188b40_0;  alias, 1 drivers
v0xb2f18fd40_0 .net "ram_read_data", 15 0, v0xb2f18d7c0_0;  1 drivers
v0xb2f18fde0_0 .var "ram_selected", 0 0;
v0xb2f18fe80_0 .var "read_data", 15 0;
v0xb2f18ff20_0 .net "rom_read_data", 15 0, v0xb2f18eda0_0;  1 drivers
v0xb2f190000_0 .var "rom_selected", 0 0;
v0xb2f1900a0_0 .net "rst", 0 0, L_0xb2f1a4070;  alias, 1 drivers
v0xb2f190140_0 .net "score_status", 15 0, v0xb2f18e9e0_0;  alias, 1 drivers
v0xb2f1901e0_0 .net "switches", 9 0, v0xb2f190640_0;  alias, 1 drivers
v0xb2f190280_0 .net "write_data", 15 0, L_0xb2f1a41c0;  alias, 1 drivers
v0xb2f190320_0 .net "write_enable", 0 0, v0xb2f189680_0;  alias, 1 drivers
E_0xb2f15e840/0 .event anyedge, v0xb2f18b5c0_0, v0xb2f188b40_0, v0xb2f1901e0_0, v0xb2f18eda0_0;
E_0xb2f15e840/1 .event anyedge, v0xb2f190000_0, v0xb2f18d7c0_0, v0xb2f18fde0_0, v0xb2f18e8a0_0;
E_0xb2f15e840/2 .event anyedge, v0xb2f18e1c0_0, v0xb2f18d220_0, v0xb2f18cbe0_0, v0xb2f18f840_0;
E_0xb2f15e840/3 .event anyedge, v0xb2f18f8e0_0;
E_0xb2f15e840 .event/or E_0xb2f15e840/0, E_0xb2f15e840/1, E_0xb2f15e840/2, E_0xb2f15e840/3;
L_0xb2f071fe0 .part L_0xb2f10d7c0, 0, 10;
L_0xb2f072080 .part L_0xb2f10d7c0, 0, 10;
S_0xb2ecfd200 .scope module, "audio_regs_instance" "audio_regs" 16 78, 17 4 0, S_0xb2ecfd080;
 .timescale -9 -12;
    .port_info 0 /INPUT 1 "clk";
    .port_info 1 /INPUT 1 "rst";
    .port_info 2 /INPUT 1 "chip_select";
    .port_info 3 /INPUT 1 "write_enable";
    .port_info 4 /INPUT 16 "address";
    .port_info 5 /INPUT 16 "write_data";
    .port_info 6 /INPUT 1 "configure_ack";
    .port_info 7 /INPUT 1 "busy";
    .port_info 8 /INPUT 1 "done";
    .port_info 9 /INPUT 1 "error";
    .port_info 10 /OUTPUT 16 "read_data";
    .port_info 11 /OUTPUT 1 "configure_request";
    .port_info 12 /OUTPUT 1 "enable_output";
    .port_info 13 /OUTPUT 1 "drum_toggle";
    .port_info 14 /OUTPUT 4 "selected_command";
    .port_info 15 /OUTPUT 8 "pitch";
v0xb2f18caa0_0 .net "address", 15 0, L_0xb2f10d7c0;  alias, 1 drivers
v0xb2f18cb40_0 .net "busy", 0 0, v0xb2f143de0_0;  alias, 1 drivers
v0xb2f18cbe0_0 .net "chip_select", 0 0, v0xb2f18f520_0;  1 drivers
v0xb2f18cc80_0 .net "clk", 0 0, o0xb2f444880;  alias, 0 drivers
v0xb2f18cd20_0 .net "configure_ack", 0 0, v0xb2f188000_0;  alias, 1 drivers
v0xb2f18cdc0_0 .var "configure_request", 0 0;
v0xb2f18ce60_0 .var "debug_shadow", 15 0;
v0xb2f18cf00_0 .net "done", 0 0, v0xb2f1881e0_0;  alias, 1 drivers
v0xb2f18cfa0_0 .var "drum_toggle", 0 0;
v0xb2f18d040_0 .var "enable_output", 0 0;
v0xb2f18d0e0_0 .net "error", 0 0, v0xb2f188460_0;  alias, 1 drivers
v0xb2f18d180_0 .var "pitch", 7 0;
v0xb2f18d220_0 .var "read_data", 15 0;
v0xb2f18d2c0_0 .net "rst", 0 0, L_0xb2f1a4070;  alias, 1 drivers
v0xb2f18d360_0 .var "selected_command", 3 0;
v0xb2f18d400_0 .net "write_data", 15 0, L_0xb2f1a41c0;  alias, 1 drivers
v0xb2f18d4a0_0 .net "write_enable", 0 0, v0xb2f189680_0;  alias, 1 drivers
E_0xb2f15e880/0 .event anyedge, v0xb2f18b5c0_0, v0xb2f142ee0_0, v0xb2f188140_0, v0xb2f143520_0;
E_0xb2f15e880/1 .event anyedge, v0xb2f1435c0_0, v0xb2f1437a0_0, v0xb2f188460_0, v0xb2f1881e0_0;
E_0xb2f15e880/2 .event anyedge, v0xb2f143de0_0, v0xb2f18ce60_0;
E_0xb2f15e880 .event/or E_0xb2f15e880/0, E_0xb2f15e880/1, E_0xb2f15e880/2;
S_0xb2ecfd380 .scope module, "data_ram_instance" "sync_ram" 16 54, 18 3 0, S_0xb2ecfd080;
 .timescale -9 -12;
    .port_info 0 /INPUT 1 "clk";
    .port_info 1 /INPUT 1 "we";
    .port_info 2 /INPUT 10 "addr";
    .port_info 3 /INPUT 16 "wdata";
    .port_info 4 /OUTPUT 16 "rdata";
P_0xb2ecd8200 .param/l "ADDR_WIDTH" 0 18 6, +C4<00000000000000000000000000001010>;
P_0xb2ecd8240 .param/l "DATA_WIDTH" 0 18 5, +C4<00000000000000000000000000010000>;
v0xb2f18d540_0 .net "addr", 9 0, L_0xb2f072080;  1 drivers
v0xb2f18d5e0_0 .net "clk", 0 0, o0xb2f444880;  alias, 0 drivers
v0xb2f18d680_0 .var/i "index", 31 0;
v0xb2f18d720 .array "ram", 1023 0, 15 0;
v0xb2f18d7c0_0 .var "rdata", 15 0;
v0xb2f18d860_0 .net "wdata", 15 0, L_0xb2f1a41c0;  alias, 1 drivers
v0xb2f18d900_0 .net "we", 0 0, L_0xb2f1a4310;  1 drivers
E_0xb2f15e940 .event posedge, v0xb2f143020_0;
S_0xb2ecfd500 .scope module, "game_regs_instance" "game_regs" 16 62, 19 4 0, S_0xb2ecfd080;
 .timescale -9 -12;
    .port_info 0 /INPUT 1 "clk";
    .port_info 1 /INPUT 1 "rst";
    .port_info 2 /INPUT 1 "chip_select";
    .port_info 3 /INPUT 1 "write_enable";
    .port_info 4 /INPUT 16 "address";
    .port_info 5 /INPUT 16 "write_data";
    .port_info 6 /OUTPUT 16 "read_data";
    .port_info 7 /OUTPUT 16 "player_x";
    .port_info 8 /OUTPUT 16 "player_y";
    .port_info 9 /OUTPUT 64 "platform_x_bus";
    .port_info 10 /OUTPUT 64 "platform_y_bus";
    .port_info 11 /OUTPUT 64 "platform_wh_bus";
    .port_info 12 /OUTPUT 16 "score_status";
v0xb2f18e120_0 .net "address", 15 0, L_0xb2f10d7c0;  alias, 1 drivers
v0xb2f18e1c0_0 .net "chip_select", 0 0, v0xb2f18f7a0_0;  1 drivers
v0xb2f18e260_0 .net "clk", 0 0, o0xb2f444880;  alias, 0 drivers
v0xb2f18e300_0 .var/i "index", 31 0;
v0xb2f18e3a0_0 .net "platform_wh_bus", 63 0, L_0xb2f1a80a0;  alias, 1 drivers
v0xb2f18e440 .array "platform_wh_mem", 3 0, 15 0;
v0xb2f18e4e0_0 .net "platform_x_bus", 63 0, L_0xb2f1a3f20;  alias, 1 drivers
v0xb2f18e580 .array "platform_x_mem", 3 0, 15 0;
v0xb2f18e620_0 .net "platform_y_bus", 63 0, L_0xb2f1a8000;  alias, 1 drivers
v0xb2f18e6c0 .array "platform_y_mem", 3 0, 15 0;
v0xb2f18e760_0 .var "player_x", 15 0;
v0xb2f18e800_0 .var "player_y", 15 0;
v0xb2f18e8a0_0 .var "read_data", 15 0;
v0xb2f18e940_0 .net "rst", 0 0, L_0xb2f1a4070;  alias, 1 drivers
v0xb2f18e9e0_0 .var "score_status", 15 0;
v0xb2f18ea80_0 .net "write_data", 15 0, L_0xb2f1a41c0;  alias, 1 drivers
v0xb2f18eb20_0 .net "write_enable", 0 0, v0xb2f189680_0;  alias, 1 drivers
v0xb2f18e440_3 .array/port v0xb2f18e440, 3;
v0xb2f18e440_2 .array/port v0xb2f18e440, 2;
v0xb2f18e440_1 .array/port v0xb2f18e440, 1;
v0xb2f18e440_0 .array/port v0xb2f18e440, 0;
E_0xb2f15e980/0 .event anyedge, v0xb2f18e440_3, v0xb2f18e440_2, v0xb2f18e440_1, v0xb2f18e440_0;
v0xb2f18e6c0_3 .array/port v0xb2f18e6c0, 3;
v0xb2f18e6c0_2 .array/port v0xb2f18e6c0, 2;
v0xb2f18e6c0_1 .array/port v0xb2f18e6c0, 1;
v0xb2f18e6c0_0 .array/port v0xb2f18e6c0, 0;
E_0xb2f15e980/1 .event anyedge, v0xb2f18e6c0_3, v0xb2f18e6c0_2, v0xb2f18e6c0_1, v0xb2f18e6c0_0;
v0xb2f18e580_3 .array/port v0xb2f18e580, 3;
v0xb2f18e580_2 .array/port v0xb2f18e580, 2;
v0xb2f18e580_1 .array/port v0xb2f18e580, 1;
v0xb2f18e580_0 .array/port v0xb2f18e580, 0;
E_0xb2f15e980/2 .event anyedge, v0xb2f18e580_3, v0xb2f18e580_2, v0xb2f18e580_1, v0xb2f18e580_0;
E_0xb2f15e980/3 .event anyedge, v0xb2f18e9e0_0, v0xb2f18e800_0, v0xb2f18e760_0, v0xb2f18b5c0_0;
E_0xb2f15e980 .event/or E_0xb2f15e980/0, E_0xb2f15e980/1, E_0xb2f15e980/2, E_0xb2f15e980/3;
L_0xb2f1a3f20 .concat8 [ 16 16 16 16], v0xb2f18e580_0, v0xb2f18e580_1, v0xb2f18e580_2, v0xb2f18e580_3;
L_0xb2f1a8000 .concat8 [ 16 16 16 16], v0xb2f18e6c0_0, v0xb2f18e6c0_1, v0xb2f18e6c0_2, v0xb2f18e6c0_3;
L_0xb2f1a80a0 .concat8 [ 16 16 16 16], v0xb2f18e440_0, v0xb2f18e440_1, v0xb2f18e440_2, v0xb2f18e440_3;
S_0xb2ecfd680 .scope generate, "flatten_platform_buses[0]" "flatten_platform_buses[0]" 19 27, 19 27 0, S_0xb2ecfd500;
 .timescale -9 -12;
P_0xb2f15e9c0 .param/l "flatten_index" 1 19 27, +C4<00>;
v0xb2f18d9a0_0 .net *"_ivl_2", 15 0, v0xb2f18e580_0;  1 drivers
v0xb2f18da40_0 .net *"_ivl_5", 15 0, v0xb2f18e6c0_0;  1 drivers
v0xb2f18dae0_0 .net *"_ivl_8", 15 0, v0xb2f18e440_0;  1 drivers
S_0xb2ecfd800 .scope generate, "flatten_platform_buses[1]" "flatten_platform_buses[1]" 19 27, 19 27 0, S_0xb2ecfd500;
 .timescale -9 -12;
P_0xb2f15ea40 .param/l "flatten_index" 1 19 27, +C4<01>;
v0xb2f18db80_0 .net *"_ivl_2", 15 0, v0xb2f18e580_1;  1 drivers
v0xb2f18dc20_0 .net *"_ivl_5", 15 0, v0xb2f18e6c0_1;  1 drivers
v0xb2f18dcc0_0 .net *"_ivl_8", 15 0, v0xb2f18e440_1;  1 drivers
S_0xb2ecfd980 .scope generate, "flatten_platform_buses[2]" "flatten_platform_buses[2]" 19 27, 19 27 0, S_0xb2ecfd500;
 .timescale -9 -12;
P_0xb2f15eac0 .param/l "flatten_index" 1 19 27, +C4<010>;
v0xb2f18dd60_0 .net *"_ivl_2", 15 0, v0xb2f18e580_2;  1 drivers
v0xb2f18de00_0 .net *"_ivl_5", 15 0, v0xb2f18e6c0_2;  1 drivers
v0xb2f18dea0_0 .net *"_ivl_8", 15 0, v0xb2f18e440_2;  1 drivers
S_0xb2ecfdb00 .scope generate, "flatten_platform_buses[3]" "flatten_platform_buses[3]" 19 27, 19 27 0, S_0xb2ecfd500;
 .timescale -9 -12;
P_0xb2f15eb40 .param/l "flatten_index" 1 19 27, +C4<011>;
v0xb2f18df40_0 .net *"_ivl_2", 15 0, v0xb2f18e580_3;  1 drivers
v0xb2f18dfe0_0 .net *"_ivl_5", 15 0, v0xb2f18e6c0_3;  1 drivers
v0xb2f18e080_0 .net *"_ivl_8", 15 0, v0xb2f18e440_3;  1 drivers
S_0xb2ecfdc80 .scope module, "program_rom_instance" "program_rom" 16 48, 20 3 0, S_0xb2ecfd080;
 .timescale -9 -12;
    .port_info 0 /INPUT 1 "clk";
    .port_info 1 /INPUT 10 "addr";
    .port_info 2 /OUTPUT 16 "rdata";
P_0x104aba900 .param/l "ADDR_WIDTH" 0 20 6, +C4<00000000000000000000000000001010>;
P_0x104aba940 .param/l "DATA_WIDTH" 0 20 5, +C4<00000000000000000000000000010000>;
P_0x104aba980 .param/str "INIT_FILE" 0 20 7, "mem/game_demo.memh";
v0xb2f18ebc0_0 .net "addr", 9 0, L_0xb2f071fe0;  1 drivers
v0xb2f18ec60_0 .net "clk", 0 0, o0xb2f444880;  alias, 0 drivers
v0xb2f18ed00_0 .var/i "index", 31 0;
v0xb2f18eda0_0 .var "rdata", 15 0;
v0xb2f18ee40 .array "rom", 1023 0, 15 0;
S_0xb2ecfde00 .scope module, "switch_synchronizer" "input_synchronizer" 4 77, 9 3 0, S_0x104acb870;
 .timescale -9 -12;
    .port_info 0 /INPUT 1 "clk";
    .port_info 1 /INPUT 1 "rst";
    .port_info 2 /INPUT 10 "async_in";
    .port_info 3 /OUTPUT 10 "sync_out";
P_0xb2f15ec80 .param/l "WIDTH" 0 9 5, +C4<00000000000000000000000000001010>;
v0xb2f1903c0_0 .net "async_in", 9 0, o0xb2f447fa0;  alias, 0 drivers
v0xb2f190460_0 .net "clk", 0 0, o0xb2f444880;  alias, 0 drivers
v0xb2f190500_0 .net "rst", 0 0, L_0xb2f1a4070;  alias, 1 drivers
v0xb2f1905a0_0 .var "stage1", 9 0;
v0xb2f190640_0 .var "sync_out", 9 0;
S_0xb2ecfdf80 .scope module, "vga_subsystem_instance" "vga_subsystem" 4 126, 21 4 0, S_0x104acb870;
 .timescale -9 -12;
    .port_info 0 /INPUT 1 "clk_50mhz";
    .port_info 1 /INPUT 1 "rst";
    .port_info 2 /INPUT 16 "player_x";
    .port_info 3 /INPUT 16 "player_y";
    .port_info 4 /INPUT 64 "platform_x_bus";
    .port_info 5 /INPUT 64 "platform_y_bus";
    .port_info 6 /INPUT 64 "platform_wh_bus";
    .port_info 7 /INPUT 4 "player_style_index";
    .port_info 8 /OUTPUT 1 "vga_clock";
    .port_info 9 /OUTPUT 1 "vga_blank_n";
    .port_info 10 /OUTPUT 1 "vga_hs";
    .port_info 11 /OUTPUT 1 "vga_vs";
    .port_info 12 /OUTPUT 8 "vga_red";
    .port_info 13 /OUTPUT 8 "vga_green";
    .port_info 14 /OUTPUT 8 "vga_blue";
v0xb2f192b20_0 .net "background_blue", 7 0, v0xb2f1906e0_0;  1 drivers
v0xb2f192bc0_0 .net "background_green", 7 0, v0xb2f190780_0;  1 drivers
v0xb2f192c60_0 .net "background_red", 7 0, v0xb2f190960_0;  1 drivers
v0xb2f192d00_0 .net "clk_50mhz", 0 0, o0xb2f444880;  alias, 0 drivers
v0xb2f192da0_0 .net "display_active", 0 0, v0xb2f192580_0;  1 drivers
v0xb2f192e40_0 .net "pixel_x", 9 0, v0xb2f192800_0;  1 drivers
v0xb2f192ee0_0 .net "pixel_y", 9 0, v0xb2f1928a0_0;  1 drivers
v0xb2f192f80_0 .net "platform_active", 0 0, v0xb2f190a00_0;  1 drivers
v0xb2f193020_0 .net "platform_blue", 7 0, v0xb2f190aa0_0;  1 drivers
v0xb2f1930c0_0 .net "platform_green", 7 0, v0xb2f190b40_0;  1 drivers
v0xb2f193160_0 .net "platform_red", 7 0, v0xb2f191220_0;  1 drivers
v0xb2f193200_0 .net "platform_wh_bus", 63 0, L_0xb2f1a80a0;  alias, 1 drivers
v0xb2f1932a0_0 .net "platform_x_bus", 63 0, L_0xb2f1a3f20;  alias, 1 drivers
v0xb2f193340_0 .net "platform_y_bus", 63 0, L_0xb2f1a8000;  alias, 1 drivers
v0xb2f1933e0_0 .net "player_active", 0 0, v0xb2f191360_0;  1 drivers
v0xb2f193480_0 .net "player_blue", 7 0, v0xb2f191400_0;  1 drivers
v0xb2f193520_0 .net "player_green", 7 0, v0xb2f1914a0_0;  1 drivers
v0xb2f1935c0_0 .net "player_red", 7 0, v0xb2f191900_0;  1 drivers
v0xb2f193660_0 .net "player_style_index", 3 0, L_0xb2f072120;  1 drivers
v0xb2f193700_0 .net "player_x", 15 0, v0xb2f18e760_0;  alias, 1 drivers
v0xb2f1937a0_0 .net "player_y", 15 0, v0xb2f18e800_0;  alias, 1 drivers
v0xb2f193840_0 .net "rst", 0 0, L_0xb2f1a4070;  alias, 1 drivers
v0xb2f1938e0_0 .net "vga_blank_n", 0 0, v0xb2f1923a0_0;  alias, 1 drivers
v0xb2f193980_0 .net "vga_blue", 7 0, v0xb2f191c20_0;  alias, 1 drivers
v0xb2f193a20_0 .net "vga_clock", 0 0, L_0xb2f1a48c0;  alias, 1 drivers
v0xb2f193ac0_0 .net "vga_green", 7 0, v0xb2f191d60_0;  alias, 1 drivers
v0xb2f193b60_0 .net "vga_hs", 0 0, v0xb2f1926c0_0;  alias, 1 drivers
v0xb2f193c00_0 .net "vga_red", 7 0, v0xb2f192300_0;  alias, 1 drivers
v0xb2f193ca0_0 .net "vga_vs", 0 0, v0xb2f192a80_0;  alias, 1 drivers
S_0xb2ecfe100 .scope module, "background_renderer_instance" "background_renderer" 21 52, 22 3 0, S_0xb2ecfdf80;
 .timescale -9 -12;
    .port_info 0 /INPUT 10 "pixel_x";
    .port_info 1 /INPUT 10 "pixel_y";
    .port_info 2 /OUTPUT 8 "red";
    .port_info 3 /OUTPUT 8 "green";
    .port_info 4 /OUTPUT 8 "blue";
v0xb2f1906e0_0 .var "blue", 7 0;
v0xb2f190780_0 .var "green", 7 0;
v0xb2f190820_0 .net "pixel_x", 9 0, v0xb2f192800_0;  alias, 1 drivers
v0xb2f1908c0_0 .net "pixel_y", 9 0, v0xb2f1928a0_0;  alias, 1 drivers
v0xb2f190960_0 .var "red", 7 0;
E_0xb2f15ed00 .event anyedge, v0xb2f190820_0, v0xb2f1908c0_0;
S_0xb2ecfe280 .scope module, "platform_renderer_instance" "platform_renderer" 21 60, 23 4 0, S_0xb2ecfdf80;
 .timescale -9 -12;
    .port_info 0 /INPUT 10 "pixel_x";
    .port_info 1 /INPUT 10 "pixel_y";
    .port_info 2 /INPUT 64 "platform_x_bus";
    .port_info 3 /INPUT 64 "platform_y_bus";
    .port_info 4 /INPUT 64 "platform_wh_bus";
    .port_info 5 /OUTPUT 8 "red";
    .port_info 6 /OUTPUT 8 "green";
    .port_info 7 /OUTPUT 8 "blue";
    .port_info 8 /OUTPUT 1 "active";
v0xb2f190a00_0 .var "active", 0 0;
v0xb2f190aa0_0 .var "blue", 7 0;
v0xb2f190b40_0 .var "green", 7 0;
v0xb2f190be0_0 .var "height", 7 0;
v0xb2f190c80_0 .var/i "index", 31 0;
v0xb2f190d20_0 .net "pixel_x", 9 0, v0xb2f192800_0;  alias, 1 drivers
v0xb2f190dc0_0 .net "pixel_y", 9 0, v0xb2f1928a0_0;  alias, 1 drivers
v0xb2f190e60_0 .net "platform_wh_bus", 63 0, L_0xb2f1a80a0;  alias, 1 drivers
v0xb2f190f00_0 .var "platform_wh_word", 15 0;
v0xb2f190fa0_0 .net "platform_x_bus", 63 0, L_0xb2f1a3f20;  alias, 1 drivers
v0xb2f191040_0 .var "platform_x_word", 15 0;
v0xb2f1910e0_0 .net "platform_y_bus", 63 0, L_0xb2f1a8000;  alias, 1 drivers
v0xb2f191180_0 .var "platform_y_word", 15 0;
v0xb2f191220_0 .var "red", 7 0;
v0xb2f1912c0_0 .var "width", 7 0;
E_0xb2f15ed40/0 .event anyedge, v0xb2f18e4e0_0, v0xb2f18e620_0, v0xb2f18e3a0_0, v0xb2f190f00_0;
E_0xb2f15ed40/1 .event anyedge, v0xb2f190820_0, v0xb2f191040_0, v0xb2f1912c0_0, v0xb2f1908c0_0;
E_0xb2f15ed40/2 .event anyedge, v0xb2f191180_0, v0xb2f190be0_0;
E_0xb2f15ed40 .event/or E_0xb2f15ed40/0, E_0xb2f15ed40/1, E_0xb2f15ed40/2;
S_0xb2ecfe400 .scope module, "player_renderer_instance" "player_renderer" 21 72, 24 4 0, S_0xb2ecfdf80;
 .timescale -9 -12;
    .port_info 0 /INPUT 10 "pixel_x";
    .port_info 1 /INPUT 10 "pixel_y";
    .port_info 2 /INPUT 16 "player_x";
    .port_info 3 /INPUT 16 "player_y";
    .port_info 4 /INPUT 4 "style_index";
    .port_info 5 /OUTPUT 8 "red";
    .port_info 6 /OUTPUT 8 "green";
    .port_info 7 /OUTPUT 8 "blue";
    .port_info 8 /OUTPUT 1 "active";
v0xb2f191360_0 .var "active", 0 0;
v0xb2f191400_0 .var "blue", 7 0;
v0xb2f1914a0_0 .var "green", 7 0;
v0xb2f191540_0 .var "inside_body", 0 0;
v0xb2f1915e0_0 .var "inside_eye", 0 0;
v0xb2f191680_0 .net "pixel_x", 9 0, v0xb2f192800_0;  alias, 1 drivers
v0xb2f191720_0 .net "pixel_y", 9 0, v0xb2f1928a0_0;  alias, 1 drivers
v0xb2f1917c0_0 .net "player_x", 15 0, v0xb2f18e760_0;  alias, 1 drivers
v0xb2f191860_0 .net "player_y", 15 0, v0xb2f18e800_0;  alias, 1 drivers
v0xb2f191900_0 .var "red", 7 0;
v0xb2f1919a0_0 .net "style_index", 3 0, L_0xb2f072120;  alias, 1 drivers
E_0xb2f15ed80/0 .event anyedge, v0xb2f190820_0, v0xb2f18e760_0, v0xb2f1908c0_0, v0xb2f18e800_0;
E_0xb2f15ed80/1 .event anyedge, v0xb2f191540_0, v0xb2f1915e0_0, v0xb2f1919a0_0;
E_0xb2f15ed80 .event/or E_0xb2f15ed80/0, E_0xb2f15ed80/1;
S_0xb2ecfe580 .scope module, "video_compositor_instance" "video_compositor" 21 84, 25 3 0, S_0xb2ecfdf80;
 .timescale -9 -12;
    .port_info 0 /INPUT 1 "display_active";
    .port_info 1 /INPUT 8 "background_red";
    .port_info 2 /INPUT 8 "background_green";
    .port_info 3 /INPUT 8 "background_blue";
    .port_info 4 /INPUT 8 "platform_red";
    .port_info 5 /INPUT 8 "platform_green";
    .port_info 6 /INPUT 8 "platform_blue";
    .port_info 7 /INPUT 1 "platform_active";
    .port_info 8 /INPUT 8 "player_red";
    .port_info 9 /INPUT 8 "player_green";
    .port_info 10 /INPUT 8 "player_blue";
    .port_info 11 /INPUT 1 "player_active";
    .port_info 12 /OUTPUT 8 "red";
    .port_info 13 /OUTPUT 8 "green";
    .port_info 14 /OUTPUT 8 "blue";
v0xb2f191a40_0 .net "background_blue", 7 0, v0xb2f1906e0_0;  alias, 1 drivers
v0xb2f191ae0_0 .net "background_green", 7 0, v0xb2f190780_0;  alias, 1 drivers
v0xb2f191b80_0 .net "background_red", 7 0, v0xb2f190960_0;  alias, 1 drivers
v0xb2f191c20_0 .var "blue", 7 0;
v0xb2f191cc0_0 .net "display_active", 0 0, v0xb2f192580_0;  alias, 1 drivers
v0xb2f191d60_0 .var "green", 7 0;
v0xb2f191e00_0 .net "platform_active", 0 0, v0xb2f190a00_0;  alias, 1 drivers
v0xb2f191ea0_0 .net "platform_blue", 7 0, v0xb2f190aa0_0;  alias, 1 drivers
v0xb2f191f40_0 .net "platform_green", 7 0, v0xb2f190b40_0;  alias, 1 drivers
v0xb2f191fe0_0 .net "platform_red", 7 0, v0xb2f191220_0;  alias, 1 drivers
v0xb2f192080_0 .net "player_active", 0 0, v0xb2f191360_0;  alias, 1 drivers
v0xb2f192120_0 .net "player_blue", 7 0, v0xb2f191400_0;  alias, 1 drivers
v0xb2f1921c0_0 .net "player_green", 7 0, v0xb2f1914a0_0;  alias, 1 drivers
v0xb2f192260_0 .net "player_red", 7 0, v0xb2f191900_0;  alias, 1 drivers
v0xb2f192300_0 .var "red", 7 0;
E_0xb2f15edc0/0 .event anyedge, v0xb2f191cc0_0, v0xb2f191360_0, v0xb2f191900_0, v0xb2f1914a0_0;
E_0xb2f15edc0/1 .event anyedge, v0xb2f191400_0, v0xb2f190a00_0, v0xb2f191220_0, v0xb2f190b40_0;
E_0xb2f15edc0/2 .event anyedge, v0xb2f190aa0_0, v0xb2f190960_0, v0xb2f190780_0, v0xb2f1906e0_0;
E_0xb2f15edc0 .event/or E_0xb2f15edc0/0, E_0xb2f15edc0/1, E_0xb2f15edc0/2;
S_0xb2ecfe700 .scope module, "video_timing_instance" "video_timing" 21 40, 26 3 0, S_0xb2ecfdf80;
 .timescale -9 -12;
    .port_info 0 /INPUT 1 "clk_50mhz";
    .port_info 1 /INPUT 1 "rst";
    .port_info 2 /OUTPUT 1 "pixel_clk";
    .port_info 3 /OUTPUT 1 "hsync";
    .port_info 4 /OUTPUT 1 "vsync";
    .port_info 5 /OUTPUT 1 "blank_n";
    .port_info 6 /OUTPUT 1 "display_active";
    .port_info 7 /OUTPUT 10 "pixel_x";
    .port_info 8 /OUTPUT 10 "pixel_y";
P_0x104ad4320 .param/l "H_BACK_PORCH" 1 26 16, C4<0000110000>;
P_0x104ad4360 .param/l "H_DISPLAY" 1 26 17, C4<1010000000>;
P_0x104ad43a0 .param/l "H_FRONT_PORCH" 1 26 18, C4<0000010000>;
P_0x104ad43e0 .param/l "H_SYNC" 1 26 15, C4<0001100000>;
P_0x104ad4420 .param/l "H_TOTAL" 1 26 19, C4<1100100000>;
P_0x104ad4460 .param/l "V_BACK_PORCH" 1 26 22, C4<0000100001>;
P_0x104ad44a0 .param/l "V_DISPLAY" 1 26 23, C4<0111100000>;
P_0x104ad44e0 .param/l "V_FRONT_PORCH" 1 26 24, C4<0000001010>;
P_0x104ad4520 .param/l "V_SYNC" 1 26 21, C4<0000000010>;
P_0x104ad4560 .param/l "V_TOTAL" 1 26 25, C4<1000001101>;
L_0xb2f1a48c0 .functor BUFZ 1, v0xb2f1924e0_0, C4<0>, C4<0>, C4<0>;
v0xb2f1923a0_0 .var "blank_n", 0 0;
v0xb2f192440_0 .net "clk_50mhz", 0 0, o0xb2f444880;  alias, 0 drivers
v0xb2f1924e0_0 .var "clk_div2", 0 0;
v0xb2f192580_0 .var "display_active", 0 0;
v0xb2f192620_0 .var "hcount", 9 0;
v0xb2f1926c0_0 .var "hsync", 0 0;
v0xb2f192760_0 .net "pixel_clk", 0 0, L_0xb2f1a48c0;  alias, 1 drivers
v0xb2f192800_0 .var "pixel_x", 9 0;
v0xb2f1928a0_0 .var "pixel_y", 9 0;
v0xb2f192940_0 .net "rst", 0 0, L_0xb2f1a4070;  alias, 1 drivers
v0xb2f1929e0_0 .var "vcount", 9 0;
v0xb2f192a80_0 .var "vsync", 0 0;
E_0xb2f15f080 .event anyedge, v0xb2f192620_0, v0xb2f1929e0_0, v0xb2f191cc0_0;
E_0xb2f15f0c0 .event posedge, v0xb2f141f40_0, v0xb2f192760_0;
S_0x104acbf50 .scope module, "tb_mmio_decode" "tb_mmio_decode" 27 4;
 .timescale -9 -12;
v0xb2f1a2d00_0 .var "address", 15 0;
v0xb2f1a2da0_0 .var "audio_busy", 0 0;
v0xb2f1a2e40_0 .var "audio_configure_ack", 0 0;
v0xb2f1a2ee0_0 .net "audio_configure_request", 0 0, v0xb2f19b5c0_0;  1 drivers
v0xb2f1a2f80_0 .var "audio_done", 0 0;
v0xb2f1a3020_0 .net "audio_drum_toggle", 0 0, v0xb2f19b7a0_0;  1 drivers
v0xb2f1a30c0_0 .net "audio_enable_output", 0 0, v0xb2f19b840_0;  1 drivers
v0xb2f1a3160_0 .var "audio_error", 0 0;
v0xb2f1a3200_0 .net "audio_pitch", 7 0, v0xb2f19b980_0;  1 drivers
v0xb2f1a32a0_0 .net "audio_selected_command", 3 0, v0xb2f19bb60_0;  1 drivers
v0xb2f1a3340_0 .var "clk", 0 0;
v0xb2f1a33e0_0 .net "platform_wh_bus", 63 0, L_0xb2f1a8280;  1 drivers
v0xb2f1a3480_0 .net "platform_x_bus", 63 0, L_0xb2f1a8140;  1 drivers
v0xb2f1a3520_0 .net "platform_y_bus", 63 0, L_0xb2f1a81e0;  1 drivers
v0xb2f1a35c0_0 .net "player_x", 15 0, v0xb2f1a0fa0_0;  1 drivers
v0xb2f1a3660_0 .net "player_y", 15 0, v0xb2f1a1040_0;  1 drivers
v0xb2f1a3700_0 .var "push_buttons", 3 0;
v0xb2f1a37a0_0 .net "read_data", 15 0, v0xb2f1a26c0_0;  1 drivers
v0xb2f1a3840_0 .var "rst", 0 0;
v0xb2f1a38e0_0 .net "score_status", 15 0, v0xb2f1a1220_0;  1 drivers
v0xb2f1a3980_0 .var "switches", 9 0;
v0xb2f1a3a20_0 .var "write_data", 15 0;
v0xb2f1a3ac0_0 .var "write_enable", 0 0;
S_0xb2ecfe880 .scope module, "dut" "mem_router" 27 32, 16 4 0, S_0x104acbf50;
 .timescale -9 -12;
    .port_info 0 /INPUT 1 "clk";
    .port_info 1 /INPUT 1 "rst";
    .port_info 2 /INPUT 16 "address";
    .port_info 3 /INPUT 16 "write_data";
    .port_info 4 /INPUT 1 "write_enable";
    .port_info 5 /INPUT 4 "push_buttons";
    .port_info 6 /INPUT 10 "switches";
    .port_info 7 /INPUT 1 "audio_busy";
    .port_info 8 /INPUT 1 "audio_done";
    .port_info 9 /INPUT 1 "audio_error";
    .port_info 10 /INPUT 1 "audio_configure_ack";
    .port_info 11 /OUTPUT 16 "read_data";
    .port_info 12 /OUTPUT 16 "player_x";
    .port_info 13 /OUTPUT 16 "player_y";
    .port_info 14 /OUTPUT 64 "platform_x_bus";
    .port_info 15 /OUTPUT 64 "platform_y_bus";
    .port_info 16 /OUTPUT 64 "platform_wh_bus";
    .port_info 17 /OUTPUT 16 "score_status";
    .port_info 18 /OUTPUT 1 "audio_configure_request";
    .port_info 19 /OUTPUT 1 "audio_enable_output";
    .port_info 20 /OUTPUT 1 "audio_drum_toggle";
    .port_info 21 /OUTPUT 4 "audio_selected_command";
    .port_info 22 /OUTPUT 8 "audio_pitch";
P_0xb2f15f100 .param/str "ROM_INIT_FILE" 0 16 6, "mem/cpu_smoke.memh";
L_0xb2f1a49a0 .functor AND 1, v0xb2f1a2620_0, v0xb2f1a3ac0_0, C4<1>, C4<1>;
v0xb2f1a1720_0 .net "address", 15 0, v0xb2f1a2d00_0;  1 drivers
v0xb2f1a17c0_0 .net "audio_busy", 0 0, v0xb2f1a2da0_0;  1 drivers
v0xb2f1a1860_0 .net "audio_configure_ack", 0 0, v0xb2f1a2e40_0;  1 drivers
v0xb2f1a1900_0 .net "audio_configure_request", 0 0, v0xb2f19b5c0_0;  alias, 1 drivers
v0xb2f1a19a0_0 .net "audio_done", 0 0, v0xb2f1a2f80_0;  1 drivers
v0xb2f1a1a40_0 .net "audio_drum_toggle", 0 0, v0xb2f19b7a0_0;  alias, 1 drivers
v0xb2f1a1ae0_0 .net "audio_enable_output", 0 0, v0xb2f19b840_0;  alias, 1 drivers
v0xb2f1a1b80_0 .net "audio_error", 0 0, v0xb2f1a3160_0;  1 drivers
v0xb2f1a1c20_0 .net "audio_pitch", 7 0, v0xb2f19b980_0;  alias, 1 drivers
v0xb2f1a1cc0_0 .net "audio_read_data", 15 0, v0xb2f19ba20_0;  1 drivers
v0xb2f1a1d60_0 .var "audio_selected", 0 0;
v0xb2f1a1e00_0 .net "audio_selected_command", 3 0, v0xb2f19bb60_0;  alias, 1 drivers
v0xb2f1a1ea0_0 .net "clk", 0 0, v0xb2f1a3340_0;  1 drivers
v0xb2f1a1f40_0 .net "game_read_data", 15 0, v0xb2f1a10e0_0;  1 drivers
v0xb2f1a1fe0_0 .var "game_selected", 0 0;
v0xb2f1a2080_0 .var "io_read_data", 15 0;
v0xb2f1a2120_0 .var "io_selected", 0 0;
v0xb2f1a21c0_0 .net "platform_wh_bus", 63 0, L_0xb2f1a8280;  alias, 1 drivers
v0xb2f1a2260_0 .net "platform_x_bus", 63 0, L_0xb2f1a8140;  alias, 1 drivers
v0xb2f1a2300_0 .net "platform_y_bus", 63 0, L_0xb2f1a81e0;  alias, 1 drivers
v0xb2f1a23a0_0 .net "player_x", 15 0, v0xb2f1a0fa0_0;  alias, 1 drivers
v0xb2f1a2440_0 .net "player_y", 15 0, v0xb2f1a1040_0;  alias, 1 drivers
v0xb2f1a24e0_0 .net "push_buttons", 3 0, v0xb2f1a3700_0;  1 drivers
v0xb2f1a2580_0 .net "ram_read_data", 15 0, v0xb2f1a0000_0;  1 drivers
v0xb2f1a2620_0 .var "ram_selected", 0 0;
v0xb2f1a26c0_0 .var "read_data", 15 0;
v0xb2f1a2760_0 .net "rom_read_data", 15 0, v0xb2f1a15e0_0;  1 drivers
v0xb2f1a2800_0 .var "rom_selected", 0 0;
v0xb2f1a28a0_0 .net "rst", 0 0, v0xb2f1a3840_0;  1 drivers
v0xb2f1a2940_0 .net "score_status", 15 0, v0xb2f1a1220_0;  alias, 1 drivers
v0xb2f1a29e0_0 .net "switches", 9 0, v0xb2f1a3980_0;  1 drivers
v0xb2f1a2a80_0 .net "write_data", 15 0, v0xb2f1a3a20_0;  1 drivers
v0xb2f1a2b20_0 .net "write_enable", 0 0, v0xb2f1a3ac0_0;  1 drivers
E_0xb2f15f180/0 .event anyedge, v0xb2f19b2a0_0, v0xb2f1a24e0_0, v0xb2f1a29e0_0, v0xb2f1a15e0_0;
E_0xb2f15f180/1 .event anyedge, v0xb2f1a2800_0, v0xb2f1a0000_0, v0xb2f1a2620_0, v0xb2f1a10e0_0;
E_0xb2f15f180/2 .event anyedge, v0xb2f1a0a00_0, v0xb2f19ba20_0, v0xb2f19b3e0_0, v0xb2f1a2080_0;
E_0xb2f15f180/3 .event anyedge, v0xb2f1a2120_0;
E_0xb2f15f180 .event/or E_0xb2f15f180/0, E_0xb2f15f180/1, E_0xb2f15f180/2, E_0xb2f15f180/3;
L_0xb2f072800 .part v0xb2f1a2d00_0, 0, 10;
L_0xb2f0728a0 .part v0xb2f1a2d00_0, 0, 10;
S_0xb2ecfea00 .scope module, "audio_regs_instance" "audio_regs" 16 78, 17 4 0, S_0xb2ecfe880;
 .timescale -9 -12;
    .port_info 0 /INPUT 1 "clk";
    .port_info 1 /INPUT 1 "rst";
    .port_info 2 /INPUT 1 "chip_select";
    .port_info 3 /INPUT 1 "write_enable";
    .port_info 4 /INPUT 16 "address";
    .port_info 5 /INPUT 16 "write_data";
    .port_info 6 /INPUT 1 "configure_ack";
    .port_info 7 /INPUT 1 "busy";
    .port_info 8 /INPUT 1 "done";
    .port_info 9 /INPUT 1 "error";
    .port_info 10 /OUTPUT 16 "read_data";
    .port_info 11 /OUTPUT 1 "configure_request";
    .port_info 12 /OUTPUT 1 "enable_output";
    .port_info 13 /OUTPUT 1 "drum_toggle";
    .port_info 14 /OUTPUT 4 "selected_command";
    .port_info 15 /OUTPUT 8 "pitch";
v0xb2f19b2a0_0 .net "address", 15 0, v0xb2f1a2d00_0;  alias, 1 drivers
v0xb2f19b340_0 .net "busy", 0 0, v0xb2f1a2da0_0;  alias, 1 drivers
v0xb2f19b3e0_0 .net "chip_select", 0 0, v0xb2f1a1d60_0;  1 drivers
v0xb2f19b480_0 .net "clk", 0 0, v0xb2f1a3340_0;  alias, 1 drivers
v0xb2f19b520_0 .net "configure_ack", 0 0, v0xb2f1a2e40_0;  alias, 1 drivers
v0xb2f19b5c0_0 .var "configure_request", 0 0;
v0xb2f19b660_0 .var "debug_shadow", 15 0;
v0xb2f19b700_0 .net "done", 0 0, v0xb2f1a2f80_0;  alias, 1 drivers
v0xb2f19b7a0_0 .var "drum_toggle", 0 0;
v0xb2f19b840_0 .var "enable_output", 0 0;
v0xb2f19b8e0_0 .net "error", 0 0, v0xb2f1a3160_0;  alias, 1 drivers
v0xb2f19b980_0 .var "pitch", 7 0;
v0xb2f19ba20_0 .var "read_data", 15 0;
v0xb2f19bac0_0 .net "rst", 0 0, v0xb2f1a3840_0;  alias, 1 drivers
v0xb2f19bb60_0 .var "selected_command", 3 0;
v0xb2f19bc00_0 .net "write_data", 15 0, v0xb2f1a3a20_0;  alias, 1 drivers
v0xb2f19bca0_0 .net "write_enable", 0 0, v0xb2f1a3ac0_0;  alias, 1 drivers
E_0xb2f15f1c0/0 .event anyedge, v0xb2f19b2a0_0, v0xb2f19bb60_0, v0xb2f19b5c0_0, v0xb2f19b7a0_0;
E_0xb2f15f1c0/1 .event anyedge, v0xb2f19b840_0, v0xb2f19b980_0, v0xb2f19b8e0_0, v0xb2f19b700_0;
E_0xb2f15f1c0/2 .event anyedge, v0xb2f19b340_0, v0xb2f19b660_0;
E_0xb2f15f1c0 .event/or E_0xb2f15f1c0/0, E_0xb2f15f1c0/1, E_0xb2f15f1c0/2;
E_0xb2f15f200 .event posedge, v0xb2f19bac0_0, v0xb2f19b480_0;
S_0xb2ecfeb80 .scope module, "data_ram_instance" "sync_ram" 16 54, 18 3 0, S_0xb2ecfe880;
 .timescale -9 -12;
    .port_info 0 /INPUT 1 "clk";
    .port_info 1 /INPUT 1 "we";
    .port_info 2 /INPUT 10 "addr";
    .port_info 3 /INPUT 16 "wdata";
    .port_info 4 /OUTPUT 16 "rdata";
P_0xb2ecd8300 .param/l "ADDR_WIDTH" 0 18 6, +C4<00000000000000000000000000001010>;
P_0xb2ecd8340 .param/l "DATA_WIDTH" 0 18 5, +C4<00000000000000000000000000010000>;
v0xb2f19bd40_0 .net "addr", 9 0, L_0xb2f0728a0;  1 drivers
v0xb2f19bde0_0 .net "clk", 0 0, v0xb2f1a3340_0;  alias, 1 drivers
v0xb2f19be80_0 .var/i "index", 31 0;
v0xb2f19bf20 .array "ram", 1023 0, 15 0;
v0xb2f1a0000_0 .var "rdata", 15 0;
v0xb2f1a00a0_0 .net "wdata", 15 0, v0xb2f1a3a20_0;  alias, 1 drivers
v0xb2f1a0140_0 .net "we", 0 0, L_0xb2f1a49a0;  1 drivers
E_0xb2f15f2c0 .event posedge, v0xb2f19b480_0;
S_0xb2ecfed00 .scope module, "game_regs_instance" "game_regs" 16 62, 19 4 0, S_0xb2ecfe880;
 .timescale -9 -12;
    .port_info 0 /INPUT 1 "clk";
    .port_info 1 /INPUT 1 "rst";
    .port_info 2 /INPUT 1 "chip_select";
    .port_info 3 /INPUT 1 "write_enable";
    .port_info 4 /INPUT 16 "address";
    .port_info 5 /INPUT 16 "write_data";
    .port_info 6 /OUTPUT 16 "read_data";
    .port_info 7 /OUTPUT 16 "player_x";
    .port_info 8 /OUTPUT 16 "player_y";
    .port_info 9 /OUTPUT 64 "platform_x_bus";
    .port_info 10 /OUTPUT 64 "platform_y_bus";
    .port_info 11 /OUTPUT 64 "platform_wh_bus";
    .port_info 12 /OUTPUT 16 "score_status";
v0xb2f1a0960_0 .net "address", 15 0, v0xb2f1a2d00_0;  alias, 1 drivers
v0xb2f1a0a00_0 .net "chip_select", 0 0, v0xb2f1a1fe0_0;  1 drivers
v0xb2f1a0aa0_0 .net "clk", 0 0, v0xb2f1a3340_0;  alias, 1 drivers
v0xb2f1a0b40_0 .var/i "index", 31 0;
v0xb2f1a0be0_0 .net "platform_wh_bus", 63 0, L_0xb2f1a8280;  alias, 1 drivers
v0xb2f1a0c80 .array "platform_wh_mem", 3 0, 15 0;
v0xb2f1a0d20_0 .net "platform_x_bus", 63 0, L_0xb2f1a8140;  alias, 1 drivers
v0xb2f1a0dc0 .array "platform_x_mem", 3 0, 15 0;
v0xb2f1a0e60_0 .net "platform_y_bus", 63 0, L_0xb2f1a81e0;  alias, 1 drivers
v0xb2f1a0f00 .array "platform_y_mem", 3 0, 15 0;
v0xb2f1a0fa0_0 .var "player_x", 15 0;
v0xb2f1a1040_0 .var "player_y", 15 0;
v0xb2f1a10e0_0 .var "read_data", 15 0;
v0xb2f1a1180_0 .net "rst", 0 0, v0xb2f1a3840_0;  alias, 1 drivers
v0xb2f1a1220_0 .var "score_status", 15 0;
v0xb2f1a12c0_0 .net "write_data", 15 0, v0xb2f1a3a20_0;  alias, 1 drivers
v0xb2f1a1360_0 .net "write_enable", 0 0, v0xb2f1a3ac0_0;  alias, 1 drivers
v0xb2f1a0c80_3 .array/port v0xb2f1a0c80, 3;
v0xb2f1a0c80_2 .array/port v0xb2f1a0c80, 2;
v0xb2f1a0c80_1 .array/port v0xb2f1a0c80, 1;
v0xb2f1a0c80_0 .array/port v0xb2f1a0c80, 0;
E_0xb2f15f300/0 .event anyedge, v0xb2f1a0c80_3, v0xb2f1a0c80_2, v0xb2f1a0c80_1, v0xb2f1a0c80_0;
v0xb2f1a0f00_3 .array/port v0xb2f1a0f00, 3;
v0xb2f1a0f00_2 .array/port v0xb2f1a0f00, 2;
v0xb2f1a0f00_1 .array/port v0xb2f1a0f00, 1;
v0xb2f1a0f00_0 .array/port v0xb2f1a0f00, 0;
E_0xb2f15f300/1 .event anyedge, v0xb2f1a0f00_3, v0xb2f1a0f00_2, v0xb2f1a0f00_1, v0xb2f1a0f00_0;
v0xb2f1a0dc0_3 .array/port v0xb2f1a0dc0, 3;
v0xb2f1a0dc0_2 .array/port v0xb2f1a0dc0, 2;
v0xb2f1a0dc0_1 .array/port v0xb2f1a0dc0, 1;
v0xb2f1a0dc0_0 .array/port v0xb2f1a0dc0, 0;
E_0xb2f15f300/2 .event anyedge, v0xb2f1a0dc0_3, v0xb2f1a0dc0_2, v0xb2f1a0dc0_1, v0xb2f1a0dc0_0;
E_0xb2f15f300/3 .event anyedge, v0xb2f1a1220_0, v0xb2f1a1040_0, v0xb2f1a0fa0_0, v0xb2f19b2a0_0;
E_0xb2f15f300 .event/or E_0xb2f15f300/0, E_0xb2f15f300/1, E_0xb2f15f300/2, E_0xb2f15f300/3;
L_0xb2f1a8140 .concat8 [ 16 16 16 16], v0xb2f1a0dc0_0, v0xb2f1a0dc0_1, v0xb2f1a0dc0_2, v0xb2f1a0dc0_3;
L_0xb2f1a81e0 .concat8 [ 16 16 16 16], v0xb2f1a0f00_0, v0xb2f1a0f00_1, v0xb2f1a0f00_2, v0xb2f1a0f00_3;
L_0xb2f1a8280 .concat8 [ 16 16 16 16], v0xb2f1a0c80_0, v0xb2f1a0c80_1, v0xb2f1a0c80_2, v0xb2f1a0c80_3;
S_0xb2ecfee80 .scope generate, "flatten_platform_buses[0]" "flatten_platform_buses[0]" 19 27, 19 27 0, S_0xb2ecfed00;
 .timescale -9 -12;
P_0xb2f15f340 .param/l "flatten_index" 1 19 27, +C4<00>;
v0xb2f1a01e0_0 .net *"_ivl_2", 15 0, v0xb2f1a0dc0_0;  1 drivers
v0xb2f1a0280_0 .net *"_ivl_5", 15 0, v0xb2f1a0f00_0;  1 drivers
v0xb2f1a0320_0 .net *"_ivl_8", 15 0, v0xb2f1a0c80_0;  1 drivers
S_0xb2ecff000 .scope generate, "flatten_platform_buses[1]" "flatten_platform_buses[1]" 19 27, 19 27 0, S_0xb2ecfed00;
 .timescale -9 -12;
P_0xb2f15f3c0 .param/l "flatten_index" 1 19 27, +C4<01>;
v0xb2f1a03c0_0 .net *"_ivl_2", 15 0, v0xb2f1a0dc0_1;  1 drivers
v0xb2f1a0460_0 .net *"_ivl_5", 15 0, v0xb2f1a0f00_1;  1 drivers
v0xb2f1a0500_0 .net *"_ivl_8", 15 0, v0xb2f1a0c80_1;  1 drivers
S_0xb2ecff180 .scope generate, "flatten_platform_buses[2]" "flatten_platform_buses[2]" 19 27, 19 27 0, S_0xb2ecfed00;
 .timescale -9 -12;
P_0xb2f15f440 .param/l "flatten_index" 1 19 27, +C4<010>;
v0xb2f1a05a0_0 .net *"_ivl_2", 15 0, v0xb2f1a0dc0_2;  1 drivers
v0xb2f1a0640_0 .net *"_ivl_5", 15 0, v0xb2f1a0f00_2;  1 drivers
v0xb2f1a06e0_0 .net *"_ivl_8", 15 0, v0xb2f1a0c80_2;  1 drivers
S_0xb2ecff300 .scope generate, "flatten_platform_buses[3]" "flatten_platform_buses[3]" 19 27, 19 27 0, S_0xb2ecfed00;
 .timescale -9 -12;
P_0xb2f15f4c0 .param/l "flatten_index" 1 19 27, +C4<011>;
v0xb2f1a0780_0 .net *"_ivl_2", 15 0, v0xb2f1a0dc0_3;  1 drivers
v0xb2f1a0820_0 .net *"_ivl_5", 15 0, v0xb2f1a0f00_3;  1 drivers
v0xb2f1a08c0_0 .net *"_ivl_8", 15 0, v0xb2f1a0c80_3;  1 drivers
S_0xb2ecff480 .scope module, "program_rom_instance" "program_rom" 16 48, 20 3 0, S_0xb2ecfe880;
 .timescale -9 -12;
    .port_info 0 /INPUT 1 "clk";
    .port_info 1 /INPUT 10 "addr";
    .port_info 2 /OUTPUT 16 "rdata";
P_0x104abcfe0 .param/l "ADDR_WIDTH" 0 20 6, +C4<00000000000000000000000000001010>;
P_0x104abd020 .param/l "DATA_WIDTH" 0 20 5, +C4<00000000000000000000000000010000>;
P_0x104abd060 .param/str "INIT_FILE" 0 20 7, "mem/cpu_smoke.memh";
v0xb2f1a1400_0 .net "addr", 9 0, L_0xb2f072800;  1 drivers
v0xb2f1a14a0_0 .net "clk", 0 0, v0xb2f1a3340_0;  alias, 1 drivers
v0xb2f1a1540_0 .var/i "index", 31 0;
v0xb2f1a15e0_0 .var "rdata", 15 0;
v0xb2f1a1680 .array "rom", 1023 0, 15 0;
S_0xb2ecff600 .scope task, "write_word" "write_word" 27 60, 27 60 0, S_0x104acbf50;
 .timescale -9 -12;
v0xb2f1a2bc0_0 .var "addr", 15 0;
v0xb2f1a2c60_0 .var "value", 15 0;
E_0xb2f15f600 .event negedge, v0xb2f19b480_0;
TD_tb_mmio_decode.write_word ;
    %wait E_0xb2f15f600;
    %load/vec4 v0xb2f1a2bc0_0;
    %store/vec4 v0xb2f1a2d00_0, 0, 16;
    %load/vec4 v0xb2f1a2c60_0;
    %store/vec4 v0xb2f1a3a20_0, 0, 16;
    %pushi/vec4 1, 0, 1;
    %store/vec4 v0xb2f1a3ac0_0, 0, 1;
    %wait E_0xb2f15f600;
    %pushi/vec4 0, 0, 1;
    %store/vec4 v0xb2f1a3ac0_0, 0, 1;
    %end;
    .scope S_0x104ab4a10;
T_1 ;
    %wait E_0xb2f15df00;
    %load/vec4 v0xb2f188a00_0;
    %flag_set/vec4 8;
    %jmp/0xz  T_1.0, 8;
    %pushi/vec4 0, 0, 4;
    %assign/vec4 v0xb2f188aa0_0, 0;
    %pushi/vec4 0, 0, 4;
    %assign/vec4 v0xb2f188b40_0, 0;
    %jmp T_1.1;
T_1.0 ;
    %load/vec4 v0xb2f1888c0_0;
    %assign/vec4 v0xb2f188aa0_0, 0;
    %load/vec4 v0xb2f188aa0_0;
    %assign/vec4 v0xb2f188b40_0, 0;
T_1.1 ;
    %jmp T_1;
    .thread T_1;
    .scope S_0xb2ecfde00;
T_2 ;
    %wait E_0xb2f15df00;
    %load/vec4 v0xb2f190500_0;
    %flag_set/vec4 8;
    %jmp/0xz  T_2.0, 8;
    %pushi/vec4 0, 0, 10;
    %assign/vec4 v0xb2f1905a0_0, 0;
    %pushi/vec4 0, 0, 10;
    %assign/vec4 v0xb2f190640_0, 0;
    %jmp T_2.1;
T_2.0 ;
    %load/vec4 v0xb2f1903c0_0;
    %assign/vec4 v0xb2f1905a0_0, 0;
    %load/vec4 v0xb2f1905a0_0;
    %assign/vec4 v0xb2f190640_0, 0;
T_2.1 ;
    %jmp T_2;
    .thread T_2;
    .scope S_0xb2ecfc600;
T_3 ;
    %wait E_0xb2f15df00;
    %load/vec4 v0xb2f18aa80_0;
    %flag_set/vec4 8;
    %jmp/0xz  T_3.0, 8;
    %pushi/vec4 0, 0, 32;
    %store/vec4 v0xb2f18a6c0_0, 0, 32;
T_3.2 ; Top of for-loop
    %load/vec4 v0xb2f18a6c0_0;
    %cmpi/s 16, 0, 32;
	  %jmp/0xz T_3.3, 5;
    %pushi/vec4 0, 0, 16;
    %ix/getv/s 3, v0xb2f18a6c0_0;
    %ix/load 4, 0, 0; Constant delay
    %assign/vec4/a/d v0xb2f18a9e0, 0, 4;
T_3.4 ; for-loop step statement
    %load/vec4 v0xb2f18a6c0_0;
    %addi 1, 0, 32;
    %store/vec4 v0xb2f18a6c0_0, 0, 32;
    %jmp T_3.2;
T_3.3 ; for-loop exit label
    %jmp T_3.1;
T_3.0 ;
    %load/vec4 v0xb2f18ac60_0;
    %flag_set/vec4 8;
    %jmp/0xz  T_3.5, 8;
    %load/vec4 v0xb2f18abc0_0;
    %load/vec4 v0xb2f18ab20_0;
    %pad/u 6;
    %ix/vec4 3;
    %ix/load 4, 0, 0; Constant delay
    %assign/vec4/a/d v0xb2f18a9e0, 0, 4;
T_3.5 ;
T_3.1 ;
    %jmp T_3;
    .thread T_3;
    .scope S_0xb2ecfc480;
T_4 ;
    %wait E_0xb2f15e400;
    %load/vec4 v0xb2f189d60_0;
    %parti/s 4, 0, 2;
    %store/vec4 v0xb2f18a080_0, 0, 4;
    %load/vec4 v0xb2f189d60_0;
    %parti/s 4, 8, 5;
    %store/vec4 v0xb2f18a120_0, 0, 4;
    %load/vec4 v0xb2f189d60_0;
    %parti/s 1, 7, 4;
    %replicate 8;
    %load/vec4 v0xb2f189d60_0;
    %parti/s 8, 0, 2;
    %concat/vec4; draw_concat_vec4
    %store/vec4 v0xb2f189cc0_0, 0, 16;
    %load/vec4 v0xb2f189d60_0;
    %parti/s 4, 12, 5;
    %load/vec4 v0xb2f189d60_0;
    %parti/s 4, 4, 4;
    %concat/vec4; draw_concat_vec4
    %store/vec4 v0xb2f189ea0_0, 0, 8;
    %load/vec4 v0xb2f189d60_0;
    %parti/s 4, 8, 5;
    %dup/vec4;
    %pushi/vec4 0, 0, 4;
    %cmp/u;
    %jmp/1 T_4.0, 6;
    %dup/vec4;
    %pushi/vec4 1, 0, 4;
    %cmp/u;
    %jmp/1 T_4.1, 6;
    %dup/vec4;
    %pushi/vec4 13, 0, 4;
    %cmp/u;
    %jmp/1 T_4.2, 6;
    %dup/vec4;
    %pushi/vec4 2, 0, 4;
    %cmp/u;
    %jmp/1 T_4.3, 6;
    %dup/vec4;
    %pushi/vec4 3, 0, 4;
    %cmp/u;
    %jmp/1 T_4.4, 6;
    %dup/vec4;
    %pushi/vec4 4, 0, 4;
    %cmp/u;
    %jmp/1 T_4.5, 6;
    %dup/vec4;
    %pushi/vec4 5, 0, 4;
    %cmp/u;
    %jmp/1 T_4.6, 6;
    %dup/vec4;
    %pushi/vec4 10, 0, 4;
    %cmp/u;
    %jmp/1 T_4.7, 6;
    %dup/vec4;
    %pushi/vec4 11, 0, 4;
    %cmp/u;
    %jmp/1 T_4.8, 6;
    %dup/vec4;
    %pushi/vec4 6, 0, 4;
    %cmp/u;
    %jmp/1 T_4.9, 6;
    %dup/vec4;
    %pushi/vec4 7, 0, 4;
    %cmp/u;
    %jmp/1 T_4.10, 6;
    %dup/vec4;
    %pushi/vec4 8, 0, 4;
    %cmp/u;
    %jmp/1 T_4.11, 6;
    %dup/vec4;
    %pushi/vec4 9, 0, 4;
    %cmp/u;
    %jmp/1 T_4.12, 6;
    %dup/vec4;
    %pushi/vec4 12, 0, 4;
    %cmp/u;
    %jmp/1 T_4.13, 6;
    %dup/vec4;
    %pushi/vec4 14, 0, 4;
    %cmp/u;
    %jmp/1 T_4.14, 6;
    %pushi/vec4 0, 0, 1;
    %store/vec4 v0xb2f189c20_0, 0, 1;
    %jmp T_4.16;
T_4.0 ;
    %load/vec4 v0xb2f189fe0_0;
    %parti/s 1, 1, 2;
    %store/vec4 v0xb2f189c20_0, 0, 1;
    %jmp T_4.16;
T_4.1 ;
    %load/vec4 v0xb2f189fe0_0;
    %parti/s 1, 1, 2;
    %inv;
    %store/vec4 v0xb2f189c20_0, 0, 1;
    %jmp T_4.16;
T_4.2 ;
    %load/vec4 v0xb2f189fe0_0;
    %parti/s 1, 0, 2;
    %load/vec4 v0xb2f189fe0_0;
    %parti/s 1, 1, 2;
    %or;
    %store/vec4 v0xb2f189c20_0, 0, 1;
    %jmp T_4.16;
T_4.3 ;
    %load/vec4 v0xb2f189fe0_0;
    %parti/s 1, 4, 4;
    %store/vec4 v0xb2f189c20_0, 0, 1;
    %jmp T_4.16;
T_4.4 ;
    %load/vec4 v0xb2f189fe0_0;
    %parti/s 1, 4, 4;
    %inv;
    %store/vec4 v0xb2f189c20_0, 0, 1;
    %jmp T_4.16;
T_4.5 ;
    %load/vec4 v0xb2f189fe0_0;
    %parti/s 1, 3, 3;
    %store/vec4 v0xb2f189c20_0, 0, 1;
    %jmp T_4.16;
T_4.6 ;
    %load/vec4 v0xb2f189fe0_0;
    %parti/s 1, 3, 3;
    %inv;
    %store/vec4 v0xb2f189c20_0, 0, 1;
    %jmp T_4.16;
T_4.7 ;
    %load/vec4 v0xb2f189fe0_0;
    %parti/s 1, 3, 3;
    %inv;
    %load/vec4 v0xb2f189fe0_0;
    %parti/s 1, 1, 2;
    %inv;
    %and;
    %store/vec4 v0xb2f189c20_0, 0, 1;
    %jmp T_4.16;
T_4.8 ;
    %load/vec4 v0xb2f189fe0_0;
    %parti/s 1, 3, 3;
    %load/vec4 v0xb2f189fe0_0;
    %parti/s 1, 1, 2;
    %or;
    %store/vec4 v0xb2f189c20_0, 0, 1;
    %jmp T_4.16;
T_4.9 ;
    %load/vec4 v0xb2f189fe0_0;
    %parti/s 1, 0, 2;
    %store/vec4 v0xb2f189c20_0, 0, 1;
    %jmp T_4.16;
T_4.10 ;
    %load/vec4 v0xb2f189fe0_0;
    %parti/s 1, 0, 2;
    %inv;
    %store/vec4 v0xb2f189c20_0, 0, 1;
    %jmp T_4.16;
T_4.11 ;
    %load/vec4 v0xb2f189fe0_0;
    %parti/s 1, 2, 3;
    %store/vec4 v0xb2f189c20_0, 0, 1;
    %jmp T_4.16;
T_4.12 ;
    %load/vec4 v0xb2f189fe0_0;
    %parti/s 1, 2, 3;
    %inv;
    %store/vec4 v0xb2f189c20_0, 0, 1;
    %jmp T_4.16;
T_4.13 ;
    %load/vec4 v0xb2f189fe0_0;
    %parti/s 1, 0, 2;
    %inv;
    %load/vec4 v0xb2f189fe0_0;
    %parti/s 1, 1, 2;
    %inv;
    %and;
    %store/vec4 v0xb2f189c20_0, 0, 1;
    %jmp T_4.16;
T_4.14 ;
    %pushi/vec4 1, 0, 1;
    %store/vec4 v0xb2f189c20_0, 0, 1;
    %jmp T_4.16;
T_4.16 ;
    %pop/vec4 1;
    %load/vec4 v0xb2f189ea0_0;
    %dup/vec4;
    %pushi/vec4 192, 15, 8;
    %cmp/z;
    %jmp/1 T_4.17, 4;
    %dup/vec4;
    %pushi/vec4 76, 0, 8;
    %cmp/z;
    %jmp/1 T_4.18, 4;
    %load/vec4 v0xb2f189f40_0;
    %addi 1, 0, 16;
    %store/vec4 v0xb2f189e00_0, 0, 16;
    %jmp T_4.20;
T_4.17 ;
    %load/vec4 v0xb2f189c20_0;
    %flag_set/vec4 8;
    %jmp/0xz  T_4.21, 8;
    %load/vec4 v0xb2f189f40_0;
    %load/vec4 v0xb2f189cc0_0;
    %add;
    %store/vec4 v0xb2f189e00_0, 0, 16;
    %jmp T_4.22;
T_4.21 ;
    %load/vec4 v0xb2f189f40_0;
    %addi 1, 0, 16;
    %store/vec4 v0xb2f189e00_0, 0, 16;
T_4.22 ;
    %jmp T_4.20;
T_4.18 ;
    %load/vec4 v0xb2f189c20_0;
    %flag_set/vec4 8;
    %jmp/0xz  T_4.23, 8;
    %load/vec4 v0xb2f18a1c0_0;
    %store/vec4 v0xb2f189e00_0, 0, 16;
    %jmp T_4.24;
T_4.23 ;
    %load/vec4 v0xb2f189f40_0;
    %addi 1, 0, 16;
    %store/vec4 v0xb2f189e00_0, 0, 16;
T_4.24 ;
    %jmp T_4.20;
T_4.20 ;
    %pop/vec4 1;
    %jmp T_4;
    .thread T_4, $push;
    .scope S_0xb2ecfc000;
T_5 ;
    %wait E_0xb2f15e380;
    %load/vec4 v0xb2f188be0_0;
    %store/vec4 v0xb2f1892c0_0, 0, 16;
    %load/vec4 v0xb2f188c80_0;
    %store/vec4 v0xb2f189360_0, 0, 16;
    %pushi/vec4 0, 0, 17;
    %store/vec4 v0xb2f189400_0, 0, 17;
    %load/vec4 v0xb2f1892c0_0;
    %pad/s 32;
    %store/vec4 v0xb2f189220_0, 0, 32;
    %pushi/vec4 0, 0, 16;
    %store/vec4 v0xb2f189180_0, 0, 16;
    %pushi/vec4 0, 0, 1;
    %store/vec4 v0xb2f188d20_0, 0, 1;
    %pushi/vec4 0, 0, 1;
    %store/vec4 v0xb2f188fa0_0, 0, 1;
    %pushi/vec4 0, 0, 1;
    %store/vec4 v0xb2f188e60_0, 0, 1;
    %pushi/vec4 0, 0, 1;
    %store/vec4 v0xb2f1894a0_0, 0, 1;
    %pushi/vec4 0, 0, 1;
    %store/vec4 v0xb2f189040_0, 0, 1;
    %load/vec4 v0xb2f1890e0_0;
    %dup/vec4;
    %pushi/vec4 5, 0, 8;
    %cmp/z;
    %jmp/1 T_5.0, 4;
    %dup/vec4;
    %pushi/vec4 80, 15, 8;
    %cmp/z;
    %jmp/1 T_5.1, 4;
    %dup/vec4;
    %pushi/vec4 6, 0, 8;
    %cmp/z;
    %jmp/1 T_5.2, 4;
    %dup/vec4;
    %pushi/vec4 96, 15, 8;
    %cmp/z;
    %jmp/1 T_5.3, 4;
    %dup/vec4;
    %pushi/vec4 7, 0, 8;
    %cmp/z;
    %jmp/1 T_5.4, 4;
    %dup/vec4;
    %pushi/vec4 112, 15, 8;
    %cmp/z;
    %jmp/1 T_5.5, 4;
    %dup/vec4;
    %pushi/vec4 9, 0, 8;
    %cmp/z;
    %jmp/1 T_5.6, 4;
    %dup/vec4;
    %pushi/vec4 144, 15, 8;
    %cmp/z;
    %jmp/1 T_5.7, 4;
    %dup/vec4;
    %pushi/vec4 11, 0, 8;
    %cmp/z;
    %jmp/1 T_5.8, 4;
    %dup/vec4;
    %pushi/vec4 176, 15, 8;
    %cmp/z;
    %jmp/1 T_5.9, 4;
    %dup/vec4;
    %pushi/vec4 1, 0, 8;
    %cmp/z;
    %jmp/1 T_5.10, 4;
    %dup/vec4;
    %pushi/vec4 2, 0, 8;
    %cmp/z;
    %jmp/1 T_5.11, 4;
    %dup/vec4;
    %pushi/vec4 3, 0, 8;
    %cmp/z;
    %jmp/1 T_5.12, 4;
    %dup/vec4;
    %pushi/vec4 4, 0, 8;
    %cmp/z;
    %jmp/1 T_5.13, 4;
    %dup/vec4;
    %pushi/vec4 132, 0, 8;
    %cmp/z;
    %jmp/1 T_5.14, 4;
    %dup/vec4;
    %pushi/vec4 128, 1, 8;
    %cmp/z;
    %jmp/1 T_5.15, 4;
    %dup/vec4;
    %pushi/vec4 136, 1, 8;
    %cmp/z;
    %jmp/1 T_5.16, 4;
    %dup/vec4;
    %pushi/vec4 138, 1, 8;
    %cmp/z;
    %jmp/1 T_5.17, 4;
    %dup/vec4;
    %pushi/vec4 134, 0, 8;
    %cmp/z;
    %jmp/1 T_5.18, 4;
    %dup/vec4;
    %pushi/vec4 130, 1, 8;
    %cmp/z;
    %jmp/1 T_5.19, 4;
    %load/vec4 v0xb2f188c80_0;
    %store/vec4 v0xb2f189180_0, 0, 16;
    %load/vec4 v0xb2f189180_0;
    %pushi/vec4 0, 0, 16;
    %cmp/e;
    %flag_get/vec4 4;
    %store/vec4 v0xb2f1894a0_0, 0, 1;
    %load/vec4 v0xb2f189180_0;
    %parti/s 1, 15, 5;
    %store/vec4 v0xb2f189040_0, 0, 1;
    %jmp T_5.21;
T_5.0 ;
    %pushi/vec4 0, 0, 1;
    %load/vec4 v0xb2f188c80_0;
    %concat/vec4; draw_concat_vec4
    %pushi/vec4 0, 0, 1;
    %load/vec4 v0xb2f188be0_0;
    %concat/vec4; draw_concat_vec4
    %add;
    %store/vec4 v0xb2f189400_0, 0, 17;
    %load/vec4 v0xb2f189400_0;
    %parti/s 16, 0, 2;
    %store/vec4 v0xb2f189180_0, 0, 16;
    %load/vec4 v0xb2f189400_0;
    %parti/s 1, 16, 6;
    %store/vec4 v0xb2f188d20_0, 0, 1;
    %load/vec4 v0xb2f188c80_0;
    %load/vec4 v0xb2f188be0_0;
    %cmp/u;
    %flag_get/vec4 5;
    %store/vec4 v0xb2f188fa0_0, 0, 1;
    %load/vec4 v0xb2f188c80_0;
    %parti/s 1, 15, 5;
    %load/vec4 v0xb2f188be0_0;
    %parti/s 1, 15, 5;
    %xor;
    %inv;
    %load/vec4 v0xb2f189180_0;
    %parti/s 1, 15, 5;
    %load/vec4 v0xb2f188c80_0;
    %parti/s 1, 15, 5;
    %xor;
    %and;
    %store/vec4 v0xb2f188e60_0, 0, 1;
    %load/vec4 v0xb2f189180_0;
    %pushi/vec4 0, 0, 16;
    %cmp/e;
    %flag_get/vec4 4;
    %store/vec4 v0xb2f1894a0_0, 0, 1;
    %load/vec4 v0xb2f189180_0;
    %parti/s 1, 15, 5;
    %store/vec4 v0xb2f189040_0, 0, 1;
    %jmp T_5.21;
T_5.1 ;
    %pushi/vec4 0, 0, 1;
    %load/vec4 v0xb2f188c80_0;
    %concat/vec4; draw_concat_vec4
    %pushi/vec4 0, 0, 1;
    %load/vec4 v0xb2f188be0_0;
    %concat/vec4; draw_concat_vec4
    %add;
    %store/vec4 v0xb2f189400_0, 0, 17;
    %load/vec4 v0xb2f189400_0;
    %parti/s 16, 0, 2;
    %store/vec4 v0xb2f189180_0, 0, 16;
    %load/vec4 v0xb2f189400_0;
    %parti/s 1, 16, 6;
    %store/vec4 v0xb2f188d20_0, 0, 1;
    %load/vec4 v0xb2f188c80_0;
    %load/vec4 v0xb2f188be0_0;
    %cmp/u;
    %flag_get/vec4 5;
    %store/vec4 v0xb2f188fa0_0, 0, 1;
    %load/vec4 v0xb2f188c80_0;
    %parti/s 1, 15, 5;
    %load/vec4 v0xb2f188be0_0;
    %parti/s 1, 15, 5;
    %xor;
    %inv;
    %load/vec4 v0xb2f189180_0;
    %parti/s 1, 15, 5;
    %load/vec4 v0xb2f188c80_0;
    %parti/s 1, 15, 5;
    %xor;
    %and;
    %store/vec4 v0xb2f188e60_0, 0, 1;
    %load/vec4 v0xb2f189180_0;
    %pushi/vec4 0, 0, 16;
    %cmp/e;
    %flag_get/vec4 4;
    %store/vec4 v0xb2f1894a0_0, 0, 1;
    %load/vec4 v0xb2f189180_0;
    %parti/s 1, 15, 5;
    %store/vec4 v0xb2f189040_0, 0, 1;
    %jmp T_5.21;
T_5.2 ;
    %pushi/vec4 0, 0, 1;
    %load/vec4 v0xb2f188c80_0;
    %concat/vec4; draw_concat_vec4
    %pushi/vec4 0, 0, 1;
    %load/vec4 v0xb2f188be0_0;
    %concat/vec4; draw_concat_vec4
    %add;
    %store/vec4 v0xb2f189400_0, 0, 17;
    %load/vec4 v0xb2f189400_0;
    %parti/s 16, 0, 2;
    %store/vec4 v0xb2f189180_0, 0, 16;
    %load/vec4 v0xb2f189400_0;
    %parti/s 1, 16, 6;
    %store/vec4 v0xb2f188d20_0, 0, 1;
    %load/vec4 v0xb2f188c80_0;
    %load/vec4 v0xb2f188be0_0;
    %cmp/u;
    %flag_get/vec4 5;
    %store/vec4 v0xb2f188fa0_0, 0, 1;
    %load/vec4 v0xb2f189180_0;
    %pushi/vec4 0, 0, 16;
    %cmp/e;
    %flag_get/vec4 4;
    %store/vec4 v0xb2f1894a0_0, 0, 1;
    %load/vec4 v0xb2f189180_0;
    %parti/s 1, 15, 5;
    %store/vec4 v0xb2f189040_0, 0, 1;
    %jmp T_5.21;
T_5.3 ;
    %pushi/vec4 0, 0, 1;
    %load/vec4 v0xb2f188c80_0;
    %concat/vec4; draw_concat_vec4
    %pushi/vec4 0, 0, 1;
    %load/vec4 v0xb2f188be0_0;
    %concat/vec4; draw_concat_vec4
    %add;
    %store/vec4 v0xb2f189400_0, 0, 17;
    %load/vec4 v0xb2f189400_0;
    %parti/s 16, 0, 2;
    %store/vec4 v0xb2f189180_0, 0, 16;
    %load/vec4 v0xb2f189400_0;
    %parti/s 1, 16, 6;
    %store/vec4 v0xb2f188d20_0, 0, 1;
    %load/vec4 v0xb2f188c80_0;
    %load/vec4 v0xb2f188be0_0;
    %cmp/u;
    %flag_get/vec4 5;
    %store/vec4 v0xb2f188fa0_0, 0, 1;
    %load/vec4 v0xb2f189180_0;
    %pushi/vec4 0, 0, 16;
    %cmp/e;
    %flag_get/vec4 4;
    %store/vec4 v0xb2f1894a0_0, 0, 1;
    %load/vec4 v0xb2f189180_0;
    %parti/s 1, 15, 5;
    %store/vec4 v0xb2f189040_0, 0, 1;
    %jmp T_5.21;
T_5.4 ;
    %pushi/vec4 0, 0, 1;
    %load/vec4 v0xb2f188c80_0;
    %concat/vec4; draw_concat_vec4
    %pushi/vec4 0, 0, 1;
    %load/vec4 v0xb2f188be0_0;
    %concat/vec4; draw_concat_vec4
    %add;
    %load/vec4 v0xb2f188dc0_0;
    %pad/u 17;
    %add;
    %store/vec4 v0xb2f189400_0, 0, 17;
    %load/vec4 v0xb2f189400_0;
    %parti/s 16, 0, 2;
    %store/vec4 v0xb2f189180_0, 0, 16;
    %load/vec4 v0xb2f189400_0;
    %parti/s 1, 16, 6;
    %store/vec4 v0xb2f188d20_0, 0, 1;
    %load/vec4 v0xb2f188c80_0;
    %load/vec4 v0xb2f188be0_0;
    %load/vec4 v0xb2f188dc0_0;
    %pad/u 16;
    %add;
    %cmp/u;
    %flag_get/vec4 5;
    %store/vec4 v0xb2f188fa0_0, 0, 1;
    %load/vec4 v0xb2f188c80_0;
    %parti/s 1, 15, 5;
    %load/vec4 v0xb2f188be0_0;
    %parti/s 1, 15, 5;
    %xor;
    %inv;
    %load/vec4 v0xb2f189180_0;
    %parti/s 1, 15, 5;
    %load/vec4 v0xb2f188c80_0;
    %parti/s 1, 15, 5;
    %xor;
    %and;
    %store/vec4 v0xb2f188e60_0, 0, 1;
    %load/vec4 v0xb2f189180_0;
    %pushi/vec4 0, 0, 16;
    %cmp/e;
    %flag_get/vec4 4;
    %store/vec4 v0xb2f1894a0_0, 0, 1;
    %load/vec4 v0xb2f189180_0;
    %parti/s 1, 15, 5;
    %store/vec4 v0xb2f189040_0, 0, 1;
    %jmp T_5.21;
T_5.5 ;
    %pushi/vec4 0, 0, 1;
    %load/vec4 v0xb2f188c80_0;
    %concat/vec4; draw_concat_vec4
    %pushi/vec4 0, 0, 1;
    %load/vec4 v0xb2f188be0_0;
    %concat/vec4; draw_concat_vec4
    %add;
    %load/vec4 v0xb2f188dc0_0;
    %pad/u 17;
    %add;
    %store/vec4 v0xb2f189400_0, 0, 17;
    %load/vec4 v0xb2f189400_0;
    %parti/s 16, 0, 2;
    %store/vec4 v0xb2f189180_0, 0, 16;
    %load/vec4 v0xb2f189400_0;
    %parti/s 1, 16, 6;
    %store/vec4 v0xb2f188d20_0, 0, 1;
    %load/vec4 v0xb2f188c80_0;
    %load/vec4 v0xb2f188be0_0;
    %load/vec4 v0xb2f188dc0_0;
    %pad/u 16;
    %add;
    %cmp/u;
    %flag_get/vec4 5;
    %store/vec4 v0xb2f188fa0_0, 0, 1;
    %load/vec4 v0xb2f188c80_0;
    %parti/s 1, 15, 5;
    %load/vec4 v0xb2f188be0_0;
    %parti/s 1, 15, 5;
    %xor;
    %inv;
    %load/vec4 v0xb2f189180_0;
    %parti/s 1, 15, 5;
    %load/vec4 v0xb2f188c80_0;
    %parti/s 1, 15, 5;
    %xor;
    %and;
    %store/vec4 v0xb2f188e60_0, 0, 1;
    %load/vec4 v0xb2f189180_0;
    %pushi/vec4 0, 0, 16;
    %cmp/e;
    %flag_get/vec4 4;
    %store/vec4 v0xb2f1894a0_0, 0, 1;
    %load/vec4 v0xb2f189180_0;
    %parti/s 1, 15, 5;
    %store/vec4 v0xb2f189040_0, 0, 1;
    %jmp T_5.21;
T_5.6 ;
    %pushi/vec4 0, 0, 1;
    %load/vec4 v0xb2f188c80_0;
    %concat/vec4; draw_concat_vec4
    %pushi/vec4 0, 0, 1;
    %load/vec4 v0xb2f188be0_0;
    %inv;
    %concat/vec4; draw_concat_vec4
    %add;
    %addi 1, 0, 17;
    %store/vec4 v0xb2f189400_0, 0, 17;
    %load/vec4 v0xb2f189400_0;
    %parti/s 16, 0, 2;
    %store/vec4 v0xb2f189180_0, 0, 16;
    %load/vec4 v0xb2f189400_0;
    %parti/s 1, 16, 6;
    %store/vec4 v0xb2f188d20_0, 0, 1;
    %load/vec4 v0xb2f188c80_0;
    %load/vec4 v0xb2f188be0_0;
    %cmp/u;
    %flag_get/vec4 5;
    %store/vec4 v0xb2f188fa0_0, 0, 1;
    %load/vec4 v0xb2f188c80_0;
    %parti/s 1, 15, 5;
    %load/vec4 v0xb2f188be0_0;
    %parti/s 1, 15, 5;
    %xor;
    %load/vec4 v0xb2f189180_0;
    %parti/s 1, 15, 5;
    %load/vec4 v0xb2f188c80_0;
    %parti/s 1, 15, 5;
    %xor;
    %and;
    %store/vec4 v0xb2f188e60_0, 0, 1;
    %load/vec4 v0xb2f189180_0;
    %pushi/vec4 0, 0, 16;
    %cmp/e;
    %flag_get/vec4 4;
    %store/vec4 v0xb2f1894a0_0, 0, 1;
    %load/vec4 v0xb2f189360_0;
    %load/vec4 v0xb2f1892c0_0;
    %cmp/s;
    %flag_get/vec4 5;
    %store/vec4 v0xb2f189040_0, 0, 1;
    %jmp T_5.21;
T_5.7 ;
    %pushi/vec4 0, 0, 1;
    %load/vec4 v0xb2f188c80_0;
    %concat/vec4; draw_concat_vec4
    %pushi/vec4 0, 0, 1;
    %load/vec4 v0xb2f188be0_0;
    %inv;
    %concat/vec4; draw_concat_vec4
    %add;
    %addi 1, 0, 17;
    %store/vec4 v0xb2f189400_0, 0, 17;
    %load/vec4 v0xb2f189400_0;
    %parti/s 16, 0, 2;
    %store/vec4 v0xb2f189180_0, 0, 16;
    %load/vec4 v0xb2f189400_0;
    %parti/s 1, 16, 6;
    %store/vec4 v0xb2f188d20_0, 0, 1;
    %load/vec4 v0xb2f188c80_0;
    %load/vec4 v0xb2f188be0_0;
    %cmp/u;
    %flag_get/vec4 5;
    %store/vec4 v0xb2f188fa0_0, 0, 1;
    %load/vec4 v0xb2f188c80_0;
    %parti/s 1, 15, 5;
    %load/vec4 v0xb2f188be0_0;
    %parti/s 1, 15, 5;
    %xor;
    %load/vec4 v0xb2f189180_0;
    %parti/s 1, 15, 5;
    %load/vec4 v0xb2f188c80_0;
    %parti/s 1, 15, 5;
    %xor;
    %and;
    %store/vec4 v0xb2f188e60_0, 0, 1;
    %load/vec4 v0xb2f189180_0;
    %pushi/vec4 0, 0, 16;
    %cmp/e;
    %flag_get/vec4 4;
    %store/vec4 v0xb2f1894a0_0, 0, 1;
    %load/vec4 v0xb2f189360_0;
    %load/vec4 v0xb2f1892c0_0;
    %cmp/s;
    %flag_get/vec4 5;
    %store/vec4 v0xb2f189040_0, 0, 1;
    %jmp T_5.21;
T_5.8 ;
    %pushi/vec4 0, 0, 16;
    %store/vec4 v0xb2f189180_0, 0, 16;
    %load/vec4 v0xb2f188be0_0;
    %load/vec4 v0xb2f188c80_0;
    %cmp/u;
    %flag_get/vec4 4;
    %flag_get/vec4 5;
    %or;
    %store/vec4 v0xb2f188d20_0, 0, 1;
    %load/vec4 v0xb2f188c80_0;
    %load/vec4 v0xb2f188be0_0;
    %cmp/u;
    %flag_get/vec4 5;
    %store/vec4 v0xb2f188fa0_0, 0, 1;
    %load/vec4 v0xb2f189360_0;
    %load/vec4 v0xb2f1892c0_0;
    %cmp/e;
    %flag_get/vec4 4;
    %store/vec4 v0xb2f1894a0_0, 0, 1;
    %load/vec4 v0xb2f189360_0;
    %load/vec4 v0xb2f1892c0_0;
    %cmp/s;
    %flag_get/vec4 5;
    %store/vec4 v0xb2f189040_0, 0, 1;
    %jmp T_5.21;
T_5.9 ;
    %pushi/vec4 0, 0, 16;
    %store/vec4 v0xb2f189180_0, 0, 16;
    %load/vec4 v0xb2f188be0_0;
    %load/vec4 v0xb2f188c80_0;
    %cmp/u;
    %flag_get/vec4 4;
    %flag_get/vec4 5;
    %or;
    %store/vec4 v0xb2f188d20_0, 0, 1;
    %load/vec4 v0xb2f188c80_0;
    %load/vec4 v0xb2f188be0_0;
    %cmp/u;
    %flag_get/vec4 5;
    %store/vec4 v0xb2f188fa0_0, 0, 1;
    %load/vec4 v0xb2f189360_0;
    %load/vec4 v0xb2f1892c0_0;
    %cmp/e;
    %flag_get/vec4 4;
    %store/vec4 v0xb2f1894a0_0, 0, 1;
    %load/vec4 v0xb2f189360_0;
    %load/vec4 v0xb2f1892c0_0;
    %cmp/s;
    %flag_get/vec4 5;
    %store/vec4 v0xb2f189040_0, 0, 1;
    %jmp T_5.21;
T_5.10 ;
    %load/vec4 v0xb2f188c80_0;
    %load/vec4 v0xb2f188be0_0;
    %and;
    %store/vec4 v0xb2f189180_0, 0, 16;
    %load/vec4 v0xb2f189180_0;
    %pushi/vec4 0, 0, 16;
    %cmp/e;
    %flag_get/vec4 4;
    %store/vec4 v0xb2f1894a0_0, 0, 1;
    %load/vec4 v0xb2f189180_0;
    %parti/s 1, 15, 5;
    %store/vec4 v0xb2f189040_0, 0, 1;
    %jmp T_5.21;
T_5.11 ;
    %load/vec4 v0xb2f188c80_0;
    %load/vec4 v0xb2f188be0_0;
    %or;
    %store/vec4 v0xb2f189180_0, 0, 16;
    %load/vec4 v0xb2f189180_0;
    %pushi/vec4 0, 0, 16;
    %cmp/e;
    %flag_get/vec4 4;
    %store/vec4 v0xb2f1894a0_0, 0, 1;
    %load/vec4 v0xb2f189180_0;
    %parti/s 1, 15, 5;
    %store/vec4 v0xb2f189040_0, 0, 1;
    %jmp T_5.21;
T_5.12 ;
    %load/vec4 v0xb2f188c80_0;
    %load/vec4 v0xb2f188be0_0;
    %xor;
    %store/vec4 v0xb2f189180_0, 0, 16;
    %load/vec4 v0xb2f189180_0;
    %pushi/vec4 0, 0, 16;
    %cmp/e;
    %flag_get/vec4 4;
    %store/vec4 v0xb2f1894a0_0, 0, 1;
    %load/vec4 v0xb2f189180_0;
    %parti/s 1, 15, 5;
    %store/vec4 v0xb2f189040_0, 0, 1;
    %jmp T_5.21;
T_5.13 ;
    %load/vec4 v0xb2f188be0_0;
    %inv;
    %store/vec4 v0xb2f189180_0, 0, 16;
    %load/vec4 v0xb2f189180_0;
    %pushi/vec4 0, 0, 16;
    %cmp/e;
    %flag_get/vec4 4;
    %store/vec4 v0xb2f1894a0_0, 0, 1;
    %load/vec4 v0xb2f189180_0;
    %parti/s 1, 15, 5;
    %store/vec4 v0xb2f189040_0, 0, 1;
    %jmp T_5.21;
T_5.14 ;
    %load/vec4 v0xb2f189220_0;
    %cmpi/s 0, 0, 32;
    %flag_inv 5; GE is !LT
    %jmp/0xz  T_5.22, 5;
    %load/vec4 v0xb2f188c80_0;
    %load/vec4 v0xb2f189220_0;
    %ix/vec4 4;
    %shiftl 4;
    %store/vec4 v0xb2f189180_0, 0, 16;
    %jmp T_5.23;
T_5.22 ;
    %load/vec4 v0xb2f188c80_0;
    %load/vec4 v0xb2f189220_0;
    %inv;
    %addi 1, 0, 32;
    %ix/vec4 4;
    %shiftr 4;
    %store/vec4 v0xb2f189180_0, 0, 16;
T_5.23 ;
    %load/vec4 v0xb2f189180_0;
    %pushi/vec4 0, 0, 16;
    %cmp/e;
    %flag_get/vec4 4;
    %store/vec4 v0xb2f1894a0_0, 0, 1;
    %load/vec4 v0xb2f189180_0;
    %parti/s 1, 15, 5;
    %store/vec4 v0xb2f189040_0, 0, 1;
    %jmp T_5.21;
T_5.15 ;
    %load/vec4 v0xb2f189220_0;
    %cmpi/s 0, 0, 32;
    %flag_inv 5; GE is !LT
    %jmp/0xz  T_5.24, 5;
    %load/vec4 v0xb2f188c80_0;
    %load/vec4 v0xb2f189220_0;
    %ix/vec4 4;
    %shiftl 4;
    %store/vec4 v0xb2f189180_0, 0, 16;
    %jmp T_5.25;
T_5.24 ;
    %load/vec4 v0xb2f188c80_0;
    %load/vec4 v0xb2f189220_0;
    %inv;
    %addi 1, 0, 32;
    %ix/vec4 4;
    %shiftr 4;
    %store/vec4 v0xb2f189180_0, 0, 16;
T_5.25 ;
    %load/vec4 v0xb2f189180_0;
    %pushi/vec4 0, 0, 16;
    %cmp/e;
    %flag_get/vec4 4;
    %store/vec4 v0xb2f1894a0_0, 0, 1;
    %load/vec4 v0xb2f189180_0;
    %parti/s 1, 15, 5;
    %store/vec4 v0xb2f189040_0, 0, 1;
    %jmp T_5.21;
T_5.16 ;
    %load/vec4 v0xb2f189220_0;
    %cmpi/s 0, 0, 32;
    %flag_inv 5; GE is !LT
    %jmp/0xz  T_5.26, 5;
    %load/vec4 v0xb2f188c80_0;
    %load/vec4 v0xb2f189220_0;
    %ix/vec4 4;
    %shiftr 4;
    %store/vec4 v0xb2f189180_0, 0, 16;
    %jmp T_5.27;
T_5.26 ;
    %load/vec4 v0xb2f188c80_0;
    %load/vec4 v0xb2f189220_0;
    %inv;
    %addi 1, 0, 32;
    %ix/vec4 4;
    %shiftl 4;
    %store/vec4 v0xb2f189180_0, 0, 16;
T_5.27 ;
    %load/vec4 v0xb2f189180_0;
    %pushi/vec4 0, 0, 16;
    %cmp/e;
    %flag_get/vec4 4;
    %store/vec4 v0xb2f1894a0_0, 0, 1;
    %load/vec4 v0xb2f189180_0;
    %parti/s 1, 15, 5;
    %store/vec4 v0xb2f189040_0, 0, 1;
    %jmp T_5.21;
T_5.17 ;
    %load/vec4 v0xb2f189220_0;
    %cmpi/s 0, 0, 32;
    %flag_inv 5; GE is !LT
    %jmp/0xz  T_5.28, 5;
    %load/vec4 v0xb2f188c80_0;
    %load/vec4 v0xb2f189220_0;
    %ix/vec4 4;
    %shiftr 4;
    %store/vec4 v0xb2f189180_0, 0, 16;
    %jmp T_5.29;
T_5.28 ;
    %load/vec4 v0xb2f188c80_0;
    %load/vec4 v0xb2f189220_0;
    %inv;
    %addi 1, 0, 32;
    %ix/vec4 4;
    %shiftl 4;
    %store/vec4 v0xb2f189180_0, 0, 16;
T_5.29 ;
    %load/vec4 v0xb2f189180_0;
    %pushi/vec4 0, 0, 16;
    %cmp/e;
    %flag_get/vec4 4;
    %store/vec4 v0xb2f1894a0_0, 0, 1;
    %load/vec4 v0xb2f189180_0;
    %parti/s 1, 15, 5;
    %store/vec4 v0xb2f189040_0, 0, 1;
    %jmp T_5.21;
T_5.18 ;
    %load/vec4 v0xb2f189220_0;
    %cmpi/s 0, 0, 32;
    %flag_inv 5; GE is !LT
    %jmp/0xz  T_5.30, 5;
    %load/vec4 v0xb2f188c80_0;
    %load/vec4 v0xb2f189220_0;
    %ix/vec4 4;
    %shiftr/s 4;
    %store/vec4 v0xb2f189180_0, 0, 16;
    %jmp T_5.31;
T_5.30 ;
    %load/vec4 v0xb2f188c80_0;
    %load/vec4 v0xb2f189220_0;
    %inv;
    %addi 1, 0, 32;
    %ix/vec4 4;
    %shiftl 4;
    %store/vec4 v0xb2f189180_0, 0, 16;
T_5.31 ;
    %load/vec4 v0xb2f189180_0;
    %pushi/vec4 0, 0, 16;
    %cmp/e;
    %flag_get/vec4 4;
    %store/vec4 v0xb2f1894a0_0, 0, 1;
    %load/vec4 v0xb2f189180_0;
    %parti/s 1, 15, 5;
    %store/vec4 v0xb2f189040_0, 0, 1;
    %jmp T_5.21;
T_5.19 ;
    %load/vec4 v0xb2f189220_0;
    %cmpi/s 0, 0, 32;
    %flag_inv 5; GE is !LT
    %jmp/0xz  T_5.32, 5;
    %load/vec4 v0xb2f188c80_0;
    %load/vec4 v0xb2f189220_0;
    %ix/vec4 4;
    %shiftr/s 4;
    %store/vec4 v0xb2f189180_0, 0, 16;
    %jmp T_5.33;
T_5.32 ;
    %load/vec4 v0xb2f188c80_0;
    %load/vec4 v0xb2f189220_0;
    %inv;
    %addi 1, 0, 32;
    %ix/vec4 4;
    %shiftl 4;
    %store/vec4 v0xb2f189180_0, 0, 16;
T_5.33 ;
    %load/vec4 v0xb2f189180_0;
    %pushi/vec4 0, 0, 16;
    %cmp/e;
    %flag_get/vec4 4;
    %store/vec4 v0xb2f1894a0_0, 0, 1;
    %load/vec4 v0xb2f189180_0;
    %parti/s 1, 15, 5;
    %store/vec4 v0xb2f189040_0, 0, 1;
    %jmp T_5.21;
T_5.21 ;
    %pop/vec4 1;
    %load/vec4 v0xb2f188d20_0;
    %load/vec4 v0xb2f188fa0_0;
    %concat/vec4; draw_concat_vec4
    %load/vec4 v0xb2f188e60_0;
    %concat/vec4; draw_concat_vec4
    %load/vec4 v0xb2f1894a0_0;
    %concat/vec4; draw_concat_vec4
    %load/vec4 v0xb2f189040_0;
    %concat/vec4; draw_concat_vec4
    %store/vec4 v0xb2f188f00_0, 0, 5;
    %jmp T_5;
    .thread T_5, $push;
    .scope S_0xb2ecfc180;
T_6 ;
    %wait E_0xb2f15e3c0;
    %pushi/vec4 0, 0, 2;
    %store/vec4 v0xb2f189720_0, 0, 2;
    %pushi/vec4 0, 0, 1;
    %store/vec4 v0xb2f189680_0, 0, 1;
    %pushi/vec4 0, 0, 1;
    %store/vec4 v0xb2f189b80_0, 0, 1;
    %pushi/vec4 0, 0, 1;
    %store/vec4 v0xb2f1899a0_0, 0, 1;
    %pushi/vec4 0, 0, 2;
    %store/vec4 v0xb2f189a40_0, 0, 2;
    %pushi/vec4 0, 0, 1;
    %store/vec4 v0xb2f1895e0_0, 0, 1;
    %pushi/vec4 0, 0, 1;
    %store/vec4 v0xb2f189860_0, 0, 1;
    %pushi/vec4 0, 0, 1;
    %store/vec4 v0xb2f189900_0, 0, 1;
    %pushi/vec4 0, 0, 1;
    %store/vec4 v0xb2f189540_0, 0, 1;
    %load/vec4 v0xb2f189ae0_0;
    %dup/vec4;
    %pushi/vec4 0, 0, 2;
    %cmp/u;
    %jmp/1 T_6.0, 6;
    %dup/vec4;
    %pushi/vec4 1, 0, 2;
    %cmp/u;
    %jmp/1 T_6.1, 6;
    %dup/vec4;
    %pushi/vec4 2, 0, 2;
    %cmp/u;
    %jmp/1 T_6.2, 6;
    %dup/vec4;
    %pushi/vec4 3, 0, 2;
    %cmp/u;
    %jmp/1 T_6.3, 6;
    %pushi/vec4 0, 0, 2;
    %store/vec4 v0xb2f189720_0, 0, 2;
    %jmp T_6.5;
T_6.0 ;
    %pushi/vec4 1, 0, 2;
    %store/vec4 v0xb2f189720_0, 0, 2;
    %jmp T_6.5;
T_6.1 ;
    %pushi/vec4 1, 0, 1;
    %store/vec4 v0xb2f1895e0_0, 0, 1;
    %pushi/vec4 2, 0, 2;
    %store/vec4 v0xb2f189720_0, 0, 2;
    %jmp T_6.5;
T_6.2 ;
    %pushi/vec4 1, 0, 1;
    %store/vec4 v0xb2f189860_0, 0, 1;
    %pushi/vec4 0, 0, 2;
    %store/vec4 v0xb2f189720_0, 0, 2;
    %load/vec4 v0xb2f1897c0_0;
    %dup/vec4;
    %pushi/vec4 5, 0, 8;
    %cmp/z;
    %jmp/1 T_6.6, 4;
    %dup/vec4;
    %pushi/vec4 80, 15, 8;
    %cmp/z;
    %jmp/1 T_6.7, 4;
    %dup/vec4;
    %pushi/vec4 6, 0, 8;
    %cmp/z;
    %jmp/1 T_6.8, 4;
    %dup/vec4;
    %pushi/vec4 96, 15, 8;
    %cmp/z;
    %jmp/1 T_6.9, 4;
    %dup/vec4;
    %pushi/vec4 7, 0, 8;
    %cmp/z;
    %jmp/1 T_6.10, 4;
    %dup/vec4;
    %pushi/vec4 112, 15, 8;
    %cmp/z;
    %jmp/1 T_6.11, 4;
    %dup/vec4;
    %pushi/vec4 9, 0, 8;
    %cmp/z;
    %jmp/1 T_6.12, 4;
    %dup/vec4;
    %pushi/vec4 144, 15, 8;
    %cmp/z;
    %jmp/1 T_6.13, 4;
    %dup/vec4;
    %pushi/vec4 1, 0, 8;
    %cmp/z;
    %jmp/1 T_6.14, 4;
    %dup/vec4;
    %pushi/vec4 2, 0, 8;
    %cmp/z;
    %jmp/1 T_6.15, 4;
    %dup/vec4;
    %pushi/vec4 3, 0, 8;
    %cmp/z;
    %jmp/1 T_6.16, 4;
    %dup/vec4;
    %pushi/vec4 4, 0, 8;
    %cmp/z;
    %jmp/1 T_6.17, 4;
    %dup/vec4;
    %pushi/vec4 132, 0, 8;
    %cmp/z;
    %jmp/1 T_6.18, 4;
    %dup/vec4;
    %pushi/vec4 128, 1, 8;
    %cmp/z;
    %jmp/1 T_6.19, 4;
    %dup/vec4;
    %pushi/vec4 136, 1, 8;
    %cmp/z;
    %jmp/1 T_6.20, 4;
    %dup/vec4;
    %pushi/vec4 138, 1, 8;
    %cmp/z;
    %jmp/1 T_6.21, 4;
    %dup/vec4;
    %pushi/vec4 134, 0, 8;
    %cmp/z;
    %jmp/1 T_6.22, 4;
    %dup/vec4;
    %pushi/vec4 130, 1, 8;
    %cmp/z;
    %jmp/1 T_6.23, 4;
    %dup/vec4;
    %pushi/vec4 11, 0, 8;
    %cmp/z;
    %jmp/1 T_6.24, 4;
    %dup/vec4;
    %pushi/vec4 176, 15, 8;
    %cmp/z;
    %jmp/1 T_6.25, 4;
    %dup/vec4;
    %pushi/vec4 64, 0, 8;
    %cmp/z;
    %jmp/1 T_6.26, 4;
    %dup/vec4;
    %pushi/vec4 68, 0, 8;
    %cmp/z;
    %jmp/1 T_6.27, 4;
    %dup/vec4;
    %pushi/vec4 13, 0, 8;
    %cmp/z;
    %jmp/1 T_6.28, 4;
    %dup/vec4;
    %pushi/vec4 208, 15, 8;
    %cmp/z;
    %jmp/1 T_6.29, 4;
    %jmp T_6.31;
T_6.6 ;
    %pushi/vec4 1, 0, 1;
    %store/vec4 v0xb2f1899a0_0, 0, 1;
    %pushi/vec4 1, 0, 1;
    %store/vec4 v0xb2f189900_0, 0, 1;
    %jmp T_6.31;
T_6.7 ;
    %pushi/vec4 1, 0, 1;
    %store/vec4 v0xb2f1899a0_0, 0, 1;
    %pushi/vec4 1, 0, 1;
    %store/vec4 v0xb2f189900_0, 0, 1;
    %jmp T_6.31;
T_6.8 ;
    %pushi/vec4 1, 0, 1;
    %store/vec4 v0xb2f1899a0_0, 0, 1;
    %pushi/vec4 1, 0, 1;
    %store/vec4 v0xb2f189900_0, 0, 1;
    %jmp T_6.31;
T_6.9 ;
    %pushi/vec4 1, 0, 1;
    %store/vec4 v0xb2f1899a0_0, 0, 1;
    %pushi/vec4 1, 0, 1;
    %store/vec4 v0xb2f189900_0, 0, 1;
    %jmp T_6.31;
T_6.10 ;
    %pushi/vec4 1, 0, 1;
    %store/vec4 v0xb2f1899a0_0, 0, 1;
    %pushi/vec4 1, 0, 1;
    %store/vec4 v0xb2f189900_0, 0, 1;
    %jmp T_6.31;
T_6.11 ;
    %pushi/vec4 1, 0, 1;
    %store/vec4 v0xb2f1899a0_0, 0, 1;
    %pushi/vec4 1, 0, 1;
    %store/vec4 v0xb2f189900_0, 0, 1;
    %jmp T_6.31;
T_6.12 ;
    %pushi/vec4 1, 0, 1;
    %store/vec4 v0xb2f1899a0_0, 0, 1;
    %pushi/vec4 1, 0, 1;
    %store/vec4 v0xb2f189900_0, 0, 1;
    %jmp T_6.31;
T_6.13 ;
    %pushi/vec4 1, 0, 1;
    %store/vec4 v0xb2f1899a0_0, 0, 1;
    %pushi/vec4 1, 0, 1;
    %store/vec4 v0xb2f189900_0, 0, 1;
    %jmp T_6.31;
T_6.14 ;
    %pushi/vec4 1, 0, 1;
    %store/vec4 v0xb2f1899a0_0, 0, 1;
    %pushi/vec4 1, 0, 1;
    %store/vec4 v0xb2f189900_0, 0, 1;
    %jmp T_6.31;
T_6.15 ;
    %pushi/vec4 1, 0, 1;
    %store/vec4 v0xb2f1899a0_0, 0, 1;
    %pushi/vec4 1, 0, 1;
    %store/vec4 v0xb2f189900_0, 0, 1;
    %jmp T_6.31;
T_6.16 ;
    %pushi/vec4 1, 0, 1;
    %store/vec4 v0xb2f1899a0_0, 0, 1;
    %pushi/vec4 1, 0, 1;
    %store/vec4 v0xb2f189900_0, 0, 1;
    %jmp T_6.31;
T_6.17 ;
    %pushi/vec4 1, 0, 1;
    %store/vec4 v0xb2f1899a0_0, 0, 1;
    %pushi/vec4 1, 0, 1;
    %store/vec4 v0xb2f189900_0, 0, 1;
    %jmp T_6.31;
T_6.18 ;
    %pushi/vec4 1, 0, 1;
    %store/vec4 v0xb2f1899a0_0, 0, 1;
    %pushi/vec4 1, 0, 1;
    %store/vec4 v0xb2f189900_0, 0, 1;
    %jmp T_6.31;
T_6.19 ;
    %pushi/vec4 1, 0, 1;
    %store/vec4 v0xb2f1899a0_0, 0, 1;
    %pushi/vec4 1, 0, 1;
    %store/vec4 v0xb2f189900_0, 0, 1;
    %jmp T_6.31;
T_6.20 ;
    %pushi/vec4 1, 0, 1;
    %store/vec4 v0xb2f1899a0_0, 0, 1;
    %pushi/vec4 1, 0, 1;
    %store/vec4 v0xb2f189900_0, 0, 1;
    %jmp T_6.31;
T_6.21 ;
    %pushi/vec4 1, 0, 1;
    %store/vec4 v0xb2f1899a0_0, 0, 1;
    %pushi/vec4 1, 0, 1;
    %store/vec4 v0xb2f189900_0, 0, 1;
    %jmp T_6.31;
T_6.22 ;
    %pushi/vec4 1, 0, 1;
    %store/vec4 v0xb2f1899a0_0, 0, 1;
    %pushi/vec4 1, 0, 1;
    %store/vec4 v0xb2f189900_0, 0, 1;
    %jmp T_6.31;
T_6.23 ;
    %pushi/vec4 1, 0, 1;
    %store/vec4 v0xb2f1899a0_0, 0, 1;
    %pushi/vec4 1, 0, 1;
    %store/vec4 v0xb2f189900_0, 0, 1;
    %jmp T_6.31;
T_6.24 ;
    %pushi/vec4 1, 0, 1;
    %store/vec4 v0xb2f189900_0, 0, 1;
    %jmp T_6.31;
T_6.25 ;
    %pushi/vec4 1, 0, 1;
    %store/vec4 v0xb2f189900_0, 0, 1;
    %jmp T_6.31;
T_6.26 ;
    %pushi/vec4 1, 0, 1;
    %store/vec4 v0xb2f189b80_0, 0, 1;
    %pushi/vec4 3, 0, 2;
    %store/vec4 v0xb2f189720_0, 0, 2;
    %jmp T_6.31;
T_6.27 ;
    %pushi/vec4 1, 0, 1;
    %store/vec4 v0xb2f189b80_0, 0, 1;
    %pushi/vec4 1, 0, 1;
    %store/vec4 v0xb2f189680_0, 0, 1;
    %jmp T_6.31;
T_6.28 ;
    %pushi/vec4 1, 0, 1;
    %store/vec4 v0xb2f1899a0_0, 0, 1;
    %pushi/vec4 1, 0, 2;
    %store/vec4 v0xb2f189a40_0, 0, 2;
    %jmp T_6.31;
T_6.29 ;
    %pushi/vec4 1, 0, 1;
    %store/vec4 v0xb2f1899a0_0, 0, 1;
    %pushi/vec4 2, 0, 2;
    %store/vec4 v0xb2f189a40_0, 0, 2;
    %jmp T_6.31;
T_6.31 ;
    %pop/vec4 1;
    %load/vec4 v0xb2f1897c0_0;
    %dup/vec4;
    %pushi/vec4 80, 15, 8;
    %cmp/z;
    %jmp/1 T_6.32, 4;
    %dup/vec4;
    %pushi/vec4 96, 15, 8;
    %cmp/z;
    %jmp/1 T_6.33, 4;
    %dup/vec4;
    %pushi/vec4 112, 15, 8;
    %cmp/z;
    %jmp/1 T_6.34, 4;
    %dup/vec4;
    %pushi/vec4 144, 15, 8;
    %cmp/z;
    %jmp/1 T_6.35, 4;
    %dup/vec4;
    %pushi/vec4 176, 15, 8;
    %cmp/z;
    %jmp/1 T_6.36, 4;
    %dup/vec4;
    %pushi/vec4 128, 1, 8;
    %cmp/z;
    %jmp/1 T_6.37, 4;
    %dup/vec4;
    %pushi/vec4 138, 1, 8;
    %cmp/z;
    %jmp/1 T_6.38, 4;
    %dup/vec4;
    %pushi/vec4 130, 1, 8;
    %cmp/z;
    %jmp/1 T_6.39, 4;
    %jmp T_6.41;
T_6.32 ;
    %pushi/vec4 1, 0, 1;
    %store/vec4 v0xb2f189540_0, 0, 1;
    %jmp T_6.41;
T_6.33 ;
    %pushi/vec4 1, 0, 1;
    %store/vec4 v0xb2f189540_0, 0, 1;
    %jmp T_6.41;
T_6.34 ;
    %pushi/vec4 1, 0, 1;
    %store/vec4 v0xb2f189540_0, 0, 1;
    %jmp T_6.41;
T_6.35 ;
    %pushi/vec4 1, 0, 1;
    %store/vec4 v0xb2f189540_0, 0, 1;
    %jmp T_6.41;
T_6.36 ;
    %pushi/vec4 1, 0, 1;
    %store/vec4 v0xb2f189540_0, 0, 1;
    %jmp T_6.41;
T_6.37 ;
    %pushi/vec4 1, 0, 1;
    %store/vec4 v0xb2f189540_0, 0, 1;
    %jmp T_6.41;
T_6.38 ;
    %pushi/vec4 1, 0, 1;
    %store/vec4 v0xb2f189540_0, 0, 1;
    %jmp T_6.41;
T_6.39 ;
    %pushi/vec4 1, 0, 1;
    %store/vec4 v0xb2f189540_0, 0, 1;
    %jmp T_6.41;
T_6.41 ;
    %pop/vec4 1;
    %jmp T_6.5;
T_6.3 ;
    %pushi/vec4 1, 0, 1;
    %store/vec4 v0xb2f1899a0_0, 0, 1;
    %pushi/vec4 3, 0, 2;
    %store/vec4 v0xb2f189a40_0, 0, 2;
    %pushi/vec4 0, 0, 2;
    %store/vec4 v0xb2f189720_0, 0, 2;
    %jmp T_6.5;
T_6.5 ;
    %pop/vec4 1;
    %jmp T_6;
    .thread T_6, $push;
    .scope S_0x104ab4b90;
T_7 ;
    %wait E_0xb2f15e2c0;
    %load/vec4 v0xb2f18c0a0_0;
    %dup/vec4;
    %pushi/vec4 0, 0, 2;
    %cmp/u;
    %jmp/1 T_7.0, 6;
    %dup/vec4;
    %pushi/vec4 1, 0, 2;
    %cmp/u;
    %jmp/1 T_7.1, 6;
    %dup/vec4;
    %pushi/vec4 2, 0, 2;
    %cmp/u;
    %jmp/1 T_7.2, 6;
    %dup/vec4;
    %pushi/vec4 3, 0, 2;
    %cmp/u;
    %jmp/1 T_7.3, 6;
    %pushi/vec4 0, 0, 16;
    %store/vec4 v0xb2f18bf20_0, 0, 16;
    %jmp T_7.5;
T_7.0 ;
    %load/vec4 v0xb2f18b020_0;
    %store/vec4 v0xb2f18bf20_0, 0, 16;
    %jmp T_7.5;
T_7.1 ;
    %load/vec4 v0xb2f18bde0_0;
    %store/vec4 v0xb2f18bf20_0, 0, 16;
    %jmp T_7.5;
T_7.2 ;
    %load/vec4 v0xb2f18b3e0_0;
    %store/vec4 v0xb2f18bf20_0, 0, 16;
    %jmp T_7.5;
T_7.3 ;
    %load/vec4 v0xb2f18b660_0;
    %store/vec4 v0xb2f18bf20_0, 0, 16;
    %jmp T_7.5;
T_7.5 ;
    %pop/vec4 1;
    %jmp T_7;
    .thread T_7, $push;
    .scope S_0x104ab4b90;
T_8 ;
    %wait E_0xb2f15df00;
    %load/vec4 v0xb2f18c140_0;
    %flag_set/vec4 8;
    %jmp/0xz  T_8.0, 8;
    %pushi/vec4 0, 0, 2;
    %assign/vec4 v0xb2f18c1e0_0, 0;
    %pushi/vec4 0, 0, 16;
    %assign/vec4 v0xb2f18b480_0, 0;
    %pushi/vec4 0, 0, 16;
    %assign/vec4 v0xb2f18ba20_0, 0;
    %pushi/vec4 0, 0, 16;
    %assign/vec4 v0xb2f18bb60_0, 0;
    %jmp T_8.1;
T_8.0 ;
    %load/vec4 v0xb2f18b8e0_0;
    %assign/vec4 v0xb2f18c1e0_0, 0;
    %load/vec4 v0xb2f18b520_0;
    %flag_set/vec4 8;
    %jmp/0xz  T_8.2, 8;
    %load/vec4 v0xb2f18b660_0;
    %assign/vec4 v0xb2f18b480_0, 0;
T_8.2 ;
    %load/vec4 v0xb2f18bac0_0;
    %flag_set/vec4 8;
    %jmp/0xz  T_8.4, 8;
    %load/vec4 v0xb2f18b840_0;
    %assign/vec4 v0xb2f18ba20_0, 0;
T_8.4 ;
    %load/vec4 v0xb2f18bc00_0;
    %flag_set/vec4 8;
    %jmp/0xz  T_8.6, 8;
    %pushi/vec4 0, 0, 11;
    %load/vec4 v0xb2f18ae40_0;
    %concat/vec4; draw_concat_vec4
    %assign/vec4 v0xb2f18bb60_0, 0;
T_8.6 ;
T_8.1 ;
    %jmp T_8;
    .thread T_8;
    .scope S_0xb2ecfdc80;
T_9 ;
    %pushi/vec4 0, 0, 32;
    %store/vec4 v0xb2f18ed00_0, 0, 32;
T_9.0 ; Top of for-loop
    %load/vec4 v0xb2f18ed00_0;
    %cmpi/s 1024, 0, 32;
	  %jmp/0xz T_9.1, 5;
    %pushi/vec4 0, 0, 16;
    %ix/getv/s 4, v0xb2f18ed00_0;
    %store/vec4a v0xb2f18ee40, 4, 0;
T_9.2 ; for-loop step statement
    %load/vec4 v0xb2f18ed00_0;
    %addi 1, 0, 32;
    %store/vec4 v0xb2f18ed00_0, 0, 32;
    %jmp T_9.0;
T_9.1 ; for-loop exit label
    %vpi_call/w 20 23 "$readmemh", P_0x104aba980, v0xb2f18ee40 {0 0 0};
    %end;
    .thread T_9;
    .scope S_0xb2ecfdc80;
T_10 ;
    %wait E_0xb2f15e940;
    %load/vec4 v0xb2f18ebc0_0;
    %pad/u 12;
    %ix/vec4 4;
    %load/vec4a v0xb2f18ee40, 4;
    %assign/vec4 v0xb2f18eda0_0, 0;
    %jmp T_10;
    .thread T_10;
    .scope S_0xb2ecfd380;
T_11 ;
    %pushi/vec4 0, 0, 32;
    %store/vec4 v0xb2f18d680_0, 0, 32;
T_11.0 ; Top of for-loop
    %load/vec4 v0xb2f18d680_0;
    %cmpi/s 1024, 0, 32;
	  %jmp/0xz T_11.1, 5;
    %pushi/vec4 0, 0, 16;
    %ix/getv/s 4, v0xb2f18d680_0;
    %store/vec4a v0xb2f18d720, 4, 0;
T_11.2 ; for-loop step statement
    %load/vec4 v0xb2f18d680_0;
    %addi 1, 0, 32;
    %store/vec4 v0xb2f18d680_0, 0, 32;
    %jmp T_11.0;
T_11.1 ; for-loop exit label
    %end;
    .thread T_11;
    .scope S_0xb2ecfd380;
T_12 ;
    %wait E_0xb2f15e940;
    %load/vec4 v0xb2f18d900_0;
    %flag_set/vec4 8;
    %jmp/0xz  T_12.0, 8;
    %load/vec4 v0xb2f18d860_0;
    %load/vec4 v0xb2f18d540_0;
    %pad/u 12;
    %ix/vec4 3;
    %ix/load 4, 0, 0; Constant delay
    %assign/vec4/a/d v0xb2f18d720, 0, 4;
    %load/vec4 v0xb2f18d860_0;
    %assign/vec4 v0xb2f18d7c0_0, 0;
    %jmp T_12.1;
T_12.0 ;
    %load/vec4 v0xb2f18d540_0;
    %pad/u 12;
    %ix/vec4 4;
    %load/vec4a v0xb2f18d720, 4;
    %assign/vec4 v0xb2f18d7c0_0, 0;
T_12.1 ;
    %jmp T_12;
    .thread T_12;
    .scope S_0xb2ecfd500;
T_13 ;
    %wait E_0xb2f15df00;
    %load/vec4 v0xb2f18e940_0;
    %flag_set/vec4 8;
    %jmp/0xz  T_13.0, 8;
    %pushi/vec4 256, 0, 16;
    %assign/vec4 v0xb2f18e760_0, 0;
    %pushi/vec4 360, 0, 16;
    %assign/vec4 v0xb2f18e800_0, 0;
    %pushi/vec4 0, 0, 16;
    %assign/vec4 v0xb2f18e9e0_0, 0;
    %pushi/vec4 0, 0, 32;
    %store/vec4 v0xb2f18e300_0, 0, 32;
T_13.2 ; Top of for-loop
    %load/vec4 v0xb2f18e300_0;
    %cmpi/s 4, 0, 32;
	  %jmp/0xz T_13.3, 5;
    %pushi/vec4 48, 0, 32;
    %load/vec4 v0xb2f18e300_0;
    %muli 144, 0, 32;
    %add;
    %pad/u 16;
    %ix/getv/s 3, v0xb2f18e300_0;
    %ix/load 4, 0, 0; Constant delay
    %assign/vec4/a/d v0xb2f18e580, 0, 4;
    %pushi/vec4 400, 0, 32;
    %load/vec4 v0xb2f18e300_0;
    %muli 88, 0, 32;
    %sub;
    %pad/u 16;
    %ix/getv/s 3, v0xb2f18e300_0;
    %ix/load 4, 0, 0; Constant delay
    %assign/vec4/a/d v0xb2f18e6c0, 0, 4;
    %pushi/vec4 24592, 0, 16;
    %ix/getv/s 3, v0xb2f18e300_0;
    %ix/load 4, 0, 0; Constant delay
    %assign/vec4/a/d v0xb2f18e440, 0, 4;
T_13.4 ; for-loop step statement
    %load/vec4 v0xb2f18e300_0;
    %addi 1, 0, 32;
    %store/vec4 v0xb2f18e300_0, 0, 32;
    %jmp T_13.2;
T_13.3 ; for-loop exit label
    %jmp T_13.1;
T_13.0 ;
    %load/vec4 v0xb2f18e1c0_0;
    %flag_set/vec4 9;
    %flag_get/vec4 9;
    %jmp/0 T_13.7, 9;
    %load/vec4 v0xb2f18eb20_0;
    %and;
T_13.7;
    %flag_set/vec4 8;
    %jmp/0xz  T_13.5, 8;
    %load/vec4 v0xb2f18e120_0;
    %dup/vec4;
    %pushi/vec4 32768, 0, 16;
    %cmp/u;
    %jmp/1 T_13.8, 6;
    %dup/vec4;
    %pushi/vec4 32769, 0, 16;
    %cmp/u;
    %jmp/1 T_13.9, 6;
    %dup/vec4;
    %pushi/vec4 33536, 0, 16;
    %cmp/u;
    %jmp/1 T_13.10, 6;
    %pushi/vec4 0, 0, 32;
    %store/vec4 v0xb2f18e300_0, 0, 32;
T_13.13 ; Top of for-loop
    %load/vec4 v0xb2f18e300_0;
    %cmpi/s 4, 0, 32;
	  %jmp/0xz T_13.14, 5;
    %load/vec4 v0xb2f18e120_0;
    %pad/u 32;
    %pushi/vec4 32784, 0, 32;
    %load/vec4 v0xb2f18e300_0;
    %muli 3, 0, 32;
    %add;
    %addi 0, 0, 32;
    %cmp/e;
    %jmp/0xz  T_13.16, 4;
    %load/vec4 v0xb2f18ea80_0;
    %ix/getv/s 3, v0xb2f18e300_0;
    %ix/load 4, 0, 0; Constant delay
    %assign/vec4/a/d v0xb2f18e580, 0, 4;
T_13.16 ;
    %load/vec4 v0xb2f18e120_0;
    %pad/u 32;
    %pushi/vec4 32784, 0, 32;
    %load/vec4 v0xb2f18e300_0;
    %muli 3, 0, 32;
    %add;
    %addi 1, 0, 32;
    %cmp/e;
    %jmp/0xz  T_13.18, 4;
    %load/vec4 v0xb2f18ea80_0;
    %ix/getv/s 3, v0xb2f18e300_0;
    %ix/load 4, 0, 0; Constant delay
    %assign/vec4/a/d v0xb2f18e6c0, 0, 4;
T_13.18 ;
    %load/vec4 v0xb2f18e120_0;
    %pad/u 32;
    %pushi/vec4 32784, 0, 32;
    %load/vec4 v0xb2f18e300_0;
    %muli 3, 0, 32;
    %add;
    %addi 2, 0, 32;
    %cmp/e;
    %jmp/0xz  T_13.20, 4;
    %load/vec4 v0xb2f18ea80_0;
    %ix/getv/s 3, v0xb2f18e300_0;
    %ix/load 4, 0, 0; Constant delay
    %assign/vec4/a/d v0xb2f18e440, 0, 4;
T_13.20 ;
T_13.15 ; for-loop step statement
    %load/vec4 v0xb2f18e300_0;
    %addi 1, 0, 32;
    %store/vec4 v0xb2f18e300_0, 0, 32;
    %jmp T_13.13;
T_13.14 ; for-loop exit label
    %jmp T_13.12;
T_13.8 ;
    %load/vec4 v0xb2f18ea80_0;
    %assign/vec4 v0xb2f18e760_0, 0;
    %jmp T_13.12;
T_13.9 ;
    %load/vec4 v0xb2f18ea80_0;
    %assign/vec4 v0xb2f18e800_0, 0;
    %jmp T_13.12;
T_13.10 ;
    %load/vec4 v0xb2f18ea80_0;
    %assign/vec4 v0xb2f18e9e0_0, 0;
    %jmp T_13.12;
T_13.12 ;
    %pop/vec4 1;
T_13.5 ;
T_13.1 ;
    %jmp T_13;
    .thread T_13;
    .scope S_0xb2ecfd500;
T_14 ;
    %wait E_0xb2f15e980;
    %pushi/vec4 0, 0, 16;
    %store/vec4 v0xb2f18e8a0_0, 0, 16;
    %load/vec4 v0xb2f18e120_0;
    %dup/vec4;
    %pushi/vec4 32768, 0, 16;
    %cmp/u;
    %jmp/1 T_14.0, 6;
    %dup/vec4;
    %pushi/vec4 32769, 0, 16;
    %cmp/u;
    %jmp/1 T_14.1, 6;
    %dup/vec4;
    %pushi/vec4 33536, 0, 16;
    %cmp/u;
    %jmp/1 T_14.2, 6;
    %pushi/vec4 0, 0, 32;
    %store/vec4 v0xb2f18e300_0, 0, 32;
T_14.5 ; Top of for-loop
    %load/vec4 v0xb2f18e300_0;
    %cmpi/s 4, 0, 32;
	  %jmp/0xz T_14.6, 5;
    %load/vec4 v0xb2f18e120_0;
    %pad/u 32;
    %pushi/vec4 32784, 0, 32;
    %load/vec4 v0xb2f18e300_0;
    %muli 3, 0, 32;
    %add;
    %addi 0, 0, 32;
    %cmp/e;
    %jmp/0xz  T_14.8, 4;
    %ix/getv/s 4, v0xb2f18e300_0;
    %load/vec4a v0xb2f18e580, 4;
    %store/vec4 v0xb2f18e8a0_0, 0, 16;
T_14.8 ;
    %load/vec4 v0xb2f18e120_0;
    %pad/u 32;
    %pushi/vec4 32784, 0, 32;
    %load/vec4 v0xb2f18e300_0;
    %muli 3, 0, 32;
    %add;
    %addi 1, 0, 32;
    %cmp/e;
    %jmp/0xz  T_14.10, 4;
    %ix/getv/s 4, v0xb2f18e300_0;
    %load/vec4a v0xb2f18e6c0, 4;
    %store/vec4 v0xb2f18e8a0_0, 0, 16;
T_14.10 ;
    %load/vec4 v0xb2f18e120_0;
    %pad/u 32;
    %pushi/vec4 32784, 0, 32;
    %load/vec4 v0xb2f18e300_0;
    %muli 3, 0, 32;
    %add;
    %addi 2, 0, 32;
    %cmp/e;
    %jmp/0xz  T_14.12, 4;
    %ix/getv/s 4, v0xb2f18e300_0;
    %load/vec4a v0xb2f18e440, 4;
    %store/vec4 v0xb2f18e8a0_0, 0, 16;
T_14.12 ;
T_14.7 ; for-loop step statement
    %load/vec4 v0xb2f18e300_0;
    %addi 1, 0, 32;
    %store/vec4 v0xb2f18e300_0, 0, 32;
    %jmp T_14.5;
T_14.6 ; for-loop exit label
    %jmp T_14.4;
T_14.0 ;
    %load/vec4 v0xb2f18e760_0;
    %store/vec4 v0xb2f18e8a0_0, 0, 16;
    %jmp T_14.4;
T_14.1 ;
    %load/vec4 v0xb2f18e800_0;
    %store/vec4 v0xb2f18e8a0_0, 0, 16;
    %jmp T_14.4;
T_14.2 ;
    %load/vec4 v0xb2f18e9e0_0;
    %store/vec4 v0xb2f18e8a0_0, 0, 16;
    %jmp T_14.4;
T_14.4 ;
    %pop/vec4 1;
    %jmp T_14;
    .thread T_14, $push;
    .scope S_0xb2ecfd200;
T_15 ;
    %wait E_0xb2f15df00;
    %load/vec4 v0xb2f18d2c0_0;
    %flag_set/vec4 8;
    %jmp/0xz  T_15.0, 8;
    %pushi/vec4 0, 0, 1;
    %assign/vec4 v0xb2f18cdc0_0, 0;
    %pushi/vec4 0, 0, 1;
    %assign/vec4 v0xb2f18d040_0, 0;
    %pushi/vec4 0, 0, 1;
    %assign/vec4 v0xb2f18cfa0_0, 0;
    %pushi/vec4 0, 0, 4;
    %assign/vec4 v0xb2f18d360_0, 0;
    %pushi/vec4 32, 0, 8;
    %assign/vec4 v0xb2f18d180_0, 0;
    %pushi/vec4 0, 0, 16;
    %assign/vec4 v0xb2f18ce60_0, 0;
    %jmp T_15.1;
T_15.0 ;
    %load/vec4 v0xb2f18cd20_0;
    %flag_set/vec4 8;
    %jmp/0xz  T_15.2, 8;
    %pushi/vec4 0, 0, 1;
    %assign/vec4 v0xb2f18cdc0_0, 0;
T_15.2 ;
    %load/vec4 v0xb2f18cbe0_0;
    %flag_set/vec4 9;
    %flag_get/vec4 9;
    %jmp/0 T_15.6, 9;
    %load/vec4 v0xb2f18d4a0_0;
    %and;
T_15.6;
    %flag_set/vec4 8;
    %jmp/0xz  T_15.4, 8;
    %load/vec4 v0xb2f18caa0_0;
    %dup/vec4;
    %pushi/vec4 33024, 0, 16;
    %cmp/u;
    %jmp/1 T_15.7, 6;
    %dup/vec4;
    %pushi/vec4 33025, 0, 16;
    %cmp/u;
    %jmp/1 T_15.8, 6;
    %dup/vec4;
    %pushi/vec4 33027, 0, 16;
    %cmp/u;
    %jmp/1 T_15.9, 6;
    %jmp T_15.10;
T_15.7 ;
    %load/vec4 v0xb2f18d400_0;
    %parti/s 1, 0, 2;
    %assign/vec4 v0xb2f18d040_0, 0;
    %load/vec4 v0xb2f18d400_0;
    %parti/s 1, 1, 2;
    %assign/vec4 v0xb2f18cfa0_0, 0;
    %load/vec4 v0xb2f18d400_0;
    %parti/s 4, 4, 4;
    %assign/vec4 v0xb2f18d360_0, 0;
    %load/vec4 v0xb2f18d400_0;
    %assign/vec4 v0xb2f18ce60_0, 0;
    %load/vec4 v0xb2f18d400_0;
    %parti/s 1, 2, 3;
    %flag_set/vec4 8;
    %jmp/0xz  T_15.11, 8;
    %pushi/vec4 1, 0, 1;
    %assign/vec4 v0xb2f18cdc0_0, 0;
T_15.11 ;
    %jmp T_15.10;
T_15.8 ;
    %load/vec4 v0xb2f18d400_0;
    %parti/s 8, 0, 2;
    %assign/vec4 v0xb2f18d180_0, 0;
    %load/vec4 v0xb2f18d400_0;
    %assign/vec4 v0xb2f18ce60_0, 0;
    %jmp T_15.10;
T_15.9 ;
    %load/vec4 v0xb2f18d400_0;
    %assign/vec4 v0xb2f18ce60_0, 0;
    %jmp T_15.10;
T_15.10 ;
    %pop/vec4 1;
T_15.4 ;
T_15.1 ;
    %jmp T_15;
    .thread T_15;
    .scope S_0xb2ecfd200;
T_16 ;
    %wait E_0xb2f15e880;
    %load/vec4 v0xb2f18caa0_0;
    %dup/vec4;
    %pushi/vec4 33024, 0, 16;
    %cmp/u;
    %jmp/1 T_16.0, 6;
    %dup/vec4;
    %pushi/vec4 33025, 0, 16;
    %cmp/u;
    %jmp/1 T_16.1, 6;
    %dup/vec4;
    %pushi/vec4 33026, 0, 16;
    %cmp/u;
    %jmp/1 T_16.2, 6;
    %dup/vec4;
    %pushi/vec4 33027, 0, 16;
    %cmp/u;
    %jmp/1 T_16.3, 6;
    %pushi/vec4 0, 0, 16;
    %store/vec4 v0xb2f18d220_0, 0, 16;
    %jmp T_16.5;
T_16.0 ;
    %pushi/vec4 0, 0, 8;
    %load/vec4 v0xb2f18d360_0;
    %concat/vec4; draw_concat_vec4
    %load/vec4 v0xb2f18cdc0_0;
    %concat/vec4; draw_concat_vec4
    %load/vec4 v0xb2f18cfa0_0;
    %concat/vec4; draw_concat_vec4
    %load/vec4 v0xb2f18d040_0;
    %concat/vec4; draw_concat_vec4
    %pad/u 16;
    %store/vec4 v0xb2f18d220_0, 0, 16;
    %jmp T_16.5;
T_16.1 ;
    %pushi/vec4 0, 0, 8;
    %load/vec4 v0xb2f18d180_0;
    %concat/vec4; draw_concat_vec4
    %store/vec4 v0xb2f18d220_0, 0, 16;
    %jmp T_16.5;
T_16.2 ;
    %pushi/vec4 0, 0, 12;
    %load/vec4 v0xb2f18cdc0_0;
    %concat/vec4; draw_concat_vec4
    %load/vec4 v0xb2f18d0e0_0;
    %concat/vec4; draw_concat_vec4
    %load/vec4 v0xb2f18cf00_0;
    %concat/vec4; draw_concat_vec4
    %load/vec4 v0xb2f18cb40_0;
    %concat/vec4; draw_concat_vec4
    %store/vec4 v0xb2f18d220_0, 0, 16;
    %jmp T_16.5;
T_16.3 ;
    %load/vec4 v0xb2f18ce60_0;
    %store/vec4 v0xb2f18d220_0, 0, 16;
    %jmp T_16.5;
T_16.5 ;
    %pop/vec4 1;
    %jmp T_16;
    .thread T_16, $push;
    .scope S_0xb2ecfd080;
T_17 ;
    %wait E_0xb2f15e840;
    %load/vec4 v0xb2f18eee0_0;
    %cmpi/u 0, 0, 16;
    %flag_inv 5; GE is !LT
    %flag_get/vec4 5;
    %jmp/0 T_17.0, 5;
    %load/vec4 v0xb2f18eee0_0;
    %cmpi/u 1023, 0, 16;
    %flag_get/vec4 4;
    %flag_get/vec4 5;
    %or;
    %and;
T_17.0;
    %store/vec4 v0xb2f190000_0, 0, 1;
    %load/vec4 v0xb2f18eee0_0;
    %cmpi/u 1024, 0, 16;
    %flag_inv 5; GE is !LT
    %flag_get/vec4 5;
    %jmp/0 T_17.1, 5;
    %load/vec4 v0xb2f18eee0_0;
    %cmpi/u 2047, 0, 16;
    %flag_get/vec4 4;
    %flag_get/vec4 5;
    %or;
    %and;
T_17.1;
    %store/vec4 v0xb2f18fde0_0, 0, 1;
    %load/vec4 v0xb2f18eee0_0;
    %cmpi/e 32768, 0, 16;
    %jmp/1 T_17.4, 4;
    %flag_mov 8, 4;
    %load/vec4 v0xb2f18eee0_0;
    %cmpi/e 32769, 0, 16;
    %flag_or 4, 8;
T_17.4;
    %jmp/1 T_17.3, 4;
    %flag_mov 8, 4;
    %load/vec4 v0xb2f18eee0_0;
    %cmpi/e 33536, 0, 16;
    %flag_or 4, 8;
T_17.3;
    %flag_get/vec4 4;
    %jmp/1 T_17.2, 4;
    %load/vec4 v0xb2f18eee0_0;
    %cmpi/u 32784, 0, 16;
    %flag_inv 5; GE is !LT
    %flag_get/vec4 5;
    %jmp/0 T_17.5, 5;
    %load/vec4 v0xb2f18eee0_0;
    %pad/u 32;
    %cmpi/u 32796, 0, 32;
    %flag_get/vec4 5;
    %and;
T_17.5;
    %or;
T_17.2;
    %store/vec4 v0xb2f18f7a0_0, 0, 1;
    %load/vec4 v0xb2f18eee0_0;
    %cmpi/u 33024, 0, 16;
    %flag_inv 5; GE is !LT
    %flag_get/vec4 5;
    %jmp/0 T_17.6, 5;
    %load/vec4 v0xb2f18eee0_0;
    %cmpi/u 33027, 0, 16;
    %flag_get/vec4 4;
    %flag_get/vec4 5;
    %or;
    %and;
T_17.6;
    %store/vec4 v0xb2f18f520_0, 0, 1;
    %load/vec4 v0xb2f18eee0_0;
    %cmpi/e 33280, 0, 16;
    %flag_get/vec4 4;
    %jmp/1 T_17.7, 4;
    %load/vec4 v0xb2f18eee0_0;
    %pushi/vec4 33281, 0, 16;
    %cmp/e;
    %flag_get/vec4 4;
    %or;
T_17.7;
    %store/vec4 v0xb2f18f8e0_0, 0, 1;
    %load/vec4 v0xb2f18eee0_0;
    %cmpi/e 33280, 0, 16;
    %jmp/0xz  T_17.8, 4;
    %pushi/vec4 0, 0, 12;
    %load/vec4 v0xb2f18fca0_0;
    %concat/vec4; draw_concat_vec4
    %store/vec4 v0xb2f18f840_0, 0, 16;
    %jmp T_17.9;
T_17.8 ;
    %load/vec4 v0xb2f18eee0_0;
    %cmpi/e 33281, 0, 16;
    %jmp/0xz  T_17.10, 4;
    %pushi/vec4 0, 0, 6;
    %load/vec4 v0xb2f1901e0_0;
    %concat/vec4; draw_concat_vec4
    %store/vec4 v0xb2f18f840_0, 0, 16;
    %jmp T_17.11;
T_17.10 ;
    %pushi/vec4 0, 0, 16;
    %store/vec4 v0xb2f18f840_0, 0, 16;
T_17.11 ;
T_17.9 ;
    %pushi/vec4 1, 0, 1;
    %dup/vec4;
    %load/vec4 v0xb2f190000_0;
    %cmp/u;
    %jmp/1 T_17.12, 6;
    %dup/vec4;
    %load/vec4 v0xb2f18fde0_0;
    %cmp/u;
    %jmp/1 T_17.13, 6;
    %dup/vec4;
    %load/vec4 v0xb2f18f7a0_0;
    %cmp/u;
    %jmp/1 T_17.14, 6;
    %dup/vec4;
    %load/vec4 v0xb2f18f520_0;
    %cmp/u;
    %jmp/1 T_17.15, 6;
    %dup/vec4;
    %load/vec4 v0xb2f18f8e0_0;
    %cmp/u;
    %jmp/1 T_17.16, 6;
    %pushi/vec4 0, 0, 16;
    %store/vec4 v0xb2f18fe80_0, 0, 16;
    %jmp T_17.18;
T_17.12 ;
    %load/vec4 v0xb2f18ff20_0;
    %store/vec4 v0xb2f18fe80_0, 0, 16;
    %jmp T_17.18;
T_17.13 ;
    %load/vec4 v0xb2f18fd40_0;
    %store/vec4 v0xb2f18fe80_0, 0, 16;
    %jmp T_17.18;
T_17.14 ;
    %load/vec4 v0xb2f18f700_0;
    %store/vec4 v0xb2f18fe80_0, 0, 16;
    %jmp T_17.18;
T_17.15 ;
    %load/vec4 v0xb2f18f480_0;
    %store/vec4 v0xb2f18fe80_0, 0, 16;
    %jmp T_17.18;
T_17.16 ;
    %load/vec4 v0xb2f18f840_0;
    %store/vec4 v0xb2f18fe80_0, 0, 16;
    %jmp T_17.18;
T_17.18 ;
    %pop/vec4 1;
    %jmp T_17;
    .thread T_17, $push;
    .scope S_0xb2ecfe700;
T_18 ;
    %wait E_0xb2f15df00;
    %load/vec4 v0xb2f192940_0;
    %flag_set/vec4 8;
    %jmp/0xz  T_18.0, 8;
    %pushi/vec4 0, 0, 1;
    %assign/vec4 v0xb2f1924e0_0, 0;
    %jmp T_18.1;
T_18.0 ;
    %load/vec4 v0xb2f1924e0_0;
    %inv;
    %assign/vec4 v0xb2f1924e0_0, 0;
T_18.1 ;
    %jmp T_18;
    .thread T_18;
    .scope S_0xb2ecfe700;
T_19 ;
    %wait E_0xb2f15f0c0;
    %load/vec4 v0xb2f192940_0;
    %flag_set/vec4 8;
    %jmp/0xz  T_19.0, 8;
    %pushi/vec4 0, 0, 10;
    %assign/vec4 v0xb2f192620_0, 0;
    %pushi/vec4 0, 0, 10;
    %assign/vec4 v0xb2f1929e0_0, 0;
    %jmp T_19.1;
T_19.0 ;
    %load/vec4 v0xb2f192620_0;
    %pad/u 32;
    %cmpi/e 799, 0, 32;
    %jmp/0xz  T_19.2, 4;
    %pushi/vec4 0, 0, 10;
    %assign/vec4 v0xb2f192620_0, 0;
    %load/vec4 v0xb2f1929e0_0;
    %pad/u 32;
    %cmpi/e 524, 0, 32;
    %jmp/0xz  T_19.4, 4;
    %pushi/vec4 0, 0, 10;
    %assign/vec4 v0xb2f1929e0_0, 0;
    %jmp T_19.5;
T_19.4 ;
    %load/vec4 v0xb2f1929e0_0;
    %addi 1, 0, 10;
    %assign/vec4 v0xb2f1929e0_0, 0;
T_19.5 ;
    %jmp T_19.3;
T_19.2 ;
    %load/vec4 v0xb2f192620_0;
    %addi 1, 0, 10;
    %assign/vec4 v0xb2f192620_0, 0;
T_19.3 ;
T_19.1 ;
    %jmp T_19;
    .thread T_19;
    .scope S_0xb2ecfe700;
T_20 ;
    %wait E_0xb2f15f080;
    %load/vec4 v0xb2f192620_0;
    %cmpi/u 96, 0, 10;
    %flag_get/vec4 5;
    %inv;
    %store/vec4 v0xb2f1926c0_0, 0, 1;
    %load/vec4 v0xb2f1929e0_0;
    %cmpi/u 2, 0, 10;
    %flag_get/vec4 5;
    %inv;
    %store/vec4 v0xb2f192a80_0, 0, 1;
    %load/vec4 v0xb2f192620_0;
    %cmpi/u 144, 0, 10;
    %flag_inv 5; GE is !LT
    %flag_get/vec4 5;
    %jmp/0 T_20.2, 5;
    %load/vec4 v0xb2f192620_0;
    %cmpi/u 784, 0, 10;
    %flag_get/vec4 5;
    %and;
T_20.2;
    %flag_set/vec4 9;
    %flag_get/vec4 9;
    %jmp/0 T_20.1, 9;
    %pushi/vec4 35, 0, 10;
    %load/vec4 v0xb2f1929e0_0;
    %cmp/u;
    %flag_get/vec4 4;
    %flag_get/vec4 5;
    %or;
    %and;
T_20.1;
    %flag_set/vec4 8;
    %flag_get/vec4 8;
    %jmp/0 T_20.0, 8;
    %load/vec4 v0xb2f1929e0_0;
    %cmpi/u 515, 0, 10;
    %flag_get/vec4 5;
    %and;
T_20.0;
    %store/vec4 v0xb2f192580_0, 0, 1;
    %load/vec4 v0xb2f192580_0;
    %store/vec4 v0xb2f1923a0_0, 0, 1;
    %load/vec4 v0xb2f192580_0;
    %flag_set/vec4 8;
    %jmp/0xz  T_20.3, 8;
    %load/vec4 v0xb2f192620_0;
    %subi 144, 0, 10;
    %store/vec4 v0xb2f192800_0, 0, 10;
    %load/vec4 v0xb2f1929e0_0;
    %subi 35, 0, 10;
    %store/vec4 v0xb2f1928a0_0, 0, 10;
    %jmp T_20.4;
T_20.3 ;
    %pushi/vec4 0, 0, 10;
    %store/vec4 v0xb2f192800_0, 0, 10;
    %pushi/vec4 0, 0, 10;
    %store/vec4 v0xb2f1928a0_0, 0, 10;
T_20.4 ;
    %jmp T_20;
    .thread T_20, $push;
    .scope S_0xb2ecfe100;
T_21 ;
    %wait E_0xb2f15ed00;
    %load/vec4 v0xb2f190820_0;
    %pad/u 32;
    %pushi/vec4 32, 0, 32;
    %div;
    %load/vec4 v0xb2f1908c0_0;
    %pad/u 32;
    %pushi/vec4 32, 0, 32;
    %div;
    %add;
    %pushi/vec4 2, 0, 32;
    %mod;
    %cmpi/e 0, 0, 32;
    %jmp/0xz  T_21.0, 4;
    %pushi/vec4 24, 0, 8;
    %store/vec4 v0xb2f190960_0, 0, 8;
    %pushi/vec4 78, 0, 8;
    %store/vec4 v0xb2f190780_0, 0, 8;
    %pushi/vec4 158, 0, 8;
    %store/vec4 v0xb2f1906e0_0, 0, 8;
    %jmp T_21.1;
T_21.0 ;
    %pushi/vec4 14, 0, 8;
    %store/vec4 v0xb2f190960_0, 0, 8;
    %pushi/vec4 116, 0, 8;
    %store/vec4 v0xb2f190780_0, 0, 8;
    %pushi/vec4 78, 0, 8;
    %store/vec4 v0xb2f1906e0_0, 0, 8;
T_21.1 ;
    %jmp T_21;
    .thread T_21, $push;
    .scope S_0xb2ecfe280;
T_22 ;
    %wait E_0xb2f15ed40;
    %pushi/vec4 0, 0, 1;
    %store/vec4 v0xb2f190a00_0, 0, 1;
    %pushi/vec4 0, 0, 8;
    %store/vec4 v0xb2f191220_0, 0, 8;
    %pushi/vec4 0, 0, 8;
    %store/vec4 v0xb2f190b40_0, 0, 8;
    %pushi/vec4 0, 0, 8;
    %store/vec4 v0xb2f190aa0_0, 0, 8;
    %pushi/vec4 0, 0, 32;
    %store/vec4 v0xb2f190c80_0, 0, 32;
T_22.0 ; Top of for-loop
    %load/vec4 v0xb2f190c80_0;
    %cmpi/s 4, 0, 32;
	  %jmp/0xz T_22.1, 5;
    %load/vec4 v0xb2f190fa0_0;
    %load/vec4 v0xb2f190c80_0;
    %muli 16, 0, 32;
    %part/s 16;
    %store/vec4 v0xb2f191040_0, 0, 16;
    %load/vec4 v0xb2f1910e0_0;
    %load/vec4 v0xb2f190c80_0;
    %muli 16, 0, 32;
    %part/s 16;
    %store/vec4 v0xb2f191180_0, 0, 16;
    %load/vec4 v0xb2f190e60_0;
    %load/vec4 v0xb2f190c80_0;
    %muli 16, 0, 32;
    %part/s 16;
    %store/vec4 v0xb2f190f00_0, 0, 16;
    %load/vec4 v0xb2f190f00_0;
    %parti/s 8, 8, 5;
    %store/vec4 v0xb2f1912c0_0, 0, 8;
    %load/vec4 v0xb2f190f00_0;
    %parti/s 8, 0, 2;
    %store/vec4 v0xb2f190be0_0, 0, 8;
    %load/vec4 v0xb2f191040_0;
    %parti/s 10, 0, 2;
    %load/vec4 v0xb2f190d20_0;
    %cmp/u;
    %flag_or 5, 4;
    %flag_get/vec4 5;
    %jmp/0 T_22.7, 5;
    %load/vec4 v0xb2f190d20_0;
    %load/vec4 v0xb2f191040_0;
    %parti/s 10, 0, 2;
    %load/vec4 v0xb2f1912c0_0;
    %pad/u 10;
    %add;
    %cmp/u;
    %flag_get/vec4 5;
    %and;
T_22.7;
    %flag_set/vec4 10;
    %flag_get/vec4 10;
    %jmp/0 T_22.6, 10;
    %load/vec4 v0xb2f191180_0;
    %parti/s 10, 0, 2;
    %load/vec4 v0xb2f190dc0_0;
    %cmp/u;
    %flag_get/vec4 4;
    %flag_get/vec4 5;
    %or;
    %and;
T_22.6;
    %flag_set/vec4 9;
    %flag_get/vec4 9;
    %jmp/0 T_22.5, 9;
    %load/vec4 v0xb2f190dc0_0;
    %load/vec4 v0xb2f191180_0;
    %parti/s 10, 0, 2;
    %load/vec4 v0xb2f190be0_0;
    %pad/u 10;
    %add;
    %cmp/u;
    %flag_get/vec4 5;
    %and;
T_22.5;
    %flag_set/vec4 8;
    %jmp/0xz  T_22.3, 8;
    %pushi/vec4 1, 0, 1;
    %store/vec4 v0xb2f190a00_0, 0, 1;
    %pushi/vec4 255, 0, 8;
    %store/vec4 v0xb2f191220_0, 0, 8;
    %pushi/vec4 255, 0, 8;
    %store/vec4 v0xb2f190b40_0, 0, 8;
    %pushi/vec4 255, 0, 8;
    %store/vec4 v0xb2f190aa0_0, 0, 8;
T_22.3 ;
T_22.2 ; for-loop step statement
    %load/vec4 v0xb2f190c80_0;
    %addi 1, 0, 32;
    %store/vec4 v0xb2f190c80_0, 0, 32;
    %jmp T_22.0;
T_22.1 ; for-loop exit label
    %jmp T_22;
    .thread T_22, $push;
    .scope S_0xb2ecfe400;
T_23 ;
    %wait E_0xb2f15ed80;
    %load/vec4 v0xb2f1917c0_0;
    %parti/s 10, 0, 2;
    %load/vec4 v0xb2f191680_0;
    %cmp/u;
    %flag_or 5, 4;
    %flag_get/vec4 5;
    %jmp/0 T_23.2, 5;
    %load/vec4 v0xb2f191680_0;
    %load/vec4 v0xb2f1917c0_0;
    %parti/s 10, 0, 2;
    %addi 64, 0, 10;
    %cmp/u;
    %flag_get/vec4 5;
    %and;
T_23.2;
    %flag_set/vec4 9;
    %flag_get/vec4 9;
    %jmp/0 T_23.1, 9;
    %load/vec4 v0xb2f191860_0;
    %parti/s 10, 0, 2;
    %load/vec4 v0xb2f191720_0;
    %cmp/u;
    %flag_get/vec4 4;
    %flag_get/vec4 5;
    %or;
    %and;
T_23.1;
    %flag_set/vec4 8;
    %flag_get/vec4 8;
    %jmp/0 T_23.0, 8;
    %load/vec4 v0xb2f191720_0;
    %load/vec4 v0xb2f191860_0;
    %parti/s 10, 0, 2;
    %addi 64, 0, 10;
    %cmp/u;
    %flag_get/vec4 5;
    %and;
T_23.0;
    %store/vec4 v0xb2f191540_0, 0, 1;
    %load/vec4 v0xb2f191540_0;
    %flag_set/vec4 9;
    %flag_get/vec4 9;
    %jmp/0 T_23.4, 9;
    %load/vec4 v0xb2f191720_0;
    %load/vec4 v0xb2f191860_0;
    %parti/s 10, 0, 2;
    %addi 18, 0, 10;
    %cmp/u;
    %flag_get/vec4 5;
    %and;
T_23.4;
    %flag_set/vec4 8;
    %flag_get/vec4 8;
    %jmp/0 T_23.3, 8;
    %load/vec4 v0xb2f191680_0;
    %load/vec4 v0xb2f1917c0_0;
    %parti/s 10, 0, 2;
    %addi 20, 0, 10;
    %cmp/u;
    %flag_get/vec4 5;
    %jmp/1 T_23.5, 5;
    %load/vec4 v0xb2f1917c0_0;
    %parti/s 10, 0, 2;
    %addi 43, 0, 10;
    %load/vec4 v0xb2f191680_0;
    %cmp/u;
    %flag_get/vec4 5;
    %or;
T_23.5;
    %and;
T_23.3;
    %store/vec4 v0xb2f1915e0_0, 0, 1;
    %load/vec4 v0xb2f191540_0;
    %store/vec4 v0xb2f191360_0, 0, 1;
    %load/vec4 v0xb2f1915e0_0;
    %flag_set/vec4 8;
    %jmp/0xz  T_23.6, 8;
    %pushi/vec4 0, 0, 8;
    %store/vec4 v0xb2f191900_0, 0, 8;
    %pushi/vec4 0, 0, 8;
    %store/vec4 v0xb2f1914a0_0, 0, 8;
    %pushi/vec4 0, 0, 8;
    %store/vec4 v0xb2f191400_0, 0, 8;
    %jmp T_23.7;
T_23.6 ;
    %load/vec4 v0xb2f191540_0;
    %flag_set/vec4 8;
    %jmp/0xz  T_23.8, 8;
    %pushi/vec4 40, 0, 9;
    %pushi/vec4 0, 0, 4;
    %load/vec4 v0xb2f1919a0_0;
    %concat/vec4; draw_concat_vec4
    %concati/vec4 0, 0, 1;
    %add;
    %pad/u 8;
    %store/vec4 v0xb2f191900_0, 0, 8;
    %pushi/vec4 240, 0, 8;
    %store/vec4 v0xb2f1914a0_0, 0, 8;
    %pushi/vec4 32, 0, 9;
    %pushi/vec4 0, 0, 4;
    %load/vec4 v0xb2f1919a0_0;
    %concat/vec4; draw_concat_vec4
    %concati/vec4 0, 0, 1;
    %add;
    %pad/u 8;
    %store/vec4 v0xb2f191400_0, 0, 8;
    %jmp T_23.9;
T_23.8 ;
    %pushi/vec4 0, 0, 8;
    %store/vec4 v0xb2f191900_0, 0, 8;
    %pushi/vec4 0, 0, 8;
    %store/vec4 v0xb2f1914a0_0, 0, 8;
    %pushi/vec4 0, 0, 8;
    %store/vec4 v0xb2f191400_0, 0, 8;
T_23.9 ;
T_23.7 ;
    %jmp T_23;
    .thread T_23, $push;
    .scope S_0xb2ecfe580;
T_24 ;
    %wait E_0xb2f15edc0;
    %load/vec4 v0xb2f191cc0_0;
    %nor/r;
    %flag_set/vec4 8;
    %jmp/0xz  T_24.0, 8;
    %pushi/vec4 0, 0, 8;
    %store/vec4 v0xb2f192300_0, 0, 8;
    %pushi/vec4 0, 0, 8;
    %store/vec4 v0xb2f191d60_0, 0, 8;
    %pushi/vec4 0, 0, 8;
    %store/vec4 v0xb2f191c20_0, 0, 8;
    %jmp T_24.1;
T_24.0 ;
    %load/vec4 v0xb2f192080_0;
    %flag_set/vec4 8;
    %jmp/0xz  T_24.2, 8;
    %load/vec4 v0xb2f192260_0;
    %store/vec4 v0xb2f192300_0, 0, 8;
    %load/vec4 v0xb2f1921c0_0;
    %store/vec4 v0xb2f191d60_0, 0, 8;
    %load/vec4 v0xb2f192120_0;
    %store/vec4 v0xb2f191c20_0, 0, 8;
    %jmp T_24.3;
T_24.2 ;
    %load/vec4 v0xb2f191e00_0;
    %flag_set/vec4 8;
    %jmp/0xz  T_24.4, 8;
    %load/vec4 v0xb2f191fe0_0;
    %store/vec4 v0xb2f192300_0, 0, 8;
    %load/vec4 v0xb2f191f40_0;
    %store/vec4 v0xb2f191d60_0, 0, 8;
    %load/vec4 v0xb2f191ea0_0;
    %store/vec4 v0xb2f191c20_0, 0, 8;
    %jmp T_24.5;
T_24.4 ;
    %load/vec4 v0xb2f191b80_0;
    %store/vec4 v0xb2f192300_0, 0, 8;
    %load/vec4 v0xb2f191ae0_0;
    %store/vec4 v0xb2f191d60_0, 0, 8;
    %load/vec4 v0xb2f191a40_0;
    %store/vec4 v0xb2f191c20_0, 0, 8;
T_24.5 ;
T_24.3 ;
T_24.1 ;
    %jmp T_24;
    .thread T_24, $push;
    .scope S_0x104ab8680;
T_25 ;
    %wait E_0xb2f15e080;
    %load/vec4 v0xb2f141f40_0;
    %flag_set/vec4 8;
    %jmp/0xz  T_25.0, 8;
    %pushi/vec4 0, 0, 4;
    %assign/vec4 v0xb2f1419a0_0, 0;
    %pushi/vec4 0, 0, 1;
    %assign/vec4 v0xb2f141b80_0, 0;
    %pushi/vec4 0, 0, 1;
    %assign/vec4 v0xb2f141680_0, 0;
    %pushi/vec4 0, 0, 1;
    %assign/vec4 v0xb2f141ae0_0, 0;
    %jmp T_25.1;
T_25.0 ;
    %load/vec4 v0xb2f1419a0_0;
    %dup/vec4;
    %pushi/vec4 0, 0, 4;
    %cmp/u;
    %jmp/1 T_25.2, 6;
    %dup/vec4;
    %pushi/vec4 1, 0, 4;
    %cmp/u;
    %jmp/1 T_25.3, 6;
    %dup/vec4;
    %pushi/vec4 2, 0, 4;
    %cmp/u;
    %jmp/1 T_25.4, 6;
    %dup/vec4;
    %pushi/vec4 3, 0, 4;
    %cmp/u;
    %jmp/1 T_25.5, 6;
    %dup/vec4;
    %pushi/vec4 4, 0, 4;
    %cmp/u;
    %jmp/1 T_25.6, 6;
    %jmp T_25.7;
T_25.2 ;
    %load/vec4 v0xb2f142260_0;
    %flag_set/vec4 8;
    %jmp/0xz  T_25.8, 8;
    %pushi/vec4 1, 0, 4;
    %assign/vec4 v0xb2f1419a0_0, 0;
    %pushi/vec4 0, 0, 4;
    %assign/vec4 v0xb2f141a40_0, 0;
    %load/vec4 v0xb2f1415e0_0;
    %assign/vec4 v0xb2f141fe0_0, 0;
    %load/vec4 v0xb2f141c20_0;
    %assign/vec4 v0xb2f142080_0, 0;
    %load/vec4 v0xb2f1421c0_0;
    %assign/vec4 v0xb2f142120_0, 0;
    %pushi/vec4 1, 0, 1;
    %assign/vec4 v0xb2f141680_0, 0;
    %pushi/vec4 0, 0, 3;
    %assign/vec4 v0xb2f141900_0, 0;
    %jmp T_25.9;
T_25.8 ;
    %pushi/vec4 0, 0, 1;
    %assign/vec4 v0xb2f141680_0, 0;
    %pushi/vec4 0, 0, 1;
    %assign/vec4 v0xb2f141ae0_0, 0;
    %pushi/vec4 0, 0, 1;
    %assign/vec4 v0xb2f141e00_0, 0;
    %pushi/vec4 0, 0, 1;
    %assign/vec4 v0xb2f141ea0_0, 0;
T_25.9 ;
    %jmp T_25.7;
T_25.3 ;
    %load/vec4 v0xb2f141a40_0;
    %dup/vec4;
    %pushi/vec4 0, 0, 4;
    %cmp/u;
    %jmp/1 T_25.10, 6;
    %dup/vec4;
    %pushi/vec4 1, 0, 4;
    %cmp/u;
    %jmp/1 T_25.11, 6;
    %jmp T_25.12;
T_25.10 ;
    %load/vec4 v0xb2f141cc0_0;
    %flag_set/vec4 8;
    %jmp/0xz  T_25.13, 8;
    %pushi/vec4 1, 0, 1;
    %assign/vec4 v0xb2f141ea0_0, 0;
    %pushi/vec4 1, 0, 4;
    %assign/vec4 v0xb2f141a40_0, 0;
    %jmp T_25.14;
T_25.13 ;
    %pushi/vec4 0, 0, 1;
    %assign/vec4 v0xb2f141e00_0, 0;
T_25.14 ;
    %jmp T_25.12;
T_25.11 ;
    %pushi/vec4 1, 0, 1;
    %assign/vec4 v0xb2f141e00_0, 0;
    %pushi/vec4 7, 0, 4;
    %assign/vec4 v0xb2f1417c0_0, 0;
    %pushi/vec4 2, 0, 4;
    %assign/vec4 v0xb2f1419a0_0, 0;
    %pushi/vec4 0, 0, 4;
    %assign/vec4 v0xb2f141a40_0, 0;
    %load/vec4 v0xb2f141fe0_0;
    %assign/vec4 v0xb2f141860_0, 0;
    %jmp T_25.12;
T_25.12 ;
    %pop/vec4 1;
    %jmp T_25.7;
T_25.4 ;
    %load/vec4 v0xb2f141a40_0;
    %dup/vec4;
    %pushi/vec4 0, 0, 4;
    %cmp/u;
    %jmp/1 T_25.15, 6;
    %dup/vec4;
    %pushi/vec4 1, 0, 4;
    %cmp/u;
    %jmp/1 T_25.16, 6;
    %dup/vec4;
    %pushi/vec4 2, 0, 4;
    %cmp/u;
    %jmp/1 T_25.17, 6;
    %jmp T_25.18;
T_25.15 ;
    %load/vec4 v0xb2f141860_0;
    %load/vec4 v0xb2f1417c0_0;
    %part/u 1;
    %inv;
    %assign/vec4 v0xb2f141ea0_0, 0;
    %pushi/vec4 1, 0, 4;
    %assign/vec4 v0xb2f141a40_0, 0;
    %jmp T_25.18;
T_25.16 ;
    %pushi/vec4 0, 0, 1;
    %assign/vec4 v0xb2f141e00_0, 0;
    %pushi/vec4 2, 0, 4;
    %assign/vec4 v0xb2f141a40_0, 0;
    %jmp T_25.18;
T_25.17 ;
    %load/vec4 v0xb2f141cc0_0;
    %flag_set/vec4 8;
    %jmp/0xz  T_25.19, 8;
    %pushi/vec4 1, 0, 1;
    %assign/vec4 v0xb2f141e00_0, 0;
    %load/vec4 v0xb2f1417c0_0;
    %pad/u 32;
    %cmpi/e 0, 0, 32;
    %jmp/0xz  T_25.21, 4;
    %pushi/vec4 0, 0, 4;
    %assign/vec4 v0xb2f141a40_0, 0;
    %pushi/vec4 3, 0, 4;
    %assign/vec4 v0xb2f1419a0_0, 0;
    %load/vec4 v0xb2f141900_0;
    %addi 1, 0, 3;
    %assign/vec4 v0xb2f141900_0, 0;
    %jmp T_25.22;
T_25.21 ;
    %load/vec4 v0xb2f1417c0_0;
    %subi 1, 0, 4;
    %assign/vec4 v0xb2f1417c0_0, 0;
    %pushi/vec4 0, 0, 4;
    %assign/vec4 v0xb2f141a40_0, 0;
T_25.22 ;
    %jmp T_25.20;
T_25.19 ;
    %pushi/vec4 0, 0, 1;
    %assign/vec4 v0xb2f141e00_0, 0;
T_25.20 ;
    %jmp T_25.18;
T_25.18 ;
    %pop/vec4 1;
    %jmp T_25.7;
T_25.5 ;
    %load/vec4 v0xb2f141a40_0;
    %dup/vec4;
    %pushi/vec4 0, 0, 4;
    %cmp/u;
    %jmp/1 T_25.23, 6;
    %dup/vec4;
    %pushi/vec4 1, 0, 4;
    %cmp/u;
    %jmp/1 T_25.24, 6;
    %dup/vec4;
    %pushi/vec4 2, 0, 4;
    %cmp/u;
    %jmp/1 T_25.25, 6;
    %jmp T_25.26;
T_25.23 ;
    %pushi/vec4 0, 0, 1;
    %assign/vec4 v0xb2f141ea0_0, 0;
    %pushi/vec4 1, 0, 4;
    %assign/vec4 v0xb2f141a40_0, 0;
    %jmp T_25.26;
T_25.24 ;
    %pushi/vec4 1, 0, 1;
    %assign/vec4 v0xb2f141e00_0, 0;
    %pushi/vec4 2, 0, 4;
    %assign/vec4 v0xb2f141a40_0, 0;
    %jmp T_25.26;
T_25.25 ;
    %load/vec4 v0xb2f141cc0_0;
    %flag_set/vec4 8;
    %jmp/0xz  T_25.27, 8;
    %load/vec4 v0xb2f141d60_0;
    %flag_set/vec4 8;
    %jmp/0xz  T_25.29, 8;
    %pushi/vec4 1, 0, 1;
    %assign/vec4 v0xb2f141b80_0, 0;
T_25.29 ;
    %pushi/vec4 7, 0, 4;
    %assign/vec4 v0xb2f1417c0_0, 0;
    %pushi/vec4 0, 0, 4;
    %assign/vec4 v0xb2f141a40_0, 0;
    %pushi/vec4 1, 0, 1;
    %assign/vec4 v0xb2f141e00_0, 0;
    %load/vec4 v0xb2f141900_0;
    %dup/vec4;
    %pushi/vec4 1, 0, 3;
    %cmp/u;
    %jmp/1 T_25.31, 6;
    %dup/vec4;
    %pushi/vec4 2, 0, 3;
    %cmp/u;
    %jmp/1 T_25.32, 6;
    %dup/vec4;
    %pushi/vec4 3, 0, 3;
    %cmp/u;
    %jmp/1 T_25.33, 6;
    %jmp T_25.34;
T_25.31 ;
    %load/vec4 v0xb2f142080_0;
    %assign/vec4 v0xb2f141860_0, 0;
    %pushi/vec4 2, 0, 4;
    %assign/vec4 v0xb2f1419a0_0, 0;
    %jmp T_25.34;
T_25.32 ;
    %load/vec4 v0xb2f142120_0;
    %assign/vec4 v0xb2f141860_0, 0;
    %pushi/vec4 2, 0, 4;
    %assign/vec4 v0xb2f1419a0_0, 0;
    %jmp T_25.34;
T_25.33 ;
    %pushi/vec4 4, 0, 4;
    %assign/vec4 v0xb2f1419a0_0, 0;
    %jmp T_25.34;
T_25.34 ;
    %pop/vec4 1;
    %jmp T_25.28;
T_25.27 ;
    %pushi/vec4 0, 0, 1;
    %assign/vec4 v0xb2f141e00_0, 0;
T_25.28 ;
    %jmp T_25.26;
T_25.26 ;
    %pop/vec4 1;
    %jmp T_25.7;
T_25.6 ;
    %load/vec4 v0xb2f141a40_0;
    %dup/vec4;
    %pushi/vec4 0, 0, 4;
    %cmp/u;
    %jmp/1 T_25.35, 6;
    %dup/vec4;
    %pushi/vec4 1, 0, 4;
    %cmp/u;
    %jmp/1 T_25.36, 6;
    %jmp T_25.37;
T_25.35 ;
    %pushi/vec4 1, 0, 1;
    %assign/vec4 v0xb2f141ea0_0, 0;
    %pushi/vec4 1, 0, 4;
    %assign/vec4 v0xb2f141a40_0, 0;
    %jmp T_25.37;
T_25.36 ;
    %load/vec4 v0xb2f141cc0_0;
    %flag_set/vec4 8;
    %jmp/0xz  T_25.38, 8;
    %pushi/vec4 0, 0, 1;
    %assign/vec4 v0xb2f141ea0_0, 0;
    %pushi/vec4 1, 0, 1;
    %assign/vec4 v0xb2f141ae0_0, 0;
    %pushi/vec4 0, 0, 1;
    %assign/vec4 v0xb2f141680_0, 0;
    %pushi/vec4 0, 0, 4;
    %assign/vec4 v0xb2f1419a0_0, 0;
    %jmp T_25.39;
T_25.38 ;
    %pushi/vec4 0, 0, 1;
    %assign/vec4 v0xb2f141e00_0, 0;
T_25.39 ;
    %jmp T_25.37;
T_25.37 ;
    %pop/vec4 1;
    %jmp T_25.7;
T_25.7 ;
    %pop/vec4 1;
T_25.1 ;
    %jmp T_25;
    .thread T_25;
    .scope S_0x104aceee0;
T_26 ;
    %pushi/vec4 3423744, 0, 24;
    %ix/load 4, 0, 0;
    %flag_set/imm 4, 0;
    %store/vec4a v0xb2f1424e0, 4, 0;
    %pushi/vec4 3408287, 0, 24;
    %ix/load 4, 1, 0;
    %flag_set/imm 4, 0;
    %store/vec4a v0xb2f1424e0, 4, 0;
    %pushi/vec4 3408640, 0, 24;
    %ix/load 4, 2, 0;
    %flag_set/imm 4, 0;
    %store/vec4a v0xb2f1424e0, 4, 0;
    %pushi/vec4 3409938, 0, 24;
    %ix/load 4, 3, 0;
    %flag_set/imm 4, 0;
    %store/vec4a v0xb2f1424e0, 4, 0;
    %pushi/vec4 3410432, 0, 24;
    %ix/load 4, 4, 0;
    %flag_set/imm 4, 0;
    %store/vec4a v0xb2f1424e0, 4, 0;
    %pushi/vec4 3410951, 0, 24;
    %ix/load 4, 5, 0;
    %flag_set/imm 4, 0;
    %store/vec4a v0xb2f1424e0, 4, 0;
    %pushi/vec4 3411458, 0, 24;
    %ix/load 4, 6, 0;
    %flag_set/imm 4, 0;
    %store/vec4a v0xb2f1424e0, 4, 0;
    %pushi/vec4 3411968, 0, 24;
    %ix/load 4, 7, 0;
    %flag_set/imm 4, 0;
    %store/vec4a v0xb2f1424e0, 4, 0;
    %pushi/vec4 3412481, 0, 24;
    %ix/load 4, 8, 0;
    %flag_set/imm 4, 0;
    %store/vec4a v0xb2f1424e0, 4, 0;
    %pushi/vec4 3411103, 0, 24;
    %ix/load 4, 9, 0;
    %flag_set/imm 4, 0;
    %store/vec4a v0xb2f1424e0, 4, 0;
    %pushi/vec4 3408959, 0, 24;
    %ix/load 4, 10, 0;
    %flag_set/imm 4, 0;
    %store/vec4a v0xb2f1424e0, 4, 0;
    %pushi/vec4 3408896, 0, 24;
    %ix/load 4, 11, 0;
    %flag_set/imm 4, 0;
    %store/vec4a v0xb2f1424e0, 4, 0;
    %pushi/vec4 3409471, 0, 24;
    %ix/load 4, 12, 0;
    %flag_set/imm 4, 0;
    %store/vec4a v0xb2f1424e0, 4, 0;
    %pushi/vec4 3409408, 0, 24;
    %ix/load 4, 13, 0;
    %flag_set/imm 4, 0;
    %store/vec4a v0xb2f1424e0, 4, 0;
    %pushi/vec4 3411972, 0, 24;
    %ix/load 4, 14, 0;
    %flag_set/imm 4, 0;
    %store/vec4a v0xb2f1424e0, 4, 0;
    %pushi/vec4 3411976, 0, 24;
    %ix/load 4, 15, 0;
    %flag_set/imm 4, 0;
    %store/vec4a v0xb2f1424e0, 4, 0;
    %pushi/vec4 3411980, 0, 24;
    %ix/load 4, 16, 0;
    %flag_set/imm 4, 0;
    %store/vec4a v0xb2f1424e0, 4, 0;
    %end;
    .thread T_26;
    .scope S_0x104aceee0;
T_27 ;
    %wait E_0xb2f15df00;
    %load/vec4 v0xb2f142da0_0;
    %flag_set/vec4 8;
    %jmp/0xz  T_27.0, 8;
    %pushi/vec4 0, 0, 8;
    %assign/vec4 v0xb2f142440_0, 0;
    %pushi/vec4 0, 0, 1;
    %assign/vec4 v0xb2f142bc0_0, 0;
    %jmp T_27.1;
T_27.0 ;
    %load/vec4 v0xb2f142440_0;
    %cmpi/u 124, 0, 8;
    %flag_inv 5; GE is !LT
    %jmp/0xz  T_27.2, 5;
    %pushi/vec4 0, 0, 8;
    %assign/vec4 v0xb2f142440_0, 0;
    %load/vec4 v0xb2f142bc0_0;
    %inv;
    %assign/vec4 v0xb2f142bc0_0, 0;
    %jmp T_27.3;
T_27.2 ;
    %load/vec4 v0xb2f142440_0;
    %addi 1, 0, 8;
    %assign/vec4 v0xb2f142440_0, 0;
T_27.3 ;
T_27.1 ;
    %jmp T_27;
    .thread T_27;
    .scope S_0x104aceee0;
T_28 ;
    %wait E_0xb2f15e080;
    %load/vec4 v0xb2f142da0_0;
    %flag_set/vec4 8;
    %jmp/0xz  T_28.0, 8;
    %pushi/vec4 0, 0, 4;
    %assign/vec4 v0xb2f142800_0, 0;
    %pushi/vec4 0, 0, 3;
    %assign/vec4 v0xb2f1428a0_0, 0;
    %pushi/vec4 0, 0, 1;
    %assign/vec4 v0xb2f1423a0_0, 0;
    %pushi/vec4 0, 0, 1;
    %assign/vec4 v0xb2f1429e0_0, 0;
    %jmp T_28.1;
T_28.0 ;
    %load/vec4 v0xb2f1428a0_0;
    %dup/vec4;
    %pushi/vec4 0, 0, 3;
    %cmp/u;
    %jmp/1 T_28.2, 6;
    %dup/vec4;
    %pushi/vec4 1, 0, 3;
    %cmp/u;
    %jmp/1 T_28.3, 6;
    %jmp T_28.4;
T_28.2 ;
    %load/vec4 v0xb2f142580_0;
    %flag_set/vec4 8;
    %jmp/0xz  T_28.5, 8;
    %pushi/vec4 1, 0, 1;
    %assign/vec4 v0xb2f1423a0_0, 0;
    %pushi/vec4 1, 0, 3;
    %assign/vec4 v0xb2f1428a0_0, 0;
    %load/vec4 v0xb2f142ee0_0;
    %assign/vec4 v0xb2f142800_0, 0;
    %pushi/vec4 0, 0, 3;
    %assign/vec4 v0xb2f142940_0, 0;
    %jmp T_28.6;
T_28.5 ;
    %pushi/vec4 0, 0, 1;
    %assign/vec4 v0xb2f1423a0_0, 0;
    %pushi/vec4 0, 0, 1;
    %assign/vec4 v0xb2f1429e0_0, 0;
T_28.6 ;
    %jmp T_28.4;
T_28.3 ;
    %load/vec4 v0xb2f142940_0;
    %dup/vec4;
    %pushi/vec4 0, 0, 3;
    %cmp/u;
    %jmp/1 T_28.7, 6;
    %dup/vec4;
    %pushi/vec4 1, 0, 3;
    %cmp/u;
    %jmp/1 T_28.8, 6;
    %dup/vec4;
    %pushi/vec4 2, 0, 3;
    %cmp/u;
    %jmp/1 T_28.9, 6;
    %dup/vec4;
    %pushi/vec4 3, 0, 3;
    %cmp/u;
    %jmp/1 T_28.10, 6;
    %jmp T_28.11;
T_28.7 ;
    %load/vec4 v0xb2f142800_0;
    %pad/u 6;
    %ix/vec4 4;
    %load/vec4a v0xb2f1424e0, 4;
    %parti/s 8, 16, 6;
    %assign/vec4 v0xb2f142300_0, 0;
    %load/vec4 v0xb2f142800_0;
    %pad/u 6;
    %ix/vec4 4;
    %load/vec4a v0xb2f1424e0, 4;
    %parti/s 8, 8, 5;
    %assign/vec4 v0xb2f142b20_0, 0;
    %load/vec4 v0xb2f142800_0;
    %pad/u 6;
    %ix/vec4 4;
    %load/vec4a v0xb2f1424e0, 4;
    %parti/s 8, 0, 2;
    %assign/vec4 v0xb2f142e40_0, 0;
    %pushi/vec4 1, 0, 3;
    %assign/vec4 v0xb2f142940_0, 0;
    %load/vec4 v0xb2f142800_0;
    %addi 1, 0, 4;
    %assign/vec4 v0xb2f142800_0, 0;
    %jmp T_28.11;
T_28.8 ;
    %pushi/vec4 1, 0, 1;
    %assign/vec4 v0xb2f142f80_0, 0;
    %pushi/vec4 2, 0, 3;
    %assign/vec4 v0xb2f142940_0, 0;
    %jmp T_28.11;
T_28.9 ;
    %pushi/vec4 0, 0, 1;
    %assign/vec4 v0xb2f142f80_0, 0;
    %load/vec4 v0xb2f142620_0;
    %flag_set/vec4 8;
    %jmp/0xz  T_28.12, 8;
    %pushi/vec4 3, 0, 3;
    %assign/vec4 v0xb2f142940_0, 0;
T_28.12 ;
    %jmp T_28.11;
T_28.10 ;
    %load/vec4 v0xb2f142620_0;
    %flag_set/vec4 8;
    %jmp/0xz  T_28.14, 8;
    %pushi/vec4 3, 0, 3;
    %assign/vec4 v0xb2f142940_0, 0;
    %jmp T_28.15;
T_28.14 ;
    %pushi/vec4 0, 0, 1;
    %assign/vec4 v0xb2f1423a0_0, 0;
    %pushi/vec4 1, 0, 1;
    %assign/vec4 v0xb2f1429e0_0, 0;
    %pushi/vec4 0, 0, 3;
    %assign/vec4 v0xb2f1428a0_0, 0;
T_28.15 ;
    %jmp T_28.11;
T_28.11 ;
    %pop/vec4 1;
    %jmp T_28.4;
T_28.4 ;
    %pop/vec4 1;
T_28.1 ;
    %jmp T_28;
    .thread T_28;
    .scope S_0x104abc350;
T_29 ;
    %wait E_0xb2f15e180;
    %pushi/vec4 0, 0, 8;
    %load/vec4 v0xb2f1437a0_0;
    %concat/vec4; draw_concat_vec4
    %cmpi/u 252, 0, 16;
    %flag_inv 5; GE is !LT
    %jmp/0xz  T_29.0, 5;
    %pushi/vec4 16, 0, 16;
    %store/vec4 v0xb2f143ac0_0, 0, 16;
    %jmp T_29.1;
T_29.0 ;
    %pushi/vec4 1024, 0, 16;
    %pushi/vec4 0, 0, 8;
    %load/vec4 v0xb2f1437a0_0;
    %concat/vec4; draw_concat_vec4
    %ix/load 4, 2, 0;
    %flag_set/imm 4, 0;
    %shiftl 4;
    %sub;
    %store/vec4 v0xb2f143ac0_0, 0, 16;
T_29.1 ;
    %jmp T_29;
    .thread T_29, $push;
    .scope S_0x104abc350;
T_30 ;
    %wait E_0xb2f15df00;
    %load/vec4 v0xb2f143840_0;
    %flag_set/vec4 8;
    %jmp/0xz  T_30.0, 8;
    %pushi/vec4 0, 0, 2;
    %assign/vec4 v0xb2f143700_0, 0;
    %jmp T_30.1;
T_30.0 ;
    %load/vec4 v0xb2f143700_0;
    %addi 1, 0, 2;
    %assign/vec4 v0xb2f143700_0, 0;
T_30.1 ;
    %jmp T_30;
    .thread T_30;
    .scope S_0x104abc350;
T_31 ;
    %wait E_0xb2f15e140;
    %load/vec4 v0xb2f143840_0;
    %flag_set/vec4 8;
    %jmp/0xz  T_31.0, 8;
    %pushi/vec4 0, 0, 8;
    %assign/vec4 v0xb2f1438e0_0, 0;
    %jmp T_31.1;
T_31.0 ;
    %load/vec4 v0xb2f1438e0_0;
    %addi 1, 0, 8;
    %assign/vec4 v0xb2f1438e0_0, 0;
T_31.1 ;
    %jmp T_31;
    .thread T_31;
    .scope S_0x104abc350;
T_32 ;
    %wait E_0xb2f15e100;
    %load/vec4 v0xb2f143840_0;
    %flag_set/vec4 8;
    %jmp/0xz  T_32.0, 8;
    %pushi/vec4 0, 0, 16;
    %assign/vec4 v0xb2f143480_0, 0;
    %pushi/vec4 0, 0, 16;
    %assign/vec4 v0xb2f143980_0, 0;
    %pushi/vec4 0, 0, 1;
    %assign/vec4 v0xb2f143a20_0, 0;
    %pushi/vec4 44257, 0, 16;
    %assign/vec4 v0xb2f143660_0, 0;
    %jmp T_32.1;
T_32.0 ;
    %load/vec4 v0xb2f1435c0_0;
    %nor/r;
    %flag_set/vec4 8;
    %jmp/0xz  T_32.2, 8;
    %pushi/vec4 0, 0, 16;
    %assign/vec4 v0xb2f143480_0, 0;
    %load/vec4 v0xb2f143ac0_0;
    %assign/vec4 v0xb2f143980_0, 0;
    %pushi/vec4 0, 0, 1;
    %assign/vec4 v0xb2f143a20_0, 0;
    %jmp T_32.3;
T_32.2 ;
    %load/vec4 v0xb2f143520_0;
    %flag_set/vec4 8;
    %jmp/0xz  T_32.4, 8;
    %load/vec4 v0xb2f143660_0;
    %parti/s 15, 0, 2;
    %load/vec4 v0xb2f143660_0;
    %parti/s 1, 15, 5;
    %load/vec4 v0xb2f143660_0;
    %parti/s 1, 13, 5;
    %xor;
    %load/vec4 v0xb2f143660_0;
    %parti/s 1, 12, 5;
    %xor;
    %load/vec4 v0xb2f143660_0;
    %parti/s 1, 10, 5;
    %xor;
    %concat/vec4; draw_concat_vec4
    %assign/vec4 v0xb2f143660_0, 0;
    %load/vec4 v0xb2f143660_0;
    %parti/s 8, 0, 2;
    %load/vec4 v0xb2f143660_0;
    %parti/s 8, 8, 5;
    %concat/vec4; draw_concat_vec4
    %assign/vec4 v0xb2f143480_0, 0;
    %jmp T_32.5;
T_32.4 ;
    %load/vec4 v0xb2f143980_0;
    %cmpi/e 0, 0, 16;
    %jmp/0xz  T_32.6, 4;
    %load/vec4 v0xb2f143ac0_0;
    %assign/vec4 v0xb2f143980_0, 0;
    %load/vec4 v0xb2f143a20_0;
    %inv;
    %assign/vec4 v0xb2f143a20_0, 0;
    %jmp T_32.7;
T_32.6 ;
    %load/vec4 v0xb2f143980_0;
    %subi 1, 0, 16;
    %assign/vec4 v0xb2f143980_0, 0;
T_32.7 ;
    %load/vec4 v0xb2f143a20_0;
    %flag_set/vec4 8;
    %jmp/0xz  T_32.8, 8;
    %pushi/vec4 24576, 0, 16;
    %assign/vec4 v0xb2f143480_0, 0;
    %jmp T_32.9;
T_32.8 ;
    %pushi/vec4 40960, 0, 16;
    %assign/vec4 v0xb2f143480_0, 0;
T_32.9 ;
T_32.5 ;
T_32.3 ;
T_32.1 ;
    %jmp T_32;
    .thread T_32;
    .scope S_0x104abc350;
T_33 ;
    %wait E_0xb2f15e0c0;
    %load/vec4 v0xb2f143840_0;
    %flag_set/vec4 8;
    %jmp/0xz  T_33.0, 8;
    %pushi/vec4 0, 0, 1;
    %assign/vec4 v0xb2f143160_0, 0;
    %jmp T_33.1;
T_33.0 ;
    %load/vec4 v0xb2f143340_0;
    %cmpi/u 1, 0, 5;
    %flag_inv 5; GE is !LT
    %flag_get/vec4 5;
    %jmp/0 T_33.4, 5;
    %load/vec4 v0xb2f143340_0;
    %cmpi/u 16, 0, 5;
    %flag_get/vec4 4;
    %flag_get/vec4 5;
    %or;
    %and;
T_33.4;
    %flag_set/vec4 8;
    %jmp/0xz  T_33.2, 8;
    %load/vec4 v0xb2f143480_0;
    %pushi/vec4 16, 0, 32;
    %load/vec4 v0xb2f143340_0;
    %pad/u 32;
    %sub;
    %part/u 1;
    %assign/vec4 v0xb2f143160_0, 0;
    %jmp T_33.3;
T_33.2 ;
    %pushi/vec4 0, 0, 1;
    %assign/vec4 v0xb2f143160_0, 0;
T_33.3 ;
T_33.1 ;
    %jmp T_33;
    .thread T_33;
    .scope S_0x104aced60;
T_34 ;
    %wait E_0xb2f15df00;
    %load/vec4 v0xb2f188780_0;
    %flag_set/vec4 8;
    %jmp/0xz  T_34.0, 8;
    %pushi/vec4 0, 0, 1;
    %assign/vec4 v0xb2f1880a0_0, 0;
    %pushi/vec4 0, 0, 1;
    %assign/vec4 v0xb2f188000_0, 0;
    %jmp T_34.1;
T_34.0 ;
    %pushi/vec4 0, 0, 1;
    %assign/vec4 v0xb2f188000_0, 0;
    %load/vec4 v0xb2f188140_0;
    %flag_set/vec4 10;
    %flag_get/vec4 10;
    %jmp/0 T_34.5, 10;
    %load/vec4 v0xb2f1880a0_0;
    %nor/r;
    %and;
T_34.5;
    %flag_set/vec4 9;
    %flag_get/vec4 9;
    %jmp/0 T_34.4, 9;
    %load/vec4 v0xb2f143e80_0;
    %nor/r;
    %and;
T_34.4;
    %flag_set/vec4 8;
    %jmp/0xz  T_34.2, 8;
    %pushi/vec4 1, 0, 1;
    %assign/vec4 v0xb2f1880a0_0, 0;
    %pushi/vec4 1, 0, 1;
    %assign/vec4 v0xb2f188000_0, 0;
    %jmp T_34.3;
T_34.2 ;
    %load/vec4 v0xb2f143e80_0;
    %flag_set/vec4 8;
    %jmp/0xz  T_34.6, 8;
    %pushi/vec4 0, 0, 1;
    %assign/vec4 v0xb2f1880a0_0, 0;
T_34.6 ;
T_34.3 ;
T_34.1 ;
    %jmp T_34;
    .thread T_34;
    .scope S_0x104aced60;
T_35 ;
    %wait E_0xb2f15de00;
    %load/vec4 v0xb2f143e80_0;
    %store/vec4 v0xb2f143de0_0, 0, 1;
    %load/vec4 v0xb2f188280_0;
    %store/vec4 v0xb2f1881e0_0, 0, 1;
    %load/vec4 v0xb2f188500_0;
    %store/vec4 v0xb2f188460_0, 0, 1;
    %jmp T_35;
    .thread T_35, $push;
    .scope S_0xb2ecfc780;
T_36 ;
    %wait E_0xb2f15e500;
    %load/vec4 v0xb2f18c3c0_0;
    %dup/vec4;
    %pushi/vec4 0, 0, 4;
    %cmp/u;
    %jmp/1 T_36.0, 6;
    %dup/vec4;
    %pushi/vec4 1, 0, 4;
    %cmp/u;
    %jmp/1 T_36.1, 6;
    %dup/vec4;
    %pushi/vec4 2, 0, 4;
    %cmp/u;
    %jmp/1 T_36.2, 6;
    %dup/vec4;
    %pushi/vec4 3, 0, 4;
    %cmp/u;
    %jmp/1 T_36.3, 6;
    %dup/vec4;
    %pushi/vec4 4, 0, 4;
    %cmp/u;
    %jmp/1 T_36.4, 6;
    %dup/vec4;
    %pushi/vec4 5, 0, 4;
    %cmp/u;
    %jmp/1 T_36.5, 6;
    %dup/vec4;
    %pushi/vec4 6, 0, 4;
    %cmp/u;
    %jmp/1 T_36.6, 6;
    %dup/vec4;
    %pushi/vec4 7, 0, 4;
    %cmp/u;
    %jmp/1 T_36.7, 6;
    %dup/vec4;
    %pushi/vec4 8, 0, 4;
    %cmp/u;
    %jmp/1 T_36.8, 6;
    %dup/vec4;
    %pushi/vec4 9, 0, 4;
    %cmp/u;
    %jmp/1 T_36.9, 6;
    %dup/vec4;
    %pushi/vec4 10, 0, 4;
    %cmp/u;
    %jmp/1 T_36.10, 6;
    %dup/vec4;
    %pushi/vec4 11, 0, 4;
    %cmp/u;
    %jmp/1 T_36.11, 6;
    %dup/vec4;
    %pushi/vec4 12, 0, 4;
    %cmp/u;
    %jmp/1 T_36.12, 6;
    %dup/vec4;
    %pushi/vec4 13, 0, 4;
    %cmp/u;
    %jmp/1 T_36.13, 6;
    %dup/vec4;
    %pushi/vec4 14, 0, 4;
    %cmp/u;
    %jmp/1 T_36.14, 6;
    %dup/vec4;
    %pushi/vec4 15, 0, 4;
    %cmp/u;
    %jmp/1 T_36.15, 6;
    %pushi/vec4 127, 0, 7;
    %store/vec4 v0xb2f18c320_0, 0, 7;
    %jmp T_36.17;
T_36.0 ;
    %pushi/vec4 64, 0, 7;
    %store/vec4 v0xb2f18c320_0, 0, 7;
    %jmp T_36.17;
T_36.1 ;
    %pushi/vec4 121, 0, 7;
    %store/vec4 v0xb2f18c320_0, 0, 7;
    %jmp T_36.17;
T_36.2 ;
    %pushi/vec4 36, 0, 7;
    %store/vec4 v0xb2f18c320_0, 0, 7;
    %jmp T_36.17;
T_36.3 ;
    %pushi/vec4 48, 0, 7;
    %store/vec4 v0xb2f18c320_0, 0, 7;
    %jmp T_36.17;
T_36.4 ;
    %pushi/vec4 25, 0, 7;
    %store/vec4 v0xb2f18c320_0, 0, 7;
    %jmp T_36.17;
T_36.5 ;
    %pushi/vec4 18, 0, 7;
    %store/vec4 v0xb2f18c320_0, 0, 7;
    %jmp T_36.17;
T_36.6 ;
    %pushi/vec4 2, 0, 7;
    %store/vec4 v0xb2f18c320_0, 0, 7;
    %jmp T_36.17;
T_36.7 ;
    %pushi/vec4 120, 0, 7;
    %store/vec4 v0xb2f18c320_0, 0, 7;
    %jmp T_36.17;
T_36.8 ;
    %pushi/vec4 0, 0, 7;
    %store/vec4 v0xb2f18c320_0, 0, 7;
    %jmp T_36.17;
T_36.9 ;
    %pushi/vec4 16, 0, 7;
    %store/vec4 v0xb2f18c320_0, 0, 7;
    %jmp T_36.17;
T_36.10 ;
    %pushi/vec4 8, 0, 7;
    %store/vec4 v0xb2f18c320_0, 0, 7;
    %jmp T_36.17;
T_36.11 ;
    %pushi/vec4 3, 0, 7;
    %store/vec4 v0xb2f18c320_0, 0, 7;
    %jmp T_36.17;
T_36.12 ;
    %pushi/vec4 70, 0, 7;
    %store/vec4 v0xb2f18c320_0, 0, 7;
    %jmp T_36.17;
T_36.13 ;
    %pushi/vec4 33, 0, 7;
    %store/vec4 v0xb2f18c320_0, 0, 7;
    %jmp T_36.17;
T_36.14 ;
    %pushi/vec4 6, 0, 7;
    %store/vec4 v0xb2f18c320_0, 0, 7;
    %jmp T_36.17;
T_36.15 ;
    %pushi/vec4 14, 0, 7;
    %store/vec4 v0xb2f18c320_0, 0, 7;
    %jmp T_36.17;
T_36.17 ;
    %pop/vec4 1;
    %jmp T_36;
    .thread T_36, $push;
    .scope S_0xb2ecfc900;
T_37 ;
    %wait E_0xb2f15e580;
    %load/vec4 v0xb2f18c500_0;
    %dup/vec4;
    %pushi/vec4 0, 0, 4;
    %cmp/u;
    %jmp/1 T_37.0, 6;
    %dup/vec4;
    %pushi/vec4 1, 0, 4;
    %cmp/u;
    %jmp/1 T_37.1, 6;
    %dup/vec4;
    %pushi/vec4 2, 0, 4;
    %cmp/u;
    %jmp/1 T_37.2, 6;
    %dup/vec4;
    %pushi/vec4 3, 0, 4;
    %cmp/u;
    %jmp/1 T_37.3, 6;
    %dup/vec4;
    %pushi/vec4 4, 0, 4;
    %cmp/u;
    %jmp/1 T_37.4, 6;
    %dup/vec4;
    %pushi/vec4 5, 0, 4;
    %cmp/u;
    %jmp/1 T_37.5, 6;
    %dup/vec4;
    %pushi/vec4 6, 0, 4;
    %cmp/u;
    %jmp/1 T_37.6, 6;
    %dup/vec4;
    %pushi/vec4 7, 0, 4;
    %cmp/u;
    %jmp/1 T_37.7, 6;
    %dup/vec4;
    %pushi/vec4 8, 0, 4;
    %cmp/u;
    %jmp/1 T_37.8, 6;
    %dup/vec4;
    %pushi/vec4 9, 0, 4;
    %cmp/u;
    %jmp/1 T_37.9, 6;
    %dup/vec4;
    %pushi/vec4 10, 0, 4;
    %cmp/u;
    %jmp/1 T_37.10, 6;
    %dup/vec4;
    %pushi/vec4 11, 0, 4;
    %cmp/u;
    %jmp/1 T_37.11, 6;
    %dup/vec4;
    %pushi/vec4 12, 0, 4;
    %cmp/u;
    %jmp/1 T_37.12, 6;
    %dup/vec4;
    %pushi/vec4 13, 0, 4;
    %cmp/u;
    %jmp/1 T_37.13, 6;
    %dup/vec4;
    %pushi/vec4 14, 0, 4;
    %cmp/u;
    %jmp/1 T_37.14, 6;
    %dup/vec4;
    %pushi/vec4 15, 0, 4;
    %cmp/u;
    %jmp/1 T_37.15, 6;
    %pushi/vec4 127, 0, 7;
    %store/vec4 v0xb2f18c460_0, 0, 7;
    %jmp T_37.17;
T_37.0 ;
    %pushi/vec4 64, 0, 7;
    %store/vec4 v0xb2f18c460_0, 0, 7;
    %jmp T_37.17;
T_37.1 ;
    %pushi/vec4 121, 0, 7;
    %store/vec4 v0xb2f18c460_0, 0, 7;
    %jmp T_37.17;
T_37.2 ;
    %pushi/vec4 36, 0, 7;
    %store/vec4 v0xb2f18c460_0, 0, 7;
    %jmp T_37.17;
T_37.3 ;
    %pushi/vec4 48, 0, 7;
    %store/vec4 v0xb2f18c460_0, 0, 7;
    %jmp T_37.17;
T_37.4 ;
    %pushi/vec4 25, 0, 7;
    %store/vec4 v0xb2f18c460_0, 0, 7;
    %jmp T_37.17;
T_37.5 ;
    %pushi/vec4 18, 0, 7;
    %store/vec4 v0xb2f18c460_0, 0, 7;
    %jmp T_37.17;
T_37.6 ;
    %pushi/vec4 2, 0, 7;
    %store/vec4 v0xb2f18c460_0, 0, 7;
    %jmp T_37.17;
T_37.7 ;
    %pushi/vec4 120, 0, 7;
    %store/vec4 v0xb2f18c460_0, 0, 7;
    %jmp T_37.17;
T_37.8 ;
    %pushi/vec4 0, 0, 7;
    %store/vec4 v0xb2f18c460_0, 0, 7;
    %jmp T_37.17;
T_37.9 ;
    %pushi/vec4 16, 0, 7;
    %store/vec4 v0xb2f18c460_0, 0, 7;
    %jmp T_37.17;
T_37.10 ;
    %pushi/vec4 8, 0, 7;
    %store/vec4 v0xb2f18c460_0, 0, 7;
    %jmp T_37.17;
T_37.11 ;
    %pushi/vec4 3, 0, 7;
    %store/vec4 v0xb2f18c460_0, 0, 7;
    %jmp T_37.17;
T_37.12 ;
    %pushi/vec4 70, 0, 7;
    %store/vec4 v0xb2f18c460_0, 0, 7;
    %jmp T_37.17;
T_37.13 ;
    %pushi/vec4 33, 0, 7;
    %store/vec4 v0xb2f18c460_0, 0, 7;
    %jmp T_37.17;
T_37.14 ;
    %pushi/vec4 6, 0, 7;
    %store/vec4 v0xb2f18c460_0, 0, 7;
    %jmp T_37.17;
T_37.15 ;
    %pushi/vec4 14, 0, 7;
    %store/vec4 v0xb2f18c460_0, 0, 7;
    %jmp T_37.17;
T_37.17 ;
    %pop/vec4 1;
    %jmp T_37;
    .thread T_37, $push;
    .scope S_0xb2ecfca80;
T_38 ;
    %wait E_0xb2f15e600;
    %load/vec4 v0xb2f18c640_0;
    %dup/vec4;
    %pushi/vec4 0, 0, 4;
    %cmp/u;
    %jmp/1 T_38.0, 6;
    %dup/vec4;
    %pushi/vec4 1, 0, 4;
    %cmp/u;
    %jmp/1 T_38.1, 6;
    %dup/vec4;
    %pushi/vec4 2, 0, 4;
    %cmp/u;
    %jmp/1 T_38.2, 6;
    %dup/vec4;
    %pushi/vec4 3, 0, 4;
    %cmp/u;
    %jmp/1 T_38.3, 6;
    %dup/vec4;
    %pushi/vec4 4, 0, 4;
    %cmp/u;
    %jmp/1 T_38.4, 6;
    %dup/vec4;
    %pushi/vec4 5, 0, 4;
    %cmp/u;
    %jmp/1 T_38.5, 6;
    %dup/vec4;
    %pushi/vec4 6, 0, 4;
    %cmp/u;
    %jmp/1 T_38.6, 6;
    %dup/vec4;
    %pushi/vec4 7, 0, 4;
    %cmp/u;
    %jmp/1 T_38.7, 6;
    %dup/vec4;
    %pushi/vec4 8, 0, 4;
    %cmp/u;
    %jmp/1 T_38.8, 6;
    %dup/vec4;
    %pushi/vec4 9, 0, 4;
    %cmp/u;
    %jmp/1 T_38.9, 6;
    %dup/vec4;
    %pushi/vec4 10, 0, 4;
    %cmp/u;
    %jmp/1 T_38.10, 6;
    %dup/vec4;
    %pushi/vec4 11, 0, 4;
    %cmp/u;
    %jmp/1 T_38.11, 6;
    %dup/vec4;
    %pushi/vec4 12, 0, 4;
    %cmp/u;
    %jmp/1 T_38.12, 6;
    %dup/vec4;
    %pushi/vec4 13, 0, 4;
    %cmp/u;
    %jmp/1 T_38.13, 6;
    %dup/vec4;
    %pushi/vec4 14, 0, 4;
    %cmp/u;
    %jmp/1 T_38.14, 6;
    %dup/vec4;
    %pushi/vec4 15, 0, 4;
    %cmp/u;
    %jmp/1 T_38.15, 6;
    %pushi/vec4 127, 0, 7;
    %store/vec4 v0xb2f18c5a0_0, 0, 7;
    %jmp T_38.17;
T_38.0 ;
    %pushi/vec4 64, 0, 7;
    %store/vec4 v0xb2f18c5a0_0, 0, 7;
    %jmp T_38.17;
T_38.1 ;
    %pushi/vec4 121, 0, 7;
    %store/vec4 v0xb2f18c5a0_0, 0, 7;
    %jmp T_38.17;
T_38.2 ;
    %pushi/vec4 36, 0, 7;
    %store/vec4 v0xb2f18c5a0_0, 0, 7;
    %jmp T_38.17;
T_38.3 ;
    %pushi/vec4 48, 0, 7;
    %store/vec4 v0xb2f18c5a0_0, 0, 7;
    %jmp T_38.17;
T_38.4 ;
    %pushi/vec4 25, 0, 7;
    %store/vec4 v0xb2f18c5a0_0, 0, 7;
    %jmp T_38.17;
T_38.5 ;
    %pushi/vec4 18, 0, 7;
    %store/vec4 v0xb2f18c5a0_0, 0, 7;
    %jmp T_38.17;
T_38.6 ;
    %pushi/vec4 2, 0, 7;
    %store/vec4 v0xb2f18c5a0_0, 0, 7;
    %jmp T_38.17;
T_38.7 ;
    %pushi/vec4 120, 0, 7;
    %store/vec4 v0xb2f18c5a0_0, 0, 7;
    %jmp T_38.17;
T_38.8 ;
    %pushi/vec4 0, 0, 7;
    %store/vec4 v0xb2f18c5a0_0, 0, 7;
    %jmp T_38.17;
T_38.9 ;
    %pushi/vec4 16, 0, 7;
    %store/vec4 v0xb2f18c5a0_0, 0, 7;
    %jmp T_38.17;
T_38.10 ;
    %pushi/vec4 8, 0, 7;
    %store/vec4 v0xb2f18c5a0_0, 0, 7;
    %jmp T_38.17;
T_38.11 ;
    %pushi/vec4 3, 0, 7;
    %store/vec4 v0xb2f18c5a0_0, 0, 7;
    %jmp T_38.17;
T_38.12 ;
    %pushi/vec4 70, 0, 7;
    %store/vec4 v0xb2f18c5a0_0, 0, 7;
    %jmp T_38.17;
T_38.13 ;
    %pushi/vec4 33, 0, 7;
    %store/vec4 v0xb2f18c5a0_0, 0, 7;
    %jmp T_38.17;
T_38.14 ;
    %pushi/vec4 6, 0, 7;
    %store/vec4 v0xb2f18c5a0_0, 0, 7;
    %jmp T_38.17;
T_38.15 ;
    %pushi/vec4 14, 0, 7;
    %store/vec4 v0xb2f18c5a0_0, 0, 7;
    %jmp T_38.17;
T_38.17 ;
    %pop/vec4 1;
    %jmp T_38;
    .thread T_38, $push;
    .scope S_0xb2ecfcc00;
T_39 ;
    %wait E_0xb2f15e680;
    %load/vec4 v0xb2f18c780_0;
    %dup/vec4;
    %pushi/vec4 0, 0, 4;
    %cmp/u;
    %jmp/1 T_39.0, 6;
    %dup/vec4;
    %pushi/vec4 1, 0, 4;
    %cmp/u;
    %jmp/1 T_39.1, 6;
    %dup/vec4;
    %pushi/vec4 2, 0, 4;
    %cmp/u;
    %jmp/1 T_39.2, 6;
    %dup/vec4;
    %pushi/vec4 3, 0, 4;
    %cmp/u;
    %jmp/1 T_39.3, 6;
    %dup/vec4;
    %pushi/vec4 4, 0, 4;
    %cmp/u;
    %jmp/1 T_39.4, 6;
    %dup/vec4;
    %pushi/vec4 5, 0, 4;
    %cmp/u;
    %jmp/1 T_39.5, 6;
    %dup/vec4;
    %pushi/vec4 6, 0, 4;
    %cmp/u;
    %jmp/1 T_39.6, 6;
    %dup/vec4;
    %pushi/vec4 7, 0, 4;
    %cmp/u;
    %jmp/1 T_39.7, 6;
    %dup/vec4;
    %pushi/vec4 8, 0, 4;
    %cmp/u;
    %jmp/1 T_39.8, 6;
    %dup/vec4;
    %pushi/vec4 9, 0, 4;
    %cmp/u;
    %jmp/1 T_39.9, 6;
    %dup/vec4;
    %pushi/vec4 10, 0, 4;
    %cmp/u;
    %jmp/1 T_39.10, 6;
    %dup/vec4;
    %pushi/vec4 11, 0, 4;
    %cmp/u;
    %jmp/1 T_39.11, 6;
    %dup/vec4;
    %pushi/vec4 12, 0, 4;
    %cmp/u;
    %jmp/1 T_39.12, 6;
    %dup/vec4;
    %pushi/vec4 13, 0, 4;
    %cmp/u;
    %jmp/1 T_39.13, 6;
    %dup/vec4;
    %pushi/vec4 14, 0, 4;
    %cmp/u;
    %jmp/1 T_39.14, 6;
    %dup/vec4;
    %pushi/vec4 15, 0, 4;
    %cmp/u;
    %jmp/1 T_39.15, 6;
    %pushi/vec4 127, 0, 7;
    %store/vec4 v0xb2f18c6e0_0, 0, 7;
    %jmp T_39.17;
T_39.0 ;
    %pushi/vec4 64, 0, 7;
    %store/vec4 v0xb2f18c6e0_0, 0, 7;
    %jmp T_39.17;
T_39.1 ;
    %pushi/vec4 121, 0, 7;
    %store/vec4 v0xb2f18c6e0_0, 0, 7;
    %jmp T_39.17;
T_39.2 ;
    %pushi/vec4 36, 0, 7;
    %store/vec4 v0xb2f18c6e0_0, 0, 7;
    %jmp T_39.17;
T_39.3 ;
    %pushi/vec4 48, 0, 7;
    %store/vec4 v0xb2f18c6e0_0, 0, 7;
    %jmp T_39.17;
T_39.4 ;
    %pushi/vec4 25, 0, 7;
    %store/vec4 v0xb2f18c6e0_0, 0, 7;
    %jmp T_39.17;
T_39.5 ;
    %pushi/vec4 18, 0, 7;
    %store/vec4 v0xb2f18c6e0_0, 0, 7;
    %jmp T_39.17;
T_39.6 ;
    %pushi/vec4 2, 0, 7;
    %store/vec4 v0xb2f18c6e0_0, 0, 7;
    %jmp T_39.17;
T_39.7 ;
    %pushi/vec4 120, 0, 7;
    %store/vec4 v0xb2f18c6e0_0, 0, 7;
    %jmp T_39.17;
T_39.8 ;
    %pushi/vec4 0, 0, 7;
    %store/vec4 v0xb2f18c6e0_0, 0, 7;
    %jmp T_39.17;
T_39.9 ;
    %pushi/vec4 16, 0, 7;
    %store/vec4 v0xb2f18c6e0_0, 0, 7;
    %jmp T_39.17;
T_39.10 ;
    %pushi/vec4 8, 0, 7;
    %store/vec4 v0xb2f18c6e0_0, 0, 7;
    %jmp T_39.17;
T_39.11 ;
    %pushi/vec4 3, 0, 7;
    %store/vec4 v0xb2f18c6e0_0, 0, 7;
    %jmp T_39.17;
T_39.12 ;
    %pushi/vec4 70, 0, 7;
    %store/vec4 v0xb2f18c6e0_0, 0, 7;
    %jmp T_39.17;
T_39.13 ;
    %pushi/vec4 33, 0, 7;
    %store/vec4 v0xb2f18c6e0_0, 0, 7;
    %jmp T_39.17;
T_39.14 ;
    %pushi/vec4 6, 0, 7;
    %store/vec4 v0xb2f18c6e0_0, 0, 7;
    %jmp T_39.17;
T_39.15 ;
    %pushi/vec4 14, 0, 7;
    %store/vec4 v0xb2f18c6e0_0, 0, 7;
    %jmp T_39.17;
T_39.17 ;
    %pop/vec4 1;
    %jmp T_39;
    .thread T_39, $push;
    .scope S_0xb2ecfcd80;
T_40 ;
    %wait E_0xb2f15e700;
    %load/vec4 v0xb2f18c8c0_0;
    %dup/vec4;
    %pushi/vec4 0, 0, 4;
    %cmp/u;
    %jmp/1 T_40.0, 6;
    %dup/vec4;
    %pushi/vec4 1, 0, 4;
    %cmp/u;
    %jmp/1 T_40.1, 6;
    %dup/vec4;
    %pushi/vec4 2, 0, 4;
    %cmp/u;
    %jmp/1 T_40.2, 6;
    %dup/vec4;
    %pushi/vec4 3, 0, 4;
    %cmp/u;
    %jmp/1 T_40.3, 6;
    %dup/vec4;
    %pushi/vec4 4, 0, 4;
    %cmp/u;
    %jmp/1 T_40.4, 6;
    %dup/vec4;
    %pushi/vec4 5, 0, 4;
    %cmp/u;
    %jmp/1 T_40.5, 6;
    %dup/vec4;
    %pushi/vec4 6, 0, 4;
    %cmp/u;
    %jmp/1 T_40.6, 6;
    %dup/vec4;
    %pushi/vec4 7, 0, 4;
    %cmp/u;
    %jmp/1 T_40.7, 6;
    %dup/vec4;
    %pushi/vec4 8, 0, 4;
    %cmp/u;
    %jmp/1 T_40.8, 6;
    %dup/vec4;
    %pushi/vec4 9, 0, 4;
    %cmp/u;
    %jmp/1 T_40.9, 6;
    %dup/vec4;
    %pushi/vec4 10, 0, 4;
    %cmp/u;
    %jmp/1 T_40.10, 6;
    %dup/vec4;
    %pushi/vec4 11, 0, 4;
    %cmp/u;
    %jmp/1 T_40.11, 6;
    %dup/vec4;
    %pushi/vec4 12, 0, 4;
    %cmp/u;
    %jmp/1 T_40.12, 6;
    %dup/vec4;
    %pushi/vec4 13, 0, 4;
    %cmp/u;
    %jmp/1 T_40.13, 6;
    %dup/vec4;
    %pushi/vec4 14, 0, 4;
    %cmp/u;
    %jmp/1 T_40.14, 6;
    %dup/vec4;
    %pushi/vec4 15, 0, 4;
    %cmp/u;
    %jmp/1 T_40.15, 6;
    %pushi/vec4 127, 0, 7;
    %store/vec4 v0xb2f18c820_0, 0, 7;
    %jmp T_40.17;
T_40.0 ;
    %pushi/vec4 64, 0, 7;
    %store/vec4 v0xb2f18c820_0, 0, 7;
    %jmp T_40.17;
T_40.1 ;
    %pushi/vec4 121, 0, 7;
    %store/vec4 v0xb2f18c820_0, 0, 7;
    %jmp T_40.17;
T_40.2 ;
    %pushi/vec4 36, 0, 7;
    %store/vec4 v0xb2f18c820_0, 0, 7;
    %jmp T_40.17;
T_40.3 ;
    %pushi/vec4 48, 0, 7;
    %store/vec4 v0xb2f18c820_0, 0, 7;
    %jmp T_40.17;
T_40.4 ;
    %pushi/vec4 25, 0, 7;
    %store/vec4 v0xb2f18c820_0, 0, 7;
    %jmp T_40.17;
T_40.5 ;
    %pushi/vec4 18, 0, 7;
    %store/vec4 v0xb2f18c820_0, 0, 7;
    %jmp T_40.17;
T_40.6 ;
    %pushi/vec4 2, 0, 7;
    %store/vec4 v0xb2f18c820_0, 0, 7;
    %jmp T_40.17;
T_40.7 ;
    %pushi/vec4 120, 0, 7;
    %store/vec4 v0xb2f18c820_0, 0, 7;
    %jmp T_40.17;
T_40.8 ;
    %pushi/vec4 0, 0, 7;
    %store/vec4 v0xb2f18c820_0, 0, 7;
    %jmp T_40.17;
T_40.9 ;
    %pushi/vec4 16, 0, 7;
    %store/vec4 v0xb2f18c820_0, 0, 7;
    %jmp T_40.17;
T_40.10 ;
    %pushi/vec4 8, 0, 7;
    %store/vec4 v0xb2f18c820_0, 0, 7;
    %jmp T_40.17;
T_40.11 ;
    %pushi/vec4 3, 0, 7;
    %store/vec4 v0xb2f18c820_0, 0, 7;
    %jmp T_40.17;
T_40.12 ;
    %pushi/vec4 70, 0, 7;
    %store/vec4 v0xb2f18c820_0, 0, 7;
    %jmp T_40.17;
T_40.13 ;
    %pushi/vec4 33, 0, 7;
    %store/vec4 v0xb2f18c820_0, 0, 7;
    %jmp T_40.17;
T_40.14 ;
    %pushi/vec4 6, 0, 7;
    %store/vec4 v0xb2f18c820_0, 0, 7;
    %jmp T_40.17;
T_40.15 ;
    %pushi/vec4 14, 0, 7;
    %store/vec4 v0xb2f18c820_0, 0, 7;
    %jmp T_40.17;
T_40.17 ;
    %pop/vec4 1;
    %jmp T_40;
    .thread T_40, $push;
    .scope S_0xb2ecfcf00;
T_41 ;
    %wait E_0xb2f15e780;
    %load/vec4 v0xb2f18ca00_0;
    %dup/vec4;
    %pushi/vec4 0, 0, 4;
    %cmp/u;
    %jmp/1 T_41.0, 6;
    %dup/vec4;
    %pushi/vec4 1, 0, 4;
    %cmp/u;
    %jmp/1 T_41.1, 6;
    %dup/vec4;
    %pushi/vec4 2, 0, 4;
    %cmp/u;
    %jmp/1 T_41.2, 6;
    %dup/vec4;
    %pushi/vec4 3, 0, 4;
    %cmp/u;
    %jmp/1 T_41.3, 6;
    %dup/vec4;
    %pushi/vec4 4, 0, 4;
    %cmp/u;
    %jmp/1 T_41.4, 6;
    %dup/vec4;
    %pushi/vec4 5, 0, 4;
    %cmp/u;
    %jmp/1 T_41.5, 6;
    %dup/vec4;
    %pushi/vec4 6, 0, 4;
    %cmp/u;
    %jmp/1 T_41.6, 6;
    %dup/vec4;
    %pushi/vec4 7, 0, 4;
    %cmp/u;
    %jmp/1 T_41.7, 6;
    %dup/vec4;
    %pushi/vec4 8, 0, 4;
    %cmp/u;
    %jmp/1 T_41.8, 6;
    %dup/vec4;
    %pushi/vec4 9, 0, 4;
    %cmp/u;
    %jmp/1 T_41.9, 6;
    %dup/vec4;
    %pushi/vec4 10, 0, 4;
    %cmp/u;
    %jmp/1 T_41.10, 6;
    %dup/vec4;
    %pushi/vec4 11, 0, 4;
    %cmp/u;
    %jmp/1 T_41.11, 6;
    %dup/vec4;
    %pushi/vec4 12, 0, 4;
    %cmp/u;
    %jmp/1 T_41.12, 6;
    %dup/vec4;
    %pushi/vec4 13, 0, 4;
    %cmp/u;
    %jmp/1 T_41.13, 6;
    %dup/vec4;
    %pushi/vec4 14, 0, 4;
    %cmp/u;
    %jmp/1 T_41.14, 6;
    %dup/vec4;
    %pushi/vec4 15, 0, 4;
    %cmp/u;
    %jmp/1 T_41.15, 6;
    %pushi/vec4 127, 0, 7;
    %store/vec4 v0xb2f18c960_0, 0, 7;
    %jmp T_41.17;
T_41.0 ;
    %pushi/vec4 64, 0, 7;
    %store/vec4 v0xb2f18c960_0, 0, 7;
    %jmp T_41.17;
T_41.1 ;
    %pushi/vec4 121, 0, 7;
    %store/vec4 v0xb2f18c960_0, 0, 7;
    %jmp T_41.17;
T_41.2 ;
    %pushi/vec4 36, 0, 7;
    %store/vec4 v0xb2f18c960_0, 0, 7;
    %jmp T_41.17;
T_41.3 ;
    %pushi/vec4 48, 0, 7;
    %store/vec4 v0xb2f18c960_0, 0, 7;
    %jmp T_41.17;
T_41.4 ;
    %pushi/vec4 25, 0, 7;
    %store/vec4 v0xb2f18c960_0, 0, 7;
    %jmp T_41.17;
T_41.5 ;
    %pushi/vec4 18, 0, 7;
    %store/vec4 v0xb2f18c960_0, 0, 7;
    %jmp T_41.17;
T_41.6 ;
    %pushi/vec4 2, 0, 7;
    %store/vec4 v0xb2f18c960_0, 0, 7;
    %jmp T_41.17;
T_41.7 ;
    %pushi/vec4 120, 0, 7;
    %store/vec4 v0xb2f18c960_0, 0, 7;
    %jmp T_41.17;
T_41.8 ;
    %pushi/vec4 0, 0, 7;
    %store/vec4 v0xb2f18c960_0, 0, 7;
    %jmp T_41.17;
T_41.9 ;
    %pushi/vec4 16, 0, 7;
    %store/vec4 v0xb2f18c960_0, 0, 7;
    %jmp T_41.17;
T_41.10 ;
    %pushi/vec4 8, 0, 7;
    %store/vec4 v0xb2f18c960_0, 0, 7;
    %jmp T_41.17;
T_41.11 ;
    %pushi/vec4 3, 0, 7;
    %store/vec4 v0xb2f18c960_0, 0, 7;
    %jmp T_41.17;
T_41.12 ;
    %pushi/vec4 70, 0, 7;
    %store/vec4 v0xb2f18c960_0, 0, 7;
    %jmp T_41.17;
T_41.13 ;
    %pushi/vec4 33, 0, 7;
    %store/vec4 v0xb2f18c960_0, 0, 7;
    %jmp T_41.17;
T_41.14 ;
    %pushi/vec4 6, 0, 7;
    %store/vec4 v0xb2f18c960_0, 0, 7;
    %jmp T_41.17;
T_41.15 ;
    %pushi/vec4 14, 0, 7;
    %store/vec4 v0xb2f18c960_0, 0, 7;
    %jmp T_41.17;
T_41.17 ;
    %pop/vec4 1;
    %jmp T_41;
    .thread T_41, $push;
    .scope S_0x104acb870;
T_42 ;
    %wait E_0xb2f15ddc0;
    %load/vec4 v0xb2f1986e0_0;
    %load/vec4 v0xb2f198460_0;
    %concat/vec4; draw_concat_vec4
    %load/vec4 v0xb2f198280_0;
    %concat/vec4; draw_concat_vec4
    %load/vec4 v0xb2f198000_0;
    %concat/vec4; draw_concat_vec4
    %load/vec4 v0xb2f198820_0;
    %concat/vec4; draw_concat_vec4
    %store/vec4 v0xb2f1990e0_0, 0, 10;
    %pushi/vec4 0, 0, 1;
    %store/vec4 v0xb2f199e00_0, 0, 1;
    %jmp T_42;
    .thread T_42, $push;
    .scope S_0xb2ecff480;
T_43 ;
    %pushi/vec4 0, 0, 32;
    %store/vec4 v0xb2f1a1540_0, 0, 32;
T_43.0 ; Top of for-loop
    %load/vec4 v0xb2f1a1540_0;
    %cmpi/s 1024, 0, 32;
	  %jmp/0xz T_43.1, 5;
    %pushi/vec4 0, 0, 16;
    %ix/getv/s 4, v0xb2f1a1540_0;
    %store/vec4a v0xb2f1a1680, 4, 0;
T_43.2 ; for-loop step statement
    %load/vec4 v0xb2f1a1540_0;
    %addi 1, 0, 32;
    %store/vec4 v0xb2f1a1540_0, 0, 32;
    %jmp T_43.0;
T_43.1 ; for-loop exit label
    %vpi_call/w 20 23 "$readmemh", P_0x104abd060, v0xb2f1a1680 {0 0 0};
    %end;
    .thread T_43;
    .scope S_0xb2ecff480;
T_44 ;
    %wait E_0xb2f15f2c0;
    %load/vec4 v0xb2f1a1400_0;
    %pad/u 12;
    %ix/vec4 4;
    %load/vec4a v0xb2f1a1680, 4;
    %assign/vec4 v0xb2f1a15e0_0, 0;
    %jmp T_44;
    .thread T_44;
    .scope S_0xb2ecfeb80;
T_45 ;
    %pushi/vec4 0, 0, 32;
    %store/vec4 v0xb2f19be80_0, 0, 32;
T_45.0 ; Top of for-loop
    %load/vec4 v0xb2f19be80_0;
    %cmpi/s 1024, 0, 32;
	  %jmp/0xz T_45.1, 5;
    %pushi/vec4 0, 0, 16;
    %ix/getv/s 4, v0xb2f19be80_0;
    %store/vec4a v0xb2f19bf20, 4, 0;
T_45.2 ; for-loop step statement
    %load/vec4 v0xb2f19be80_0;
    %addi 1, 0, 32;
    %store/vec4 v0xb2f19be80_0, 0, 32;
    %jmp T_45.0;
T_45.1 ; for-loop exit label
    %end;
    .thread T_45;
    .scope S_0xb2ecfeb80;
T_46 ;
    %wait E_0xb2f15f2c0;
    %load/vec4 v0xb2f1a0140_0;
    %flag_set/vec4 8;
    %jmp/0xz  T_46.0, 8;
    %load/vec4 v0xb2f1a00a0_0;
    %load/vec4 v0xb2f19bd40_0;
    %pad/u 12;
    %ix/vec4 3;
    %ix/load 4, 0, 0; Constant delay
    %assign/vec4/a/d v0xb2f19bf20, 0, 4;
    %load/vec4 v0xb2f1a00a0_0;
    %assign/vec4 v0xb2f1a0000_0, 0;
    %jmp T_46.1;
T_46.0 ;
    %load/vec4 v0xb2f19bd40_0;
    %pad/u 12;
    %ix/vec4 4;
    %load/vec4a v0xb2f19bf20, 4;
    %assign/vec4 v0xb2f1a0000_0, 0;
T_46.1 ;
    %jmp T_46;
    .thread T_46;
    .scope S_0xb2ecfed00;
T_47 ;
    %wait E_0xb2f15f200;
    %load/vec4 v0xb2f1a1180_0;
    %flag_set/vec4 8;
    %jmp/0xz  T_47.0, 8;
    %pushi/vec4 256, 0, 16;
    %assign/vec4 v0xb2f1a0fa0_0, 0;
    %pushi/vec4 360, 0, 16;
    %assign/vec4 v0xb2f1a1040_0, 0;
    %pushi/vec4 0, 0, 16;
    %assign/vec4 v0xb2f1a1220_0, 0;
    %pushi/vec4 0, 0, 32;
    %store/vec4 v0xb2f1a0b40_0, 0, 32;
T_47.2 ; Top of for-loop
    %load/vec4 v0xb2f1a0b40_0;
    %cmpi/s 4, 0, 32;
	  %jmp/0xz T_47.3, 5;
    %pushi/vec4 48, 0, 32;
    %load/vec4 v0xb2f1a0b40_0;
    %muli 144, 0, 32;
    %add;
    %pad/u 16;
    %ix/getv/s 3, v0xb2f1a0b40_0;
    %ix/load 4, 0, 0; Constant delay
    %assign/vec4/a/d v0xb2f1a0dc0, 0, 4;
    %pushi/vec4 400, 0, 32;
    %load/vec4 v0xb2f1a0b40_0;
    %muli 88, 0, 32;
    %sub;
    %pad/u 16;
    %ix/getv/s 3, v0xb2f1a0b40_0;
    %ix/load 4, 0, 0; Constant delay
    %assign/vec4/a/d v0xb2f1a0f00, 0, 4;
    %pushi/vec4 24592, 0, 16;
    %ix/getv/s 3, v0xb2f1a0b40_0;
    %ix/load 4, 0, 0; Constant delay
    %assign/vec4/a/d v0xb2f1a0c80, 0, 4;
T_47.4 ; for-loop step statement
    %load/vec4 v0xb2f1a0b40_0;
    %addi 1, 0, 32;
    %store/vec4 v0xb2f1a0b40_0, 0, 32;
    %jmp T_47.2;
T_47.3 ; for-loop exit label
    %jmp T_47.1;
T_47.0 ;
    %load/vec4 v0xb2f1a0a00_0;
    %flag_set/vec4 9;
    %flag_get/vec4 9;
    %jmp/0 T_47.7, 9;
    %load/vec4 v0xb2f1a1360_0;
    %and;
T_47.7;
    %flag_set/vec4 8;
    %jmp/0xz  T_47.5, 8;
    %load/vec4 v0xb2f1a0960_0;
    %dup/vec4;
    %pushi/vec4 32768, 0, 16;
    %cmp/u;
    %jmp/1 T_47.8, 6;
    %dup/vec4;
    %pushi/vec4 32769, 0, 16;
    %cmp/u;
    %jmp/1 T_47.9, 6;
    %dup/vec4;
    %pushi/vec4 33536, 0, 16;
    %cmp/u;
    %jmp/1 T_47.10, 6;
    %pushi/vec4 0, 0, 32;
    %store/vec4 v0xb2f1a0b40_0, 0, 32;
T_47.13 ; Top of for-loop
    %load/vec4 v0xb2f1a0b40_0;
    %cmpi/s 4, 0, 32;
	  %jmp/0xz T_47.14, 5;
    %load/vec4 v0xb2f1a0960_0;
    %pad/u 32;
    %pushi/vec4 32784, 0, 32;
    %load/vec4 v0xb2f1a0b40_0;
    %muli 3, 0, 32;
    %add;
    %addi 0, 0, 32;
    %cmp/e;
    %jmp/0xz  T_47.16, 4;
    %load/vec4 v0xb2f1a12c0_0;
    %ix/getv/s 3, v0xb2f1a0b40_0;
    %ix/load 4, 0, 0; Constant delay
    %assign/vec4/a/d v0xb2f1a0dc0, 0, 4;
T_47.16 ;
    %load/vec4 v0xb2f1a0960_0;
    %pad/u 32;
    %pushi/vec4 32784, 0, 32;
    %load/vec4 v0xb2f1a0b40_0;
    %muli 3, 0, 32;
    %add;
    %addi 1, 0, 32;
    %cmp/e;
    %jmp/0xz  T_47.18, 4;
    %load/vec4 v0xb2f1a12c0_0;
    %ix/getv/s 3, v0xb2f1a0b40_0;
    %ix/load 4, 0, 0; Constant delay
    %assign/vec4/a/d v0xb2f1a0f00, 0, 4;
T_47.18 ;
    %load/vec4 v0xb2f1a0960_0;
    %pad/u 32;
    %pushi/vec4 32784, 0, 32;
    %load/vec4 v0xb2f1a0b40_0;
    %muli 3, 0, 32;
    %add;
    %addi 2, 0, 32;
    %cmp/e;
    %jmp/0xz  T_47.20, 4;
    %load/vec4 v0xb2f1a12c0_0;
    %ix/getv/s 3, v0xb2f1a0b40_0;
    %ix/load 4, 0, 0; Constant delay
    %assign/vec4/a/d v0xb2f1a0c80, 0, 4;
T_47.20 ;
T_47.15 ; for-loop step statement
    %load/vec4 v0xb2f1a0b40_0;
    %addi 1, 0, 32;
    %store/vec4 v0xb2f1a0b40_0, 0, 32;
    %jmp T_47.13;
T_47.14 ; for-loop exit label
    %jmp T_47.12;
T_47.8 ;
    %load/vec4 v0xb2f1a12c0_0;
    %assign/vec4 v0xb2f1a0fa0_0, 0;
    %jmp T_47.12;
T_47.9 ;
    %load/vec4 v0xb2f1a12c0_0;
    %assign/vec4 v0xb2f1a1040_0, 0;
    %jmp T_47.12;
T_47.10 ;
    %load/vec4 v0xb2f1a12c0_0;
    %assign/vec4 v0xb2f1a1220_0, 0;
    %jmp T_47.12;
T_47.12 ;
    %pop/vec4 1;
T_47.5 ;
T_47.1 ;
    %jmp T_47;
    .thread T_47;
    .scope S_0xb2ecfed00;
T_48 ;
    %wait E_0xb2f15f300;
    %pushi/vec4 0, 0, 16;
    %store/vec4 v0xb2f1a10e0_0, 0, 16;
    %load/vec4 v0xb2f1a0960_0;
    %dup/vec4;
    %pushi/vec4 32768, 0, 16;
    %cmp/u;
    %jmp/1 T_48.0, 6;
    %dup/vec4;
    %pushi/vec4 32769, 0, 16;
    %cmp/u;
    %jmp/1 T_48.1, 6;
    %dup/vec4;
    %pushi/vec4 33536, 0, 16;
    %cmp/u;
    %jmp/1 T_48.2, 6;
    %pushi/vec4 0, 0, 32;
    %store/vec4 v0xb2f1a0b40_0, 0, 32;
T_48.5 ; Top of for-loop
    %load/vec4 v0xb2f1a0b40_0;
    %cmpi/s 4, 0, 32;
	  %jmp/0xz T_48.6, 5;
    %load/vec4 v0xb2f1a0960_0;
    %pad/u 32;
    %pushi/vec4 32784, 0, 32;
    %load/vec4 v0xb2f1a0b40_0;
    %muli 3, 0, 32;
    %add;
    %addi 0, 0, 32;
    %cmp/e;
    %jmp/0xz  T_48.8, 4;
    %ix/getv/s 4, v0xb2f1a0b40_0;
    %load/vec4a v0xb2f1a0dc0, 4;
    %store/vec4 v0xb2f1a10e0_0, 0, 16;
T_48.8 ;
    %load/vec4 v0xb2f1a0960_0;
    %pad/u 32;
    %pushi/vec4 32784, 0, 32;
    %load/vec4 v0xb2f1a0b40_0;
    %muli 3, 0, 32;
    %add;
    %addi 1, 0, 32;
    %cmp/e;
    %jmp/0xz  T_48.10, 4;
    %ix/getv/s 4, v0xb2f1a0b40_0;
    %load/vec4a v0xb2f1a0f00, 4;
    %store/vec4 v0xb2f1a10e0_0, 0, 16;
T_48.10 ;
    %load/vec4 v0xb2f1a0960_0;
    %pad/u 32;
    %pushi/vec4 32784, 0, 32;
    %load/vec4 v0xb2f1a0b40_0;
    %muli 3, 0, 32;
    %add;
    %addi 2, 0, 32;
    %cmp/e;
    %jmp/0xz  T_48.12, 4;
    %ix/getv/s 4, v0xb2f1a0b40_0;
    %load/vec4a v0xb2f1a0c80, 4;
    %store/vec4 v0xb2f1a10e0_0, 0, 16;
T_48.12 ;
T_48.7 ; for-loop step statement
    %load/vec4 v0xb2f1a0b40_0;
    %addi 1, 0, 32;
    %store/vec4 v0xb2f1a0b40_0, 0, 32;
    %jmp T_48.5;
T_48.6 ; for-loop exit label
    %jmp T_48.4;
T_48.0 ;
    %load/vec4 v0xb2f1a0fa0_0;
    %store/vec4 v0xb2f1a10e0_0, 0, 16;
    %jmp T_48.4;
T_48.1 ;
    %load/vec4 v0xb2f1a1040_0;
    %store/vec4 v0xb2f1a10e0_0, 0, 16;
    %jmp T_48.4;
T_48.2 ;
    %load/vec4 v0xb2f1a1220_0;
    %store/vec4 v0xb2f1a10e0_0, 0, 16;
    %jmp T_48.4;
T_48.4 ;
    %pop/vec4 1;
    %jmp T_48;
    .thread T_48, $push;
    .scope S_0xb2ecfea00;
T_49 ;
    %wait E_0xb2f15f200;
    %load/vec4 v0xb2f19bac0_0;
    %flag_set/vec4 8;
    %jmp/0xz  T_49.0, 8;
    %pushi/vec4 0, 0, 1;
    %assign/vec4 v0xb2f19b5c0_0, 0;
    %pushi/vec4 0, 0, 1;
    %assign/vec4 v0xb2f19b840_0, 0;
    %pushi/vec4 0, 0, 1;
    %assign/vec4 v0xb2f19b7a0_0, 0;
    %pushi/vec4 0, 0, 4;
    %assign/vec4 v0xb2f19bb60_0, 0;
    %pushi/vec4 32, 0, 8;
    %assign/vec4 v0xb2f19b980_0, 0;
    %pushi/vec4 0, 0, 16;
    %assign/vec4 v0xb2f19b660_0, 0;
    %jmp T_49.1;
T_49.0 ;
    %load/vec4 v0xb2f19b520_0;
    %flag_set/vec4 8;
    %jmp/0xz  T_49.2, 8;
    %pushi/vec4 0, 0, 1;
    %assign/vec4 v0xb2f19b5c0_0, 0;
T_49.2 ;
    %load/vec4 v0xb2f19b3e0_0;
    %flag_set/vec4 9;
    %flag_get/vec4 9;
    %jmp/0 T_49.6, 9;
    %load/vec4 v0xb2f19bca0_0;
    %and;
T_49.6;
    %flag_set/vec4 8;
    %jmp/0xz  T_49.4, 8;
    %load/vec4 v0xb2f19b2a0_0;
    %dup/vec4;
    %pushi/vec4 33024, 0, 16;
    %cmp/u;
    %jmp/1 T_49.7, 6;
    %dup/vec4;
    %pushi/vec4 33025, 0, 16;
    %cmp/u;
    %jmp/1 T_49.8, 6;
    %dup/vec4;
    %pushi/vec4 33027, 0, 16;
    %cmp/u;
    %jmp/1 T_49.9, 6;
    %jmp T_49.10;
T_49.7 ;
    %load/vec4 v0xb2f19bc00_0;
    %parti/s 1, 0, 2;
    %assign/vec4 v0xb2f19b840_0, 0;
    %load/vec4 v0xb2f19bc00_0;
    %parti/s 1, 1, 2;
    %assign/vec4 v0xb2f19b7a0_0, 0;
    %load/vec4 v0xb2f19bc00_0;
    %parti/s 4, 4, 4;
    %assign/vec4 v0xb2f19bb60_0, 0;
    %load/vec4 v0xb2f19bc00_0;
    %assign/vec4 v0xb2f19b660_0, 0;
    %load/vec4 v0xb2f19bc00_0;
    %parti/s 1, 2, 3;
    %flag_set/vec4 8;
    %jmp/0xz  T_49.11, 8;
    %pushi/vec4 1, 0, 1;
    %assign/vec4 v0xb2f19b5c0_0, 0;
T_49.11 ;
    %jmp T_49.10;
T_49.8 ;
    %load/vec4 v0xb2f19bc00_0;
    %parti/s 8, 0, 2;
    %assign/vec4 v0xb2f19b980_0, 0;
    %load/vec4 v0xb2f19bc00_0;
    %assign/vec4 v0xb2f19b660_0, 0;
    %jmp T_49.10;
T_49.9 ;
    %load/vec4 v0xb2f19bc00_0;
    %assign/vec4 v0xb2f19b660_0, 0;
    %jmp T_49.10;
T_49.10 ;
    %pop/vec4 1;
T_49.4 ;
T_49.1 ;
    %jmp T_49;
    .thread T_49;
    .scope S_0xb2ecfea00;
T_50 ;
    %wait E_0xb2f15f1c0;
    %load/vec4 v0xb2f19b2a0_0;
    %dup/vec4;
    %pushi/vec4 33024, 0, 16;
    %cmp/u;
    %jmp/1 T_50.0, 6;
    %dup/vec4;
    %pushi/vec4 33025, 0, 16;
    %cmp/u;
    %jmp/1 T_50.1, 6;
    %dup/vec4;
    %pushi/vec4 33026, 0, 16;
    %cmp/u;
    %jmp/1 T_50.2, 6;
    %dup/vec4;
    %pushi/vec4 33027, 0, 16;
    %cmp/u;
    %jmp/1 T_50.3, 6;
    %pushi/vec4 0, 0, 16;
    %store/vec4 v0xb2f19ba20_0, 0, 16;
    %jmp T_50.5;
T_50.0 ;
    %pushi/vec4 0, 0, 8;
    %load/vec4 v0xb2f19bb60_0;
    %concat/vec4; draw_concat_vec4
    %load/vec4 v0xb2f19b5c0_0;
    %concat/vec4; draw_concat_vec4
    %load/vec4 v0xb2f19b7a0_0;
    %concat/vec4; draw_concat_vec4
    %load/vec4 v0xb2f19b840_0;
    %concat/vec4; draw_concat_vec4
    %pad/u 16;
    %store/vec4 v0xb2f19ba20_0, 0, 16;
    %jmp T_50.5;
T_50.1 ;
    %pushi/vec4 0, 0, 8;
    %load/vec4 v0xb2f19b980_0;
    %concat/vec4; draw_concat_vec4
    %store/vec4 v0xb2f19ba20_0, 0, 16;
    %jmp T_50.5;
T_50.2 ;
    %pushi/vec4 0, 0, 12;
    %load/vec4 v0xb2f19b5c0_0;
    %concat/vec4; draw_concat_vec4
    %load/vec4 v0xb2f19b8e0_0;
    %concat/vec4; draw_concat_vec4
    %load/vec4 v0xb2f19b700_0;
    %concat/vec4; draw_concat_vec4
    %load/vec4 v0xb2f19b340_0;
    %concat/vec4; draw_concat_vec4
    %store/vec4 v0xb2f19ba20_0, 0, 16;
    %jmp T_50.5;
T_50.3 ;
    %load/vec4 v0xb2f19b660_0;
    %store/vec4 v0xb2f19ba20_0, 0, 16;
    %jmp T_50.5;
T_50.5 ;
    %pop/vec4 1;
    %jmp T_50;
    .thread T_50, $push;
    .scope S_0xb2ecfe880;
T_51 ;
    %wait E_0xb2f15f180;
    %load/vec4 v0xb2f1a1720_0;
    %cmpi/u 0, 0, 16;
    %flag_inv 5; GE is !LT
    %flag_get/vec4 5;
    %jmp/0 T_51.0, 5;
    %load/vec4 v0xb2f1a1720_0;
    %cmpi/u 1023, 0, 16;
    %flag_get/vec4 4;
    %flag_get/vec4 5;
    %or;
    %and;
T_51.0;
    %store/vec4 v0xb2f1a2800_0, 0, 1;
    %load/vec4 v0xb2f1a1720_0;
    %cmpi/u 1024, 0, 16;
    %flag_inv 5; GE is !LT
    %flag_get/vec4 5;
    %jmp/0 T_51.1, 5;
    %load/vec4 v0xb2f1a1720_0;
    %cmpi/u 2047, 0, 16;
    %flag_get/vec4 4;
    %flag_get/vec4 5;
    %or;
    %and;
T_51.1;
    %store/vec4 v0xb2f1a2620_0, 0, 1;
    %load/vec4 v0xb2f1a1720_0;
    %cmpi/e 32768, 0, 16;
    %jmp/1 T_51.4, 4;
    %flag_mov 8, 4;
    %load/vec4 v0xb2f1a1720_0;
    %cmpi/e 32769, 0, 16;
    %flag_or 4, 8;
T_51.4;
    %jmp/1 T_51.3, 4;
    %flag_mov 8, 4;
    %load/vec4 v0xb2f1a1720_0;
    %cmpi/e 33536, 0, 16;
    %flag_or 4, 8;
T_51.3;
    %flag_get/vec4 4;
    %jmp/1 T_51.2, 4;
    %load/vec4 v0xb2f1a1720_0;
    %cmpi/u 32784, 0, 16;
    %flag_inv 5; GE is !LT
    %flag_get/vec4 5;
    %jmp/0 T_51.5, 5;
    %load/vec4 v0xb2f1a1720_0;
    %pad/u 32;
    %cmpi/u 32796, 0, 32;
    %flag_get/vec4 5;
    %and;
T_51.5;
    %or;
T_51.2;
    %store/vec4 v0xb2f1a1fe0_0, 0, 1;
    %load/vec4 v0xb2f1a1720_0;
    %cmpi/u 33024, 0, 16;
    %flag_inv 5; GE is !LT
    %flag_get/vec4 5;
    %jmp/0 T_51.6, 5;
    %load/vec4 v0xb2f1a1720_0;
    %cmpi/u 33027, 0, 16;
    %flag_get/vec4 4;
    %flag_get/vec4 5;
    %or;
    %and;
T_51.6;
    %store/vec4 v0xb2f1a1d60_0, 0, 1;
    %load/vec4 v0xb2f1a1720_0;
    %cmpi/e 33280, 0, 16;
    %flag_get/vec4 4;
    %jmp/1 T_51.7, 4;
    %load/vec4 v0xb2f1a1720_0;
    %pushi/vec4 33281, 0, 16;
    %cmp/e;
    %flag_get/vec4 4;
    %or;
T_51.7;
    %store/vec4 v0xb2f1a2120_0, 0, 1;
    %load/vec4 v0xb2f1a1720_0;
    %cmpi/e 33280, 0, 16;
    %jmp/0xz  T_51.8, 4;
    %pushi/vec4 0, 0, 12;
    %load/vec4 v0xb2f1a24e0_0;
    %concat/vec4; draw_concat_vec4
    %store/vec4 v0xb2f1a2080_0, 0, 16;
    %jmp T_51.9;
T_51.8 ;
    %load/vec4 v0xb2f1a1720_0;
    %cmpi/e 33281, 0, 16;
    %jmp/0xz  T_51.10, 4;
    %pushi/vec4 0, 0, 6;
    %load/vec4 v0xb2f1a29e0_0;
    %concat/vec4; draw_concat_vec4
    %store/vec4 v0xb2f1a2080_0, 0, 16;
    %jmp T_51.11;
T_51.10 ;
    %pushi/vec4 0, 0, 16;
    %store/vec4 v0xb2f1a2080_0, 0, 16;
T_51.11 ;
T_51.9 ;
    %pushi/vec4 1, 0, 1;
    %dup/vec4;
    %load/vec4 v0xb2f1a2800_0;
    %cmp/u;
    %jmp/1 T_51.12, 6;
    %dup/vec4;
    %load/vec4 v0xb2f1a2620_0;
    %cmp/u;
    %jmp/1 T_51.13, 6;
    %dup/vec4;
    %load/vec4 v0xb2f1a1fe0_0;
    %cmp/u;
    %jmp/1 T_51.14, 6;
    %dup/vec4;
    %load/vec4 v0xb2f1a1d60_0;
    %cmp/u;
    %jmp/1 T_51.15, 6;
    %dup/vec4;
    %load/vec4 v0xb2f1a2120_0;
    %cmp/u;
    %jmp/1 T_51.16, 6;
    %pushi/vec4 0, 0, 16;
    %store/vec4 v0xb2f1a26c0_0, 0, 16;
    %jmp T_51.18;
T_51.12 ;
    %load/vec4 v0xb2f1a2760_0;
    %store/vec4 v0xb2f1a26c0_0, 0, 16;
    %jmp T_51.18;
T_51.13 ;
    %load/vec4 v0xb2f1a2580_0;
    %store/vec4 v0xb2f1a26c0_0, 0, 16;
    %jmp T_51.18;
T_51.14 ;
    %load/vec4 v0xb2f1a1f40_0;
    %store/vec4 v0xb2f1a26c0_0, 0, 16;
    %jmp T_51.18;
T_51.15 ;
    %load/vec4 v0xb2f1a1cc0_0;
    %store/vec4 v0xb2f1a26c0_0, 0, 16;
    %jmp T_51.18;
T_51.16 ;
    %load/vec4 v0xb2f1a2080_0;
    %store/vec4 v0xb2f1a26c0_0, 0, 16;
    %jmp T_51.18;
T_51.18 ;
    %pop/vec4 1;
    %jmp T_51;
    .thread T_51, $push;
    .scope S_0x104acbf50;
T_52 ;
    %delay 5000, 0;
    %load/vec4 v0xb2f1a3340_0;
    %inv;
    %store/vec4 v0xb2f1a3340_0, 0, 1;
    %jmp T_52;
    .thread T_52;
    .scope S_0x104acbf50;
T_53 ;
    %pushi/vec4 0, 0, 1;
    %store/vec4 v0xb2f1a3340_0, 0, 1;
    %pushi/vec4 1, 0, 1;
    %store/vec4 v0xb2f1a3840_0, 0, 1;
    %pushi/vec4 0, 0, 16;
    %store/vec4 v0xb2f1a2d00_0, 0, 16;
    %pushi/vec4 0, 0, 16;
    %store/vec4 v0xb2f1a3a20_0, 0, 16;
    %pushi/vec4 0, 0, 1;
    %store/vec4 v0xb2f1a3ac0_0, 0, 1;
    %pushi/vec4 10, 0, 4;
    %store/vec4 v0xb2f1a3700_0, 0, 4;
    %pushi/vec4 341, 0, 10;
    %store/vec4 v0xb2f1a3980_0, 0, 10;
    %pushi/vec4 0, 0, 1;
    %store/vec4 v0xb2f1a2da0_0, 0, 1;
    %pushi/vec4 0, 0, 1;
    %store/vec4 v0xb2f1a2f80_0, 0, 1;
    %pushi/vec4 0, 0, 1;
    %store/vec4 v0xb2f1a3160_0, 0, 1;
    %pushi/vec4 0, 0, 1;
    %store/vec4 v0xb2f1a2e40_0, 0, 1;
    %pushi/vec4 2, 0, 32;
T_53.0 %dup/vec4;
    %cmpi/s 0, 0, 32;
    %jmp/1xz T_53.1, 5;
    %jmp/1 T_53.1, 4;
    %subi 1, 0, 32;
    %wait E_0xb2f15f600;
    %jmp T_53.0;
T_53.1 ;
    %pop/vec4 1;
    %pushi/vec4 0, 0, 1;
    %store/vec4 v0xb2f1a3840_0, 0, 1;
    %pushi/vec4 32768, 0, 16;
    %store/vec4 v0xb2f1a2bc0_0, 0, 16;
    %pushi/vec4 111, 0, 16;
    %store/vec4 v0xb2f1a2c60_0, 0, 16;
    %fork TD_tb_mmio_decode.write_word, S_0xb2ecff600;
    %join;
    %pushi/vec4 32768, 0, 16;
    %store/vec4 v0xb2f1a2d00_0, 0, 16;
    %delay 1000, 0;
    %load/vec4 v0xb2f1a37a0_0;
    %cmpi/ne 111, 0, 16;
    %jmp/0xz  T_53.2, 6;
    %vpi_call/w 27 93 "$display", "tb_mmio_decode failed: PLAYER_X readback mismatch" {0 0 0};
    %vpi_call/w 27 94 "$finish" {0 0 0};
T_53.2 ;
    %pushi/vec4 32791, 0, 16;
    %store/vec4 v0xb2f1a2bc0_0, 0, 16;
    %pushi/vec4 222, 0, 16;
    %store/vec4 v0xb2f1a2c60_0, 0, 16;
    %fork TD_tb_mmio_decode.write_word, S_0xb2ecff600;
    %join;
    %pushi/vec4 32791, 0, 16;
    %store/vec4 v0xb2f1a2d00_0, 0, 16;
    %delay 1000, 0;
    %load/vec4 v0xb2f1a37a0_0;
    %cmpi/ne 222, 0, 16;
    %jmp/0xz  T_53.4, 6;
    %vpi_call/w 27 101 "$display", "tb_mmio_decode failed: platform register readback mismatch" {0 0 0};
    %vpi_call/w 27 102 "$finish" {0 0 0};
T_53.4 ;
    %pushi/vec4 33025, 0, 16;
    %store/vec4 v0xb2f1a2bc0_0, 0, 16;
    %pushi/vec4 77, 0, 16;
    %store/vec4 v0xb2f1a2c60_0, 0, 16;
    %fork TD_tb_mmio_decode.write_word, S_0xb2ecff600;
    %join;
    %pushi/vec4 33025, 0, 16;
    %store/vec4 v0xb2f1a2d00_0, 0, 16;
    %delay 1000, 0;
    %load/vec4 v0xb2f1a3200_0;
    %cmpi/ne 77, 0, 8;
    %jmp/0xz  T_53.6, 6;
    %vpi_call/w 27 109 "$display", "tb_mmio_decode failed: audio pitch register mismatch" {0 0 0};
    %vpi_call/w 27 110 "$finish" {0 0 0};
T_53.6 ;
    %pushi/vec4 33024, 0, 16;
    %store/vec4 v0xb2f1a2bc0_0, 0, 16;
    %pushi/vec4 53, 0, 16;
    %store/vec4 v0xb2f1a2c60_0, 0, 16;
    %fork TD_tb_mmio_decode.write_word, S_0xb2ecff600;
    %join;
    %pushi/vec4 33024, 0, 16;
    %store/vec4 v0xb2f1a2d00_0, 0, 16;
    %delay 1000, 0;
    %load/vec4 v0xb2f1a30c0_0;
    %cmpi/ne 1, 0, 1;
    %jmp/0xz  T_53.8, 6;
    %vpi_call/w 27 117 "$display", "tb_mmio_decode failed: audio enable bit did not latch" {0 0 0};
    %vpi_call/w 27 118 "$finish" {0 0 0};
T_53.8 ;
    %load/vec4 v0xb2f1a2ee0_0;
    %cmpi/ne 1, 0, 1;
    %jmp/0xz  T_53.10, 6;
    %vpi_call/w 27 122 "$display", "tb_mmio_decode failed: audio configure request not raised" {0 0 0};
    %vpi_call/w 27 123 "$finish" {0 0 0};
T_53.10 ;
    %pushi/vec4 1, 0, 1;
    %store/vec4 v0xb2f1a2e40_0, 0, 1;
    %wait E_0xb2f15f600;
    %pushi/vec4 0, 0, 1;
    %store/vec4 v0xb2f1a2e40_0, 0, 1;
    %delay 1000, 0;
    %load/vec4 v0xb2f1a2ee0_0;
    %cmpi/ne 0, 0, 1;
    %jmp/0xz  T_53.12, 6;
    %vpi_call/w 27 131 "$display", "tb_mmio_decode failed: audio configure request did not clear after ack" {0 0 0};
    %vpi_call/w 27 132 "$finish" {0 0 0};
T_53.12 ;
    %pushi/vec4 33280, 0, 16;
    %store/vec4 v0xb2f1a2d00_0, 0, 16;
    %delay 1000, 0;
    %load/vec4 v0xb2f1a37a0_0;
    %parti/s 4, 0, 2;
    %load/vec4 v0xb2f1a3700_0;
    %cmp/ne;
    %jmp/0xz  T_53.14, 6;
    %vpi_call/w 27 138 "$display", "tb_mmio_decode failed: buttons MMIO mismatch" {0 0 0};
    %vpi_call/w 27 139 "$finish" {0 0 0};
T_53.14 ;
    %pushi/vec4 33281, 0, 16;
    %store/vec4 v0xb2f1a2d00_0, 0, 16;
    %delay 1000, 0;
    %load/vec4 v0xb2f1a37a0_0;
    %parti/s 10, 0, 2;
    %load/vec4 v0xb2f1a3980_0;
    %cmp/ne;
    %jmp/0xz  T_53.16, 6;
    %vpi_call/w 27 145 "$display", "tb_mmio_decode failed: switches MMIO mismatch" {0 0 0};
    %vpi_call/w 27 146 "$finish" {0 0 0};
T_53.16 ;
    %vpi_call/w 27 149 "$display", "tb_mmio_decode passed" {0 0 0};
    %vpi_call/w 27 150 "$finish" {0 0 0};
    %end;
    .thread T_53;
# The file index is used to find the file name in the following table.
:file_names 28;
    "N/A";
    "<interactive>";
    "-";
    "doodle_jump.v";
    "rtl/top/doodle_jump_top.sv";
    "rtl/audio/audio_subsystem.sv";
    "audio/audio_configurator_select.v";
    "audio/i2c_controller.v";
    "rtl/audio/simple_audio_output.sv";
    "rtl/common/input_synchronizer.sv";
    "rtl/cpu/cpu_core.sv";
    "rtl/cpu/alu.sv";
    "rtl/cpu/control_unit.sv";
    "rtl/cpu/instruction_decoder.sv";
    "rtl/cpu/register_file.sv";
    "rtl/common/hex_decoder.sv";
    "rtl/game/mem_router.sv";
    "rtl/audio/audio_regs.sv";
    "rtl/common/sync_ram.sv";
    "rtl/game/game_regs.sv";
    "rtl/common/program_rom.sv";
    "rtl/video/vga_subsystem.sv";
    "rtl/video/background_renderer.sv";
    "rtl/video/platform_renderer.sv";
    "rtl/video/player_renderer.sv";
    "rtl/video/video_compositor.sv";
    "rtl/video/video_timing.sv";
    "sim/tb_mmio_decode.sv";
