-- begin_signature
-- memory(DATA_WIDTH
-- 16
-- ADDR_WIDTH
-- 12)
-- end_signature
WIDTH=16;
DEPTH=4096;

ADDRESS_RADIX=UNS;
DATA_RADIX=BIN;

CONTENT BEGIN
	4095 :	XXXXXXXXXXXXXXXX;
	4094 :	XXXXXXXXXXXXXXXX;
	4093 :	XXXXXXXXXXXXXXXX;
	4092 :	XXXXXXXXXXXXXXXX;
	4091 :	XXXXXXXXXXXXXXXX;
	4090 :	XXXXXXXXXXXXXXXX;
	4089 :	XXXXXXXXXXXXXXXX;
	4088 :	XXXXXXXXXXXXXXXX;
	4087 :	XXXXXXXXXXXXXXXX;
	4086 :	XXXXXXXXXXXXXXXX;
	4085 :	XXXXXXXXXXXXXXXX;
	4084 :	XXXXXXXXXXXXXXXX;
	4083 :	XXXXXXXXXXXXXXXX;
	4082 :	XXXXXXXXXXXXXXXX;
	4081 :	XXXXXXXXXXXXXXXX;
	4080 :	XXXXXXXXXXXXXXXX;
	4079 :	XXXXXXXXXXXXXXXX;
	4078 :	XXXXXXXXXXXXXXXX;
	4077 :	XXXXXXXXXXXXXXXX;
	4076 :	XXXXXXXXXXXXXXXX;
	4075 :	XXXXXXXXXXXXXXXX;
	4074 :	XXXXXXXXXXXXXXXX;
	4073 :	XXXXXXXXXXXXXXXX;
	4072 :	XXXXXXXXXXXXXXXX;
	4071 :	XXXXXXXXXXXXXXXX;
	4070 :	XXXXXXXXXXXXXXXX;
	4069 :	XXXXXXXXXXXXXXXX;
	4068 :	XXXXXXXXXXXXXXXX;
	4067 :	XXXXXXXXXXXXXXXX;
	4066 :	XXXXXXXXXXXXXXXX;
	4065 :	XXXXXXXXXXXXXXXX;
	4064 :	XXXXXXXXXXXXXXXX;
	4063 :	XXXXXXXXXXXXXXXX;
	4062 :	XXXXXXXXXXXXXXXX;
	4061 :	XXXXXXXXXXXXXXXX;
	4060 :	XXXXXXXXXXXXXXXX;
	4059 :	XXXXXXXXXXXXXXXX;
	4058 :	XXXXXXXXXXXXXXXX;
	4057 :	XXXXXXXXXXXXXXXX;
	4056 :	XXXXXXXXXXXXXXXX;
	4055 :	XXXXXXXXXXXXXXXX;
	4054 :	XXXXXXXXXXXXXXXX;
	4053 :	XXXXXXXXXXXXXXXX;
	4052 :	XXXXXXXXXXXXXXXX;
	4051 :	XXXXXXXXXXXXXXXX;
	4050 :	XXXXXXXXXXXXXXXX;
	4049 :	XXXXXXXXXXXXXXXX;
	4048 :	XXXXXXXXXXXXXXXX;
	4047 :	XXXXXXXXXXXXXXXX;
	4046 :	XXXXXXXXXXXXXXXX;
	4045 :	XXXXXXXXXXXXXXXX;
	4044 :	XXXXXXXXXXXXXXXX;
	4043 :	XXXXXXXXXXXXXXXX;
	4042 :	XXXXXXXXXXXXXXXX;
	4041 :	XXXXXXXXXXXXXXXX;
	4040 :	XXXXXXXXXXXXXXXX;
	4039 :	XXXXXXXXXXXXXXXX;
	4038 :	XXXXXXXXXXXXXXXX;
	4037 :	XXXXXXXXXXXXXXXX;
	4036 :	XXXXXXXXXXXXXXXX;
	4035 :	XXXXXXXXXXXXXXXX;
	4034 :	XXXXXXXXXXXXXXXX;
	4033 :	XXXXXXXXXXXXXXXX;
	4032 :	XXXXXXXXXXXXXXXX;
	4031 :	XXXXXXXXXXXXXXXX;
	4030 :	XXXXXXXXXXXXXXXX;
	4029 :	XXXXXXXXXXXXXXXX;
	4028 :	XXXXXXXXXXXXXXXX;
	4027 :	XXXXXXXXXXXXXXXX;
	4026 :	XXXXXXXXXXXXXXXX;
	4025 :	XXXXXXXXXXXXXXXX;
	4024 :	XXXXXXXXXXXXXXXX;
	4023 :	XXXXXXXXXXXXXXXX;
	4022 :	XXXXXXXXXXXXXXXX;
	4021 :	XXXXXXXXXXXXXXXX;
	4020 :	XXXXXXXXXXXXXXXX;
	4019 :	XXXXXXXXXXXXXXXX;
	4018 :	XXXXXXXXXXXXXXXX;
	4017 :	XXXXXXXXXXXXXXXX;
	4016 :	XXXXXXXXXXXXXXXX;
	4015 :	XXXXXXXXXXXXXXXX;
	4014 :	XXXXXXXXXXXXXXXX;
	4013 :	XXXXXXXXXXXXXXXX;
	4012 :	XXXXXXXXXXXXXXXX;
	4011 :	XXXXXXXXXXXXXXXX;
	4010 :	XXXXXXXXXXXXXXXX;
	4009 :	XXXXXXXXXXXXXXXX;
	4008 :	XXXXXXXXXXXXXXXX;
	4007 :	XXXXXXXXXXXXXXXX;
	4006 :	XXXXXXXXXXXXXXXX;
	4005 :	XXXXXXXXXXXXXXXX;
	4004 :	XXXXXXXXXXXXXXXX;
	4003 :	XXXXXXXXXXXXXXXX;
	4002 :	XXXXXXXXXXXXXXXX;
	4001 :	XXXXXXXXXXXXXXXX;
	4000 :	XXXXXXXXXXXXXXXX;
	3999 :	XXXXXXXXXXXXXXXX;
	3998 :	XXXXXXXXXXXXXXXX;
	3997 :	XXXXXXXXXXXXXXXX;
	3996 :	XXXXXXXXXXXXXXXX;
	3995 :	XXXXXXXXXXXXXXXX;
	3994 :	XXXXXXXXXXXXXXXX;
	3993 :	XXXXXXXXXXXXXXXX;
	3992 :	XXXXXXXXXXXXXXXX;
	3991 :	XXXXXXXXXXXXXXXX;
	3990 :	XXXXXXXXXXXXXXXX;
	3989 :	XXXXXXXXXXXXXXXX;
	3988 :	XXXXXXXXXXXXXXXX;
	3987 :	XXXXXXXXXXXXXXXX;
	3986 :	XXXXXXXXXXXXXXXX;
	3985 :	XXXXXXXXXXXXXXXX;
	3984 :	XXXXXXXXXXXXXXXX;
	3983 :	XXXXXXXXXXXXXXXX;
	3982 :	XXXXXXXXXXXXXXXX;
	3981 :	XXXXXXXXXXXXXXXX;
	3980 :	XXXXXXXXXXXXXXXX;
	3979 :	XXXXXXXXXXXXXXXX;
	3978 :	XXXXXXXXXXXXXXXX;
	3977 :	XXXXXXXXXXXXXXXX;
	3976 :	XXXXXXXXXXXXXXXX;
	3975 :	XXXXXXXXXXXXXXXX;
	3974 :	XXXXXXXXXXXXXXXX;
	3973 :	XXXXXXXXXXXXXXXX;
	3972 :	XXXXXXXXXXXXXXXX;
	3971 :	XXXXXXXXXXXXXXXX;
	3970 :	XXXXXXXXXXXXXXXX;
	3969 :	XXXXXXXXXXXXXXXX;
	3968 :	XXXXXXXXXXXXXXXX;
	3967 :	XXXXXXXXXXXXXXXX;
	3966 :	XXXXXXXXXXXXXXXX;
	3965 :	XXXXXXXXXXXXXXXX;
	3964 :	XXXXXXXXXXXXXXXX;
	3963 :	XXXXXXXXXXXXXXXX;
	3962 :	XXXXXXXXXXXXXXXX;
	3961 :	XXXXXXXXXXXXXXXX;
	3960 :	XXXXXXXXXXXXXXXX;
	3959 :	XXXXXXXXXXXXXXXX;
	3958 :	XXXXXXXXXXXXXXXX;
	3957 :	XXXXXXXXXXXXXXXX;
	3956 :	XXXXXXXXXXXXXXXX;
	3955 :	XXXXXXXXXXXXXXXX;
	3954 :	XXXXXXXXXXXXXXXX;
	3953 :	XXXXXXXXXXXXXXXX;
	3952 :	XXXXXXXXXXXXXXXX;
	3951 :	XXXXXXXXXXXXXXXX;
	3950 :	XXXXXXXXXXXXXXXX;
	3949 :	XXXXXXXXXXXXXXXX;
	3948 :	XXXXXXXXXXXXXXXX;
	3947 :	XXXXXXXXXXXXXXXX;
	3946 :	XXXXXXXXXXXXXXXX;
	3945 :	XXXXXXXXXXXXXXXX;
	3944 :	XXXXXXXXXXXXXXXX;
	3943 :	XXXXXXXXXXXXXXXX;
	3942 :	XXXXXXXXXXXXXXXX;
	3941 :	XXXXXXXXXXXXXXXX;
	3940 :	XXXXXXXXXXXXXXXX;
	3939 :	XXXXXXXXXXXXXXXX;
	3938 :	XXXXXXXXXXXXXXXX;
	3937 :	XXXXXXXXXXXXXXXX;
	3936 :	XXXXXXXXXXXXXXXX;
	3935 :	XXXXXXXXXXXXXXXX;
	3934 :	XXXXXXXXXXXXXXXX;
	3933 :	XXXXXXXXXXXXXXXX;
	3932 :	XXXXXXXXXXXXXXXX;
	3931 :	XXXXXXXXXXXXXXXX;
	3930 :	XXXXXXXXXXXXXXXX;
	3929 :	XXXXXXXXXXXXXXXX;
	3928 :	XXXXXXXXXXXXXXXX;
	3927 :	XXXXXXXXXXXXXXXX;
	3926 :	XXXXXXXXXXXXXXXX;
	3925 :	XXXXXXXXXXXXXXXX;
	3924 :	XXXXXXXXXXXXXXXX;
	3923 :	XXXXXXXXXXXXXXXX;
	3922 :	XXXXXXXXXXXXXXXX;
	3921 :	XXXXXXXXXXXXXXXX;
	3920 :	XXXXXXXXXXXXXXXX;
	3919 :	XXXXXXXXXXXXXXXX;
	3918 :	XXXXXXXXXXXXXXXX;
	3917 :	XXXXXXXXXXXXXXXX;
	3916 :	XXXXXXXXXXXXXXXX;
	3915 :	XXXXXXXXXXXXXXXX;
	3914 :	XXXXXXXXXXXXXXXX;
	3913 :	XXXXXXXXXXXXXXXX;
	3912 :	XXXXXXXXXXXXXXXX;
	3911 :	XXXXXXXXXXXXXXXX;
	3910 :	XXXXXXXXXXXXXXXX;
	3909 :	XXXXXXXXXXXXXXXX;
	3908 :	XXXXXXXXXXXXXXXX;
	3907 :	XXXXXXXXXXXXXXXX;
	3906 :	XXXXXXXXXXXXXXXX;
	3905 :	XXXXXXXXXXXXXXXX;
	3904 :	XXXXXXXXXXXXXXXX;
	3903 :	XXXXXXXXXXXXXXXX;
	3902 :	XXXXXXXXXXXXXXXX;
	3901 :	XXXXXXXXXXXXXXXX;
	3900 :	XXXXXXXXXXXXXXXX;
	3899 :	XXXXXXXXXXXXXXXX;
	3898 :	XXXXXXXXXXXXXXXX;
	3897 :	XXXXXXXXXXXXXXXX;
	3896 :	XXXXXXXXXXXXXXXX;
	3895 :	XXXXXXXXXXXXXXXX;
	3894 :	XXXXXXXXXXXXXXXX;
	3893 :	XXXXXXXXXXXXXXXX;
	3892 :	XXXXXXXXXXXXXXXX;
	3891 :	XXXXXXXXXXXXXXXX;
	3890 :	XXXXXXXXXXXXXXXX;
	3889 :	XXXXXXXXXXXXXXXX;
	3888 :	XXXXXXXXXXXXXXXX;
	3887 :	XXXXXXXXXXXXXXXX;
	3886 :	XXXXXXXXXXXXXXXX;
	3885 :	XXXXXXXXXXXXXXXX;
	3884 :	XXXXXXXXXXXXXXXX;
	3883 :	XXXXXXXXXXXXXXXX;
	3882 :	XXXXXXXXXXXXXXXX;
	3881 :	XXXXXXXXXXXXXXXX;
	3880 :	XXXXXXXXXXXXXXXX;
	3879 :	XXXXXXXXXXXXXXXX;
	3878 :	XXXXXXXXXXXXXXXX;
	3877 :	XXXXXXXXXXXXXXXX;
	3876 :	XXXXXXXXXXXXXXXX;
	3875 :	XXXXXXXXXXXXXXXX;
	3874 :	XXXXXXXXXXXXXXXX;
	3873 :	XXXXXXXXXXXXXXXX;
	3872 :	XXXXXXXXXXXXXXXX;
	3871 :	XXXXXXXXXXXXXXXX;
	3870 :	XXXXXXXXXXXXXXXX;
	3869 :	XXXXXXXXXXXXXXXX;
	3868 :	XXXXXXXXXXXXXXXX;
	3867 :	XXXXXXXXXXXXXXXX;
	3866 :	XXXXXXXXXXXXXXXX;
	3865 :	XXXXXXXXXXXXXXXX;
	3864 :	XXXXXXXXXXXXXXXX;
	3863 :	XXXXXXXXXXXXXXXX;
	3862 :	XXXXXXXXXXXXXXXX;
	3861 :	XXXXXXXXXXXXXXXX;
	3860 :	XXXXXXXXXXXXXXXX;
	3859 :	XXXXXXXXXXXXXXXX;
	3858 :	XXXXXXXXXXXXXXXX;
	3857 :	XXXXXXXXXXXXXXXX;
	3856 :	XXXXXXXXXXXXXXXX;
	3855 :	XXXXXXXXXXXXXXXX;
	3854 :	XXXXXXXXXXXXXXXX;
	3853 :	XXXXXXXXXXXXXXXX;
	3852 :	XXXXXXXXXXXXXXXX;
	3851 :	XXXXXXXXXXXXXXXX;
	3850 :	XXXXXXXXXXXXXXXX;
	3849 :	XXXXXXXXXXXXXXXX;
	3848 :	XXXXXXXXXXXXXXXX;
	3847 :	XXXXXXXXXXXXXXXX;
	3846 :	XXXXXXXXXXXXXXXX;
	3845 :	XXXXXXXXXXXXXXXX;
	3844 :	XXXXXXXXXXXXXXXX;
	3843 :	XXXXXXXXXXXXXXXX;
	3842 :	XXXXXXXXXXXXXXXX;
	3841 :	XXXXXXXXXXXXXXXX;
	3840 :	XXXXXXXXXXXXXXXX;
	3839 :	XXXXXXXXXXXXXXXX;
	3838 :	XXXXXXXXXXXXXXXX;
	3837 :	XXXXXXXXXXXXXXXX;
	3836 :	XXXXXXXXXXXXXXXX;
	3835 :	XXXXXXXXXXXXXXXX;
	3834 :	XXXXXXXXXXXXXXXX;
	3833 :	XXXXXXXXXXXXXXXX;
	3832 :	XXXXXXXXXXXXXXXX;
	3831 :	XXXXXXXXXXXXXXXX;
	3830 :	XXXXXXXXXXXXXXXX;
	3829 :	XXXXXXXXXXXXXXXX;
	3828 :	XXXXXXXXXXXXXXXX;
	3827 :	XXXXXXXXXXXXXXXX;
	3826 :	XXXXXXXXXXXXXXXX;
	3825 :	XXXXXXXXXXXXXXXX;
	3824 :	XXXXXXXXXXXXXXXX;
	3823 :	XXXXXXXXXXXXXXXX;
	3822 :	XXXXXXXXXXXXXXXX;
	3821 :	XXXXXXXXXXXXXXXX;
	3820 :	XXXXXXXXXXXXXXXX;
	3819 :	XXXXXXXXXXXXXXXX;
	3818 :	XXXXXXXXXXXXXXXX;
	3817 :	XXXXXXXXXXXXXXXX;
	3816 :	XXXXXXXXXXXXXXXX;
	3815 :	XXXXXXXXXXXXXXXX;
	3814 :	XXXXXXXXXXXXXXXX;
	3813 :	XXXXXXXXXXXXXXXX;
	3812 :	XXXXXXXXXXXXXXXX;
	3811 :	XXXXXXXXXXXXXXXX;
	3810 :	XXXXXXXXXXXXXXXX;
	3809 :	XXXXXXXXXXXXXXXX;
	3808 :	XXXXXXXXXXXXXXXX;
	3807 :	XXXXXXXXXXXXXXXX;
	3806 :	XXXXXXXXXXXXXXXX;
	3805 :	XXXXXXXXXXXXXXXX;
	3804 :	XXXXXXXXXXXXXXXX;
	3803 :	XXXXXXXXXXXXXXXX;
	3802 :	XXXXXXXXXXXXXXXX;
	3801 :	XXXXXXXXXXXXXXXX;
	3800 :	XXXXXXXXXXXXXXXX;
	3799 :	XXXXXXXXXXXXXXXX;
	3798 :	XXXXXXXXXXXXXXXX;
	3797 :	XXXXXXXXXXXXXXXX;
	3796 :	XXXXXXXXXXXXXXXX;
	3795 :	XXXXXXXXXXXXXXXX;
	3794 :	XXXXXXXXXXXXXXXX;
	3793 :	XXXXXXXXXXXXXXXX;
	3792 :	XXXXXXXXXXXXXXXX;
	3791 :	XXXXXXXXXXXXXXXX;
	3790 :	XXXXXXXXXXXXXXXX;
	3789 :	XXXXXXXXXXXXXXXX;
	3788 :	XXXXXXXXXXXXXXXX;
	3787 :	XXXXXXXXXXXXXXXX;
	3786 :	XXXXXXXXXXXXXXXX;
	3785 :	XXXXXXXXXXXXXXXX;
	3784 :	XXXXXXXXXXXXXXXX;
	3783 :	XXXXXXXXXXXXXXXX;
	3782 :	XXXXXXXXXXXXXXXX;
	3781 :	XXXXXXXXXXXXXXXX;
	3780 :	XXXXXXXXXXXXXXXX;
	3779 :	XXXXXXXXXXXXXXXX;
	3778 :	XXXXXXXXXXXXXXXX;
	3777 :	XXXXXXXXXXXXXXXX;
	3776 :	XXXXXXXXXXXXXXXX;
	3775 :	XXXXXXXXXXXXXXXX;
	3774 :	XXXXXXXXXXXXXXXX;
	3773 :	XXXXXXXXXXXXXXXX;
	3772 :	XXXXXXXXXXXXXXXX;
	3771 :	XXXXXXXXXXXXXXXX;
	3770 :	XXXXXXXXXXXXXXXX;
	3769 :	XXXXXXXXXXXXXXXX;
	3768 :	XXXXXXXXXXXXXXXX;
	3767 :	XXXXXXXXXXXXXXXX;
	3766 :	XXXXXXXXXXXXXXXX;
	3765 :	XXXXXXXXXXXXXXXX;
	3764 :	XXXXXXXXXXXXXXXX;
	3763 :	XXXXXXXXXXXXXXXX;
	3762 :	XXXXXXXXXXXXXXXX;
	3761 :	XXXXXXXXXXXXXXXX;
	3760 :	XXXXXXXXXXXXXXXX;
	3759 :	XXXXXXXXXXXXXXXX;
	3758 :	XXXXXXXXXXXXXXXX;
	3757 :	XXXXXXXXXXXXXXXX;
	3756 :	XXXXXXXXXXXXXXXX;
	3755 :	XXXXXXXXXXXXXXXX;
	3754 :	XXXXXXXXXXXXXXXX;
	3753 :	XXXXXXXXXXXXXXXX;
	3752 :	XXXXXXXXXXXXXXXX;
	3751 :	XXXXXXXXXXXXXXXX;
	3750 :	XXXXXXXXXXXXXXXX;
	3749 :	XXXXXXXXXXXXXXXX;
	3748 :	XXXXXXXXXXXXXXXX;
	3747 :	XXXXXXXXXXXXXXXX;
	3746 :	XXXXXXXXXXXXXXXX;
	3745 :	XXXXXXXXXXXXXXXX;
	3744 :	XXXXXXXXXXXXXXXX;
	3743 :	XXXXXXXXXXXXXXXX;
	3742 :	XXXXXXXXXXXXXXXX;
	3741 :	XXXXXXXXXXXXXXXX;
	3740 :	XXXXXXXXXXXXXXXX;
	3739 :	XXXXXXXXXXXXXXXX;
	3738 :	XXXXXXXXXXXXXXXX;
	3737 :	XXXXXXXXXXXXXXXX;
	3736 :	XXXXXXXXXXXXXXXX;
	3735 :	XXXXXXXXXXXXXXXX;
	3734 :	XXXXXXXXXXXXXXXX;
	3733 :	XXXXXXXXXXXXXXXX;
	3732 :	XXXXXXXXXXXXXXXX;
	3731 :	XXXXXXXXXXXXXXXX;
	3730 :	XXXXXXXXXXXXXXXX;
	3729 :	XXXXXXXXXXXXXXXX;
	3728 :	XXXXXXXXXXXXXXXX;
	3727 :	XXXXXXXXXXXXXXXX;
	3726 :	XXXXXXXXXXXXXXXX;
	3725 :	XXXXXXXXXXXXXXXX;
	3724 :	XXXXXXXXXXXXXXXX;
	3723 :	XXXXXXXXXXXXXXXX;
	3722 :	XXXXXXXXXXXXXXXX;
	3721 :	XXXXXXXXXXXXXXXX;
	3720 :	XXXXXXXXXXXXXXXX;
	3719 :	XXXXXXXXXXXXXXXX;
	3718 :	XXXXXXXXXXXXXXXX;
	3717 :	XXXXXXXXXXXXXXXX;
	3716 :	XXXXXXXXXXXXXXXX;
	3715 :	XXXXXXXXXXXXXXXX;
	3714 :	XXXXXXXXXXXXXXXX;
	3713 :	XXXXXXXXXXXXXXXX;
	3712 :	XXXXXXXXXXXXXXXX;
	3711 :	XXXXXXXXXXXXXXXX;
	3710 :	XXXXXXXXXXXXXXXX;
	3709 :	XXXXXXXXXXXXXXXX;
	3708 :	XXXXXXXXXXXXXXXX;
	3707 :	XXXXXXXXXXXXXXXX;
	3706 :	XXXXXXXXXXXXXXXX;
	3705 :	XXXXXXXXXXXXXXXX;
	3704 :	XXXXXXXXXXXXXXXX;
	3703 :	XXXXXXXXXXXXXXXX;
	3702 :	XXXXXXXXXXXXXXXX;
	3701 :	XXXXXXXXXXXXXXXX;
	3700 :	XXXXXXXXXXXXXXXX;
	3699 :	XXXXXXXXXXXXXXXX;
	3698 :	XXXXXXXXXXXXXXXX;
	3697 :	XXXXXXXXXXXXXXXX;
	3696 :	XXXXXXXXXXXXXXXX;
	3695 :	XXXXXXXXXXXXXXXX;
	3694 :	XXXXXXXXXXXXXXXX;
	3693 :	XXXXXXXXXXXXXXXX;
	3692 :	XXXXXXXXXXXXXXXX;
	3691 :	XXXXXXXXXXXXXXXX;
	3690 :	XXXXXXXXXXXXXXXX;
	3689 :	XXXXXXXXXXXXXXXX;
	3688 :	XXXXXXXXXXXXXXXX;
	3687 :	XXXXXXXXXXXXXXXX;
	3686 :	XXXXXXXXXXXXXXXX;
	3685 :	XXXXXXXXXXXXXXXX;
	3684 :	XXXXXXXXXXXXXXXX;
	3683 :	XXXXXXXXXXXXXXXX;
	3682 :	XXXXXXXXXXXXXXXX;
	3681 :	XXXXXXXXXXXXXXXX;
	3680 :	XXXXXXXXXXXXXXXX;
	3679 :	XXXXXXXXXXXXXXXX;
	3678 :	XXXXXXXXXXXXXXXX;
	3677 :	XXXXXXXXXXXXXXXX;
	3676 :	XXXXXXXXXXXXXXXX;
	3675 :	XXXXXXXXXXXXXXXX;
	3674 :	XXXXXXXXXXXXXXXX;
	3673 :	XXXXXXXXXXXXXXXX;
	3672 :	XXXXXXXXXXXXXXXX;
	3671 :	XXXXXXXXXXXXXXXX;
	3670 :	XXXXXXXXXXXXXXXX;
	3669 :	XXXXXXXXXXXXXXXX;
	3668 :	XXXXXXXXXXXXXXXX;
	3667 :	XXXXXXXXXXXXXXXX;
	3666 :	XXXXXXXXXXXXXXXX;
	3665 :	XXXXXXXXXXXXXXXX;
	3664 :	XXXXXXXXXXXXXXXX;
	3663 :	XXXXXXXXXXXXXXXX;
	3662 :	XXXXXXXXXXXXXXXX;
	3661 :	XXXXXXXXXXXXXXXX;
	3660 :	XXXXXXXXXXXXXXXX;
	3659 :	XXXXXXXXXXXXXXXX;
	3658 :	XXXXXXXXXXXXXXXX;
	3657 :	XXXXXXXXXXXXXXXX;
	3656 :	XXXXXXXXXXXXXXXX;
	3655 :	XXXXXXXXXXXXXXXX;
	3654 :	XXXXXXXXXXXXXXXX;
	3653 :	XXXXXXXXXXXXXXXX;
	3652 :	XXXXXXXXXXXXXXXX;
	3651 :	XXXXXXXXXXXXXXXX;
	3650 :	XXXXXXXXXXXXXXXX;
	3649 :	XXXXXXXXXXXXXXXX;
	3648 :	XXXXXXXXXXXXXXXX;
	3647 :	XXXXXXXXXXXXXXXX;
	3646 :	XXXXXXXXXXXXXXXX;
	3645 :	XXXXXXXXXXXXXXXX;
	3644 :	XXXXXXXXXXXXXXXX;
	3643 :	XXXXXXXXXXXXXXXX;
	3642 :	XXXXXXXXXXXXXXXX;
	3641 :	XXXXXXXXXXXXXXXX;
	3640 :	XXXXXXXXXXXXXXXX;
	3639 :	XXXXXXXXXXXXXXXX;
	3638 :	XXXXXXXXXXXXXXXX;
	3637 :	XXXXXXXXXXXXXXXX;
	3636 :	XXXXXXXXXXXXXXXX;
	3635 :	XXXXXXXXXXXXXXXX;
	3634 :	XXXXXXXXXXXXXXXX;
	3633 :	XXXXXXXXXXXXXXXX;
	3632 :	XXXXXXXXXXXXXXXX;
	3631 :	XXXXXXXXXXXXXXXX;
	3630 :	XXXXXXXXXXXXXXXX;
	3629 :	XXXXXXXXXXXXXXXX;
	3628 :	XXXXXXXXXXXXXXXX;
	3627 :	XXXXXXXXXXXXXXXX;
	3626 :	XXXXXXXXXXXXXXXX;
	3625 :	XXXXXXXXXXXXXXXX;
	3624 :	XXXXXXXXXXXXXXXX;
	3623 :	XXXXXXXXXXXXXXXX;
	3622 :	XXXXXXXXXXXXXXXX;
	3621 :	XXXXXXXXXXXXXXXX;
	3620 :	XXXXXXXXXXXXXXXX;
	3619 :	XXXXXXXXXXXXXXXX;
	3618 :	XXXXXXXXXXXXXXXX;
	3617 :	XXXXXXXXXXXXXXXX;
	3616 :	XXXXXXXXXXXXXXXX;
	3615 :	XXXXXXXXXXXXXXXX;
	3614 :	XXXXXXXXXXXXXXXX;
	3613 :	XXXXXXXXXXXXXXXX;
	3612 :	XXXXXXXXXXXXXXXX;
	3611 :	XXXXXXXXXXXXXXXX;
	3610 :	XXXXXXXXXXXXXXXX;
	3609 :	XXXXXXXXXXXXXXXX;
	3608 :	XXXXXXXXXXXXXXXX;
	3607 :	XXXXXXXXXXXXXXXX;
	3606 :	XXXXXXXXXXXXXXXX;
	3605 :	XXXXXXXXXXXXXXXX;
	3604 :	XXXXXXXXXXXXXXXX;
	3603 :	XXXXXXXXXXXXXXXX;
	3602 :	XXXXXXXXXXXXXXXX;
	3601 :	XXXXXXXXXXXXXXXX;
	3600 :	XXXXXXXXXXXXXXXX;
	3599 :	XXXXXXXXXXXXXXXX;
	3598 :	XXXXXXXXXXXXXXXX;
	3597 :	XXXXXXXXXXXXXXXX;
	3596 :	XXXXXXXXXXXXXXXX;
	3595 :	XXXXXXXXXXXXXXXX;
	3594 :	XXXXXXXXXXXXXXXX;
	3593 :	XXXXXXXXXXXXXXXX;
	3592 :	XXXXXXXXXXXXXXXX;
	3591 :	XXXXXXXXXXXXXXXX;
	3590 :	XXXXXXXXXXXXXXXX;
	3589 :	XXXXXXXXXXXXXXXX;
	3588 :	XXXXXXXXXXXXXXXX;
	3587 :	XXXXXXXXXXXXXXXX;
	3586 :	XXXXXXXXXXXXXXXX;
	3585 :	XXXXXXXXXXXXXXXX;
	3584 :	XXXXXXXXXXXXXXXX;
	3583 :	XXXXXXXXXXXXXXXX;
	3582 :	XXXXXXXXXXXXXXXX;
	3581 :	XXXXXXXXXXXXXXXX;
	3580 :	XXXXXXXXXXXXXXXX;
	3579 :	XXXXXXXXXXXXXXXX;
	3578 :	XXXXXXXXXXXXXXXX;
	3577 :	XXXXXXXXXXXXXXXX;
	3576 :	XXXXXXXXXXXXXXXX;
	3575 :	XXXXXXXXXXXXXXXX;
	3574 :	XXXXXXXXXXXXXXXX;
	3573 :	XXXXXXXXXXXXXXXX;
	3572 :	XXXXXXXXXXXXXXXX;
	3571 :	XXXXXXXXXXXXXXXX;
	3570 :	XXXXXXXXXXXXXXXX;
	3569 :	XXXXXXXXXXXXXXXX;
	3568 :	XXXXXXXXXXXXXXXX;
	3567 :	XXXXXXXXXXXXXXXX;
	3566 :	XXXXXXXXXXXXXXXX;
	3565 :	XXXXXXXXXXXXXXXX;
	3564 :	XXXXXXXXXXXXXXXX;
	3563 :	XXXXXXXXXXXXXXXX;
	3562 :	XXXXXXXXXXXXXXXX;
	3561 :	XXXXXXXXXXXXXXXX;
	3560 :	XXXXXXXXXXXXXXXX;
	3559 :	XXXXXXXXXXXXXXXX;
	3558 :	XXXXXXXXXXXXXXXX;
	3557 :	XXXXXXXXXXXXXXXX;
	3556 :	XXXXXXXXXXXXXXXX;
	3555 :	XXXXXXXXXXXXXXXX;
	3554 :	XXXXXXXXXXXXXXXX;
	3553 :	XXXXXXXXXXXXXXXX;
	3552 :	XXXXXXXXXXXXXXXX;
	3551 :	XXXXXXXXXXXXXXXX;
	3550 :	XXXXXXXXXXXXXXXX;
	3549 :	XXXXXXXXXXXXXXXX;
	3548 :	XXXXXXXXXXXXXXXX;
	3547 :	XXXXXXXXXXXXXXXX;
	3546 :	XXXXXXXXXXXXXXXX;
	3545 :	XXXXXXXXXXXXXXXX;
	3544 :	XXXXXXXXXXXXXXXX;
	3543 :	XXXXXXXXXXXXXXXX;
	3542 :	XXXXXXXXXXXXXXXX;
	3541 :	XXXXXXXXXXXXXXXX;
	3540 :	XXXXXXXXXXXXXXXX;
	3539 :	XXXXXXXXXXXXXXXX;
	3538 :	XXXXXXXXXXXXXXXX;
	3537 :	XXXXXXXXXXXXXXXX;
	3536 :	XXXXXXXXXXXXXXXX;
	3535 :	XXXXXXXXXXXXXXXX;
	3534 :	XXXXXXXXXXXXXXXX;
	3533 :	XXXXXXXXXXXXXXXX;
	3532 :	XXXXXXXXXXXXXXXX;
	3531 :	XXXXXXXXXXXXXXXX;
	3530 :	XXXXXXXXXXXXXXXX;
	3529 :	XXXXXXXXXXXXXXXX;
	3528 :	XXXXXXXXXXXXXXXX;
	3527 :	XXXXXXXXXXXXXXXX;
	3526 :	XXXXXXXXXXXXXXXX;
	3525 :	XXXXXXXXXXXXXXXX;
	3524 :	XXXXXXXXXXXXXXXX;
	3523 :	XXXXXXXXXXXXXXXX;
	3522 :	XXXXXXXXXXXXXXXX;
	3521 :	XXXXXXXXXXXXXXXX;
	3520 :	XXXXXXXXXXXXXXXX;
	3519 :	XXXXXXXXXXXXXXXX;
	3518 :	XXXXXXXXXXXXXXXX;
	3517 :	XXXXXXXXXXXXXXXX;
	3516 :	XXXXXXXXXXXXXXXX;
	3515 :	XXXXXXXXXXXXXXXX;
	3514 :	XXXXXXXXXXXXXXXX;
	3513 :	XXXXXXXXXXXXXXXX;
	3512 :	XXXXXXXXXXXXXXXX;
	3511 :	XXXXXXXXXXXXXXXX;
	3510 :	XXXXXXXXXXXXXXXX;
	3509 :	XXXXXXXXXXXXXXXX;
	3508 :	XXXXXXXXXXXXXXXX;
	3507 :	XXXXXXXXXXXXXXXX;
	3506 :	XXXXXXXXXXXXXXXX;
	3505 :	XXXXXXXXXXXXXXXX;
	3504 :	XXXXXXXXXXXXXXXX;
	3503 :	XXXXXXXXXXXXXXXX;
	3502 :	XXXXXXXXXXXXXXXX;
	3501 :	XXXXXXXXXXXXXXXX;
	3500 :	XXXXXXXXXXXXXXXX;
	3499 :	XXXXXXXXXXXXXXXX;
	3498 :	XXXXXXXXXXXXXXXX;
	3497 :	XXXXXXXXXXXXXXXX;
	3496 :	XXXXXXXXXXXXXXXX;
	3495 :	XXXXXXXXXXXXXXXX;
	3494 :	XXXXXXXXXXXXXXXX;
	3493 :	XXXXXXXXXXXXXXXX;
	3492 :	XXXXXXXXXXXXXXXX;
	3491 :	XXXXXXXXXXXXXXXX;
	3490 :	XXXXXXXXXXXXXXXX;
	3489 :	XXXXXXXXXXXXXXXX;
	3488 :	XXXXXXXXXXXXXXXX;
	3487 :	XXXXXXXXXXXXXXXX;
	3486 :	XXXXXXXXXXXXXXXX;
	3485 :	XXXXXXXXXXXXXXXX;
	3484 :	XXXXXXXXXXXXXXXX;
	3483 :	XXXXXXXXXXXXXXXX;
	3482 :	XXXXXXXXXXXXXXXX;
	3481 :	XXXXXXXXXXXXXXXX;
	3480 :	XXXXXXXXXXXXXXXX;
	3479 :	XXXXXXXXXXXXXXXX;
	3478 :	XXXXXXXXXXXXXXXX;
	3477 :	XXXXXXXXXXXXXXXX;
	3476 :	XXXXXXXXXXXXXXXX;
	3475 :	XXXXXXXXXXXXXXXX;
	3474 :	XXXXXXXXXXXXXXXX;
	3473 :	XXXXXXXXXXXXXXXX;
	3472 :	XXXXXXXXXXXXXXXX;
	3471 :	XXXXXXXXXXXXXXXX;
	3470 :	XXXXXXXXXXXXXXXX;
	3469 :	XXXXXXXXXXXXXXXX;
	3468 :	XXXXXXXXXXXXXXXX;
	3467 :	XXXXXXXXXXXXXXXX;
	3466 :	XXXXXXXXXXXXXXXX;
	3465 :	XXXXXXXXXXXXXXXX;
	3464 :	XXXXXXXXXXXXXXXX;
	3463 :	XXXXXXXXXXXXXXXX;
	3462 :	XXXXXXXXXXXXXXXX;
	3461 :	XXXXXXXXXXXXXXXX;
	3460 :	XXXXXXXXXXXXXXXX;
	3459 :	XXXXXXXXXXXXXXXX;
	3458 :	XXXXXXXXXXXXXXXX;
	3457 :	XXXXXXXXXXXXXXXX;
	3456 :	XXXXXXXXXXXXXXXX;
	3455 :	XXXXXXXXXXXXXXXX;
	3454 :	XXXXXXXXXXXXXXXX;
	3453 :	XXXXXXXXXXXXXXXX;
	3452 :	XXXXXXXXXXXXXXXX;
	3451 :	XXXXXXXXXXXXXXXX;
	3450 :	XXXXXXXXXXXXXXXX;
	3449 :	XXXXXXXXXXXXXXXX;
	3448 :	XXXXXXXXXXXXXXXX;
	3447 :	XXXXXXXXXXXXXXXX;
	3446 :	XXXXXXXXXXXXXXXX;
	3445 :	XXXXXXXXXXXXXXXX;
	3444 :	XXXXXXXXXXXXXXXX;
	3443 :	XXXXXXXXXXXXXXXX;
	3442 :	XXXXXXXXXXXXXXXX;
	3441 :	XXXXXXXXXXXXXXXX;
	3440 :	XXXXXXXXXXXXXXXX;
	3439 :	XXXXXXXXXXXXXXXX;
	3438 :	XXXXXXXXXXXXXXXX;
	3437 :	XXXXXXXXXXXXXXXX;
	3436 :	XXXXXXXXXXXXXXXX;
	3435 :	XXXXXXXXXXXXXXXX;
	3434 :	XXXXXXXXXXXXXXXX;
	3433 :	XXXXXXXXXXXXXXXX;
	3432 :	XXXXXXXXXXXXXXXX;
	3431 :	XXXXXXXXXXXXXXXX;
	3430 :	XXXXXXXXXXXXXXXX;
	3429 :	XXXXXXXXXXXXXXXX;
	3428 :	XXXXXXXXXXXXXXXX;
	3427 :	XXXXXXXXXXXXXXXX;
	3426 :	XXXXXXXXXXXXXXXX;
	3425 :	XXXXXXXXXXXXXXXX;
	3424 :	XXXXXXXXXXXXXXXX;
	3423 :	XXXXXXXXXXXXXXXX;
	3422 :	XXXXXXXXXXXXXXXX;
	3421 :	XXXXXXXXXXXXXXXX;
	3420 :	XXXXXXXXXXXXXXXX;
	3419 :	XXXXXXXXXXXXXXXX;
	3418 :	XXXXXXXXXXXXXXXX;
	3417 :	XXXXXXXXXXXXXXXX;
	3416 :	XXXXXXXXXXXXXXXX;
	3415 :	XXXXXXXXXXXXXXXX;
	3414 :	XXXXXXXXXXXXXXXX;
	3413 :	XXXXXXXXXXXXXXXX;
	3412 :	XXXXXXXXXXXXXXXX;
	3411 :	XXXXXXXXXXXXXXXX;
	3410 :	XXXXXXXXXXXXXXXX;
	3409 :	XXXXXXXXXXXXXXXX;
	3408 :	XXXXXXXXXXXXXXXX;
	3407 :	XXXXXXXXXXXXXXXX;
	3406 :	XXXXXXXXXXXXXXXX;
	3405 :	XXXXXXXXXXXXXXXX;
	3404 :	XXXXXXXXXXXXXXXX;
	3403 :	XXXXXXXXXXXXXXXX;
	3402 :	XXXXXXXXXXXXXXXX;
	3401 :	XXXXXXXXXXXXXXXX;
	3400 :	XXXXXXXXXXXXXXXX;
	3399 :	XXXXXXXXXXXXXXXX;
	3398 :	XXXXXXXXXXXXXXXX;
	3397 :	XXXXXXXXXXXXXXXX;
	3396 :	XXXXXXXXXXXXXXXX;
	3395 :	XXXXXXXXXXXXXXXX;
	3394 :	XXXXXXXXXXXXXXXX;
	3393 :	XXXXXXXXXXXXXXXX;
	3392 :	XXXXXXXXXXXXXXXX;
	3391 :	XXXXXXXXXXXXXXXX;
	3390 :	XXXXXXXXXXXXXXXX;
	3389 :	XXXXXXXXXXXXXXXX;
	3388 :	XXXXXXXXXXXXXXXX;
	3387 :	XXXXXXXXXXXXXXXX;
	3386 :	XXXXXXXXXXXXXXXX;
	3385 :	XXXXXXXXXXXXXXXX;
	3384 :	XXXXXXXXXXXXXXXX;
	3383 :	XXXXXXXXXXXXXXXX;
	3382 :	XXXXXXXXXXXXXXXX;
	3381 :	XXXXXXXXXXXXXXXX;
	3380 :	XXXXXXXXXXXXXXXX;
	3379 :	XXXXXXXXXXXXXXXX;
	3378 :	XXXXXXXXXXXXXXXX;
	3377 :	XXXXXXXXXXXXXXXX;
	3376 :	XXXXXXXXXXXXXXXX;
	3375 :	XXXXXXXXXXXXXXXX;
	3374 :	XXXXXXXXXXXXXXXX;
	3373 :	XXXXXXXXXXXXXXXX;
	3372 :	XXXXXXXXXXXXXXXX;
	3371 :	XXXXXXXXXXXXXXXX;
	3370 :	XXXXXXXXXXXXXXXX;
	3369 :	XXXXXXXXXXXXXXXX;
	3368 :	XXXXXXXXXXXXXXXX;
	3367 :	XXXXXXXXXXXXXXXX;
	3366 :	XXXXXXXXXXXXXXXX;
	3365 :	XXXXXXXXXXXXXXXX;
	3364 :	XXXXXXXXXXXXXXXX;
	3363 :	XXXXXXXXXXXXXXXX;
	3362 :	XXXXXXXXXXXXXXXX;
	3361 :	XXXXXXXXXXXXXXXX;
	3360 :	XXXXXXXXXXXXXXXX;
	3359 :	XXXXXXXXXXXXXXXX;
	3358 :	XXXXXXXXXXXXXXXX;
	3357 :	XXXXXXXXXXXXXXXX;
	3356 :	XXXXXXXXXXXXXXXX;
	3355 :	XXXXXXXXXXXXXXXX;
	3354 :	XXXXXXXXXXXXXXXX;
	3353 :	XXXXXXXXXXXXXXXX;
	3352 :	XXXXXXXXXXXXXXXX;
	3351 :	XXXXXXXXXXXXXXXX;
	3350 :	XXXXXXXXXXXXXXXX;
	3349 :	XXXXXXXXXXXXXXXX;
	3348 :	XXXXXXXXXXXXXXXX;
	3347 :	XXXXXXXXXXXXXXXX;
	3346 :	XXXXXXXXXXXXXXXX;
	3345 :	XXXXXXXXXXXXXXXX;
	3344 :	XXXXXXXXXXXXXXXX;
	3343 :	XXXXXXXXXXXXXXXX;
	3342 :	XXXXXXXXXXXXXXXX;
	3341 :	XXXXXXXXXXXXXXXX;
	3340 :	XXXXXXXXXXXXXXXX;
	3339 :	XXXXXXXXXXXXXXXX;
	3338 :	XXXXXXXXXXXXXXXX;
	3337 :	XXXXXXXXXXXXXXXX;
	3336 :	XXXXXXXXXXXXXXXX;
	3335 :	XXXXXXXXXXXXXXXX;
	3334 :	XXXXXXXXXXXXXXXX;
	3333 :	XXXXXXXXXXXXXXXX;
	3332 :	XXXXXXXXXXXXXXXX;
	3331 :	XXXXXXXXXXXXXXXX;
	3330 :	XXXXXXXXXXXXXXXX;
	3329 :	XXXXXXXXXXXXXXXX;
	3328 :	XXXXXXXXXXXXXXXX;
	3327 :	XXXXXXXXXXXXXXXX;
	3326 :	XXXXXXXXXXXXXXXX;
	3325 :	XXXXXXXXXXXXXXXX;
	3324 :	XXXXXXXXXXXXXXXX;
	3323 :	XXXXXXXXXXXXXXXX;
	3322 :	XXXXXXXXXXXXXXXX;
	3321 :	XXXXXXXXXXXXXXXX;
	3320 :	XXXXXXXXXXXXXXXX;
	3319 :	XXXXXXXXXXXXXXXX;
	3318 :	XXXXXXXXXXXXXXXX;
	3317 :	XXXXXXXXXXXXXXXX;
	3316 :	XXXXXXXXXXXXXXXX;
	3315 :	XXXXXXXXXXXXXXXX;
	3314 :	XXXXXXXXXXXXXXXX;
	3313 :	XXXXXXXXXXXXXXXX;
	3312 :	XXXXXXXXXXXXXXXX;
	3311 :	XXXXXXXXXXXXXXXX;
	3310 :	XXXXXXXXXXXXXXXX;
	3309 :	XXXXXXXXXXXXXXXX;
	3308 :	XXXXXXXXXXXXXXXX;
	3307 :	XXXXXXXXXXXXXXXX;
	3306 :	XXXXXXXXXXXXXXXX;
	3305 :	XXXXXXXXXXXXXXXX;
	3304 :	XXXXXXXXXXXXXXXX;
	3303 :	XXXXXXXXXXXXXXXX;
	3302 :	XXXXXXXXXXXXXXXX;
	3301 :	XXXXXXXXXXXXXXXX;
	3300 :	XXXXXXXXXXXXXXXX;
	3299 :	XXXXXXXXXXXXXXXX;
	3298 :	XXXXXXXXXXXXXXXX;
	3297 :	XXXXXXXXXXXXXXXX;
	3296 :	XXXXXXXXXXXXXXXX;
	3295 :	XXXXXXXXXXXXXXXX;
	3294 :	XXXXXXXXXXXXXXXX;
	3293 :	XXXXXXXXXXXXXXXX;
	3292 :	XXXXXXXXXXXXXXXX;
	3291 :	XXXXXXXXXXXXXXXX;
	3290 :	XXXXXXXXXXXXXXXX;
	3289 :	XXXXXXXXXXXXXXXX;
	3288 :	XXXXXXXXXXXXXXXX;
	3287 :	XXXXXXXXXXXXXXXX;
	3286 :	XXXXXXXXXXXXXXXX;
	3285 :	XXXXXXXXXXXXXXXX;
	3284 :	XXXXXXXXXXXXXXXX;
	3283 :	XXXXXXXXXXXXXXXX;
	3282 :	XXXXXXXXXXXXXXXX;
	3281 :	XXXXXXXXXXXXXXXX;
	3280 :	XXXXXXXXXXXXXXXX;
	3279 :	XXXXXXXXXXXXXXXX;
	3278 :	XXXXXXXXXXXXXXXX;
	3277 :	XXXXXXXXXXXXXXXX;
	3276 :	XXXXXXXXXXXXXXXX;
	3275 :	XXXXXXXXXXXXXXXX;
	3274 :	XXXXXXXXXXXXXXXX;
	3273 :	XXXXXXXXXXXXXXXX;
	3272 :	XXXXXXXXXXXXXXXX;
	3271 :	XXXXXXXXXXXXXXXX;
	3270 :	XXXXXXXXXXXXXXXX;
	3269 :	XXXXXXXXXXXXXXXX;
	3268 :	XXXXXXXXXXXXXXXX;
	3267 :	XXXXXXXXXXXXXXXX;
	3266 :	XXXXXXXXXXXXXXXX;
	3265 :	XXXXXXXXXXXXXXXX;
	3264 :	XXXXXXXXXXXXXXXX;
	3263 :	XXXXXXXXXXXXXXXX;
	3262 :	XXXXXXXXXXXXXXXX;
	3261 :	XXXXXXXXXXXXXXXX;
	3260 :	XXXXXXXXXXXXXXXX;
	3259 :	XXXXXXXXXXXXXXXX;
	3258 :	XXXXXXXXXXXXXXXX;
	3257 :	XXXXXXXXXXXXXXXX;
	3256 :	XXXXXXXXXXXXXXXX;
	3255 :	XXXXXXXXXXXXXXXX;
	3254 :	XXXXXXXXXXXXXXXX;
	3253 :	XXXXXXXXXXXXXXXX;
	3252 :	XXXXXXXXXXXXXXXX;
	3251 :	XXXXXXXXXXXXXXXX;
	3250 :	XXXXXXXXXXXXXXXX;
	3249 :	XXXXXXXXXXXXXXXX;
	3248 :	XXXXXXXXXXXXXXXX;
	3247 :	XXXXXXXXXXXXXXXX;
	3246 :	XXXXXXXXXXXXXXXX;
	3245 :	XXXXXXXXXXXXXXXX;
	3244 :	XXXXXXXXXXXXXXXX;
	3243 :	XXXXXXXXXXXXXXXX;
	3242 :	XXXXXXXXXXXXXXXX;
	3241 :	XXXXXXXXXXXXXXXX;
	3240 :	XXXXXXXXXXXXXXXX;
	3239 :	XXXXXXXXXXXXXXXX;
	3238 :	XXXXXXXXXXXXXXXX;
	3237 :	XXXXXXXXXXXXXXXX;
	3236 :	XXXXXXXXXXXXXXXX;
	3235 :	XXXXXXXXXXXXXXXX;
	3234 :	XXXXXXXXXXXXXXXX;
	3233 :	XXXXXXXXXXXXXXXX;
	3232 :	XXXXXXXXXXXXXXXX;
	3231 :	XXXXXXXXXXXXXXXX;
	3230 :	XXXXXXXXXXXXXXXX;
	3229 :	XXXXXXXXXXXXXXXX;
	3228 :	XXXXXXXXXXXXXXXX;
	3227 :	XXXXXXXXXXXXXXXX;
	3226 :	XXXXXXXXXXXXXXXX;
	3225 :	XXXXXXXXXXXXXXXX;
	3224 :	XXXXXXXXXXXXXXXX;
	3223 :	XXXXXXXXXXXXXXXX;
	3222 :	XXXXXXXXXXXXXXXX;
	3221 :	XXXXXXXXXXXXXXXX;
	3220 :	XXXXXXXXXXXXXXXX;
	3219 :	XXXXXXXXXXXXXXXX;
	3218 :	XXXXXXXXXXXXXXXX;
	3217 :	XXXXXXXXXXXXXXXX;
	3216 :	XXXXXXXXXXXXXXXX;
	3215 :	XXXXXXXXXXXXXXXX;
	3214 :	XXXXXXXXXXXXXXXX;
	3213 :	XXXXXXXXXXXXXXXX;
	3212 :	XXXXXXXXXXXXXXXX;
	3211 :	XXXXXXXXXXXXXXXX;
	3210 :	XXXXXXXXXXXXXXXX;
	3209 :	XXXXXXXXXXXXXXXX;
	3208 :	XXXXXXXXXXXXXXXX;
	3207 :	XXXXXXXXXXXXXXXX;
	3206 :	XXXXXXXXXXXXXXXX;
	3205 :	XXXXXXXXXXXXXXXX;
	3204 :	XXXXXXXXXXXXXXXX;
	3203 :	XXXXXXXXXXXXXXXX;
	3202 :	XXXXXXXXXXXXXXXX;
	3201 :	XXXXXXXXXXXXXXXX;
	3200 :	XXXXXXXXXXXXXXXX;
	3199 :	XXXXXXXXXXXXXXXX;
	3198 :	XXXXXXXXXXXXXXXX;
	3197 :	XXXXXXXXXXXXXXXX;
	3196 :	XXXXXXXXXXXXXXXX;
	3195 :	XXXXXXXXXXXXXXXX;
	3194 :	XXXXXXXXXXXXXXXX;
	3193 :	XXXXXXXXXXXXXXXX;
	3192 :	XXXXXXXXXXXXXXXX;
	3191 :	XXXXXXXXXXXXXXXX;
	3190 :	XXXXXXXXXXXXXXXX;
	3189 :	XXXXXXXXXXXXXXXX;
	3188 :	XXXXXXXXXXXXXXXX;
	3187 :	XXXXXXXXXXXXXXXX;
	3186 :	XXXXXXXXXXXXXXXX;
	3185 :	XXXXXXXXXXXXXXXX;
	3184 :	XXXXXXXXXXXXXXXX;
	3183 :	XXXXXXXXXXXXXXXX;
	3182 :	XXXXXXXXXXXXXXXX;
	3181 :	XXXXXXXXXXXXXXXX;
	3180 :	XXXXXXXXXXXXXXXX;
	3179 :	XXXXXXXXXXXXXXXX;
	3178 :	XXXXXXXXXXXXXXXX;
	3177 :	XXXXXXXXXXXXXXXX;
	3176 :	XXXXXXXXXXXXXXXX;
	3175 :	XXXXXXXXXXXXXXXX;
	3174 :	XXXXXXXXXXXXXXXX;
	3173 :	XXXXXXXXXXXXXXXX;
	3172 :	XXXXXXXXXXXXXXXX;
	3171 :	XXXXXXXXXXXXXXXX;
	3170 :	XXXXXXXXXXXXXXXX;
	3169 :	XXXXXXXXXXXXXXXX;
	3168 :	XXXXXXXXXXXXXXXX;
	3167 :	XXXXXXXXXXXXXXXX;
	3166 :	XXXXXXXXXXXXXXXX;
	3165 :	XXXXXXXXXXXXXXXX;
	3164 :	XXXXXXXXXXXXXXXX;
	3163 :	XXXXXXXXXXXXXXXX;
	3162 :	XXXXXXXXXXXXXXXX;
	3161 :	XXXXXXXXXXXXXXXX;
	3160 :	XXXXXXXXXXXXXXXX;
	3159 :	XXXXXXXXXXXXXXXX;
	3158 :	XXXXXXXXXXXXXXXX;
	3157 :	XXXXXXXXXXXXXXXX;
	3156 :	XXXXXXXXXXXXXXXX;
	3155 :	XXXXXXXXXXXXXXXX;
	3154 :	XXXXXXXXXXXXXXXX;
	3153 :	XXXXXXXXXXXXXXXX;
	3152 :	XXXXXXXXXXXXXXXX;
	3151 :	XXXXXXXXXXXXXXXX;
	3150 :	XXXXXXXXXXXXXXXX;
	3149 :	XXXXXXXXXXXXXXXX;
	3148 :	XXXXXXXXXXXXXXXX;
	3147 :	XXXXXXXXXXXXXXXX;
	3146 :	XXXXXXXXXXXXXXXX;
	3145 :	XXXXXXXXXXXXXXXX;
	3144 :	XXXXXXXXXXXXXXXX;
	3143 :	XXXXXXXXXXXXXXXX;
	3142 :	XXXXXXXXXXXXXXXX;
	3141 :	XXXXXXXXXXXXXXXX;
	3140 :	XXXXXXXXXXXXXXXX;
	3139 :	XXXXXXXXXXXXXXXX;
	3138 :	XXXXXXXXXXXXXXXX;
	3137 :	XXXXXXXXXXXXXXXX;
	3136 :	XXXXXXXXXXXXXXXX;
	3135 :	XXXXXXXXXXXXXXXX;
	3134 :	XXXXXXXXXXXXXXXX;
	3133 :	XXXXXXXXXXXXXXXX;
	3132 :	XXXXXXXXXXXXXXXX;
	3131 :	XXXXXXXXXXXXXXXX;
	3130 :	XXXXXXXXXXXXXXXX;
	3129 :	XXXXXXXXXXXXXXXX;
	3128 :	XXXXXXXXXXXXXXXX;
	3127 :	XXXXXXXXXXXXXXXX;
	3126 :	XXXXXXXXXXXXXXXX;
	3125 :	XXXXXXXXXXXXXXXX;
	3124 :	XXXXXXXXXXXXXXXX;
	3123 :	XXXXXXXXXXXXXXXX;
	3122 :	XXXXXXXXXXXXXXXX;
	3121 :	XXXXXXXXXXXXXXXX;
	3120 :	XXXXXXXXXXXXXXXX;
	3119 :	XXXXXXXXXXXXXXXX;
	3118 :	XXXXXXXXXXXXXXXX;
	3117 :	XXXXXXXXXXXXXXXX;
	3116 :	XXXXXXXXXXXXXXXX;
	3115 :	XXXXXXXXXXXXXXXX;
	3114 :	XXXXXXXXXXXXXXXX;
	3113 :	XXXXXXXXXXXXXXXX;
	3112 :	XXXXXXXXXXXXXXXX;
	3111 :	XXXXXXXXXXXXXXXX;
	3110 :	XXXXXXXXXXXXXXXX;
	3109 :	XXXXXXXXXXXXXXXX;
	3108 :	XXXXXXXXXXXXXXXX;
	3107 :	XXXXXXXXXXXXXXXX;
	3106 :	XXXXXXXXXXXXXXXX;
	3105 :	XXXXXXXXXXXXXXXX;
	3104 :	XXXXXXXXXXXXXXXX;
	3103 :	XXXXXXXXXXXXXXXX;
	3102 :	XXXXXXXXXXXXXXXX;
	3101 :	XXXXXXXXXXXXXXXX;
	3100 :	XXXXXXXXXXXXXXXX;
	3099 :	XXXXXXXXXXXXXXXX;
	3098 :	XXXXXXXXXXXXXXXX;
	3097 :	XXXXXXXXXXXXXXXX;
	3096 :	XXXXXXXXXXXXXXXX;
	3095 :	XXXXXXXXXXXXXXXX;
	3094 :	XXXXXXXXXXXXXXXX;
	3093 :	XXXXXXXXXXXXXXXX;
	3092 :	XXXXXXXXXXXXXXXX;
	3091 :	XXXXXXXXXXXXXXXX;
	3090 :	XXXXXXXXXXXXXXXX;
	3089 :	XXXXXXXXXXXXXXXX;
	3088 :	XXXXXXXXXXXXXXXX;
	3087 :	XXXXXXXXXXXXXXXX;
	3086 :	XXXXXXXXXXXXXXXX;
	3085 :	XXXXXXXXXXXXXXXX;
	3084 :	XXXXXXXXXXXXXXXX;
	3083 :	XXXXXXXXXXXXXXXX;
	3082 :	XXXXXXXXXXXXXXXX;
	3081 :	XXXXXXXXXXXXXXXX;
	3080 :	XXXXXXXXXXXXXXXX;
	3079 :	XXXXXXXXXXXXXXXX;
	3078 :	XXXXXXXXXXXXXXXX;
	3077 :	XXXXXXXXXXXXXXXX;
	3076 :	XXXXXXXXXXXXXXXX;
	3075 :	XXXXXXXXXXXXXXXX;
	3074 :	XXXXXXXXXXXXXXXX;
	3073 :	XXXXXXXXXXXXXXXX;
	3072 :	XXXXXXXXXXXXXXXX;
	3071 :	XXXXXXXXXXXXXXXX;
	3070 :	XXXXXXXXXXXXXXXX;
	3069 :	XXXXXXXXXXXXXXXX;
	3068 :	XXXXXXXXXXXXXXXX;
	3067 :	XXXXXXXXXXXXXXXX;
	3066 :	XXXXXXXXXXXXXXXX;
	3065 :	XXXXXXXXXXXXXXXX;
	3064 :	XXXXXXXXXXXXXXXX;
	3063 :	XXXXXXXXXXXXXXXX;
	3062 :	XXXXXXXXXXXXXXXX;
	3061 :	XXXXXXXXXXXXXXXX;
	3060 :	XXXXXXXXXXXXXXXX;
	3059 :	XXXXXXXXXXXXXXXX;
	3058 :	XXXXXXXXXXXXXXXX;
	3057 :	XXXXXXXXXXXXXXXX;
	3056 :	XXXXXXXXXXXXXXXX;
	3055 :	XXXXXXXXXXXXXXXX;
	3054 :	XXXXXXXXXXXXXXXX;
	3053 :	XXXXXXXXXXXXXXXX;
	3052 :	XXXXXXXXXXXXXXXX;
	3051 :	XXXXXXXXXXXXXXXX;
	3050 :	XXXXXXXXXXXXXXXX;
	3049 :	XXXXXXXXXXXXXXXX;
	3048 :	XXXXXXXXXXXXXXXX;
	3047 :	XXXXXXXXXXXXXXXX;
	3046 :	XXXXXXXXXXXXXXXX;
	3045 :	XXXXXXXXXXXXXXXX;
	3044 :	XXXXXXXXXXXXXXXX;
	3043 :	XXXXXXXXXXXXXXXX;
	3042 :	XXXXXXXXXXXXXXXX;
	3041 :	XXXXXXXXXXXXXXXX;
	3040 :	XXXXXXXXXXXXXXXX;
	3039 :	XXXXXXXXXXXXXXXX;
	3038 :	XXXXXXXXXXXXXXXX;
	3037 :	XXXXXXXXXXXXXXXX;
	3036 :	XXXXXXXXXXXXXXXX;
	3035 :	XXXXXXXXXXXXXXXX;
	3034 :	XXXXXXXXXXXXXXXX;
	3033 :	XXXXXXXXXXXXXXXX;
	3032 :	XXXXXXXXXXXXXXXX;
	3031 :	XXXXXXXXXXXXXXXX;
	3030 :	XXXXXXXXXXXXXXXX;
	3029 :	XXXXXXXXXXXXXXXX;
	3028 :	XXXXXXXXXXXXXXXX;
	3027 :	XXXXXXXXXXXXXXXX;
	3026 :	XXXXXXXXXXXXXXXX;
	3025 :	XXXXXXXXXXXXXXXX;
	3024 :	XXXXXXXXXXXXXXXX;
	3023 :	XXXXXXXXXXXXXXXX;
	3022 :	XXXXXXXXXXXXXXXX;
	3021 :	XXXXXXXXXXXXXXXX;
	3020 :	XXXXXXXXXXXXXXXX;
	3019 :	XXXXXXXXXXXXXXXX;
	3018 :	XXXXXXXXXXXXXXXX;
	3017 :	XXXXXXXXXXXXXXXX;
	3016 :	XXXXXXXXXXXXXXXX;
	3015 :	XXXXXXXXXXXXXXXX;
	3014 :	XXXXXXXXXXXXXXXX;
	3013 :	XXXXXXXXXXXXXXXX;
	3012 :	XXXXXXXXXXXXXXXX;
	3011 :	XXXXXXXXXXXXXXXX;
	3010 :	XXXXXXXXXXXXXXXX;
	3009 :	XXXXXXXXXXXXXXXX;
	3008 :	XXXXXXXXXXXXXXXX;
	3007 :	XXXXXXXXXXXXXXXX;
	3006 :	XXXXXXXXXXXXXXXX;
	3005 :	XXXXXXXXXXXXXXXX;
	3004 :	XXXXXXXXXXXXXXXX;
	3003 :	XXXXXXXXXXXXXXXX;
	3002 :	XXXXXXXXXXXXXXXX;
	3001 :	XXXXXXXXXXXXXXXX;
	3000 :	XXXXXXXXXXXXXXXX;
	2999 :	XXXXXXXXXXXXXXXX;
	2998 :	XXXXXXXXXXXXXXXX;
	2997 :	XXXXXXXXXXXXXXXX;
	2996 :	XXXXXXXXXXXXXXXX;
	2995 :	XXXXXXXXXXXXXXXX;
	2994 :	XXXXXXXXXXXXXXXX;
	2993 :	XXXXXXXXXXXXXXXX;
	2992 :	XXXXXXXXXXXXXXXX;
	2991 :	XXXXXXXXXXXXXXXX;
	2990 :	XXXXXXXXXXXXXXXX;
	2989 :	XXXXXXXXXXXXXXXX;
	2988 :	XXXXXXXXXXXXXXXX;
	2987 :	XXXXXXXXXXXXXXXX;
	2986 :	XXXXXXXXXXXXXXXX;
	2985 :	XXXXXXXXXXXXXXXX;
	2984 :	XXXXXXXXXXXXXXXX;
	2983 :	XXXXXXXXXXXXXXXX;
	2982 :	XXXXXXXXXXXXXXXX;
	2981 :	XXXXXXXXXXXXXXXX;
	2980 :	XXXXXXXXXXXXXXXX;
	2979 :	XXXXXXXXXXXXXXXX;
	2978 :	XXXXXXXXXXXXXXXX;
	2977 :	XXXXXXXXXXXXXXXX;
	2976 :	XXXXXXXXXXXXXXXX;
	2975 :	XXXXXXXXXXXXXXXX;
	2974 :	XXXXXXXXXXXXXXXX;
	2973 :	XXXXXXXXXXXXXXXX;
	2972 :	XXXXXXXXXXXXXXXX;
	2971 :	XXXXXXXXXXXXXXXX;
	2970 :	XXXXXXXXXXXXXXXX;
	2969 :	XXXXXXXXXXXXXXXX;
	2968 :	XXXXXXXXXXXXXXXX;
	2967 :	XXXXXXXXXXXXXXXX;
	2966 :	XXXXXXXXXXXXXXXX;
	2965 :	XXXXXXXXXXXXXXXX;
	2964 :	XXXXXXXXXXXXXXXX;
	2963 :	XXXXXXXXXXXXXXXX;
	2962 :	XXXXXXXXXXXXXXXX;
	2961 :	XXXXXXXXXXXXXXXX;
	2960 :	XXXXXXXXXXXXXXXX;
	2959 :	XXXXXXXXXXXXXXXX;
	2958 :	XXXXXXXXXXXXXXXX;
	2957 :	XXXXXXXXXXXXXXXX;
	2956 :	XXXXXXXXXXXXXXXX;
	2955 :	XXXXXXXXXXXXXXXX;
	2954 :	XXXXXXXXXXXXXXXX;
	2953 :	XXXXXXXXXXXXXXXX;
	2952 :	XXXXXXXXXXXXXXXX;
	2951 :	XXXXXXXXXXXXXXXX;
	2950 :	XXXXXXXXXXXXXXXX;
	2949 :	XXXXXXXXXXXXXXXX;
	2948 :	XXXXXXXXXXXXXXXX;
	2947 :	XXXXXXXXXXXXXXXX;
	2946 :	XXXXXXXXXXXXXXXX;
	2945 :	XXXXXXXXXXXXXXXX;
	2944 :	XXXXXXXXXXXXXXXX;
	2943 :	XXXXXXXXXXXXXXXX;
	2942 :	XXXXXXXXXXXXXXXX;
	2941 :	XXXXXXXXXXXXXXXX;
	2940 :	XXXXXXXXXXXXXXXX;
	2939 :	XXXXXXXXXXXXXXXX;
	2938 :	XXXXXXXXXXXXXXXX;
	2937 :	XXXXXXXXXXXXXXXX;
	2936 :	XXXXXXXXXXXXXXXX;
	2935 :	XXXXXXXXXXXXXXXX;
	2934 :	XXXXXXXXXXXXXXXX;
	2933 :	XXXXXXXXXXXXXXXX;
	2932 :	XXXXXXXXXXXXXXXX;
	2931 :	XXXXXXXXXXXXXXXX;
	2930 :	XXXXXXXXXXXXXXXX;
	2929 :	XXXXXXXXXXXXXXXX;
	2928 :	XXXXXXXXXXXXXXXX;
	2927 :	XXXXXXXXXXXXXXXX;
	2926 :	XXXXXXXXXXXXXXXX;
	2925 :	XXXXXXXXXXXXXXXX;
	2924 :	XXXXXXXXXXXXXXXX;
	2923 :	XXXXXXXXXXXXXXXX;
	2922 :	XXXXXXXXXXXXXXXX;
	2921 :	XXXXXXXXXXXXXXXX;
	2920 :	XXXXXXXXXXXXXXXX;
	2919 :	XXXXXXXXXXXXXXXX;
	2918 :	XXXXXXXXXXXXXXXX;
	2917 :	XXXXXXXXXXXXXXXX;
	2916 :	XXXXXXXXXXXXXXXX;
	2915 :	XXXXXXXXXXXXXXXX;
	2914 :	XXXXXXXXXXXXXXXX;
	2913 :	XXXXXXXXXXXXXXXX;
	2912 :	XXXXXXXXXXXXXXXX;
	2911 :	XXXXXXXXXXXXXXXX;
	2910 :	XXXXXXXXXXXXXXXX;
	2909 :	XXXXXXXXXXXXXXXX;
	2908 :	XXXXXXXXXXXXXXXX;
	2907 :	XXXXXXXXXXXXXXXX;
	2906 :	XXXXXXXXXXXXXXXX;
	2905 :	XXXXXXXXXXXXXXXX;
	2904 :	XXXXXXXXXXXXXXXX;
	2903 :	XXXXXXXXXXXXXXXX;
	2902 :	XXXXXXXXXXXXXXXX;
	2901 :	XXXXXXXXXXXXXXXX;
	2900 :	XXXXXXXXXXXXXXXX;
	2899 :	XXXXXXXXXXXXXXXX;
	2898 :	XXXXXXXXXXXXXXXX;
	2897 :	XXXXXXXXXXXXXXXX;
	2896 :	XXXXXXXXXXXXXXXX;
	2895 :	XXXXXXXXXXXXXXXX;
	2894 :	XXXXXXXXXXXXXXXX;
	2893 :	XXXXXXXXXXXXXXXX;
	2892 :	XXXXXXXXXXXXXXXX;
	2891 :	XXXXXXXXXXXXXXXX;
	2890 :	XXXXXXXXXXXXXXXX;
	2889 :	XXXXXXXXXXXXXXXX;
	2888 :	XXXXXXXXXXXXXXXX;
	2887 :	XXXXXXXXXXXXXXXX;
	2886 :	XXXXXXXXXXXXXXXX;
	2885 :	XXXXXXXXXXXXXXXX;
	2884 :	XXXXXXXXXXXXXXXX;
	2883 :	XXXXXXXXXXXXXXXX;
	2882 :	XXXXXXXXXXXXXXXX;
	2881 :	XXXXXXXXXXXXXXXX;
	2880 :	XXXXXXXXXXXXXXXX;
	2879 :	XXXXXXXXXXXXXXXX;
	2878 :	XXXXXXXXXXXXXXXX;
	2877 :	XXXXXXXXXXXXXXXX;
	2876 :	XXXXXXXXXXXXXXXX;
	2875 :	XXXXXXXXXXXXXXXX;
	2874 :	XXXXXXXXXXXXXXXX;
	2873 :	XXXXXXXXXXXXXXXX;
	2872 :	XXXXXXXXXXXXXXXX;
	2871 :	XXXXXXXXXXXXXXXX;
	2870 :	XXXXXXXXXXXXXXXX;
	2869 :	XXXXXXXXXXXXXXXX;
	2868 :	XXXXXXXXXXXXXXXX;
	2867 :	XXXXXXXXXXXXXXXX;
	2866 :	XXXXXXXXXXXXXXXX;
	2865 :	XXXXXXXXXXXXXXXX;
	2864 :	XXXXXXXXXXXXXXXX;
	2863 :	XXXXXXXXXXXXXXXX;
	2862 :	XXXXXXXXXXXXXXXX;
	2861 :	XXXXXXXXXXXXXXXX;
	2860 :	XXXXXXXXXXXXXXXX;
	2859 :	XXXXXXXXXXXXXXXX;
	2858 :	XXXXXXXXXXXXXXXX;
	2857 :	XXXXXXXXXXXXXXXX;
	2856 :	XXXXXXXXXXXXXXXX;
	2855 :	XXXXXXXXXXXXXXXX;
	2854 :	XXXXXXXXXXXXXXXX;
	2853 :	XXXXXXXXXXXXXXXX;
	2852 :	XXXXXXXXXXXXXXXX;
	2851 :	XXXXXXXXXXXXXXXX;
	2850 :	XXXXXXXXXXXXXXXX;
	2849 :	XXXXXXXXXXXXXXXX;
	2848 :	XXXXXXXXXXXXXXXX;
	2847 :	XXXXXXXXXXXXXXXX;
	2846 :	XXXXXXXXXXXXXXXX;
	2845 :	XXXXXXXXXXXXXXXX;
	2844 :	XXXXXXXXXXXXXXXX;
	2843 :	XXXXXXXXXXXXXXXX;
	2842 :	XXXXXXXXXXXXXXXX;
	2841 :	XXXXXXXXXXXXXXXX;
	2840 :	XXXXXXXXXXXXXXXX;
	2839 :	XXXXXXXXXXXXXXXX;
	2838 :	XXXXXXXXXXXXXXXX;
	2837 :	XXXXXXXXXXXXXXXX;
	2836 :	XXXXXXXXXXXXXXXX;
	2835 :	XXXXXXXXXXXXXXXX;
	2834 :	XXXXXXXXXXXXXXXX;
	2833 :	XXXXXXXXXXXXXXXX;
	2832 :	XXXXXXXXXXXXXXXX;
	2831 :	XXXXXXXXXXXXXXXX;
	2830 :	XXXXXXXXXXXXXXXX;
	2829 :	XXXXXXXXXXXXXXXX;
	2828 :	XXXXXXXXXXXXXXXX;
	2827 :	XXXXXXXXXXXXXXXX;
	2826 :	XXXXXXXXXXXXXXXX;
	2825 :	XXXXXXXXXXXXXXXX;
	2824 :	XXXXXXXXXXXXXXXX;
	2823 :	XXXXXXXXXXXXXXXX;
	2822 :	XXXXXXXXXXXXXXXX;
	2821 :	XXXXXXXXXXXXXXXX;
	2820 :	XXXXXXXXXXXXXXXX;
	2819 :	XXXXXXXXXXXXXXXX;
	2818 :	XXXXXXXXXXXXXXXX;
	2817 :	XXXXXXXXXXXXXXXX;
	2816 :	XXXXXXXXXXXXXXXX;
	2815 :	XXXXXXXXXXXXXXXX;
	2814 :	XXXXXXXXXXXXXXXX;
	2813 :	XXXXXXXXXXXXXXXX;
	2812 :	XXXXXXXXXXXXXXXX;
	2811 :	XXXXXXXXXXXXXXXX;
	2810 :	XXXXXXXXXXXXXXXX;
	2809 :	XXXXXXXXXXXXXXXX;
	2808 :	XXXXXXXXXXXXXXXX;
	2807 :	XXXXXXXXXXXXXXXX;
	2806 :	XXXXXXXXXXXXXXXX;
	2805 :	XXXXXXXXXXXXXXXX;
	2804 :	XXXXXXXXXXXXXXXX;
	2803 :	XXXXXXXXXXXXXXXX;
	2802 :	XXXXXXXXXXXXXXXX;
	2801 :	XXXXXXXXXXXXXXXX;
	2800 :	XXXXXXXXXXXXXXXX;
	2799 :	XXXXXXXXXXXXXXXX;
	2798 :	XXXXXXXXXXXXXXXX;
	2797 :	XXXXXXXXXXXXXXXX;
	2796 :	XXXXXXXXXXXXXXXX;
	2795 :	XXXXXXXXXXXXXXXX;
	2794 :	XXXXXXXXXXXXXXXX;
	2793 :	XXXXXXXXXXXXXXXX;
	2792 :	XXXXXXXXXXXXXXXX;
	2791 :	XXXXXXXXXXXXXXXX;
	2790 :	XXXXXXXXXXXXXXXX;
	2789 :	XXXXXXXXXXXXXXXX;
	2788 :	XXXXXXXXXXXXXXXX;
	2787 :	XXXXXXXXXXXXXXXX;
	2786 :	XXXXXXXXXXXXXXXX;
	2785 :	XXXXXXXXXXXXXXXX;
	2784 :	XXXXXXXXXXXXXXXX;
	2783 :	XXXXXXXXXXXXXXXX;
	2782 :	XXXXXXXXXXXXXXXX;
	2781 :	XXXXXXXXXXXXXXXX;
	2780 :	XXXXXXXXXXXXXXXX;
	2779 :	XXXXXXXXXXXXXXXX;
	2778 :	XXXXXXXXXXXXXXXX;
	2777 :	XXXXXXXXXXXXXXXX;
	2776 :	XXXXXXXXXXXXXXXX;
	2775 :	XXXXXXXXXXXXXXXX;
	2774 :	XXXXXXXXXXXXXXXX;
	2773 :	XXXXXXXXXXXXXXXX;
	2772 :	XXXXXXXXXXXXXXXX;
	2771 :	XXXXXXXXXXXXXXXX;
	2770 :	XXXXXXXXXXXXXXXX;
	2769 :	XXXXXXXXXXXXXXXX;
	2768 :	XXXXXXXXXXXXXXXX;
	2767 :	XXXXXXXXXXXXXXXX;
	2766 :	XXXXXXXXXXXXXXXX;
	2765 :	XXXXXXXXXXXXXXXX;
	2764 :	XXXXXXXXXXXXXXXX;
	2763 :	XXXXXXXXXXXXXXXX;
	2762 :	XXXXXXXXXXXXXXXX;
	2761 :	XXXXXXXXXXXXXXXX;
	2760 :	XXXXXXXXXXXXXXXX;
	2759 :	XXXXXXXXXXXXXXXX;
	2758 :	XXXXXXXXXXXXXXXX;
	2757 :	XXXXXXXXXXXXXXXX;
	2756 :	XXXXXXXXXXXXXXXX;
	2755 :	XXXXXXXXXXXXXXXX;
	2754 :	XXXXXXXXXXXXXXXX;
	2753 :	XXXXXXXXXXXXXXXX;
	2752 :	XXXXXXXXXXXXXXXX;
	2751 :	XXXXXXXXXXXXXXXX;
	2750 :	XXXXXXXXXXXXXXXX;
	2749 :	XXXXXXXXXXXXXXXX;
	2748 :	XXXXXXXXXXXXXXXX;
	2747 :	XXXXXXXXXXXXXXXX;
	2746 :	XXXXXXXXXXXXXXXX;
	2745 :	XXXXXXXXXXXXXXXX;
	2744 :	XXXXXXXXXXXXXXXX;
	2743 :	XXXXXXXXXXXXXXXX;
	2742 :	XXXXXXXXXXXXXXXX;
	2741 :	XXXXXXXXXXXXXXXX;
	2740 :	XXXXXXXXXXXXXXXX;
	2739 :	XXXXXXXXXXXXXXXX;
	2738 :	XXXXXXXXXXXXXXXX;
	2737 :	XXXXXXXXXXXXXXXX;
	2736 :	XXXXXXXXXXXXXXXX;
	2735 :	XXXXXXXXXXXXXXXX;
	2734 :	XXXXXXXXXXXXXXXX;
	2733 :	XXXXXXXXXXXXXXXX;
	2732 :	XXXXXXXXXXXXXXXX;
	2731 :	XXXXXXXXXXXXXXXX;
	2730 :	XXXXXXXXXXXXXXXX;
	2729 :	XXXXXXXXXXXXXXXX;
	2728 :	XXXXXXXXXXXXXXXX;
	2727 :	XXXXXXXXXXXXXXXX;
	2726 :	XXXXXXXXXXXXXXXX;
	2725 :	XXXXXXXXXXXXXXXX;
	2724 :	XXXXXXXXXXXXXXXX;
	2723 :	XXXXXXXXXXXXXXXX;
	2722 :	XXXXXXXXXXXXXXXX;
	2721 :	XXXXXXXXXXXXXXXX;
	2720 :	XXXXXXXXXXXXXXXX;
	2719 :	XXXXXXXXXXXXXXXX;
	2718 :	XXXXXXXXXXXXXXXX;
	2717 :	XXXXXXXXXXXXXXXX;
	2716 :	XXXXXXXXXXXXXXXX;
	2715 :	XXXXXXXXXXXXXXXX;
	2714 :	XXXXXXXXXXXXXXXX;
	2713 :	XXXXXXXXXXXXXXXX;
	2712 :	XXXXXXXXXXXXXXXX;
	2711 :	XXXXXXXXXXXXXXXX;
	2710 :	XXXXXXXXXXXXXXXX;
	2709 :	XXXXXXXXXXXXXXXX;
	2708 :	XXXXXXXXXXXXXXXX;
	2707 :	XXXXXXXXXXXXXXXX;
	2706 :	XXXXXXXXXXXXXXXX;
	2705 :	XXXXXXXXXXXXXXXX;
	2704 :	XXXXXXXXXXXXXXXX;
	2703 :	XXXXXXXXXXXXXXXX;
	2702 :	XXXXXXXXXXXXXXXX;
	2701 :	XXXXXXXXXXXXXXXX;
	2700 :	XXXXXXXXXXXXXXXX;
	2699 :	XXXXXXXXXXXXXXXX;
	2698 :	XXXXXXXXXXXXXXXX;
	2697 :	XXXXXXXXXXXXXXXX;
	2696 :	XXXXXXXXXXXXXXXX;
	2695 :	XXXXXXXXXXXXXXXX;
	2694 :	XXXXXXXXXXXXXXXX;
	2693 :	XXXXXXXXXXXXXXXX;
	2692 :	XXXXXXXXXXXXXXXX;
	2691 :	XXXXXXXXXXXXXXXX;
	2690 :	XXXXXXXXXXXXXXXX;
	2689 :	XXXXXXXXXXXXXXXX;
	2688 :	XXXXXXXXXXXXXXXX;
	2687 :	XXXXXXXXXXXXXXXX;
	2686 :	XXXXXXXXXXXXXXXX;
	2685 :	XXXXXXXXXXXXXXXX;
	2684 :	XXXXXXXXXXXXXXXX;
	2683 :	XXXXXXXXXXXXXXXX;
	2682 :	XXXXXXXXXXXXXXXX;
	2681 :	XXXXXXXXXXXXXXXX;
	2680 :	XXXXXXXXXXXXXXXX;
	2679 :	XXXXXXXXXXXXXXXX;
	2678 :	XXXXXXXXXXXXXXXX;
	2677 :	XXXXXXXXXXXXXXXX;
	2676 :	XXXXXXXXXXXXXXXX;
	2675 :	XXXXXXXXXXXXXXXX;
	2674 :	XXXXXXXXXXXXXXXX;
	2673 :	XXXXXXXXXXXXXXXX;
	2672 :	XXXXXXXXXXXXXXXX;
	2671 :	XXXXXXXXXXXXXXXX;
	2670 :	XXXXXXXXXXXXXXXX;
	2669 :	XXXXXXXXXXXXXXXX;
	2668 :	XXXXXXXXXXXXXXXX;
	2667 :	XXXXXXXXXXXXXXXX;
	2666 :	XXXXXXXXXXXXXXXX;
	2665 :	XXXXXXXXXXXXXXXX;
	2664 :	XXXXXXXXXXXXXXXX;
	2663 :	XXXXXXXXXXXXXXXX;
	2662 :	XXXXXXXXXXXXXXXX;
	2661 :	XXXXXXXXXXXXXXXX;
	2660 :	XXXXXXXXXXXXXXXX;
	2659 :	XXXXXXXXXXXXXXXX;
	2658 :	XXXXXXXXXXXXXXXX;
	2657 :	XXXXXXXXXXXXXXXX;
	2656 :	XXXXXXXXXXXXXXXX;
	2655 :	XXXXXXXXXXXXXXXX;
	2654 :	XXXXXXXXXXXXXXXX;
	2653 :	XXXXXXXXXXXXXXXX;
	2652 :	XXXXXXXXXXXXXXXX;
	2651 :	XXXXXXXXXXXXXXXX;
	2650 :	XXXXXXXXXXXXXXXX;
	2649 :	XXXXXXXXXXXXXXXX;
	2648 :	XXXXXXXXXXXXXXXX;
	2647 :	XXXXXXXXXXXXXXXX;
	2646 :	XXXXXXXXXXXXXXXX;
	2645 :	XXXXXXXXXXXXXXXX;
	2644 :	XXXXXXXXXXXXXXXX;
	2643 :	XXXXXXXXXXXXXXXX;
	2642 :	XXXXXXXXXXXXXXXX;
	2641 :	XXXXXXXXXXXXXXXX;
	2640 :	XXXXXXXXXXXXXXXX;
	2639 :	XXXXXXXXXXXXXXXX;
	2638 :	XXXXXXXXXXXXXXXX;
	2637 :	XXXXXXXXXXXXXXXX;
	2636 :	XXXXXXXXXXXXXXXX;
	2635 :	XXXXXXXXXXXXXXXX;
	2634 :	XXXXXXXXXXXXXXXX;
	2633 :	XXXXXXXXXXXXXXXX;
	2632 :	XXXXXXXXXXXXXXXX;
	2631 :	XXXXXXXXXXXXXXXX;
	2630 :	XXXXXXXXXXXXXXXX;
	2629 :	XXXXXXXXXXXXXXXX;
	2628 :	XXXXXXXXXXXXXXXX;
	2627 :	XXXXXXXXXXXXXXXX;
	2626 :	XXXXXXXXXXXXXXXX;
	2625 :	XXXXXXXXXXXXXXXX;
	2624 :	XXXXXXXXXXXXXXXX;
	2623 :	XXXXXXXXXXXXXXXX;
	2622 :	XXXXXXXXXXXXXXXX;
	2621 :	XXXXXXXXXXXXXXXX;
	2620 :	XXXXXXXXXXXXXXXX;
	2619 :	XXXXXXXXXXXXXXXX;
	2618 :	XXXXXXXXXXXXXXXX;
	2617 :	XXXXXXXXXXXXXXXX;
	2616 :	XXXXXXXXXXXXXXXX;
	2615 :	XXXXXXXXXXXXXXXX;
	2614 :	XXXXXXXXXXXXXXXX;
	2613 :	XXXXXXXXXXXXXXXX;
	2612 :	XXXXXXXXXXXXXXXX;
	2611 :	XXXXXXXXXXXXXXXX;
	2610 :	XXXXXXXXXXXXXXXX;
	2609 :	XXXXXXXXXXXXXXXX;
	2608 :	XXXXXXXXXXXXXXXX;
	2607 :	XXXXXXXXXXXXXXXX;
	2606 :	XXXXXXXXXXXXXXXX;
	2605 :	XXXXXXXXXXXXXXXX;
	2604 :	XXXXXXXXXXXXXXXX;
	2603 :	XXXXXXXXXXXXXXXX;
	2602 :	XXXXXXXXXXXXXXXX;
	2601 :	XXXXXXXXXXXXXXXX;
	2600 :	XXXXXXXXXXXXXXXX;
	2599 :	XXXXXXXXXXXXXXXX;
	2598 :	XXXXXXXXXXXXXXXX;
	2597 :	XXXXXXXXXXXXXXXX;
	2596 :	XXXXXXXXXXXXXXXX;
	2595 :	XXXXXXXXXXXXXXXX;
	2594 :	XXXXXXXXXXXXXXXX;
	2593 :	XXXXXXXXXXXXXXXX;
	2592 :	XXXXXXXXXXXXXXXX;
	2591 :	XXXXXXXXXXXXXXXX;
	2590 :	XXXXXXXXXXXXXXXX;
	2589 :	XXXXXXXXXXXXXXXX;
	2588 :	XXXXXXXXXXXXXXXX;
	2587 :	XXXXXXXXXXXXXXXX;
	2586 :	XXXXXXXXXXXXXXXX;
	2585 :	XXXXXXXXXXXXXXXX;
	2584 :	XXXXXXXXXXXXXXXX;
	2583 :	XXXXXXXXXXXXXXXX;
	2582 :	XXXXXXXXXXXXXXXX;
	2581 :	XXXXXXXXXXXXXXXX;
	2580 :	XXXXXXXXXXXXXXXX;
	2579 :	XXXXXXXXXXXXXXXX;
	2578 :	XXXXXXXXXXXXXXXX;
	2577 :	XXXXXXXXXXXXXXXX;
	2576 :	XXXXXXXXXXXXXXXX;
	2575 :	XXXXXXXXXXXXXXXX;
	2574 :	XXXXXXXXXXXXXXXX;
	2573 :	XXXXXXXXXXXXXXXX;
	2572 :	XXXXXXXXXXXXXXXX;
	2571 :	XXXXXXXXXXXXXXXX;
	2570 :	XXXXXXXXXXXXXXXX;
	2569 :	XXXXXXXXXXXXXXXX;
	2568 :	XXXXXXXXXXXXXXXX;
	2567 :	XXXXXXXXXXXXXXXX;
	2566 :	XXXXXXXXXXXXXXXX;
	2565 :	XXXXXXXXXXXXXXXX;
	2564 :	XXXXXXXXXXXXXXXX;
	2563 :	XXXXXXXXXXXXXXXX;
	2562 :	XXXXXXXXXXXXXXXX;
	2561 :	XXXXXXXXXXXXXXXX;
	2560 :	XXXXXXXXXXXXXXXX;
	2559 :	XXXXXXXXXXXXXXXX;
	2558 :	XXXXXXXXXXXXXXXX;
	2557 :	XXXXXXXXXXXXXXXX;
	2556 :	XXXXXXXXXXXXXXXX;
	2555 :	XXXXXXXXXXXXXXXX;
	2554 :	XXXXXXXXXXXXXXXX;
	2553 :	XXXXXXXXXXXXXXXX;
	2552 :	XXXXXXXXXXXXXXXX;
	2551 :	XXXXXXXXXXXXXXXX;
	2550 :	XXXXXXXXXXXXXXXX;
	2549 :	XXXXXXXXXXXXXXXX;
	2548 :	XXXXXXXXXXXXXXXX;
	2547 :	XXXXXXXXXXXXXXXX;
	2546 :	XXXXXXXXXXXXXXXX;
	2545 :	XXXXXXXXXXXXXXXX;
	2544 :	XXXXXXXXXXXXXXXX;
	2543 :	XXXXXXXXXXXXXXXX;
	2542 :	XXXXXXXXXXXXXXXX;
	2541 :	XXXXXXXXXXXXXXXX;
	2540 :	XXXXXXXXXXXXXXXX;
	2539 :	XXXXXXXXXXXXXXXX;
	2538 :	XXXXXXXXXXXXXXXX;
	2537 :	XXXXXXXXXXXXXXXX;
	2536 :	XXXXXXXXXXXXXXXX;
	2535 :	XXXXXXXXXXXXXXXX;
	2534 :	XXXXXXXXXXXXXXXX;
	2533 :	XXXXXXXXXXXXXXXX;
	2532 :	XXXXXXXXXXXXXXXX;
	2531 :	XXXXXXXXXXXXXXXX;
	2530 :	XXXXXXXXXXXXXXXX;
	2529 :	XXXXXXXXXXXXXXXX;
	2528 :	XXXXXXXXXXXXXXXX;
	2527 :	XXXXXXXXXXXXXXXX;
	2526 :	XXXXXXXXXXXXXXXX;
	2525 :	XXXXXXXXXXXXXXXX;
	2524 :	XXXXXXXXXXXXXXXX;
	2523 :	XXXXXXXXXXXXXXXX;
	2522 :	XXXXXXXXXXXXXXXX;
	2521 :	XXXXXXXXXXXXXXXX;
	2520 :	XXXXXXXXXXXXXXXX;
	2519 :	XXXXXXXXXXXXXXXX;
	2518 :	XXXXXXXXXXXXXXXX;
	2517 :	XXXXXXXXXXXXXXXX;
	2516 :	XXXXXXXXXXXXXXXX;
	2515 :	XXXXXXXXXXXXXXXX;
	2514 :	XXXXXXXXXXXXXXXX;
	2513 :	XXXXXXXXXXXXXXXX;
	2512 :	XXXXXXXXXXXXXXXX;
	2511 :	XXXXXXXXXXXXXXXX;
	2510 :	XXXXXXXXXXXXXXXX;
	2509 :	XXXXXXXXXXXXXXXX;
	2508 :	XXXXXXXXXXXXXXXX;
	2507 :	XXXXXXXXXXXXXXXX;
	2506 :	XXXXXXXXXXXXXXXX;
	2505 :	XXXXXXXXXXXXXXXX;
	2504 :	XXXXXXXXXXXXXXXX;
	2503 :	XXXXXXXXXXXXXXXX;
	2502 :	XXXXXXXXXXXXXXXX;
	2501 :	XXXXXXXXXXXXXXXX;
	2500 :	XXXXXXXXXXXXXXXX;
	2499 :	XXXXXXXXXXXXXXXX;
	2498 :	XXXXXXXXXXXXXXXX;
	2497 :	XXXXXXXXXXXXXXXX;
	2496 :	XXXXXXXXXXXXXXXX;
	2495 :	XXXXXXXXXXXXXXXX;
	2494 :	XXXXXXXXXXXXXXXX;
	2493 :	XXXXXXXXXXXXXXXX;
	2492 :	XXXXXXXXXXXXXXXX;
	2491 :	XXXXXXXXXXXXXXXX;
	2490 :	XXXXXXXXXXXXXXXX;
	2489 :	XXXXXXXXXXXXXXXX;
	2488 :	XXXXXXXXXXXXXXXX;
	2487 :	XXXXXXXXXXXXXXXX;
	2486 :	XXXXXXXXXXXXXXXX;
	2485 :	XXXXXXXXXXXXXXXX;
	2484 :	XXXXXXXXXXXXXXXX;
	2483 :	XXXXXXXXXXXXXXXX;
	2482 :	XXXXXXXXXXXXXXXX;
	2481 :	XXXXXXXXXXXXXXXX;
	2480 :	XXXXXXXXXXXXXXXX;
	2479 :	XXXXXXXXXXXXXXXX;
	2478 :	XXXXXXXXXXXXXXXX;
	2477 :	XXXXXXXXXXXXXXXX;
	2476 :	XXXXXXXXXXXXXXXX;
	2475 :	XXXXXXXXXXXXXXXX;
	2474 :	XXXXXXXXXXXXXXXX;
	2473 :	XXXXXXXXXXXXXXXX;
	2472 :	XXXXXXXXXXXXXXXX;
	2471 :	XXXXXXXXXXXXXXXX;
	2470 :	XXXXXXXXXXXXXXXX;
	2469 :	XXXXXXXXXXXXXXXX;
	2468 :	XXXXXXXXXXXXXXXX;
	2467 :	XXXXXXXXXXXXXXXX;
	2466 :	XXXXXXXXXXXXXXXX;
	2465 :	XXXXXXXXXXXXXXXX;
	2464 :	XXXXXXXXXXXXXXXX;
	2463 :	XXXXXXXXXXXXXXXX;
	2462 :	XXXXXXXXXXXXXXXX;
	2461 :	XXXXXXXXXXXXXXXX;
	2460 :	XXXXXXXXXXXXXXXX;
	2459 :	XXXXXXXXXXXXXXXX;
	2458 :	XXXXXXXXXXXXXXXX;
	2457 :	XXXXXXXXXXXXXXXX;
	2456 :	XXXXXXXXXXXXXXXX;
	2455 :	XXXXXXXXXXXXXXXX;
	2454 :	XXXXXXXXXXXXXXXX;
	2453 :	XXXXXXXXXXXXXXXX;
	2452 :	XXXXXXXXXXXXXXXX;
	2451 :	XXXXXXXXXXXXXXXX;
	2450 :	XXXXXXXXXXXXXXXX;
	2449 :	XXXXXXXXXXXXXXXX;
	2448 :	XXXXXXXXXXXXXXXX;
	2447 :	XXXXXXXXXXXXXXXX;
	2446 :	XXXXXXXXXXXXXXXX;
	2445 :	XXXXXXXXXXXXXXXX;
	2444 :	XXXXXXXXXXXXXXXX;
	2443 :	XXXXXXXXXXXXXXXX;
	2442 :	XXXXXXXXXXXXXXXX;
	2441 :	XXXXXXXXXXXXXXXX;
	2440 :	XXXXXXXXXXXXXXXX;
	2439 :	XXXXXXXXXXXXXXXX;
	2438 :	XXXXXXXXXXXXXXXX;
	2437 :	XXXXXXXXXXXXXXXX;
	2436 :	XXXXXXXXXXXXXXXX;
	2435 :	XXXXXXXXXXXXXXXX;
	2434 :	XXXXXXXXXXXXXXXX;
	2433 :	XXXXXXXXXXXXXXXX;
	2432 :	XXXXXXXXXXXXXXXX;
	2431 :	XXXXXXXXXXXXXXXX;
	2430 :	XXXXXXXXXXXXXXXX;
	2429 :	XXXXXXXXXXXXXXXX;
	2428 :	XXXXXXXXXXXXXXXX;
	2427 :	XXXXXXXXXXXXXXXX;
	2426 :	XXXXXXXXXXXXXXXX;
	2425 :	XXXXXXXXXXXXXXXX;
	2424 :	XXXXXXXXXXXXXXXX;
	2423 :	XXXXXXXXXXXXXXXX;
	2422 :	XXXXXXXXXXXXXXXX;
	2421 :	XXXXXXXXXXXXXXXX;
	2420 :	XXXXXXXXXXXXXXXX;
	2419 :	XXXXXXXXXXXXXXXX;
	2418 :	XXXXXXXXXXXXXXXX;
	2417 :	XXXXXXXXXXXXXXXX;
	2416 :	XXXXXXXXXXXXXXXX;
	2415 :	XXXXXXXXXXXXXXXX;
	2414 :	XXXXXXXXXXXXXXXX;
	2413 :	XXXXXXXXXXXXXXXX;
	2412 :	XXXXXXXXXXXXXXXX;
	2411 :	XXXXXXXXXXXXXXXX;
	2410 :	XXXXXXXXXXXXXXXX;
	2409 :	XXXXXXXXXXXXXXXX;
	2408 :	XXXXXXXXXXXXXXXX;
	2407 :	XXXXXXXXXXXXXXXX;
	2406 :	XXXXXXXXXXXXXXXX;
	2405 :	XXXXXXXXXXXXXXXX;
	2404 :	XXXXXXXXXXXXXXXX;
	2403 :	XXXXXXXXXXXXXXXX;
	2402 :	XXXXXXXXXXXXXXXX;
	2401 :	XXXXXXXXXXXXXXXX;
	2400 :	XXXXXXXXXXXXXXXX;
	2399 :	XXXXXXXXXXXXXXXX;
	2398 :	XXXXXXXXXXXXXXXX;
	2397 :	XXXXXXXXXXXXXXXX;
	2396 :	XXXXXXXXXXXXXXXX;
	2395 :	XXXXXXXXXXXXXXXX;
	2394 :	XXXXXXXXXXXXXXXX;
	2393 :	XXXXXXXXXXXXXXXX;
	2392 :	XXXXXXXXXXXXXXXX;
	2391 :	XXXXXXXXXXXXXXXX;
	2390 :	XXXXXXXXXXXXXXXX;
	2389 :	XXXXXXXXXXXXXXXX;
	2388 :	XXXXXXXXXXXXXXXX;
	2387 :	XXXXXXXXXXXXXXXX;
	2386 :	XXXXXXXXXXXXXXXX;
	2385 :	XXXXXXXXXXXXXXXX;
	2384 :	XXXXXXXXXXXXXXXX;
	2383 :	XXXXXXXXXXXXXXXX;
	2382 :	XXXXXXXXXXXXXXXX;
	2381 :	XXXXXXXXXXXXXXXX;
	2380 :	XXXXXXXXXXXXXXXX;
	2379 :	XXXXXXXXXXXXXXXX;
	2378 :	XXXXXXXXXXXXXXXX;
	2377 :	XXXXXXXXXXXXXXXX;
	2376 :	XXXXXXXXXXXXXXXX;
	2375 :	XXXXXXXXXXXXXXXX;
	2374 :	XXXXXXXXXXXXXXXX;
	2373 :	XXXXXXXXXXXXXXXX;
	2372 :	XXXXXXXXXXXXXXXX;
	2371 :	XXXXXXXXXXXXXXXX;
	2370 :	XXXXXXXXXXXXXXXX;
	2369 :	XXXXXXXXXXXXXXXX;
	2368 :	XXXXXXXXXXXXXXXX;
	2367 :	XXXXXXXXXXXXXXXX;
	2366 :	XXXXXXXXXXXXXXXX;
	2365 :	XXXXXXXXXXXXXXXX;
	2364 :	XXXXXXXXXXXXXXXX;
	2363 :	XXXXXXXXXXXXXXXX;
	2362 :	XXXXXXXXXXXXXXXX;
	2361 :	XXXXXXXXXXXXXXXX;
	2360 :	XXXXXXXXXXXXXXXX;
	2359 :	XXXXXXXXXXXXXXXX;
	2358 :	XXXXXXXXXXXXXXXX;
	2357 :	XXXXXXXXXXXXXXXX;
	2356 :	XXXXXXXXXXXXXXXX;
	2355 :	XXXXXXXXXXXXXXXX;
	2354 :	XXXXXXXXXXXXXXXX;
	2353 :	XXXXXXXXXXXXXXXX;
	2352 :	XXXXXXXXXXXXXXXX;
	2351 :	XXXXXXXXXXXXXXXX;
	2350 :	XXXXXXXXXXXXXXXX;
	2349 :	XXXXXXXXXXXXXXXX;
	2348 :	XXXXXXXXXXXXXXXX;
	2347 :	XXXXXXXXXXXXXXXX;
	2346 :	XXXXXXXXXXXXXXXX;
	2345 :	XXXXXXXXXXXXXXXX;
	2344 :	XXXXXXXXXXXXXXXX;
	2343 :	XXXXXXXXXXXXXXXX;
	2342 :	XXXXXXXXXXXXXXXX;
	2341 :	XXXXXXXXXXXXXXXX;
	2340 :	XXXXXXXXXXXXXXXX;
	2339 :	XXXXXXXXXXXXXXXX;
	2338 :	XXXXXXXXXXXXXXXX;
	2337 :	XXXXXXXXXXXXXXXX;
	2336 :	XXXXXXXXXXXXXXXX;
	2335 :	XXXXXXXXXXXXXXXX;
	2334 :	XXXXXXXXXXXXXXXX;
	2333 :	XXXXXXXXXXXXXXXX;
	2332 :	XXXXXXXXXXXXXXXX;
	2331 :	XXXXXXXXXXXXXXXX;
	2330 :	XXXXXXXXXXXXXXXX;
	2329 :	XXXXXXXXXXXXXXXX;
	2328 :	XXXXXXXXXXXXXXXX;
	2327 :	XXXXXXXXXXXXXXXX;
	2326 :	XXXXXXXXXXXXXXXX;
	2325 :	XXXXXXXXXXXXXXXX;
	2324 :	XXXXXXXXXXXXXXXX;
	2323 :	XXXXXXXXXXXXXXXX;
	2322 :	XXXXXXXXXXXXXXXX;
	2321 :	XXXXXXXXXXXXXXXX;
	2320 :	XXXXXXXXXXXXXXXX;
	2319 :	XXXXXXXXXXXXXXXX;
	2318 :	XXXXXXXXXXXXXXXX;
	2317 :	XXXXXXXXXXXXXXXX;
	2316 :	XXXXXXXXXXXXXXXX;
	2315 :	XXXXXXXXXXXXXXXX;
	2314 :	XXXXXXXXXXXXXXXX;
	2313 :	XXXXXXXXXXXXXXXX;
	2312 :	XXXXXXXXXXXXXXXX;
	2311 :	XXXXXXXXXXXXXXXX;
	2310 :	XXXXXXXXXXXXXXXX;
	2309 :	XXXXXXXXXXXXXXXX;
	2308 :	XXXXXXXXXXXXXXXX;
	2307 :	XXXXXXXXXXXXXXXX;
	2306 :	XXXXXXXXXXXXXXXX;
	2305 :	XXXXXXXXXXXXXXXX;
	2304 :	XXXXXXXXXXXXXXXX;
	2303 :	XXXXXXXXXXXXXXXX;
	2302 :	XXXXXXXXXXXXXXXX;
	2301 :	XXXXXXXXXXXXXXXX;
	2300 :	XXXXXXXXXXXXXXXX;
	2299 :	XXXXXXXXXXXXXXXX;
	2298 :	XXXXXXXXXXXXXXXX;
	2297 :	XXXXXXXXXXXXXXXX;
	2296 :	XXXXXXXXXXXXXXXX;
	2295 :	XXXXXXXXXXXXXXXX;
	2294 :	XXXXXXXXXXXXXXXX;
	2293 :	XXXXXXXXXXXXXXXX;
	2292 :	XXXXXXXXXXXXXXXX;
	2291 :	XXXXXXXXXXXXXXXX;
	2290 :	XXXXXXXXXXXXXXXX;
	2289 :	XXXXXXXXXXXXXXXX;
	2288 :	XXXXXXXXXXXXXXXX;
	2287 :	XXXXXXXXXXXXXXXX;
	2286 :	XXXXXXXXXXXXXXXX;
	2285 :	XXXXXXXXXXXXXXXX;
	2284 :	XXXXXXXXXXXXXXXX;
	2283 :	XXXXXXXXXXXXXXXX;
	2282 :	XXXXXXXXXXXXXXXX;
	2281 :	XXXXXXXXXXXXXXXX;
	2280 :	XXXXXXXXXXXXXXXX;
	2279 :	XXXXXXXXXXXXXXXX;
	2278 :	XXXXXXXXXXXXXXXX;
	2277 :	XXXXXXXXXXXXXXXX;
	2276 :	XXXXXXXXXXXXXXXX;
	2275 :	XXXXXXXXXXXXXXXX;
	2274 :	XXXXXXXXXXXXXXXX;
	2273 :	XXXXXXXXXXXXXXXX;
	2272 :	XXXXXXXXXXXXXXXX;
	2271 :	XXXXXXXXXXXXXXXX;
	2270 :	XXXXXXXXXXXXXXXX;
	2269 :	XXXXXXXXXXXXXXXX;
	2268 :	XXXXXXXXXXXXXXXX;
	2267 :	XXXXXXXXXXXXXXXX;
	2266 :	XXXXXXXXXXXXXXXX;
	2265 :	XXXXXXXXXXXXXXXX;
	2264 :	XXXXXXXXXXXXXXXX;
	2263 :	XXXXXXXXXXXXXXXX;
	2262 :	XXXXXXXXXXXXXXXX;
	2261 :	XXXXXXXXXXXXXXXX;
	2260 :	XXXXXXXXXXXXXXXX;
	2259 :	XXXXXXXXXXXXXXXX;
	2258 :	XXXXXXXXXXXXXXXX;
	2257 :	XXXXXXXXXXXXXXXX;
	2256 :	XXXXXXXXXXXXXXXX;
	2255 :	XXXXXXXXXXXXXXXX;
	2254 :	XXXXXXXXXXXXXXXX;
	2253 :	XXXXXXXXXXXXXXXX;
	2252 :	XXXXXXXXXXXXXXXX;
	2251 :	XXXXXXXXXXXXXXXX;
	2250 :	XXXXXXXXXXXXXXXX;
	2249 :	XXXXXXXXXXXXXXXX;
	2248 :	XXXXXXXXXXXXXXXX;
	2247 :	XXXXXXXXXXXXXXXX;
	2246 :	XXXXXXXXXXXXXXXX;
	2245 :	XXXXXXXXXXXXXXXX;
	2244 :	XXXXXXXXXXXXXXXX;
	2243 :	XXXXXXXXXXXXXXXX;
	2242 :	XXXXXXXXXXXXXXXX;
	2241 :	XXXXXXXXXXXXXXXX;
	2240 :	XXXXXXXXXXXXXXXX;
	2239 :	XXXXXXXXXXXXXXXX;
	2238 :	XXXXXXXXXXXXXXXX;
	2237 :	XXXXXXXXXXXXXXXX;
	2236 :	XXXXXXXXXXXXXXXX;
	2235 :	XXXXXXXXXXXXXXXX;
	2234 :	XXXXXXXXXXXXXXXX;
	2233 :	XXXXXXXXXXXXXXXX;
	2232 :	XXXXXXXXXXXXXXXX;
	2231 :	XXXXXXXXXXXXXXXX;
	2230 :	XXXXXXXXXXXXXXXX;
	2229 :	XXXXXXXXXXXXXXXX;
	2228 :	XXXXXXXXXXXXXXXX;
	2227 :	XXXXXXXXXXXXXXXX;
	2226 :	XXXXXXXXXXXXXXXX;
	2225 :	XXXXXXXXXXXXXXXX;
	2224 :	XXXXXXXXXXXXXXXX;
	2223 :	XXXXXXXXXXXXXXXX;
	2222 :	XXXXXXXXXXXXXXXX;
	2221 :	XXXXXXXXXXXXXXXX;
	2220 :	XXXXXXXXXXXXXXXX;
	2219 :	XXXXXXXXXXXXXXXX;
	2218 :	XXXXXXXXXXXXXXXX;
	2217 :	XXXXXXXXXXXXXXXX;
	2216 :	XXXXXXXXXXXXXXXX;
	2215 :	XXXXXXXXXXXXXXXX;
	2214 :	XXXXXXXXXXXXXXXX;
	2213 :	XXXXXXXXXXXXXXXX;
	2212 :	XXXXXXXXXXXXXXXX;
	2211 :	XXXXXXXXXXXXXXXX;
	2210 :	XXXXXXXXXXXXXXXX;
	2209 :	XXXXXXXXXXXXXXXX;
	2208 :	XXXXXXXXXXXXXXXX;
	2207 :	XXXXXXXXXXXXXXXX;
	2206 :	XXXXXXXXXXXXXXXX;
	2205 :	XXXXXXXXXXXXXXXX;
	2204 :	XXXXXXXXXXXXXXXX;
	2203 :	XXXXXXXXXXXXXXXX;
	2202 :	XXXXXXXXXXXXXXXX;
	2201 :	XXXXXXXXXXXXXXXX;
	2200 :	XXXXXXXXXXXXXXXX;
	2199 :	XXXXXXXXXXXXXXXX;
	2198 :	XXXXXXXXXXXXXXXX;
	2197 :	XXXXXXXXXXXXXXXX;
	2196 :	XXXXXXXXXXXXXXXX;
	2195 :	XXXXXXXXXXXXXXXX;
	2194 :	XXXXXXXXXXXXXXXX;
	2193 :	XXXXXXXXXXXXXXXX;
	2192 :	XXXXXXXXXXXXXXXX;
	2191 :	XXXXXXXXXXXXXXXX;
	2190 :	XXXXXXXXXXXXXXXX;
	2189 :	XXXXXXXXXXXXXXXX;
	2188 :	XXXXXXXXXXXXXXXX;
	2187 :	XXXXXXXXXXXXXXXX;
	2186 :	XXXXXXXXXXXXXXXX;
	2185 :	XXXXXXXXXXXXXXXX;
	2184 :	XXXXXXXXXXXXXXXX;
	2183 :	XXXXXXXXXXXXXXXX;
	2182 :	XXXXXXXXXXXXXXXX;
	2181 :	XXXXXXXXXXXXXXXX;
	2180 :	XXXXXXXXXXXXXXXX;
	2179 :	XXXXXXXXXXXXXXXX;
	2178 :	XXXXXXXXXXXXXXXX;
	2177 :	XXXXXXXXXXXXXXXX;
	2176 :	XXXXXXXXXXXXXXXX;
	2175 :	XXXXXXXXXXXXXXXX;
	2174 :	XXXXXXXXXXXXXXXX;
	2173 :	XXXXXXXXXXXXXXXX;
	2172 :	XXXXXXXXXXXXXXXX;
	2171 :	XXXXXXXXXXXXXXXX;
	2170 :	XXXXXXXXXXXXXXXX;
	2169 :	XXXXXXXXXXXXXXXX;
	2168 :	XXXXXXXXXXXXXXXX;
	2167 :	XXXXXXXXXXXXXXXX;
	2166 :	XXXXXXXXXXXXXXXX;
	2165 :	XXXXXXXXXXXXXXXX;
	2164 :	XXXXXXXXXXXXXXXX;
	2163 :	XXXXXXXXXXXXXXXX;
	2162 :	XXXXXXXXXXXXXXXX;
	2161 :	XXXXXXXXXXXXXXXX;
	2160 :	XXXXXXXXXXXXXXXX;
	2159 :	XXXXXXXXXXXXXXXX;
	2158 :	XXXXXXXXXXXXXXXX;
	2157 :	XXXXXXXXXXXXXXXX;
	2156 :	XXXXXXXXXXXXXXXX;
	2155 :	XXXXXXXXXXXXXXXX;
	2154 :	XXXXXXXXXXXXXXXX;
	2153 :	XXXXXXXXXXXXXXXX;
	2152 :	XXXXXXXXXXXXXXXX;
	2151 :	XXXXXXXXXXXXXXXX;
	2150 :	XXXXXXXXXXXXXXXX;
	2149 :	XXXXXXXXXXXXXXXX;
	2148 :	XXXXXXXXXXXXXXXX;
	2147 :	XXXXXXXXXXXXXXXX;
	2146 :	XXXXXXXXXXXXXXXX;
	2145 :	XXXXXXXXXXXXXXXX;
	2144 :	XXXXXXXXXXXXXXXX;
	2143 :	XXXXXXXXXXXXXXXX;
	2142 :	XXXXXXXXXXXXXXXX;
	2141 :	XXXXXXXXXXXXXXXX;
	2140 :	XXXXXXXXXXXXXXXX;
	2139 :	XXXXXXXXXXXXXXXX;
	2138 :	XXXXXXXXXXXXXXXX;
	2137 :	XXXXXXXXXXXXXXXX;
	2136 :	XXXXXXXXXXXXXXXX;
	2135 :	XXXXXXXXXXXXXXXX;
	2134 :	XXXXXXXXXXXXXXXX;
	2133 :	XXXXXXXXXXXXXXXX;
	2132 :	XXXXXXXXXXXXXXXX;
	2131 :	XXXXXXXXXXXXXXXX;
	2130 :	XXXXXXXXXXXXXXXX;
	2129 :	XXXXXXXXXXXXXXXX;
	2128 :	XXXXXXXXXXXXXXXX;
	2127 :	XXXXXXXXXXXXXXXX;
	2126 :	XXXXXXXXXXXXXXXX;
	2125 :	XXXXXXXXXXXXXXXX;
	2124 :	XXXXXXXXXXXXXXXX;
	2123 :	XXXXXXXXXXXXXXXX;
	2122 :	XXXXXXXXXXXXXXXX;
	2121 :	XXXXXXXXXXXXXXXX;
	2120 :	XXXXXXXXXXXXXXXX;
	2119 :	XXXXXXXXXXXXXXXX;
	2118 :	XXXXXXXXXXXXXXXX;
	2117 :	XXXXXXXXXXXXXXXX;
	2116 :	XXXXXXXXXXXXXXXX;
	2115 :	XXXXXXXXXXXXXXXX;
	2114 :	XXXXXXXXXXXXXXXX;
	2113 :	XXXXXXXXXXXXXXXX;
	2112 :	XXXXXXXXXXXXXXXX;
	2111 :	XXXXXXXXXXXXXXXX;
	2110 :	XXXXXXXXXXXXXXXX;
	2109 :	XXXXXXXXXXXXXXXX;
	2108 :	XXXXXXXXXXXXXXXX;
	2107 :	XXXXXXXXXXXXXXXX;
	2106 :	XXXXXXXXXXXXXXXX;
	2105 :	XXXXXXXXXXXXXXXX;
	2104 :	XXXXXXXXXXXXXXXX;
	2103 :	XXXXXXXXXXXXXXXX;
	2102 :	XXXXXXXXXXXXXXXX;
	2101 :	XXXXXXXXXXXXXXXX;
	2100 :	XXXXXXXXXXXXXXXX;
	2099 :	XXXXXXXXXXXXXXXX;
	2098 :	XXXXXXXXXXXXXXXX;
	2097 :	XXXXXXXXXXXXXXXX;
	2096 :	XXXXXXXXXXXXXXXX;
	2095 :	XXXXXXXXXXXXXXXX;
	2094 :	XXXXXXXXXXXXXXXX;
	2093 :	XXXXXXXXXXXXXXXX;
	2092 :	XXXXXXXXXXXXXXXX;
	2091 :	XXXXXXXXXXXXXXXX;
	2090 :	XXXXXXXXXXXXXXXX;
	2089 :	XXXXXXXXXXXXXXXX;
	2088 :	XXXXXXXXXXXXXXXX;
	2087 :	XXXXXXXXXXXXXXXX;
	2086 :	XXXXXXXXXXXXXXXX;
	2085 :	XXXXXXXXXXXXXXXX;
	2084 :	XXXXXXXXXXXXXXXX;
	2083 :	XXXXXXXXXXXXXXXX;
	2082 :	XXXXXXXXXXXXXXXX;
	2081 :	XXXXXXXXXXXXXXXX;
	2080 :	XXXXXXXXXXXXXXXX;
	2079 :	XXXXXXXXXXXXXXXX;
	2078 :	XXXXXXXXXXXXXXXX;
	2077 :	XXXXXXXXXXXXXXXX;
	2076 :	XXXXXXXXXXXXXXXX;
	2075 :	XXXXXXXXXXXXXXXX;
	2074 :	XXXXXXXXXXXXXXXX;
	2073 :	XXXXXXXXXXXXXXXX;
	2072 :	XXXXXXXXXXXXXXXX;
	2071 :	XXXXXXXXXXXXXXXX;
	2070 :	XXXXXXXXXXXXXXXX;
	2069 :	XXXXXXXXXXXXXXXX;
	2068 :	XXXXXXXXXXXXXXXX;
	2067 :	XXXXXXXXXXXXXXXX;
	2066 :	XXXXXXXXXXXXXXXX;
	2065 :	XXXXXXXXXXXXXXXX;
	2064 :	XXXXXXXXXXXXXXXX;
	2063 :	XXXXXXXXXXXXXXXX;
	2062 :	XXXXXXXXXXXXXXXX;
	2061 :	XXXXXXXXXXXXXXXX;
	2060 :	XXXXXXXXXXXXXXXX;
	2059 :	XXXXXXXXXXXXXXXX;
	2058 :	XXXXXXXXXXXXXXXX;
	2057 :	XXXXXXXXXXXXXXXX;
	2056 :	XXXXXXXXXXXXXXXX;
	2055 :	XXXXXXXXXXXXXXXX;
	2054 :	XXXXXXXXXXXXXXXX;
	2053 :	XXXXXXXXXXXXXXXX;
	2052 :	XXXXXXXXXXXXXXXX;
	2051 :	XXXXXXXXXXXXXXXX;
	2050 :	XXXXXXXXXXXXXXXX;
	2049 :	XXXXXXXXXXXXXXXX;
	2048 :	XXXXXXXXXXXXXXXX;
	2047 :	XXXXXXXXXXXXXXXX;
	2046 :	XXXXXXXXXXXXXXXX;
	2045 :	XXXXXXXXXXXXXXXX;
	2044 :	XXXXXXXXXXXXXXXX;
	2043 :	XXXXXXXXXXXXXXXX;
	2042 :	XXXXXXXXXXXXXXXX;
	2041 :	XXXXXXXXXXXXXXXX;
	2040 :	XXXXXXXXXXXXXXXX;
	2039 :	XXXXXXXXXXXXXXXX;
	2038 :	XXXXXXXXXXXXXXXX;
	2037 :	XXXXXXXXXXXXXXXX;
	2036 :	XXXXXXXXXXXXXXXX;
	2035 :	XXXXXXXXXXXXXXXX;
	2034 :	XXXXXXXXXXXXXXXX;
	2033 :	XXXXXXXXXXXXXXXX;
	2032 :	XXXXXXXXXXXXXXXX;
	2031 :	XXXXXXXXXXXXXXXX;
	2030 :	XXXXXXXXXXXXXXXX;
	2029 :	XXXXXXXXXXXXXXXX;
	2028 :	XXXXXXXXXXXXXXXX;
	2027 :	XXXXXXXXXXXXXXXX;
	2026 :	XXXXXXXXXXXXXXXX;
	2025 :	XXXXXXXXXXXXXXXX;
	2024 :	XXXXXXXXXXXXXXXX;
	2023 :	XXXXXXXXXXXXXXXX;
	2022 :	XXXXXXXXXXXXXXXX;
	2021 :	XXXXXXXXXXXXXXXX;
	2020 :	XXXXXXXXXXXXXXXX;
	2019 :	XXXXXXXXXXXXXXXX;
	2018 :	XXXXXXXXXXXXXXXX;
	2017 :	XXXXXXXXXXXXXXXX;
	2016 :	XXXXXXXXXXXXXXXX;
	2015 :	XXXXXXXXXXXXXXXX;
	2014 :	XXXXXXXXXXXXXXXX;
	2013 :	XXXXXXXXXXXXXXXX;
	2012 :	XXXXXXXXXXXXXXXX;
	2011 :	XXXXXXXXXXXXXXXX;
	2010 :	XXXXXXXXXXXXXXXX;
	2009 :	XXXXXXXXXXXXXXXX;
	2008 :	XXXXXXXXXXXXXXXX;
	2007 :	XXXXXXXXXXXXXXXX;
	2006 :	XXXXXXXXXXXXXXXX;
	2005 :	XXXXXXXXXXXXXXXX;
	2004 :	XXXXXXXXXXXXXXXX;
	2003 :	XXXXXXXXXXXXXXXX;
	2002 :	XXXXXXXXXXXXXXXX;
	2001 :	XXXXXXXXXXXXXXXX;
	2000 :	XXXXXXXXXXXXXXXX;
	1999 :	XXXXXXXXXXXXXXXX;
	1998 :	XXXXXXXXXXXXXXXX;
	1997 :	XXXXXXXXXXXXXXXX;
	1996 :	XXXXXXXXXXXXXXXX;
	1995 :	XXXXXXXXXXXXXXXX;
	1994 :	XXXXXXXXXXXXXXXX;
	1993 :	XXXXXXXXXXXXXXXX;
	1992 :	XXXXXXXXXXXXXXXX;
	1991 :	XXXXXXXXXXXXXXXX;
	1990 :	XXXXXXXXXXXXXXXX;
	1989 :	XXXXXXXXXXXXXXXX;
	1988 :	XXXXXXXXXXXXXXXX;
	1987 :	XXXXXXXXXXXXXXXX;
	1986 :	XXXXXXXXXXXXXXXX;
	1985 :	XXXXXXXXXXXXXXXX;
	1984 :	XXXXXXXXXXXXXXXX;
	1983 :	XXXXXXXXXXXXXXXX;
	1982 :	XXXXXXXXXXXXXXXX;
	1981 :	XXXXXXXXXXXXXXXX;
	1980 :	XXXXXXXXXXXXXXXX;
	1979 :	XXXXXXXXXXXXXXXX;
	1978 :	XXXXXXXXXXXXXXXX;
	1977 :	XXXXXXXXXXXXXXXX;
	1976 :	XXXXXXXXXXXXXXXX;
	1975 :	XXXXXXXXXXXXXXXX;
	1974 :	XXXXXXXXXXXXXXXX;
	1973 :	XXXXXXXXXXXXXXXX;
	1972 :	XXXXXXXXXXXXXXXX;
	1971 :	XXXXXXXXXXXXXXXX;
	1970 :	XXXXXXXXXXXXXXXX;
	1969 :	XXXXXXXXXXXXXXXX;
	1968 :	XXXXXXXXXXXXXXXX;
	1967 :	XXXXXXXXXXXXXXXX;
	1966 :	XXXXXXXXXXXXXXXX;
	1965 :	XXXXXXXXXXXXXXXX;
	1964 :	XXXXXXXXXXXXXXXX;
	1963 :	XXXXXXXXXXXXXXXX;
	1962 :	XXXXXXXXXXXXXXXX;
	1961 :	XXXXXXXXXXXXXXXX;
	1960 :	XXXXXXXXXXXXXXXX;
	1959 :	XXXXXXXXXXXXXXXX;
	1958 :	XXXXXXXXXXXXXXXX;
	1957 :	XXXXXXXXXXXXXXXX;
	1956 :	XXXXXXXXXXXXXXXX;
	1955 :	XXXXXXXXXXXXXXXX;
	1954 :	XXXXXXXXXXXXXXXX;
	1953 :	XXXXXXXXXXXXXXXX;
	1952 :	XXXXXXXXXXXXXXXX;
	1951 :	XXXXXXXXXXXXXXXX;
	1950 :	XXXXXXXXXXXXXXXX;
	1949 :	XXXXXXXXXXXXXXXX;
	1948 :	XXXXXXXXXXXXXXXX;
	1947 :	XXXXXXXXXXXXXXXX;
	1946 :	XXXXXXXXXXXXXXXX;
	1945 :	XXXXXXXXXXXXXXXX;
	1944 :	XXXXXXXXXXXXXXXX;
	1943 :	XXXXXXXXXXXXXXXX;
	1942 :	XXXXXXXXXXXXXXXX;
	1941 :	XXXXXXXXXXXXXXXX;
	1940 :	XXXXXXXXXXXXXXXX;
	1939 :	XXXXXXXXXXXXXXXX;
	1938 :	XXXXXXXXXXXXXXXX;
	1937 :	XXXXXXXXXXXXXXXX;
	1936 :	XXXXXXXXXXXXXXXX;
	1935 :	XXXXXXXXXXXXXXXX;
	1934 :	XXXXXXXXXXXXXXXX;
	1933 :	XXXXXXXXXXXXXXXX;
	1932 :	XXXXXXXXXXXXXXXX;
	1931 :	XXXXXXXXXXXXXXXX;
	1930 :	XXXXXXXXXXXXXXXX;
	1929 :	XXXXXXXXXXXXXXXX;
	1928 :	XXXXXXXXXXXXXXXX;
	1927 :	XXXXXXXXXXXXXXXX;
	1926 :	XXXXXXXXXXXXXXXX;
	1925 :	XXXXXXXXXXXXXXXX;
	1924 :	XXXXXXXXXXXXXXXX;
	1923 :	XXXXXXXXXXXXXXXX;
	1922 :	XXXXXXXXXXXXXXXX;
	1921 :	XXXXXXXXXXXXXXXX;
	1920 :	XXXXXXXXXXXXXXXX;
	1919 :	XXXXXXXXXXXXXXXX;
	1918 :	XXXXXXXXXXXXXXXX;
	1917 :	XXXXXXXXXXXXXXXX;
	1916 :	XXXXXXXXXXXXXXXX;
	1915 :	XXXXXXXXXXXXXXXX;
	1914 :	XXXXXXXXXXXXXXXX;
	1913 :	XXXXXXXXXXXXXXXX;
	1912 :	XXXXXXXXXXXXXXXX;
	1911 :	XXXXXXXXXXXXXXXX;
	1910 :	XXXXXXXXXXXXXXXX;
	1909 :	XXXXXXXXXXXXXXXX;
	1908 :	XXXXXXXXXXXXXXXX;
	1907 :	XXXXXXXXXXXXXXXX;
	1906 :	XXXXXXXXXXXXXXXX;
	1905 :	XXXXXXXXXXXXXXXX;
	1904 :	XXXXXXXXXXXXXXXX;
	1903 :	XXXXXXXXXXXXXXXX;
	1902 :	XXXXXXXXXXXXXXXX;
	1901 :	XXXXXXXXXXXXXXXX;
	1900 :	XXXXXXXXXXXXXXXX;
	1899 :	XXXXXXXXXXXXXXXX;
	1898 :	XXXXXXXXXXXXXXXX;
	1897 :	XXXXXXXXXXXXXXXX;
	1896 :	XXXXXXXXXXXXXXXX;
	1895 :	XXXXXXXXXXXXXXXX;
	1894 :	XXXXXXXXXXXXXXXX;
	1893 :	XXXXXXXXXXXXXXXX;
	1892 :	XXXXXXXXXXXXXXXX;
	1891 :	XXXXXXXXXXXXXXXX;
	1890 :	XXXXXXXXXXXXXXXX;
	1889 :	XXXXXXXXXXXXXXXX;
	1888 :	XXXXXXXXXXXXXXXX;
	1887 :	XXXXXXXXXXXXXXXX;
	1886 :	XXXXXXXXXXXXXXXX;
	1885 :	XXXXXXXXXXXXXXXX;
	1884 :	XXXXXXXXXXXXXXXX;
	1883 :	XXXXXXXXXXXXXXXX;
	1882 :	XXXXXXXXXXXXXXXX;
	1881 :	XXXXXXXXXXXXXXXX;
	1880 :	XXXXXXXXXXXXXXXX;
	1879 :	XXXXXXXXXXXXXXXX;
	1878 :	XXXXXXXXXXXXXXXX;
	1877 :	XXXXXXXXXXXXXXXX;
	1876 :	XXXXXXXXXXXXXXXX;
	1875 :	XXXXXXXXXXXXXXXX;
	1874 :	XXXXXXXXXXXXXXXX;
	1873 :	XXXXXXXXXXXXXXXX;
	1872 :	XXXXXXXXXXXXXXXX;
	1871 :	XXXXXXXXXXXXXXXX;
	1870 :	XXXXXXXXXXXXXXXX;
	1869 :	XXXXXXXXXXXXXXXX;
	1868 :	XXXXXXXXXXXXXXXX;
	1867 :	XXXXXXXXXXXXXXXX;
	1866 :	XXXXXXXXXXXXXXXX;
	1865 :	XXXXXXXXXXXXXXXX;
	1864 :	XXXXXXXXXXXXXXXX;
	1863 :	XXXXXXXXXXXXXXXX;
	1862 :	XXXXXXXXXXXXXXXX;
	1861 :	XXXXXXXXXXXXXXXX;
	1860 :	XXXXXXXXXXXXXXXX;
	1859 :	XXXXXXXXXXXXXXXX;
	1858 :	XXXXXXXXXXXXXXXX;
	1857 :	XXXXXXXXXXXXXXXX;
	1856 :	XXXXXXXXXXXXXXXX;
	1855 :	XXXXXXXXXXXXXXXX;
	1854 :	XXXXXXXXXXXXXXXX;
	1853 :	XXXXXXXXXXXXXXXX;
	1852 :	XXXXXXXXXXXXXXXX;
	1851 :	XXXXXXXXXXXXXXXX;
	1850 :	XXXXXXXXXXXXXXXX;
	1849 :	XXXXXXXXXXXXXXXX;
	1848 :	XXXXXXXXXXXXXXXX;
	1847 :	XXXXXXXXXXXXXXXX;
	1846 :	XXXXXXXXXXXXXXXX;
	1845 :	XXXXXXXXXXXXXXXX;
	1844 :	XXXXXXXXXXXXXXXX;
	1843 :	XXXXXXXXXXXXXXXX;
	1842 :	XXXXXXXXXXXXXXXX;
	1841 :	XXXXXXXXXXXXXXXX;
	1840 :	XXXXXXXXXXXXXXXX;
	1839 :	XXXXXXXXXXXXXXXX;
	1838 :	XXXXXXXXXXXXXXXX;
	1837 :	XXXXXXXXXXXXXXXX;
	1836 :	XXXXXXXXXXXXXXXX;
	1835 :	XXXXXXXXXXXXXXXX;
	1834 :	XXXXXXXXXXXXXXXX;
	1833 :	XXXXXXXXXXXXXXXX;
	1832 :	XXXXXXXXXXXXXXXX;
	1831 :	XXXXXXXXXXXXXXXX;
	1830 :	XXXXXXXXXXXXXXXX;
	1829 :	XXXXXXXXXXXXXXXX;
	1828 :	XXXXXXXXXXXXXXXX;
	1827 :	XXXXXXXXXXXXXXXX;
	1826 :	XXXXXXXXXXXXXXXX;
	1825 :	XXXXXXXXXXXXXXXX;
	1824 :	XXXXXXXXXXXXXXXX;
	1823 :	XXXXXXXXXXXXXXXX;
	1822 :	XXXXXXXXXXXXXXXX;
	1821 :	XXXXXXXXXXXXXXXX;
	1820 :	XXXXXXXXXXXXXXXX;
	1819 :	XXXXXXXXXXXXXXXX;
	1818 :	XXXXXXXXXXXXXXXX;
	1817 :	XXXXXXXXXXXXXXXX;
	1816 :	XXXXXXXXXXXXXXXX;
	1815 :	XXXXXXXXXXXXXXXX;
	1814 :	XXXXXXXXXXXXXXXX;
	1813 :	XXXXXXXXXXXXXXXX;
	1812 :	XXXXXXXXXXXXXXXX;
	1811 :	XXXXXXXXXXXXXXXX;
	1810 :	XXXXXXXXXXXXXXXX;
	1809 :	XXXXXXXXXXXXXXXX;
	1808 :	XXXXXXXXXXXXXXXX;
	1807 :	XXXXXXXXXXXXXXXX;
	1806 :	XXXXXXXXXXXXXXXX;
	1805 :	XXXXXXXXXXXXXXXX;
	1804 :	XXXXXXXXXXXXXXXX;
	1803 :	XXXXXXXXXXXXXXXX;
	1802 :	XXXXXXXXXXXXXXXX;
	1801 :	XXXXXXXXXXXXXXXX;
	1800 :	XXXXXXXXXXXXXXXX;
	1799 :	XXXXXXXXXXXXXXXX;
	1798 :	XXXXXXXXXXXXXXXX;
	1797 :	XXXXXXXXXXXXXXXX;
	1796 :	XXXXXXXXXXXXXXXX;
	1795 :	XXXXXXXXXXXXXXXX;
	1794 :	XXXXXXXXXXXXXXXX;
	1793 :	XXXXXXXXXXXXXXXX;
	1792 :	XXXXXXXXXXXXXXXX;
	1791 :	XXXXXXXXXXXXXXXX;
	1790 :	XXXXXXXXXXXXXXXX;
	1789 :	XXXXXXXXXXXXXXXX;
	1788 :	XXXXXXXXXXXXXXXX;
	1787 :	XXXXXXXXXXXXXXXX;
	1786 :	XXXXXXXXXXXXXXXX;
	1785 :	XXXXXXXXXXXXXXXX;
	1784 :	XXXXXXXXXXXXXXXX;
	1783 :	XXXXXXXXXXXXXXXX;
	1782 :	XXXXXXXXXXXXXXXX;
	1781 :	XXXXXXXXXXXXXXXX;
	1780 :	XXXXXXXXXXXXXXXX;
	1779 :	XXXXXXXXXXXXXXXX;
	1778 :	XXXXXXXXXXXXXXXX;
	1777 :	XXXXXXXXXXXXXXXX;
	1776 :	XXXXXXXXXXXXXXXX;
	1775 :	XXXXXXXXXXXXXXXX;
	1774 :	XXXXXXXXXXXXXXXX;
	1773 :	XXXXXXXXXXXXXXXX;
	1772 :	XXXXXXXXXXXXXXXX;
	1771 :	XXXXXXXXXXXXXXXX;
	1770 :	XXXXXXXXXXXXXXXX;
	1769 :	XXXXXXXXXXXXXXXX;
	1768 :	XXXXXXXXXXXXXXXX;
	1767 :	XXXXXXXXXXXXXXXX;
	1766 :	XXXXXXXXXXXXXXXX;
	1765 :	XXXXXXXXXXXXXXXX;
	1764 :	XXXXXXXXXXXXXXXX;
	1763 :	XXXXXXXXXXXXXXXX;
	1762 :	XXXXXXXXXXXXXXXX;
	1761 :	XXXXXXXXXXXXXXXX;
	1760 :	XXXXXXXXXXXXXXXX;
	1759 :	XXXXXXXXXXXXXXXX;
	1758 :	XXXXXXXXXXXXXXXX;
	1757 :	XXXXXXXXXXXXXXXX;
	1756 :	XXXXXXXXXXXXXXXX;
	1755 :	XXXXXXXXXXXXXXXX;
	1754 :	XXXXXXXXXXXXXXXX;
	1753 :	XXXXXXXXXXXXXXXX;
	1752 :	XXXXXXXXXXXXXXXX;
	1751 :	XXXXXXXXXXXXXXXX;
	1750 :	XXXXXXXXXXXXXXXX;
	1749 :	XXXXXXXXXXXXXXXX;
	1748 :	XXXXXXXXXXXXXXXX;
	1747 :	XXXXXXXXXXXXXXXX;
	1746 :	XXXXXXXXXXXXXXXX;
	1745 :	XXXXXXXXXXXXXXXX;
	1744 :	XXXXXXXXXXXXXXXX;
	1743 :	XXXXXXXXXXXXXXXX;
	1742 :	XXXXXXXXXXXXXXXX;
	1741 :	XXXXXXXXXXXXXXXX;
	1740 :	XXXXXXXXXXXXXXXX;
	1739 :	XXXXXXXXXXXXXXXX;
	1738 :	XXXXXXXXXXXXXXXX;
	1737 :	XXXXXXXXXXXXXXXX;
	1736 :	XXXXXXXXXXXXXXXX;
	1735 :	XXXXXXXXXXXXXXXX;
	1734 :	XXXXXXXXXXXXXXXX;
	1733 :	XXXXXXXXXXXXXXXX;
	1732 :	XXXXXXXXXXXXXXXX;
	1731 :	XXXXXXXXXXXXXXXX;
	1730 :	XXXXXXXXXXXXXXXX;
	1729 :	XXXXXXXXXXXXXXXX;
	1728 :	XXXXXXXXXXXXXXXX;
	1727 :	XXXXXXXXXXXXXXXX;
	1726 :	XXXXXXXXXXXXXXXX;
	1725 :	XXXXXXXXXXXXXXXX;
	1724 :	XXXXXXXXXXXXXXXX;
	1723 :	XXXXXXXXXXXXXXXX;
	1722 :	XXXXXXXXXXXXXXXX;
	1721 :	XXXXXXXXXXXXXXXX;
	1720 :	XXXXXXXXXXXXXXXX;
	1719 :	XXXXXXXXXXXXXXXX;
	1718 :	XXXXXXXXXXXXXXXX;
	1717 :	XXXXXXXXXXXXXXXX;
	1716 :	XXXXXXXXXXXXXXXX;
	1715 :	XXXXXXXXXXXXXXXX;
	1714 :	XXXXXXXXXXXXXXXX;
	1713 :	XXXXXXXXXXXXXXXX;
	1712 :	XXXXXXXXXXXXXXXX;
	1711 :	XXXXXXXXXXXXXXXX;
	1710 :	XXXXXXXXXXXXXXXX;
	1709 :	XXXXXXXXXXXXXXXX;
	1708 :	XXXXXXXXXXXXXXXX;
	1707 :	XXXXXXXXXXXXXXXX;
	1706 :	XXXXXXXXXXXXXXXX;
	1705 :	XXXXXXXXXXXXXXXX;
	1704 :	XXXXXXXXXXXXXXXX;
	1703 :	XXXXXXXXXXXXXXXX;
	1702 :	XXXXXXXXXXXXXXXX;
	1701 :	XXXXXXXXXXXXXXXX;
	1700 :	XXXXXXXXXXXXXXXX;
	1699 :	XXXXXXXXXXXXXXXX;
	1698 :	XXXXXXXXXXXXXXXX;
	1697 :	XXXXXXXXXXXXXXXX;
	1696 :	XXXXXXXXXXXXXXXX;
	1695 :	XXXXXXXXXXXXXXXX;
	1694 :	XXXXXXXXXXXXXXXX;
	1693 :	XXXXXXXXXXXXXXXX;
	1692 :	XXXXXXXXXXXXXXXX;
	1691 :	XXXXXXXXXXXXXXXX;
	1690 :	XXXXXXXXXXXXXXXX;
	1689 :	XXXXXXXXXXXXXXXX;
	1688 :	XXXXXXXXXXXXXXXX;
	1687 :	XXXXXXXXXXXXXXXX;
	1686 :	XXXXXXXXXXXXXXXX;
	1685 :	XXXXXXXXXXXXXXXX;
	1684 :	XXXXXXXXXXXXXXXX;
	1683 :	XXXXXXXXXXXXXXXX;
	1682 :	XXXXXXXXXXXXXXXX;
	1681 :	XXXXXXXXXXXXXXXX;
	1680 :	XXXXXXXXXXXXXXXX;
	1679 :	XXXXXXXXXXXXXXXX;
	1678 :	XXXXXXXXXXXXXXXX;
	1677 :	XXXXXXXXXXXXXXXX;
	1676 :	XXXXXXXXXXXXXXXX;
	1675 :	XXXXXXXXXXXXXXXX;
	1674 :	XXXXXXXXXXXXXXXX;
	1673 :	XXXXXXXXXXXXXXXX;
	1672 :	XXXXXXXXXXXXXXXX;
	1671 :	XXXXXXXXXXXXXXXX;
	1670 :	XXXXXXXXXXXXXXXX;
	1669 :	XXXXXXXXXXXXXXXX;
	1668 :	XXXXXXXXXXXXXXXX;
	1667 :	XXXXXXXXXXXXXXXX;
	1666 :	XXXXXXXXXXXXXXXX;
	1665 :	XXXXXXXXXXXXXXXX;
	1664 :	XXXXXXXXXXXXXXXX;
	1663 :	XXXXXXXXXXXXXXXX;
	1662 :	XXXXXXXXXXXXXXXX;
	1661 :	XXXXXXXXXXXXXXXX;
	1660 :	XXXXXXXXXXXXXXXX;
	1659 :	XXXXXXXXXXXXXXXX;
	1658 :	XXXXXXXXXXXXXXXX;
	1657 :	XXXXXXXXXXXXXXXX;
	1656 :	XXXXXXXXXXXXXXXX;
	1655 :	XXXXXXXXXXXXXXXX;
	1654 :	XXXXXXXXXXXXXXXX;
	1653 :	XXXXXXXXXXXXXXXX;
	1652 :	XXXXXXXXXXXXXXXX;
	1651 :	XXXXXXXXXXXXXXXX;
	1650 :	XXXXXXXXXXXXXXXX;
	1649 :	XXXXXXXXXXXXXXXX;
	1648 :	XXXXXXXXXXXXXXXX;
	1647 :	XXXXXXXXXXXXXXXX;
	1646 :	XXXXXXXXXXXXXXXX;
	1645 :	XXXXXXXXXXXXXXXX;
	1644 :	XXXXXXXXXXXXXXXX;
	1643 :	XXXXXXXXXXXXXXXX;
	1642 :	XXXXXXXXXXXXXXXX;
	1641 :	XXXXXXXXXXXXXXXX;
	1640 :	XXXXXXXXXXXXXXXX;
	1639 :	XXXXXXXXXXXXXXXX;
	1638 :	XXXXXXXXXXXXXXXX;
	1637 :	XXXXXXXXXXXXXXXX;
	1636 :	XXXXXXXXXXXXXXXX;
	1635 :	XXXXXXXXXXXXXXXX;
	1634 :	XXXXXXXXXXXXXXXX;
	1633 :	XXXXXXXXXXXXXXXX;
	1632 :	XXXXXXXXXXXXXXXX;
	1631 :	XXXXXXXXXXXXXXXX;
	1630 :	XXXXXXXXXXXXXXXX;
	1629 :	XXXXXXXXXXXXXXXX;
	1628 :	XXXXXXXXXXXXXXXX;
	1627 :	XXXXXXXXXXXXXXXX;
	1626 :	XXXXXXXXXXXXXXXX;
	1625 :	XXXXXXXXXXXXXXXX;
	1624 :	XXXXXXXXXXXXXXXX;
	1623 :	XXXXXXXXXXXXXXXX;
	1622 :	XXXXXXXXXXXXXXXX;
	1621 :	XXXXXXXXXXXXXXXX;
	1620 :	XXXXXXXXXXXXXXXX;
	1619 :	XXXXXXXXXXXXXXXX;
	1618 :	XXXXXXXXXXXXXXXX;
	1617 :	XXXXXXXXXXXXXXXX;
	1616 :	XXXXXXXXXXXXXXXX;
	1615 :	XXXXXXXXXXXXXXXX;
	1614 :	XXXXXXXXXXXXXXXX;
	1613 :	XXXXXXXXXXXXXXXX;
	1612 :	XXXXXXXXXXXXXXXX;
	1611 :	XXXXXXXXXXXXXXXX;
	1610 :	XXXXXXXXXXXXXXXX;
	1609 :	XXXXXXXXXXXXXXXX;
	1608 :	XXXXXXXXXXXXXXXX;
	1607 :	XXXXXXXXXXXXXXXX;
	1606 :	XXXXXXXXXXXXXXXX;
	1605 :	XXXXXXXXXXXXXXXX;
	1604 :	XXXXXXXXXXXXXXXX;
	1603 :	XXXXXXXXXXXXXXXX;
	1602 :	XXXXXXXXXXXXXXXX;
	1601 :	XXXXXXXXXXXXXXXX;
	1600 :	XXXXXXXXXXXXXXXX;
	1599 :	XXXXXXXXXXXXXXXX;
	1598 :	XXXXXXXXXXXXXXXX;
	1597 :	XXXXXXXXXXXXXXXX;
	1596 :	XXXXXXXXXXXXXXXX;
	1595 :	XXXXXXXXXXXXXXXX;
	1594 :	XXXXXXXXXXXXXXXX;
	1593 :	XXXXXXXXXXXXXXXX;
	1592 :	XXXXXXXXXXXXXXXX;
	1591 :	XXXXXXXXXXXXXXXX;
	1590 :	XXXXXXXXXXXXXXXX;
	1589 :	XXXXXXXXXXXXXXXX;
	1588 :	XXXXXXXXXXXXXXXX;
	1587 :	XXXXXXXXXXXXXXXX;
	1586 :	XXXXXXXXXXXXXXXX;
	1585 :	XXXXXXXXXXXXXXXX;
	1584 :	XXXXXXXXXXXXXXXX;
	1583 :	XXXXXXXXXXXXXXXX;
	1582 :	XXXXXXXXXXXXXXXX;
	1581 :	XXXXXXXXXXXXXXXX;
	1580 :	XXXXXXXXXXXXXXXX;
	1579 :	XXXXXXXXXXXXXXXX;
	1578 :	XXXXXXXXXXXXXXXX;
	1577 :	XXXXXXXXXXXXXXXX;
	1576 :	XXXXXXXXXXXXXXXX;
	1575 :	XXXXXXXXXXXXXXXX;
	1574 :	XXXXXXXXXXXXXXXX;
	1573 :	XXXXXXXXXXXXXXXX;
	1572 :	XXXXXXXXXXXXXXXX;
	1571 :	XXXXXXXXXXXXXXXX;
	1570 :	XXXXXXXXXXXXXXXX;
	1569 :	XXXXXXXXXXXXXXXX;
	1568 :	XXXXXXXXXXXXXXXX;
	1567 :	XXXXXXXXXXXXXXXX;
	1566 :	XXXXXXXXXXXXXXXX;
	1565 :	XXXXXXXXXXXXXXXX;
	1564 :	XXXXXXXXXXXXXXXX;
	1563 :	XXXXXXXXXXXXXXXX;
	1562 :	XXXXXXXXXXXXXXXX;
	1561 :	XXXXXXXXXXXXXXXX;
	1560 :	XXXXXXXXXXXXXXXX;
	1559 :	XXXXXXXXXXXXXXXX;
	1558 :	XXXXXXXXXXXXXXXX;
	1557 :	XXXXXXXXXXXXXXXX;
	1556 :	XXXXXXXXXXXXXXXX;
	1555 :	XXXXXXXXXXXXXXXX;
	1554 :	XXXXXXXXXXXXXXXX;
	1553 :	XXXXXXXXXXXXXXXX;
	1552 :	XXXXXXXXXXXXXXXX;
	1551 :	XXXXXXXXXXXXXXXX;
	1550 :	XXXXXXXXXXXXXXXX;
	1549 :	XXXXXXXXXXXXXXXX;
	1548 :	XXXXXXXXXXXXXXXX;
	1547 :	XXXXXXXXXXXXXXXX;
	1546 :	XXXXXXXXXXXXXXXX;
	1545 :	XXXXXXXXXXXXXXXX;
	1544 :	XXXXXXXXXXXXXXXX;
	1543 :	XXXXXXXXXXXXXXXX;
	1542 :	XXXXXXXXXXXXXXXX;
	1541 :	XXXXXXXXXXXXXXXX;
	1540 :	XXXXXXXXXXXXXXXX;
	1539 :	XXXXXXXXXXXXXXXX;
	1538 :	XXXXXXXXXXXXXXXX;
	1537 :	XXXXXXXXXXXXXXXX;
	1536 :	XXXXXXXXXXXXXXXX;
	1535 :	XXXXXXXXXXXXXXXX;
	1534 :	XXXXXXXXXXXXXXXX;
	1533 :	XXXXXXXXXXXXXXXX;
	1532 :	XXXXXXXXXXXXXXXX;
	1531 :	XXXXXXXXXXXXXXXX;
	1530 :	XXXXXXXXXXXXXXXX;
	1529 :	XXXXXXXXXXXXXXXX;
	1528 :	XXXXXXXXXXXXXXXX;
	1527 :	XXXXXXXXXXXXXXXX;
	1526 :	XXXXXXXXXXXXXXXX;
	1525 :	XXXXXXXXXXXXXXXX;
	1524 :	XXXXXXXXXXXXXXXX;
	1523 :	XXXXXXXXXXXXXXXX;
	1522 :	XXXXXXXXXXXXXXXX;
	1521 :	XXXXXXXXXXXXXXXX;
	1520 :	XXXXXXXXXXXXXXXX;
	1519 :	XXXXXXXXXXXXXXXX;
	1518 :	XXXXXXXXXXXXXXXX;
	1517 :	XXXXXXXXXXXXXXXX;
	1516 :	XXXXXXXXXXXXXXXX;
	1515 :	XXXXXXXXXXXXXXXX;
	1514 :	XXXXXXXXXXXXXXXX;
	1513 :	XXXXXXXXXXXXXXXX;
	1512 :	XXXXXXXXXXXXXXXX;
	1511 :	XXXXXXXXXXXXXXXX;
	1510 :	XXXXXXXXXXXXXXXX;
	1509 :	XXXXXXXXXXXXXXXX;
	1508 :	XXXXXXXXXXXXXXXX;
	1507 :	XXXXXXXXXXXXXXXX;
	1506 :	XXXXXXXXXXXXXXXX;
	1505 :	XXXXXXXXXXXXXXXX;
	1504 :	XXXXXXXXXXXXXXXX;
	1503 :	XXXXXXXXXXXXXXXX;
	1502 :	XXXXXXXXXXXXXXXX;
	1501 :	XXXXXXXXXXXXXXXX;
	1500 :	XXXXXXXXXXXXXXXX;
	1499 :	XXXXXXXXXXXXXXXX;
	1498 :	XXXXXXXXXXXXXXXX;
	1497 :	XXXXXXXXXXXXXXXX;
	1496 :	XXXXXXXXXXXXXXXX;
	1495 :	XXXXXXXXXXXXXXXX;
	1494 :	XXXXXXXXXXXXXXXX;
	1493 :	XXXXXXXXXXXXXXXX;
	1492 :	XXXXXXXXXXXXXXXX;
	1491 :	XXXXXXXXXXXXXXXX;
	1490 :	XXXXXXXXXXXXXXXX;
	1489 :	XXXXXXXXXXXXXXXX;
	1488 :	XXXXXXXXXXXXXXXX;
	1487 :	XXXXXXXXXXXXXXXX;
	1486 :	XXXXXXXXXXXXXXXX;
	1485 :	XXXXXXXXXXXXXXXX;
	1484 :	XXXXXXXXXXXXXXXX;
	1483 :	XXXXXXXXXXXXXXXX;
	1482 :	XXXXXXXXXXXXXXXX;
	1481 :	XXXXXXXXXXXXXXXX;
	1480 :	XXXXXXXXXXXXXXXX;
	1479 :	XXXXXXXXXXXXXXXX;
	1478 :	XXXXXXXXXXXXXXXX;
	1477 :	XXXXXXXXXXXXXXXX;
	1476 :	XXXXXXXXXXXXXXXX;
	1475 :	XXXXXXXXXXXXXXXX;
	1474 :	XXXXXXXXXXXXXXXX;
	1473 :	XXXXXXXXXXXXXXXX;
	1472 :	XXXXXXXXXXXXXXXX;
	1471 :	XXXXXXXXXXXXXXXX;
	1470 :	XXXXXXXXXXXXXXXX;
	1469 :	XXXXXXXXXXXXXXXX;
	1468 :	XXXXXXXXXXXXXXXX;
	1467 :	XXXXXXXXXXXXXXXX;
	1466 :	XXXXXXXXXXXXXXXX;
	1465 :	XXXXXXXXXXXXXXXX;
	1464 :	XXXXXXXXXXXXXXXX;
	1463 :	XXXXXXXXXXXXXXXX;
	1462 :	XXXXXXXXXXXXXXXX;
	1461 :	XXXXXXXXXXXXXXXX;
	1460 :	XXXXXXXXXXXXXXXX;
	1459 :	XXXXXXXXXXXXXXXX;
	1458 :	XXXXXXXXXXXXXXXX;
	1457 :	XXXXXXXXXXXXXXXX;
	1456 :	XXXXXXXXXXXXXXXX;
	1455 :	XXXXXXXXXXXXXXXX;
	1454 :	XXXXXXXXXXXXXXXX;
	1453 :	XXXXXXXXXXXXXXXX;
	1452 :	XXXXXXXXXXXXXXXX;
	1451 :	XXXXXXXXXXXXXXXX;
	1450 :	XXXXXXXXXXXXXXXX;
	1449 :	XXXXXXXXXXXXXXXX;
	1448 :	XXXXXXXXXXXXXXXX;
	1447 :	XXXXXXXXXXXXXXXX;
	1446 :	XXXXXXXXXXXXXXXX;
	1445 :	XXXXXXXXXXXXXXXX;
	1444 :	XXXXXXXXXXXXXXXX;
	1443 :	XXXXXXXXXXXXXXXX;
	1442 :	XXXXXXXXXXXXXXXX;
	1441 :	XXXXXXXXXXXXXXXX;
	1440 :	XXXXXXXXXXXXXXXX;
	1439 :	XXXXXXXXXXXXXXXX;
	1438 :	XXXXXXXXXXXXXXXX;
	1437 :	XXXXXXXXXXXXXXXX;
	1436 :	XXXXXXXXXXXXXXXX;
	1435 :	XXXXXXXXXXXXXXXX;
	1434 :	XXXXXXXXXXXXXXXX;
	1433 :	XXXXXXXXXXXXXXXX;
	1432 :	XXXXXXXXXXXXXXXX;
	1431 :	XXXXXXXXXXXXXXXX;
	1430 :	XXXXXXXXXXXXXXXX;
	1429 :	XXXXXXXXXXXXXXXX;
	1428 :	XXXXXXXXXXXXXXXX;
	1427 :	XXXXXXXXXXXXXXXX;
	1426 :	XXXXXXXXXXXXXXXX;
	1425 :	XXXXXXXXXXXXXXXX;
	1424 :	XXXXXXXXXXXXXXXX;
	1423 :	XXXXXXXXXXXXXXXX;
	1422 :	XXXXXXXXXXXXXXXX;
	1421 :	XXXXXXXXXXXXXXXX;
	1420 :	XXXXXXXXXXXXXXXX;
	1419 :	XXXXXXXXXXXXXXXX;
	1418 :	XXXXXXXXXXXXXXXX;
	1417 :	XXXXXXXXXXXXXXXX;
	1416 :	XXXXXXXXXXXXXXXX;
	1415 :	XXXXXXXXXXXXXXXX;
	1414 :	XXXXXXXXXXXXXXXX;
	1413 :	XXXXXXXXXXXXXXXX;
	1412 :	XXXXXXXXXXXXXXXX;
	1411 :	XXXXXXXXXXXXXXXX;
	1410 :	XXXXXXXXXXXXXXXX;
	1409 :	XXXXXXXXXXXXXXXX;
	1408 :	XXXXXXXXXXXXXXXX;
	1407 :	XXXXXXXXXXXXXXXX;
	1406 :	XXXXXXXXXXXXXXXX;
	1405 :	XXXXXXXXXXXXXXXX;
	1404 :	XXXXXXXXXXXXXXXX;
	1403 :	XXXXXXXXXXXXXXXX;
	1402 :	XXXXXXXXXXXXXXXX;
	1401 :	XXXXXXXXXXXXXXXX;
	1400 :	XXXXXXXXXXXXXXXX;
	1399 :	XXXXXXXXXXXXXXXX;
	1398 :	XXXXXXXXXXXXXXXX;
	1397 :	XXXXXXXXXXXXXXXX;
	1396 :	XXXXXXXXXXXXXXXX;
	1395 :	XXXXXXXXXXXXXXXX;
	1394 :	XXXXXXXXXXXXXXXX;
	1393 :	XXXXXXXXXXXXXXXX;
	1392 :	XXXXXXXXXXXXXXXX;
	1391 :	XXXXXXXXXXXXXXXX;
	1390 :	XXXXXXXXXXXXXXXX;
	1389 :	XXXXXXXXXXXXXXXX;
	1388 :	XXXXXXXXXXXXXXXX;
	1387 :	XXXXXXXXXXXXXXXX;
	1386 :	XXXXXXXXXXXXXXXX;
	1385 :	XXXXXXXXXXXXXXXX;
	1384 :	XXXXXXXXXXXXXXXX;
	1383 :	XXXXXXXXXXXXXXXX;
	1382 :	XXXXXXXXXXXXXXXX;
	1381 :	XXXXXXXXXXXXXXXX;
	1380 :	XXXXXXXXXXXXXXXX;
	1379 :	XXXXXXXXXXXXXXXX;
	1378 :	XXXXXXXXXXXXXXXX;
	1377 :	XXXXXXXXXXXXXXXX;
	1376 :	XXXXXXXXXXXXXXXX;
	1375 :	XXXXXXXXXXXXXXXX;
	1374 :	XXXXXXXXXXXXXXXX;
	1373 :	XXXXXXXXXXXXXXXX;
	1372 :	XXXXXXXXXXXXXXXX;
	1371 :	XXXXXXXXXXXXXXXX;
	1370 :	XXXXXXXXXXXXXXXX;
	1369 :	XXXXXXXXXXXXXXXX;
	1368 :	XXXXXXXXXXXXXXXX;
	1367 :	XXXXXXXXXXXXXXXX;
	1366 :	XXXXXXXXXXXXXXXX;
	1365 :	XXXXXXXXXXXXXXXX;
	1364 :	XXXXXXXXXXXXXXXX;
	1363 :	XXXXXXXXXXXXXXXX;
	1362 :	XXXXXXXXXXXXXXXX;
	1361 :	XXXXXXXXXXXXXXXX;
	1360 :	XXXXXXXXXXXXXXXX;
	1359 :	XXXXXXXXXXXXXXXX;
	1358 :	XXXXXXXXXXXXXXXX;
	1357 :	XXXXXXXXXXXXXXXX;
	1356 :	XXXXXXXXXXXXXXXX;
	1355 :	XXXXXXXXXXXXXXXX;
	1354 :	XXXXXXXXXXXXXXXX;
	1353 :	XXXXXXXXXXXXXXXX;
	1352 :	XXXXXXXXXXXXXXXX;
	1351 :	XXXXXXXXXXXXXXXX;
	1350 :	XXXXXXXXXXXXXXXX;
	1349 :	XXXXXXXXXXXXXXXX;
	1348 :	XXXXXXXXXXXXXXXX;
	1347 :	XXXXXXXXXXXXXXXX;
	1346 :	XXXXXXXXXXXXXXXX;
	1345 :	XXXXXXXXXXXXXXXX;
	1344 :	XXXXXXXXXXXXXXXX;
	1343 :	XXXXXXXXXXXXXXXX;
	1342 :	XXXXXXXXXXXXXXXX;
	1341 :	XXXXXXXXXXXXXXXX;
	1340 :	XXXXXXXXXXXXXXXX;
	1339 :	XXXXXXXXXXXXXXXX;
	1338 :	XXXXXXXXXXXXXXXX;
	1337 :	XXXXXXXXXXXXXXXX;
	1336 :	XXXXXXXXXXXXXXXX;
	1335 :	XXXXXXXXXXXXXXXX;
	1334 :	XXXXXXXXXXXXXXXX;
	1333 :	XXXXXXXXXXXXXXXX;
	1332 :	XXXXXXXXXXXXXXXX;
	1331 :	XXXXXXXXXXXXXXXX;
	1330 :	XXXXXXXXXXXXXXXX;
	1329 :	XXXXXXXXXXXXXXXX;
	1328 :	XXXXXXXXXXXXXXXX;
	1327 :	XXXXXXXXXXXXXXXX;
	1326 :	XXXXXXXXXXXXXXXX;
	1325 :	XXXXXXXXXXXXXXXX;
	1324 :	XXXXXXXXXXXXXXXX;
	1323 :	XXXXXXXXXXXXXXXX;
	1322 :	XXXXXXXXXXXXXXXX;
	1321 :	XXXXXXXXXXXXXXXX;
	1320 :	XXXXXXXXXXXXXXXX;
	1319 :	XXXXXXXXXXXXXXXX;
	1318 :	XXXXXXXXXXXXXXXX;
	1317 :	XXXXXXXXXXXXXXXX;
	1316 :	XXXXXXXXXXXXXXXX;
	1315 :	XXXXXXXXXXXXXXXX;
	1314 :	XXXXXXXXXXXXXXXX;
	1313 :	XXXXXXXXXXXXXXXX;
	1312 :	XXXXXXXXXXXXXXXX;
	1311 :	XXXXXXXXXXXXXXXX;
	1310 :	XXXXXXXXXXXXXXXX;
	1309 :	XXXXXXXXXXXXXXXX;
	1308 :	XXXXXXXXXXXXXXXX;
	1307 :	XXXXXXXXXXXXXXXX;
	1306 :	XXXXXXXXXXXXXXXX;
	1305 :	XXXXXXXXXXXXXXXX;
	1304 :	XXXXXXXXXXXXXXXX;
	1303 :	XXXXXXXXXXXXXXXX;
	1302 :	XXXXXXXXXXXXXXXX;
	1301 :	XXXXXXXXXXXXXXXX;
	1300 :	XXXXXXXXXXXXXXXX;
	1299 :	XXXXXXXXXXXXXXXX;
	1298 :	XXXXXXXXXXXXXXXX;
	1297 :	XXXXXXXXXXXXXXXX;
	1296 :	XXXXXXXXXXXXXXXX;
	1295 :	XXXXXXXXXXXXXXXX;
	1294 :	XXXXXXXXXXXXXXXX;
	1293 :	XXXXXXXXXXXXXXXX;
	1292 :	XXXXXXXXXXXXXXXX;
	1291 :	XXXXXXXXXXXXXXXX;
	1290 :	XXXXXXXXXXXXXXXX;
	1289 :	XXXXXXXXXXXXXXXX;
	1288 :	XXXXXXXXXXXXXXXX;
	1287 :	XXXXXXXXXXXXXXXX;
	1286 :	XXXXXXXXXXXXXXXX;
	1285 :	XXXXXXXXXXXXXXXX;
	1284 :	XXXXXXXXXXXXXXXX;
	1283 :	XXXXXXXXXXXXXXXX;
	1282 :	XXXXXXXXXXXXXXXX;
	1281 :	XXXXXXXXXXXXXXXX;
	1280 :	XXXXXXXXXXXXXXXX;
	1279 :	XXXXXXXXXXXXXXXX;
	1278 :	XXXXXXXXXXXXXXXX;
	1277 :	XXXXXXXXXXXXXXXX;
	1276 :	XXXXXXXXXXXXXXXX;
	1275 :	XXXXXXXXXXXXXXXX;
	1274 :	XXXXXXXXXXXXXXXX;
	1273 :	XXXXXXXXXXXXXXXX;
	1272 :	XXXXXXXXXXXXXXXX;
	1271 :	XXXXXXXXXXXXXXXX;
	1270 :	XXXXXXXXXXXXXXXX;
	1269 :	XXXXXXXXXXXXXXXX;
	1268 :	XXXXXXXXXXXXXXXX;
	1267 :	XXXXXXXXXXXXXXXX;
	1266 :	XXXXXXXXXXXXXXXX;
	1265 :	XXXXXXXXXXXXXXXX;
	1264 :	XXXXXXXXXXXXXXXX;
	1263 :	XXXXXXXXXXXXXXXX;
	1262 :	XXXXXXXXXXXXXXXX;
	1261 :	XXXXXXXXXXXXXXXX;
	1260 :	XXXXXXXXXXXXXXXX;
	1259 :	XXXXXXXXXXXXXXXX;
	1258 :	XXXXXXXXXXXXXXXX;
	1257 :	XXXXXXXXXXXXXXXX;
	1256 :	XXXXXXXXXXXXXXXX;
	1255 :	XXXXXXXXXXXXXXXX;
	1254 :	XXXXXXXXXXXXXXXX;
	1253 :	XXXXXXXXXXXXXXXX;
	1252 :	XXXXXXXXXXXXXXXX;
	1251 :	XXXXXXXXXXXXXXXX;
	1250 :	XXXXXXXXXXXXXXXX;
	1249 :	XXXXXXXXXXXXXXXX;
	1248 :	XXXXXXXXXXXXXXXX;
	1247 :	XXXXXXXXXXXXXXXX;
	1246 :	XXXXXXXXXXXXXXXX;
	1245 :	XXXXXXXXXXXXXXXX;
	1244 :	XXXXXXXXXXXXXXXX;
	1243 :	XXXXXXXXXXXXXXXX;
	1242 :	XXXXXXXXXXXXXXXX;
	1241 :	XXXXXXXXXXXXXXXX;
	1240 :	XXXXXXXXXXXXXXXX;
	1239 :	XXXXXXXXXXXXXXXX;
	1238 :	XXXXXXXXXXXXXXXX;
	1237 :	XXXXXXXXXXXXXXXX;
	1236 :	XXXXXXXXXXXXXXXX;
	1235 :	XXXXXXXXXXXXXXXX;
	1234 :	XXXXXXXXXXXXXXXX;
	1233 :	XXXXXXXXXXXXXXXX;
	1232 :	XXXXXXXXXXXXXXXX;
	1231 :	XXXXXXXXXXXXXXXX;
	1230 :	XXXXXXXXXXXXXXXX;
	1229 :	XXXXXXXXXXXXXXXX;
	1228 :	XXXXXXXXXXXXXXXX;
	1227 :	XXXXXXXXXXXXXXXX;
	1226 :	XXXXXXXXXXXXXXXX;
	1225 :	XXXXXXXXXXXXXXXX;
	1224 :	XXXXXXXXXXXXXXXX;
	1223 :	XXXXXXXXXXXXXXXX;
	1222 :	XXXXXXXXXXXXXXXX;
	1221 :	XXXXXXXXXXXXXXXX;
	1220 :	XXXXXXXXXXXXXXXX;
	1219 :	XXXXXXXXXXXXXXXX;
	1218 :	XXXXXXXXXXXXXXXX;
	1217 :	XXXXXXXXXXXXXXXX;
	1216 :	XXXXXXXXXXXXXXXX;
	1215 :	XXXXXXXXXXXXXXXX;
	1214 :	XXXXXXXXXXXXXXXX;
	1213 :	XXXXXXXXXXXXXXXX;
	1212 :	XXXXXXXXXXXXXXXX;
	1211 :	XXXXXXXXXXXXXXXX;
	1210 :	XXXXXXXXXXXXXXXX;
	1209 :	XXXXXXXXXXXXXXXX;
	1208 :	XXXXXXXXXXXXXXXX;
	1207 :	XXXXXXXXXXXXXXXX;
	1206 :	XXXXXXXXXXXXXXXX;
	1205 :	XXXXXXXXXXXXXXXX;
	1204 :	XXXXXXXXXXXXXXXX;
	1203 :	XXXXXXXXXXXXXXXX;
	1202 :	XXXXXXXXXXXXXXXX;
	1201 :	XXXXXXXXXXXXXXXX;
	1200 :	XXXXXXXXXXXXXXXX;
	1199 :	XXXXXXXXXXXXXXXX;
	1198 :	XXXXXXXXXXXXXXXX;
	1197 :	XXXXXXXXXXXXXXXX;
	1196 :	XXXXXXXXXXXXXXXX;
	1195 :	XXXXXXXXXXXXXXXX;
	1194 :	XXXXXXXXXXXXXXXX;
	1193 :	XXXXXXXXXXXXXXXX;
	1192 :	XXXXXXXXXXXXXXXX;
	1191 :	XXXXXXXXXXXXXXXX;
	1190 :	XXXXXXXXXXXXXXXX;
	1189 :	XXXXXXXXXXXXXXXX;
	1188 :	XXXXXXXXXXXXXXXX;
	1187 :	XXXXXXXXXXXXXXXX;
	1186 :	XXXXXXXXXXXXXXXX;
	1185 :	XXXXXXXXXXXXXXXX;
	1184 :	XXXXXXXXXXXXXXXX;
	1183 :	XXXXXXXXXXXXXXXX;
	1182 :	XXXXXXXXXXXXXXXX;
	1181 :	XXXXXXXXXXXXXXXX;
	1180 :	XXXXXXXXXXXXXXXX;
	1179 :	XXXXXXXXXXXXXXXX;
	1178 :	XXXXXXXXXXXXXXXX;
	1177 :	XXXXXXXXXXXXXXXX;
	1176 :	XXXXXXXXXXXXXXXX;
	1175 :	XXXXXXXXXXXXXXXX;
	1174 :	XXXXXXXXXXXXXXXX;
	1173 :	XXXXXXXXXXXXXXXX;
	1172 :	XXXXXXXXXXXXXXXX;
	1171 :	XXXXXXXXXXXXXXXX;
	1170 :	XXXXXXXXXXXXXXXX;
	1169 :	XXXXXXXXXXXXXXXX;
	1168 :	XXXXXXXXXXXXXXXX;
	1167 :	XXXXXXXXXXXXXXXX;
	1166 :	XXXXXXXXXXXXXXXX;
	1165 :	XXXXXXXXXXXXXXXX;
	1164 :	XXXXXXXXXXXXXXXX;
	1163 :	XXXXXXXXXXXXXXXX;
	1162 :	XXXXXXXXXXXXXXXX;
	1161 :	XXXXXXXXXXXXXXXX;
	1160 :	XXXXXXXXXXXXXXXX;
	1159 :	XXXXXXXXXXXXXXXX;
	1158 :	XXXXXXXXXXXXXXXX;
	1157 :	XXXXXXXXXXXXXXXX;
	1156 :	XXXXXXXXXXXXXXXX;
	1155 :	XXXXXXXXXXXXXXXX;
	1154 :	XXXXXXXXXXXXXXXX;
	1153 :	XXXXXXXXXXXXXXXX;
	1152 :	XXXXXXXXXXXXXXXX;
	1151 :	XXXXXXXXXXXXXXXX;
	1150 :	XXXXXXXXXXXXXXXX;
	1149 :	XXXXXXXXXXXXXXXX;
	1148 :	XXXXXXXXXXXXXXXX;
	1147 :	XXXXXXXXXXXXXXXX;
	1146 :	XXXXXXXXXXXXXXXX;
	1145 :	XXXXXXXXXXXXXXXX;
	1144 :	XXXXXXXXXXXXXXXX;
	1143 :	XXXXXXXXXXXXXXXX;
	1142 :	XXXXXXXXXXXXXXXX;
	1141 :	XXXXXXXXXXXXXXXX;
	1140 :	XXXXXXXXXXXXXXXX;
	1139 :	XXXXXXXXXXXXXXXX;
	1138 :	XXXXXXXXXXXXXXXX;
	1137 :	XXXXXXXXXXXXXXXX;
	1136 :	XXXXXXXXXXXXXXXX;
	1135 :	XXXXXXXXXXXXXXXX;
	1134 :	XXXXXXXXXXXXXXXX;
	1133 :	XXXXXXXXXXXXXXXX;
	1132 :	XXXXXXXXXXXXXXXX;
	1131 :	XXXXXXXXXXXXXXXX;
	1130 :	XXXXXXXXXXXXXXXX;
	1129 :	XXXXXXXXXXXXXXXX;
	1128 :	XXXXXXXXXXXXXXXX;
	1127 :	XXXXXXXXXXXXXXXX;
	1126 :	XXXXXXXXXXXXXXXX;
	1125 :	XXXXXXXXXXXXXXXX;
	1124 :	XXXXXXXXXXXXXXXX;
	1123 :	XXXXXXXXXXXXXXXX;
	1122 :	XXXXXXXXXXXXXXXX;
	1121 :	XXXXXXXXXXXXXXXX;
	1120 :	XXXXXXXXXXXXXXXX;
	1119 :	XXXXXXXXXXXXXXXX;
	1118 :	XXXXXXXXXXXXXXXX;
	1117 :	XXXXXXXXXXXXXXXX;
	1116 :	XXXXXXXXXXXXXXXX;
	1115 :	XXXXXXXXXXXXXXXX;
	1114 :	XXXXXXXXXXXXXXXX;
	1113 :	XXXXXXXXXXXXXXXX;
	1112 :	XXXXXXXXXXXXXXXX;
	1111 :	XXXXXXXXXXXXXXXX;
	1110 :	XXXXXXXXXXXXXXXX;
	1109 :	XXXXXXXXXXXXXXXX;
	1108 :	XXXXXXXXXXXXXXXX;
	1107 :	XXXXXXXXXXXXXXXX;
	1106 :	XXXXXXXXXXXXXXXX;
	1105 :	0100111011001101;
	1104 :	0101111000000001;
	1103 :	0100000000001110;
	1102 :	0101111000000001;
	1101 :	0100000100001110;
	1100 :	0101111000000001;
	1099 :	0100001000001110;
	1098 :	0101111000000001;
	1097 :	0100001100001110;
	1096 :	0101111000000001;
	1095 :	0100010000001110;
	1094 :	0101111000000001;
	1093 :	0100010100001110;
	1092 :	0101111000000001;
	1091 :	0100011000001110;
	1090 :	0101111000000001;
	1089 :	0100110100001110;
	1088 :	1100111011101011;
	1087 :	0100110110001100;
	1086 :	0000001101100000;
	1085 :	0000110011110000;
	1084 :	0100110110001100;
	1083 :	0000000101011101;
	1082 :	0000110011110000;
	1081 :	0100110110001100;
	1080 :	0000001110001001;
	1079 :	0000110011110000;
	1078 :	0100110110001100;
	1077 :	0000001100101001;
	1076 :	0000110011110000;
	1075 :	0100110110001100;
	1074 :	0000001010111001;
	1073 :	0000110011110000;
	1072 :	0100110110001100;
	1071 :	0000001001011100;
	1070 :	0000110011110000;
	1069 :	0100110110001100;
	1068 :	0000001000011100;
	1067 :	0000110011110000;
	1066 :	0100110110001100;
	1065 :	0000000111110000;
	1064 :	0000110011110000;
	1063 :	0000000000111001;
	1062 :	0000000011110000;
	1061 :	0100110110001100;
	1060 :	0000000111000100;
	1059 :	0000110011110000;
	1058 :	0000000000101001;
	1057 :	0000000011110000;
	1056 :	0100110101001110;
	1055 :	1001111000000001;
	1054 :	0100011001001110;
	1053 :	1001111000000001;
	1052 :	0100010101001110;
	1051 :	1001111000000001;
	1050 :	0100010001001110;
	1049 :	1001111000000001;
	1048 :	0100001101001110;
	1047 :	1001111000000001;
	1046 :	0100001001001110;
	1045 :	1001111000000001;
	1044 :	0100000101001110;
	1043 :	1001111000000001;
	1042 :	0100000001001110;
	1041 :	1001111000000001;
	1040 :	0100111011001101;
	1039 :	0000000011010111;
	1038 :	0101111000000001;
	1037 :	0100000000001110;
	1036 :	0101111000000001;
	1035 :	0100000100001110;
	1034 :	0101111000000001;
	1033 :	0100001000001110;
	1032 :	0101111000000001;
	1031 :	0100001100001110;
	1030 :	0101111000000001;
	1029 :	0100010000001110;
	1028 :	0101111000000001;
	1027 :	0100010100001110;
	1026 :	0101111000000001;
	1025 :	0100011000001110;
	1024 :	0101111000000001;
	1023 :	0100110100001110;
	1022 :	0000011111010000;
	1021 :	1101000000000000;
	1020 :	1100111000000010;
	1019 :	1101000000000001;
	1018 :	1100011100000011;
	1017 :	0000001110111000;
	1016 :	0000100001010111;
	1015 :	0000100011010001;
	1014 :	1100110100000111;
	1013 :	0000100010110001;
	1012 :	0000100001010101;
	1011 :	0000100011010011;
	1010 :	1100011100001011;
	1009 :	0000001010111000;
	1008 :	0000100001010110;
	1007 :	0000100011010000;
	1006 :	1100110100001111;
	1005 :	0000100010110000;
	1004 :	0000100001010100;
	1003 :	0000100011010010;
	1002 :	1101011100101001;
	1001 :	1101011000101101;
	1000 :	1000010100011000;
	999 :	1000010100001000;
	998 :	1000010000011000;
	997 :	0000010011010101;
	996 :	0100010100000101;
	995 :	0101010100000001;
	994 :	0100001100000101;
	993 :	0101010100000001;
	992 :	0100001000000101;
	991 :	0000010101010010;
	990 :	0000000001011101;
	989 :	0000010111110000;
	988 :	1000001000000010;
	987 :	0100000100000001;
	986 :	0101000100000001;
	985 :	0100000000000001;
	984 :	0000000101010000;
	983 :	0000000000011001;
	982 :	0000000111110000;
	981 :	1000000000000010;
	980 :	0000001011010001;
	979 :	0100110101001110;
	978 :	1001111000000001;
	977 :	0100011001001110;
	976 :	1001111000000001;
	975 :	0100010101001110;
	974 :	1001111000000001;
	973 :	0100010001001110;
	972 :	1001111000000001;
	971 :	0100001101001110;
	970 :	1001111000000001;
	969 :	0100001001001110;
	968 :	1001111000000001;
	967 :	0100000101001110;
	966 :	1001111000000001;
	965 :	0100000001001110;
	964 :	1001111000000001;
	963 :	0100111011001101;
	962 :	0101111000000001;
	961 :	0100000000001110;
	960 :	0101111000000001;
	959 :	0100000100001110;
	958 :	0101111000000001;
	957 :	0100001000001110;
	956 :	0101111000000001;
	955 :	0100001100001110;
	954 :	0101111000000001;
	953 :	0100010000001110;
	952 :	0101111000000001;
	951 :	0100010100001110;
	950 :	0101111000000001;
	949 :	0100011000001110;
	948 :	0101111000000001;
	947 :	0100110100001110;
	946 :	1100000111101011;
	945 :	1011000100000100;
	944 :	0101000100000001;
	943 :	0101001100000010;
	942 :	1100000111110000;
	941 :	1011001001000000;
	940 :	0101001000000001;
	939 :	0100010001000011;
	938 :	1001010000110010;
	937 :	1101010000000000;
	936 :	1100000000000100;
	935 :	1011000000000000;
	934 :	0101111000000001;
	933 :	0100000100001110;
	932 :	0100110110001100;
	931 :	0000001111000100;
	930 :	0000110011110000;
	929 :	0000000111010010;
	928 :	0000000011010001;
	927 :	0100000101001110;
	926 :	1001111000000001;
	925 :	1101001000000000;
	924 :	0101001100000001;
	923 :	0000000000010001;
	922 :	0000001111110000;
	921 :	1101000100000000;
	920 :	0100110101001110;
	919 :	1001111000000001;
	918 :	0100011001001110;
	917 :	1001111000000001;
	916 :	0100010101001110;
	915 :	1001111000000001;
	914 :	0100010001001110;
	913 :	1001111000000001;
	912 :	0100001101001110;
	911 :	1001111000000001;
	910 :	0100001001001110;
	909 :	1001111000000001;
	908 :	0100000101001110;
	907 :	1001111000000001;
	906 :	0100000001001110;
	905 :	1001111000000001;
	904 :	0100111011001101;
	903 :	0101111000000001;
	902 :	0100000000001110;
	901 :	0101111000000001;
	900 :	0100000100001110;
	899 :	0101111000000001;
	898 :	0100001000001110;
	897 :	0101111000000001;
	896 :	0100001100001110;
	895 :	0101111000000001;
	894 :	0100010000001110;
	893 :	0101111000000001;
	892 :	0100010100001110;
	891 :	0101111000000001;
	890 :	0100011000001110;
	889 :	0101111000000001;
	888 :	0100110100001110;
	887 :	1100000011111101;
	886 :	1011000000000001;
	885 :	0000000000011011;
	884 :	1101000000000001;
	883 :	1100000011111101;
	882 :	1011000000000000;
	881 :	0000000000011011;
	880 :	1101000000000001;
	879 :	0100110101001110;
	878 :	1001111000000001;
	877 :	0100011001001110;
	876 :	1001111000000001;
	875 :	0100010101001110;
	874 :	1001111000000001;
	873 :	0100010001001110;
	872 :	1001111000000001;
	871 :	0100001101001110;
	870 :	1001111000000001;
	869 :	0100001001001110;
	868 :	1001111000000001;
	867 :	0100000101001110;
	866 :	1001111000000001;
	865 :	0100000001001110;
	864 :	1001111000000001;
	863 :	0100111011001101;
	862 :	0101111000000001;
	861 :	0100000000001110;
	860 :	0101111000000001;
	859 :	0100000100001110;
	858 :	0101111000000001;
	857 :	0100001000001110;
	856 :	0101111000000001;
	855 :	0100001100001110;
	854 :	0101111000000001;
	853 :	0100010000001110;
	852 :	0101111000000001;
	851 :	0100010100001110;
	850 :	0101111000000001;
	849 :	0100011000001110;
	848 :	0101111000000001;
	847 :	0100110100001110;
	846 :	1100000111110000;
	845 :	1011000000000100;
	844 :	0101000000000001;
	843 :	0101000100000001;
	842 :	0101001000000011;
	841 :	0100010001000010;
	840 :	0000010001010011;
	839 :	0100010000000010;
	838 :	1000001100111110;
	837 :	0100001100000001;
	836 :	0101001000000001;
	835 :	0101000100000001;
	834 :	0100010001000010;
	833 :	0000010001010011;
	832 :	0100010000000010;
	831 :	1000001100111110;
	830 :	0100001100000001;
	829 :	0000000000011001;
	828 :	0000001011110000;
	827 :	0000000000010001;
	826 :	0000000111110000;
	825 :	1101000000000000;
	824 :	0100110101001110;
	823 :	1001111000000001;
	822 :	0100011001001110;
	821 :	1001111000000001;
	820 :	0100010101001110;
	819 :	1001111000000001;
	818 :	0100010001001110;
	817 :	1001111000000001;
	816 :	0100001101001110;
	815 :	1001111000000001;
	814 :	0100001001001110;
	813 :	1001111000000001;
	812 :	0100000101001110;
	811 :	1001111000000001;
	810 :	0100000001001110;
	809 :	1001111000000001;
	808 :	0100111011001101;
	807 :	0101111000000001;
	806 :	0100000000001110;
	805 :	0101111000000001;
	804 :	0100000100001110;
	803 :	0101111000000001;
	802 :	0100001000001110;
	801 :	0101111000000001;
	800 :	0100001100001110;
	799 :	0101111000000001;
	798 :	0100010000001110;
	797 :	0101111000000001;
	796 :	0100010100001110;
	795 :	0101111000000001;
	794 :	0100011000001110;
	793 :	0101111000000001;
	792 :	0100110100001110;
	791 :	1100000110111000;
	790 :	1011000000000100;
	789 :	0101000000000001;
	788 :	0101001000000001;
	787 :	1000001100000100;
	786 :	0101000100000010;
	785 :	1000001100011101;
	784 :	1000001100000001;
	783 :	1001000100000001;
	782 :	0100010001000001;
	781 :	1001010000110010;
	780 :	1101010000000000;
	779 :	1100000000000100;
	778 :	1011010000000000;
	777 :	0000010000010110;
	776 :	0100011000000110;
	775 :	0000000000001011;
	774 :	0000011011110000;
	773 :	0000010011010011;
	772 :	1000001100000001;
	771 :	0100010001000001;
	770 :	1101010000011100;
	769 :	1100111000000011;
	768 :	0100010001000001;
	767 :	0101010000000010;
	766 :	1100110000000100;
	765 :	1011010000011100;
	764 :	1100000000001000;
	763 :	1011010000011100;
	762 :	0100010000000001;
	761 :	0101000100000001;
	760 :	0100010001000001;
	759 :	1001010000000010;
	758 :	1100110100000010;
	757 :	1011010000000000;
	756 :	0101010000000001;
	755 :	1100000000000101;
	754 :	1011010000000000;
	753 :	1100000100000111;
	752 :	1011100100000000;
	751 :	0100010000000001;
	750 :	0100010001000001;
	749 :	1101010011100100;
	748 :	1100111000000011;
	747 :	0100010001000001;
	746 :	1101010000011100;
	745 :	1100111000000110;
	744 :	1100011000000101;
	743 :	1011010011100100;
	742 :	1100110000000100;
	741 :	1011010000011100;
	740 :	0100010000000001;
	739 :	0100010001000001;
	738 :	0101010000000010;
	737 :	0100010000000001;
	736 :	1101100100000001;
	735 :	1100000000000101;
	734 :	1011010000000000;
	733 :	0000010000011111;
	732 :	0000010011010011;
	731 :	1000001100000001;
	730 :	0100010001000001;
	729 :	1001010000000010;
	728 :	0100010000000001;
	727 :	1101100100000001;
	726 :	1100000000000101;
	725 :	1011010000000000;
	724 :	0000010000011111;
	723 :	0000010011010011;
	722 :	1101100100000000;
	721 :	1100000001000001;
	720 :	1011011000000000;
	719 :	0100011000000010;
	718 :	1101001100000001;
	717 :	0000000000001101;
	716 :	0000001011110000;
	715 :	0000000000010001;
	714 :	0000000111110000;
	713 :	1101000000000000;
	712 :	0100110101001110;
	711 :	1001111000000001;
	710 :	0100011001001110;
	709 :	1001111000000001;
	708 :	0100010101001110;
	707 :	1001111000000001;
	706 :	0100010001001110;
	705 :	1001111000000001;
	704 :	0100001101001110;
	703 :	1001111000000001;
	702 :	0100001001001110;
	701 :	1001111000000001;
	700 :	0100000101001110;
	699 :	1001111000000001;
	698 :	0100000001001110;
	697 :	1001111000000001;
	696 :	0100111011001101;
	695 :	0101111000000001;
	694 :	0100000000001110;
	693 :	0101111000000001;
	692 :	0100000100001110;
	691 :	0101111000000001;
	690 :	0100001000001110;
	689 :	0101111000000001;
	688 :	0100001100001110;
	687 :	0101111000000001;
	686 :	0100010000001110;
	685 :	0101111000000001;
	684 :	0100010100001110;
	683 :	0101111000000001;
	682 :	0100011000001110;
	681 :	0101111000000001;
	680 :	0100110100001110;
	679 :	1100000111010011;
	678 :	1011000000000100;
	677 :	0101000000000001;
	676 :	0101100000000010;
	675 :	0101011100000100;
	674 :	0101000100000001;
	673 :	0101001000000100;
	672 :	0101001100000001;
	671 :	1000010100000100;
	670 :	1001001000000011;
	669 :	0100011001000010;
	668 :	0100011000000011;
	667 :	0101001000000011;
	666 :	0100011001000001;
	665 :	1101011000000001;
	664 :	1100111000000111;
	663 :	1001100000000001;
	662 :	0100011001001000;
	661 :	0101100000000001;
	660 :	0100011001001000;
	659 :	1101011000000000;
	658 :	1001001000000011;
	657 :	1001011100000011;
	656 :	0100011001000010;
	655 :	0100011000000111;
	654 :	0101001000000001;
	653 :	0101011100000001;
	652 :	0100011001000010;
	651 :	0100011000000111;
	650 :	0101001000000001;
	649 :	0101011100000001;
	648 :	0100011001000010;
	647 :	0100011000000111;
	646 :	0101001000000001;
	645 :	0101011100000001;
	644 :	0100011001000010;
	643 :	0100011000000111;
	642 :	0100011001000001;
	641 :	1101011000000000;
	640 :	1100000000011001;
	639 :	1011011000000000;
	638 :	0100011000000001;
	637 :	1100000000100010;
	636 :	1011011000000000;
	635 :	0000011000010101;
	634 :	0100011000000100;
	633 :	0000000000010001;
	632 :	0000100011110000;
	631 :	0000000000101001;
	630 :	0000011111110000;
	629 :	1101010100001000;
	628 :	0000000000001011;
	627 :	0000010011110000;
	626 :	0000000001011001;
	625 :	0000001111110000;
	624 :	0000000000011001;
	623 :	0000001011110000;
	622 :	0000000000001101;
	621 :	0000000111110000;
	620 :	1101000000000000;
	619 :	0100110101001110;
	618 :	1001111000000001;
	617 :	0100011001001110;
	616 :	1001111000000001;
	615 :	0100010101001110;
	614 :	1001111000000001;
	613 :	0100010001001110;
	612 :	1001111000000001;
	611 :	0100001101001110;
	610 :	1001111000000001;
	609 :	0100001001001110;
	608 :	1001111000000001;
	607 :	0100000101001110;
	606 :	1001111000000001;
	605 :	0100000001001110;
	604 :	1001111000000001;
	603 :	0100111011001101;
	602 :	0101111000000001;
	601 :	0100000000001110;
	600 :	0101111000000001;
	599 :	0100000100001110;
	598 :	0101111000000001;
	597 :	0100001000001110;
	596 :	0101111000000001;
	595 :	0100001100001110;
	594 :	0101111000000001;
	593 :	0100010000001110;
	592 :	0101111000000001;
	591 :	0100010100001110;
	590 :	0101111000000001;
	589 :	0100011000001110;
	588 :	0101111000000001;
	587 :	0100110100001110;
	586 :	0100010001000000;
	585 :	0000000000001100;
	584 :	0000000011110000;
	583 :	0100001101000000;
	582 :	0000000000001011;
	581 :	0000000011110000;
	580 :	0100111101000000;
	579 :	0000000000001010;
	578 :	0000000011110000;
	577 :	1100000111101111;
	576 :	1011000000010000;
	575 :	0101000000000001;
	574 :	1000000100000001;
	573 :	0000001100100010;
	572 :	0000001000010001;
	571 :	0000001011011111;
	570 :	1100111000000100;
	569 :	0000010000100010;
	568 :	0000001000010001;
	567 :	0000001001000010;
	566 :	0000001011011111;
	565 :	1100000100000110;
	564 :	0000001010110001;
	563 :	0000001000010001;
	562 :	0100001000000010;
	561 :	0000000000001010;
	560 :	0000001011110000;
	559 :	1101010000000000;
	558 :	1101001100000000;
	557 :	1101000100000001;
	556 :	1101000000000000;
	555 :	0100110101001110;
	554 :	1001111000000001;
	553 :	0100011001001110;
	552 :	1001111000000001;
	551 :	0100010101001110;
	550 :	1001111000000001;
	549 :	0100010001001110;
	548 :	1001111000000001;
	547 :	0100001101001110;
	546 :	1001111000000001;
	545 :	0100001001001110;
	544 :	1001111000000001;
	543 :	0100000101001110;
	542 :	1001111000000001;
	541 :	0100000001001110;
	540 :	1001111000000001;
	539 :	0100111011001101;
	538 :	0101111000000001;
	537 :	0100000000001110;
	536 :	0101111000000001;
	535 :	0100000100001110;
	534 :	0101111000000001;
	533 :	0100001000001110;
	532 :	0101111000000001;
	531 :	0100001100001110;
	530 :	0101111000000001;
	529 :	0100010000001110;
	528 :	0101111000000001;
	527 :	0100010100001110;
	526 :	0101111000000001;
	525 :	0100011000001110;
	524 :	0101111000000001;
	523 :	0100110100001110;
	522 :	1100000111111010;
	521 :	1011000000100000;
	520 :	0101000000000001;
	519 :	0101001000000001;
	518 :	0101000100000001;
	517 :	0100001101000010;
	516 :	0100001100000001;
	515 :	0000000001011101;
	514 :	0000001011110000;
	513 :	1101000000000000;
	512 :	0000000111010000;
	511 :	0100110101001110;
	510 :	1001111000000001;
	509 :	0100011001001110;
	508 :	1001111000000001;
	507 :	0100010101001110;
	506 :	1001111000000001;
	505 :	0100010001001110;
	504 :	1001111000000001;
	503 :	0100001101001110;
	502 :	1001111000000001;
	501 :	0100001001001110;
	500 :	1001111000000001;
	499 :	0100000101001110;
	498 :	1001111000000001;
	497 :	0100000001001110;
	496 :	1001111000000001;
	495 :	0100111011001101;
	494 :	0101111000000001;
	493 :	0100000000001110;
	492 :	0101111000000001;
	491 :	0100000100001110;
	490 :	0101111000000001;
	489 :	0100001000001110;
	488 :	0101111000000001;
	487 :	0100001100001110;
	486 :	0101111000000001;
	485 :	0100010000001110;
	484 :	0101111000000001;
	483 :	0100010100001110;
	482 :	0101111000000001;
	481 :	0100011000001110;
	480 :	0101111000000001;
	479 :	0100110100001110;
	478 :	1100000111111010;
	477 :	1011000000010000;
	476 :	0101000000000001;
	475 :	0101001000000001;
	474 :	0101000100000001;
	473 :	0100001101000010;
	472 :	0100001100000001;
	471 :	0000000000011001;
	470 :	0000001011110000;
	469 :	1101000000000000;
	468 :	0000000111010000;
	467 :	0100110101001110;
	466 :	1001111000000001;
	465 :	0100011001001110;
	464 :	1001111000000001;
	463 :	0100010101001110;
	462 :	1001111000000001;
	461 :	0100010001001110;
	460 :	1001111000000001;
	459 :	0100001101001110;
	458 :	1001111000000001;
	457 :	0100001001001110;
	456 :	1001111000000001;
	455 :	0100000101001110;
	454 :	1001111000000001;
	453 :	0100000001001110;
	452 :	1001111000000001;
	451 :	0100111011001101;
	450 :	0101111000000001;
	449 :	0100000000001110;
	448 :	0101111000000001;
	447 :	0100000100001110;
	446 :	0101111000000001;
	445 :	0100001000001110;
	444 :	0101111000000001;
	443 :	0100001100001110;
	442 :	0101111000000001;
	441 :	0100010000001110;
	440 :	0101111000000001;
	439 :	0100010100001110;
	438 :	0101111000000001;
	437 :	0100011000001110;
	436 :	0101111000000001;
	435 :	0100110100001110;
	434 :	1100000111101100;
	433 :	1011000001000001;
	432 :	0101000000000001;
	431 :	0101001000000001;
	430 :	0101000100000001;
	429 :	0100001101000010;
	428 :	0100001100000001;
	427 :	0101001000000001;
	426 :	0101000100000001;
	425 :	0100001101000010;
	424 :	0100001100000001;
	423 :	0101001000000001;
	422 :	0101000100000001;
	421 :	0100001101000010;
	420 :	0000001110010110;
	419 :	0100001100000001;
	418 :	0101001000000001;
	417 :	0101000100000001;
	416 :	0100001101000010;
	415 :	0000001110010101;
	414 :	0100001100000001;
	413 :	1000000000000000;
	412 :	0000001011110000;
	411 :	0000000001011101;
	410 :	0000000111110000;
	409 :	1101000000000000;
	408 :	1100000111101100;
	407 :	1011000000000100;
	406 :	0101000000000001;
	405 :	0101001000000001;
	404 :	0101000100000001;
	403 :	0100001101000010;
	402 :	0100001100000001;
	401 :	0101001000000001;
	400 :	0101000100000001;
	399 :	0100001101000010;
	398 :	0100001100000001;
	397 :	0101001000000001;
	396 :	0101000100000001;
	395 :	0100001101000010;
	394 :	0000001110010110;
	393 :	0100001100000001;
	392 :	0101001000000001;
	391 :	0101000100000001;
	390 :	0100001101000010;
	389 :	0000001110010101;
	388 :	0100001100000001;
	387 :	1100000000000000;
	386 :	0000001011110000;
	385 :	0000000000011001;
	384 :	0000000111110000;
	383 :	1101000000000000;
	382 :	0000011010010111;
	381 :	0000000011011010;
	380 :	0000011111110000;
	379 :	0000010110010111;
	378 :	0000000100101010;
	377 :	0000011111110000;
	376 :	0100011000000110;
	375 :	0101011000000001;
	374 :	0100010100000110;
	373 :	0000000000011001;
	372 :	0000011011110000;
	371 :	1100000000001100;
	370 :	1011011100000000;
	369 :	0100011100000111;
	368 :	0000000000001101;
	367 :	0000011111110000;
	366 :	1101011000000000;
	365 :	1101010100000000;
	364 :	0100110101001110;
	363 :	1001111000000001;
	362 :	0100011001001110;
	361 :	1001111000000001;
	360 :	0100010101001110;
	359 :	1001111000000001;
	358 :	0100010001001110;
	357 :	1001111000000001;
	356 :	0100001101001110;
	355 :	1001111000000001;
	354 :	0100001001001110;
	353 :	1001111000000001;
	352 :	0100000101001110;
	351 :	1001111000000001;
	350 :	0100000001001110;
	349 :	1001111000000001;
	348 :	0000000000000000;
	347 :	0000000000000000;
	346 :	0000000000000000;
	345 :	0000000000000000;
	344 :	0000000000000000;
	343 :	0000000000000000;
	342 :	0000000000000000;
	341 :	0000000000000000;
	340 :	0000000000000000;
	339 :	0000000000000000;
	338 :	0000000000000000;
	337 :	0000000000000000;
	336 :	0000000000000000;
	335 :	0000000000000000;
	334 :	0000000000000000;
	333 :	0000000000000000;
	332 :	0000000000000000;
	331 :	0000000000000000;
	330 :	0000000000000000;
	329 :	0000000000000000;
	328 :	0000000000000000;
	327 :	0000000000000000;
	326 :	0000000000000000;
	325 :	0000000000000000;
	324 :	0000000000000000;
	323 :	0000000000000000;
	322 :	0000000000000000;
	321 :	0000000000000000;
	320 :	0000000000000000;
	319 :	0000000000000000;
	318 :	0000000000000000;
	317 :	0000000000000000;
	316 :	0000000000000000;
	315 :	0000000000000000;
	314 :	0000000000000000;
	313 :	0000000000000000;
	312 :	0000000000000000;
	311 :	0000000000000000;
	310 :	0000000000000000;
	309 :	0000000000000000;
	308 :	0000000000000000;
	307 :	0000000000000000;
	306 :	0000000000000000;
	305 :	0000000000000000;
	304 :	0000000000000000;
	303 :	0000000000000000;
	302 :	0000000000000000;
	301 :	0000000000000000;
	300 :	0000000000000000;
	299 :	0000000000000000;
	298 :	0000000000000000;
	297 :	0000000000000000;
	296 :	0000000000000000;
	295 :	0000000000000000;
	294 :	0000000000000000;
	293 :	0000000000000000;
	292 :	0000000000000000;
	291 :	0000000000000000;
	290 :	0000000000000000;
	289 :	0000000000000000;
	288 :	0000000000000000;
	287 :	0000000000000000;
	286 :	0000000000000000;
	285 :	0000000000000000;
	284 :	0000000000000000;
	283 :	0000000000000000;
	282 :	0000000000000000;
	281 :	0000000000000000;
	280 :	0000000000000000;
	279 :	0000000000000000;
	278 :	0000000000000000;
	277 :	0000000000000000;
	276 :	0000000000000000;
	275 :	0000000000000000;
	274 :	0000000000000000;
	273 :	0000000000000000;
	272 :	0000000000000000;
	271 :	0000000000000000;
	270 :	0000000000000000;
	269 :	0000000000000000;
	268 :	0000000000000000;
	267 :	0000000000000000;
	266 :	0000000000000000;
	265 :	0000000000000000;
	264 :	0000000000000000;
	263 :	0000000000000000;
	262 :	0000000000000000;
	261 :	0000000000000000;
	260 :	0000000000000000;
	259 :	0000000000000000;
	258 :	0000000000000000;
	257 :	0000000000000000;
	256 :	0000000000000000;
	255 :	0000000000000000;
	254 :	0000000000000000;
	253 :	0000000000000000;
	252 :	0000000000000000;
	251 :	0000000000000000;
	250 :	0000000000000000;
	249 :	0000000000000000;
	248 :	0000000000000000;
	247 :	0000000000000000;
	246 :	0000000000000000;
	245 :	0000000000000000;
	244 :	0000000000000000;
	243 :	0000000000000000;
	242 :	0000000000000000;
	241 :	0000000000000000;
	240 :	0000000000000000;
	239 :	0000000000000000;
	238 :	0000000000000000;
	237 :	0000000000000000;
	236 :	0000000000000000;
	235 :	0000000000000000;
	234 :	0000000000000000;
	233 :	0000000000000000;
	232 :	0000000000000000;
	231 :	0000000000000000;
	230 :	0000000000000000;
	229 :	0000000000000000;
	228 :	0000000000000000;
	227 :	0000000000000000;
	226 :	0000000000000000;
	225 :	0000000000000000;
	224 :	0000000000000000;
	223 :	0000000000000000;
	222 :	0000000000000000;
	221 :	0000000000000000;
	220 :	0000000000000000;
	219 :	0000000000000000;
	218 :	0000000000000000;
	217 :	0000000000000000;
	216 :	0000000000000000;
	215 :	0000000000000000;
	214 :	0000000000000000;
	213 :	0000000000000000;
	212 :	0000000000000000;
	211 :	0000000000000000;
	210 :	0000000000000000;
	209 :	0000000000000000;
	208 :	0000000000000000;
	207 :	0000000000000000;
	206 :	0000000000000000;
	205 :	0000000000000000;
	204 :	0000000000000000;
	203 :	0000000000000000;
	202 :	0000000000000000;
	201 :	0000000000000000;
	200 :	0000000000000000;
	199 :	0000000000000000;
	198 :	0000000000000000;
	197 :	0000000000000000;
	196 :	0000000000000000;
	195 :	0000000000000000;
	194 :	0000000000000000;
	193 :	0000000000000000;
	192 :	0000000000000000;
	191 :	0000000000000000;
	190 :	0000000000000000;
	189 :	0000000000000000;
	188 :	0000000000000000;
	187 :	0000000000000000;
	186 :	0000000000000000;
	185 :	0000000000000000;
	184 :	0000000000000000;
	183 :	0000000000000000;
	182 :	0000000000000000;
	181 :	0000000000000000;
	180 :	0000000000000000;
	179 :	0000000000000000;
	178 :	0000000000000000;
	177 :	0000000000000000;
	176 :	0000000000000000;
	175 :	0000000000000000;
	174 :	0000000000000000;
	173 :	0000000000000000;
	172 :	0000000000000000;
	171 :	0000000000000000;
	170 :	0000000000000000;
	169 :	0000000000000000;
	168 :	0000000000000000;
	167 :	0000000000000000;
	166 :	0000000000000000;
	165 :	0000000000000000;
	164 :	0000000000000000;
	163 :	0000000000000000;
	162 :	0000000000000000;
	161 :	0000000000000000;
	160 :	0000000000000000;
	159 :	0000000000000000;
	158 :	0000000000000000;
	157 :	0000000000000000;
	156 :	0000000000000000;
	155 :	0000000000000000;
	154 :	0000000000000000;
	153 :	0000000000000000;
	152 :	0000000000000000;
	151 :	0000000000000000;
	150 :	0000000000000000;
	149 :	0000000000000000;
	148 :	0000000000000000;
	147 :	0000000000000000;
	146 :	0000000000000000;
	145 :	0000000000000000;
	144 :	0000000000000000;
	143 :	0000000000000000;
	142 :	0000000000000000;
	141 :	0000000000000000;
	140 :	0000000000000000;
	139 :	0000000000000000;
	138 :	0000000000000000;
	137 :	0000000000000000;
	136 :	0000000000000000;
	135 :	0000000000000000;
	134 :	0000000000000000;
	133 :	0000000000000000;
	132 :	0000000000000000;
	131 :	0000000000000000;
	130 :	0000000000000000;
	129 :	0000000000000000;
	128 :	0000000000000000;
	127 :	0000000000000000;
	126 :	0000000000000000;
	125 :	0000000000000000;
	124 :	0000000000000000;
	123 :	0000000000000000;
	122 :	0000000000000000;
	121 :	0000000000000000;
	120 :	0000000000000000;
	119 :	0000000000000000;
	118 :	0000000000000000;
	117 :	0000000000000000;
	116 :	0000000000000000;
	115 :	0000000000000000;
	114 :	0000000000000000;
	113 :	0000000000000000;
	112 :	0000000000000000;
	111 :	0000000000000000;
	110 :	0000000000000000;
	109 :	0000000000000000;
	108 :	0000000000000000;
	107 :	0000000000000000;
	106 :	0000000000000000;
	105 :	0000000000000000;
	104 :	0000000000000000;
	103 :	0000000000000000;
	102 :	0000000000000000;
	101 :	0000000000000000;
	100 :	0000000000000000;
	99 :	0000000000000000;
	98 :	0000000000000000;
	97 :	0000000000000000;
	96 :	0000000000000000;
	95 :	0000000000000000;
	94 :	0000000000000000;
	93 :	0000000000000000;
	92 :	1111101111100000;
	91 :	0000011111100000;
	90 :	0000000000011111;
	89 :	1111100000000000;
	88 :	0000000000000001;
	87 :	1010000000100000;
	86 :	0000000010010110;
	85 :	0000000101001010;
	84 :	0000000000000001;
	83 :	1010000000100000;
	82 :	0000000010010110;
	81 :	0000000010010110;
	80 :	0000000000000001;
	79 :	1010000000100000;
	78 :	0000000100101100;
	77 :	0000000110101110;
	76 :	0000000000000001;
	75 :	1010000000100000;
	74 :	0000000100101100;
	73 :	0000000000110010;
	72 :	1111101111100000;
	71 :	1010000000100000;
	70 :	0000000111000000;
	69 :	0000000111100000;
	68 :	0000011111100000;
	67 :	1010000000100000;
	66 :	0000000111000000;
	65 :	0000000101000000;
	64 :	0000000000011111;
	63 :	1010000000100000;
	62 :	0000000111000000;
	61 :	0000000010100000;
	60 :	1111100000000000;
	59 :	1010000000100000;
	58 :	0000000111000000;
	57 :	0000000000000000;
	56 :	0000000000000000;
	55 :	0000000000000000;
	54 :	0000000011011100;
	53 :	0000000101111100;
	52 :	0000000000000000;
	51 :	0000000000000000;
	50 :	0000000011011100;
	49 :	0000000101000101;
	48 :	0000000000000000;
	47 :	0000000000000000;
	46 :	0000000011011100;
	45 :	0000000100001110;
	44 :	0000000000000000;
	43 :	0000000000000000;
	42 :	0000000011011100;
	41 :	0000000011010111;
	40 :	0000000000000000;
	39 :	0000000000000000;
	38 :	0000000000000000;
	37 :	0000000000000000;
	36 :	0000000000000000;
	35 :	0000000000000000;
	34 :	0000000000000000;
	33 :	0000000000000000;
	32 :	0000000000000000;
	31 :	0000000000000000;
	30 :	0000000000000000;
	29 :	0000000000000000;
	28 :	0000000000000000;
	27 :	0000000000000000;
	26 :	0000000000000000;
	25 :	0000000000000000;
	24 :	0000000000000000;
	23 :	0000000000000000;
	22 :	0000000000000000;
	21 :	0000000000000000;
	20 :	0000000000000000;
	19 :	0000000000000000;
	18 :	0000000000000000;
	17 :	0000000000000000;
	16 :	0000000000000000;
	15 :	0000000000000000;
	14 :	0000000000000000;
	13 :	0000000000000000;
	12 :	0000000000000000;
	11 :	0000000000000000;
	10 :	0000000000000000;
	9 :	0000000000000000;
	8 :	0100110110001100;
	7 :	0000010000010001;
	6 :	0000110011110000;
	5 :	0000011111111111;
	4 :	0000111011110000;
	3 :	0000000011010000;
	2 :	0000000011010000;
	1 :	0000000011010000;
	0 :	0000000011010000;
END;
